An NVIDIA GPU may be present on this machine, but a CUDA-enabled jaxlib is not installed. Falling back to cpu.
INFO mlfcs.fitting.fitter: Preparing independent FC2 fitting parameterization
INFO mlfcs.interactions.space: Creating reference supercell with matrix [[2, 0, 0], [0, 2, 0], [0, 0, 2]]
INFO mlfcs.interactions.space: 8 primitive atoms, 64 supercell atoms
INFO mlfcs.interactions.space: Resolving the interaction cutoff
INFO mlfcs.interactions.space: Cutoff radius: 6.0000000000 Å
INFO mlfcs.interactions.space: Analyzing crystal symmetries
INFO mlfcs.interactions.space: Space group Fm-3m
INFO mlfcs.interactions.space: 192 symmetry operations
INFO mlfcs.interactions.space: Finding symmetry-inequivalent order-2 interaction clusters
INFO mlfcs.interactions.space: 6 cluster equivalence classes
INFO mlfcs.interactions.space: 12 independent tensor parameters
INFO mlfcs.fitting.fitter: - FC2: 6 orbits, 12 parameters
INFO mlfcs.fitting.fitter: - Joint parameter count: 12
INFO mlfcs.sampling.structures: Generated 100 gaussian perturbation structures
INFO mlfcs.physics.sscha.solver: SSCHA iteration 0/50: cartesian sampling
INFO mlfcs.fitting.fitter: Training-data diagnostics (inputs are not recentered)
INFO mlfcs.fitting.fitter: - Maximum reference force: 0.0000000000e+00 eV/Å
INFO mlfcs.fitting.fitter: - Maximum snapshot net force: 2.8054862008e-15 eV/Å
INFO mlfcs.fitting.fitter: - Maximum center-of-mass displacement: 1.2010161479e-16 Å
INFO mlfcs.fitting.fitter: Constraint system: 2 rows after duplicate removal (72 ASR before compression)
INFO mlfcs.fitting.linear_solvers: Explicit constraint parameterization: 12 -> 10 parameters in 4 blocks, rank=2, nnz=20
INFO mlfcs.fitting.design_operator: - Prepared JAX feature program: 4 signatures, 4 tiles, 0.1 MiB static buffers
INFO mlfcs.fitting.gram_system: Accumulating streamed Gram system: 10 x 10 (0.0 MiB), effective_batch_size=1, backend=SciPy/OpenBLAS CPU
INFO mlfcs.fitting.gram_system: - Physical design kernel groups: 4, 4 bounded tiles
INFO mlfcs.fitting.gram_system: - Compiled FC2 physical design kernel in 0.13 s
INFO mlfcs.fitting.gram_system: - Compiled FC2 physical design kernel in 0.08 s
INFO mlfcs.fitting.gram_system: - Compiled FC2 physical design kernel in 0.08 s
INFO mlfcs.fitting.gram_system: - Compiled FC2 physical design kernel in 0.12 s
INFO mlfcs.fitting.gram_system: - Gram structures: 1/100, elapsed=0.41 s
INFO mlfcs.fitting.gram_system: - Gram structures: 20/100, elapsed=0.42 s
INFO mlfcs.fitting.gram_system: - Gram structures: 40/100, elapsed=0.44 s
INFO mlfcs.fitting.gram_system: - Gram structures: 60/100, elapsed=0.45 s
INFO mlfcs.fitting.gram_system: - Gram structures: 80/100, elapsed=0.47 s
INFO mlfcs.fitting.gram_system: - Gram structures: 100/100, elapsed=0.48 s
INFO mlfcs.fitting.gram_system: - Streamed Gram system ready in 0.48 s
INFO mlfcs.fitting.gram_system: - Gram phase timing: kernel=0.45 s, transfer=0.00 s, scatter=0.01 s, constraint reduction=0.01 s, BLAS=0.00 s
INFO mlfcs.fitting.fitter: Column-norm preconditioning in constrained coordinates
INFO mlfcs.fitting.fitter: - Inverse column scale: 1.765928e-01 to 9.530096e-01
INFO mlfcs.fitting.fitter: Solving the force-only least-squares problem with streamed Gram
INFO mlfcs.fitting.fitter: - Equations: 19200, unknowns: 10
INFO mlfcs.fitting.fitter: - Maximum joint constraint residual: 2.775558e-17
INFO mlfcs.fitting.fitter: Force fitting summary
INFO mlfcs.fitting.fitter: - Training relative error: 13.187204 %
INFO mlfcs.fitting.fitter: - Validation relative error: 13.187204 %
INFO mlfcs.fitting.fitter: - Training force RMSE: 2.8345902339e-03 eV/Å
INFO mlfcs.fitting.fitter: - Validation force RMSE: 2.8345902339e-03 eV/Å
INFO mlfcs.fitting.fitter: - FC2 force contribution RMS: 2.1307284790e-02 eV/Å
INFO mlfcs.fitting.fitter: - JAX execution guard: 1 prepared program, 4 signatures, 4 tiles, Gram passes=1, prediction passes=0
INFO mlfcs.fitting.fitter: - Solver iterations=9, stop_code=0
INFO mlfcs.fitting.fitter: Expanding fitted Taylor parameters into sparse physical IFCs
INFO mlfcs.fitting.fitter: - Expanded 216 sparse tensors in 0.01 s
WARNING mlfcs.sampling.harmonic: Imaginary harmonic modes use policy 'absolute'; frequencies below 1.000e-06 THz will not raise an exception
INFO mlfcs.physics.sscha.solver: - Fitting relative force error: 13.187204 %
INFO mlfcs.force_constants.realization: Export view cache miss; constructing new view
WARNING mlfcs.sampling.harmonic: Imaginary harmonic modes use policy 'absolute'; frequencies below 1.000e-06 THz will not raise an exception
INFO mlfcs.sampling.structures: Generated 100 harmonic perturbation structures
INFO mlfcs.sampling.structures: Harmonic sampling: qpoints=8, sampled_modes=189/189, minimum_frequency=1.29265268 THz
INFO mlfcs.physics.sscha.solver: SSCHA iteration 1/50: canonical sampling
INFO mlfcs.physics.sscha.solver: q points: 8
INFO mlfcs.physics.sscha.solver: - sampled modes: 189/189, imaginary=0, excluded=0
INFO mlfcs.physics.sscha.solver: - maximum sampled atomic displacement: 0.93988486 Å
INFO mlfcs.physics.sscha.solver: maximum displacement limit: disabled
INFO mlfcs.fitting.fitter: Training-data diagnostics (inputs are not recentered)
INFO mlfcs.fitting.fitter: - Maximum reference force: 0.0000000000e+00 eV/Å
INFO mlfcs.fitting.fitter: - Maximum snapshot net force: 4.6483960486e-15 eV/Å
INFO mlfcs.fitting.fitter: - Maximum center-of-mass displacement: 2.8304565856e-03 Å
INFO mlfcs.fitting.fitter: Constraint system: 2 rows after duplicate removal (72 ASR before compression)
INFO mlfcs.fitting.linear_solvers: Explicit constraint parameterization: 12 -> 10 parameters in 4 blocks, rank=2, nnz=20
INFO mlfcs.fitting.design_operator: - Prepared JAX feature program: 4 signatures, 4 tiles, 0.1 MiB static buffers
INFO mlfcs.fitting.gram_system: Accumulating streamed Gram system: 10 x 10 (0.0 MiB), effective_batch_size=1, backend=SciPy/OpenBLAS CPU
INFO mlfcs.fitting.gram_system: - Physical design kernel groups: 4, 4 bounded tiles
INFO mlfcs.fitting.gram_system: - Compiled FC2 physical design kernel in 0.00 s
INFO mlfcs.fitting.gram_system: - Compiled FC2 physical design kernel in 0.00 s
INFO mlfcs.fitting.gram_system: - Compiled FC2 physical design kernel in 0.00 s
INFO mlfcs.fitting.gram_system: - Compiled FC2 physical design kernel in 0.00 s
INFO mlfcs.fitting.gram_system: - Gram structures: 1/100, elapsed=0.00 s
INFO mlfcs.fitting.gram_system: - Gram structures: 20/100, elapsed=0.03 s
INFO mlfcs.fitting.gram_system: - Gram structures: 40/100, elapsed=0.07 s
INFO mlfcs.fitting.gram_system: - Gram structures: 60/100, elapsed=0.09 s
INFO mlfcs.fitting.gram_system: - Gram structures: 80/100, elapsed=0.10 s
INFO mlfcs.fitting.gram_system: - Gram structures: 100/100, elapsed=0.12 s
INFO mlfcs.fitting.gram_system: - Streamed Gram system ready in 0.12 s
INFO mlfcs.fitting.gram_system: - Gram phase timing: kernel=0.08 s, transfer=0.00 s, scatter=0.01 s, constraint reduction=0.01 s, BLAS=0.00 s
INFO mlfcs.fitting.fitter: Column-norm preconditioning in constrained coordinates
INFO mlfcs.fitting.fitter: - Inverse column scale: 8.717220e-03 to 5.204150e-02
INFO mlfcs.fitting.fitter: Solving the force-only least-squares problem with streamed Gram
INFO mlfcs.fitting.fitter: - Equations: 19200, unknowns: 10
INFO mlfcs.fitting.fitter: - Maximum joint constraint residual: 5.551115e-17
INFO mlfcs.fitting.fitter: Force fitting summary
INFO mlfcs.fitting.fitter: - Training relative error: 51.966805 %
INFO mlfcs.fitting.fitter: - Validation relative error: 51.966805 %
INFO mlfcs.fitting.fitter: - Training force RMSE: 2.4090137463e-01 eV/Å
INFO mlfcs.fitting.fitter: - Validation force RMSE: 2.4090137463e-01 eV/Å
INFO mlfcs.fitting.fitter: - FC2 force contribution RMS: 3.9605761656e-01 eV/Å
INFO mlfcs.fitting.fitter: - JAX execution guard: 1 prepared program, 4 signatures, 4 tiles, Gram passes=1, prediction passes=0
INFO mlfcs.fitting.fitter: - Solver iterations=10, stop_code=0
INFO mlfcs.fitting.fitter: Expanding fitted Taylor parameters into sparse physical IFCs
INFO mlfcs.fitting.fitter: - Expanded 216 sparse tensors in 0.00 s
INFO mlfcs.physics.sscha.solver: - Fitting relative force error: 51.966805 %
INFO mlfcs.physics.sscha.solver: Relative FC2 change: 3.104157e-01
INFO mlfcs.physics.sscha.solver: - Variational free-energy estimate: -1.5851329756e+00 +/- 3.286e-03 eV/primitive cell
INFO mlfcs.force_constants.realization: Export view cache miss; constructing new view
WARNING mlfcs.sampling.harmonic: Imaginary harmonic modes use policy 'absolute'; frequencies below 1.000e-06 THz will not raise an exception
INFO mlfcs.sampling.structures: Generated 100 harmonic perturbation structures
INFO mlfcs.sampling.structures: Harmonic sampling: qpoints=8, sampled_modes=189/189, minimum_frequency=1.07094431 THz
INFO mlfcs.physics.sscha.solver: SSCHA iteration 2/50: canonical sampling
INFO mlfcs.physics.sscha.solver: q points: 8
INFO mlfcs.physics.sscha.solver: - sampled modes: 189/189, imaginary=0, excluded=0
INFO mlfcs.physics.sscha.solver: - maximum sampled atomic displacement: 0.95569859 Å
INFO mlfcs.physics.sscha.solver: maximum displacement limit: disabled
INFO mlfcs.fitting.fitter: Training-data diagnostics (inputs are not recentered)
INFO mlfcs.fitting.fitter: - Maximum reference force: 0.0000000000e+00 eV/Å
INFO mlfcs.fitting.fitter: - Maximum snapshot net force: 4.8559567407e-15 eV/Å
INFO mlfcs.fitting.fitter: - Maximum center-of-mass displacement: 2.6333418219e-03 Å
INFO mlfcs.fitting.fitter: Constraint system: 2 rows after duplicate removal (72 ASR before compression)
INFO mlfcs.fitting.linear_solvers: Explicit constraint parameterization: 12 -> 10 parameters in 4 blocks, rank=2, nnz=20
INFO mlfcs.fitting.design_operator: - Prepared JAX feature program: 4 signatures, 4 tiles, 0.1 MiB static buffers
INFO mlfcs.fitting.gram_system: Accumulating streamed Gram system: 10 x 10 (0.0 MiB), effective_batch_size=1, backend=SciPy/OpenBLAS CPU
INFO mlfcs.fitting.gram_system: - Physical design kernel groups: 4, 4 bounded tiles
INFO mlfcs.fitting.gram_system: - Compiled FC2 physical design kernel in 0.00 s
INFO mlfcs.fitting.gram_system: - Compiled FC2 physical design kernel in 0.00 s
INFO mlfcs.fitting.gram_system: - Compiled FC2 physical design kernel in 0.00 s
INFO mlfcs.fitting.gram_system: - Compiled FC2 physical design kernel in 0.00 s
INFO mlfcs.fitting.gram_system: - Gram structures: 1/100, elapsed=0.00 s
INFO mlfcs.fitting.gram_system: - Gram structures: 20/100, elapsed=0.03 s
INFO mlfcs.fitting.gram_system: - Gram structures: 40/100, elapsed=0.06 s
INFO mlfcs.fitting.gram_system: - Gram structures: 60/100, elapsed=0.08 s
INFO mlfcs.fitting.gram_system: - Gram structures: 80/100, elapsed=0.09 s
INFO mlfcs.fitting.gram_system: - Gram structures: 100/100, elapsed=0.11 s
INFO mlfcs.fitting.gram_system: - Streamed Gram system ready in 0.11 s
INFO mlfcs.fitting.gram_system: - Gram phase timing: kernel=0.07 s, transfer=0.00 s, scatter=0.01 s, constraint reduction=0.01 s, BLAS=0.00 s
INFO mlfcs.fitting.fitter: Column-norm preconditioning in constrained coordinates
INFO mlfcs.fitting.fitter: - Inverse column scale: 7.888623e-03 to 5.192705e-02
INFO mlfcs.fitting.fitter: Solving the force-only least-squares problem with streamed Gram
INFO mlfcs.fitting.fitter: - Equations: 19200, unknowns: 10
INFO mlfcs.fitting.fitter: - Maximum joint constraint residual: 5.551115e-17
INFO mlfcs.fitting.fitter: Force fitting summary
INFO mlfcs.fitting.fitter: - Training relative error: 46.152280 %
INFO mlfcs.fitting.fitter: - Validation relative error: 46.152280 %
INFO mlfcs.fitting.fitter: - Training force RMSE: 1.7279907348e-01 eV/Å
INFO mlfcs.fitting.fitter: - Validation force RMSE: 1.7279907348e-01 eV/Å
INFO mlfcs.fitting.fitter: - FC2 force contribution RMS: 3.3215034539e-01 eV/Å
INFO mlfcs.fitting.fitter: - JAX execution guard: 1 prepared program, 4 signatures, 4 tiles, Gram passes=1, prediction passes=0
INFO mlfcs.fitting.fitter: - Solver iterations=10, stop_code=0
INFO mlfcs.fitting.fitter: Expanding fitted Taylor parameters into sparse physical IFCs
INFO mlfcs.fitting.fitter: - Expanded 216 sparse tensors in 0.00 s
INFO mlfcs.physics.sscha.solver: - Fitting relative force error: 46.152280 %
INFO mlfcs.physics.sscha.solver: Relative FC2 change: 6.276790e-02
INFO mlfcs.physics.sscha.solver: - Variational free-energy estimate: -1.6068632139e+00 +/- 2.201e-03 eV/primitive cell
INFO mlfcs.force_constants.realization: Export view cache miss; constructing new view
WARNING mlfcs.sampling.harmonic: Imaginary harmonic modes use policy 'absolute'; frequencies below 1.000e-06 THz will not raise an exception
INFO mlfcs.sampling.structures: Generated 100 harmonic perturbation structures
INFO mlfcs.sampling.structures: Harmonic sampling: qpoints=8, sampled_modes=189/189, minimum_frequency=1.10366625 THz
INFO mlfcs.physics.sscha.solver: SSCHA iteration 3/50: canonical sampling
INFO mlfcs.physics.sscha.solver: q points: 8
INFO mlfcs.physics.sscha.solver: - sampled modes: 189/189, imaginary=0, excluded=0
INFO mlfcs.physics.sscha.solver: - maximum sampled atomic displacement: 0.90269138 Å
INFO mlfcs.physics.sscha.solver: maximum displacement limit: disabled
INFO mlfcs.fitting.fitter: Training-data diagnostics (inputs are not recentered)
INFO mlfcs.fitting.fitter: - Maximum reference force: 0.0000000000e+00 eV/Å
INFO mlfcs.fitting.fitter: - Maximum snapshot net force: 5.5358459036e-15 eV/Å
INFO mlfcs.fitting.fitter: - Maximum center-of-mass displacement: 2.6373151183e-03 Å
INFO mlfcs.fitting.fitter: Constraint system: 2 rows after duplicate removal (72 ASR before compression)
INFO mlfcs.fitting.linear_solvers: Explicit constraint parameterization: 12 -> 10 parameters in 4 blocks, rank=2, nnz=20
INFO mlfcs.fitting.design_operator: - Prepared JAX feature program: 4 signatures, 4 tiles, 0.1 MiB static buffers
INFO mlfcs.fitting.gram_system: Accumulating streamed Gram system: 10 x 10 (0.0 MiB), effective_batch_size=1, backend=SciPy/OpenBLAS CPU
INFO mlfcs.fitting.gram_system: - Physical design kernel groups: 4, 4 bounded tiles
INFO mlfcs.fitting.gram_system: - Compiled FC2 physical design kernel in 0.00 s
INFO mlfcs.fitting.gram_system: - Compiled FC2 physical design kernel in 0.00 s
INFO mlfcs.fitting.gram_system: - Compiled FC2 physical design kernel in 0.00 s
INFO mlfcs.fitting.gram_system: - Compiled FC2 physical design kernel in 0.00 s
INFO mlfcs.fitting.gram_system: - Gram structures: 1/100, elapsed=0.00 s
INFO mlfcs.fitting.gram_system: - Gram structures: 20/100, elapsed=0.04 s
INFO mlfcs.fitting.gram_system: - Gram structures: 40/100, elapsed=0.07 s
INFO mlfcs.fitting.gram_system: - Gram structures: 60/100, elapsed=0.09 s
INFO mlfcs.fitting.gram_system: - Gram structures: 80/100, elapsed=0.10 s
INFO mlfcs.fitting.gram_system: - Gram structures: 100/100, elapsed=0.12 s
INFO mlfcs.fitting.gram_system: - Streamed Gram system ready in 0.12 s
INFO mlfcs.fitting.gram_system: - Gram phase timing: kernel=0.08 s, transfer=0.00 s, scatter=0.01 s, constraint reduction=0.01 s, BLAS=0.00 s
INFO mlfcs.fitting.fitter: Column-norm preconditioning in constrained coordinates
INFO mlfcs.fitting.fitter: - Inverse column scale: 7.872484e-03 to 5.091833e-02
INFO mlfcs.fitting.fitter: Solving the force-only least-squares problem with streamed Gram
INFO mlfcs.fitting.fitter: - Equations: 19200, unknowns: 10
INFO mlfcs.fitting.fitter: - Maximum joint constraint residual: 5.551115e-17
INFO mlfcs.fitting.fitter: Force fitting summary
INFO mlfcs.fitting.fitter: - Training relative error: 47.113713 %
INFO mlfcs.fitting.fitter: - Validation relative error: 47.113713 %
INFO mlfcs.fitting.fitter: - Training force RMSE: 1.8276487068e-01 eV/Å
INFO mlfcs.fitting.fitter: - Validation force RMSE: 1.8276487068e-01 eV/Å
INFO mlfcs.fitting.fitter: - FC2 force contribution RMS: 3.4217124364e-01 eV/Å
INFO mlfcs.fitting.fitter: - JAX execution guard: 1 prepared program, 4 signatures, 4 tiles, Gram passes=1, prediction passes=0
INFO mlfcs.fitting.fitter: - Solver iterations=10, stop_code=0
INFO mlfcs.fitting.fitter: Expanding fitted Taylor parameters into sparse physical IFCs
INFO mlfcs.fitting.fitter: - Expanded 216 sparse tensors in 0.00 s
INFO mlfcs.physics.sscha.solver: - Fitting relative force error: 47.113713 %
INFO mlfcs.physics.sscha.solver: Relative FC2 change: 9.938914e-03
INFO mlfcs.physics.sscha.solver: - Variational free-energy estimate: -1.6095744209e+00 +/- 2.582e-03 eV/primitive cell
INFO mlfcs.force_constants.realization: Export view cache miss; constructing new view
WARNING mlfcs.sampling.harmonic: Imaginary harmonic modes use policy 'absolute'; frequencies below 1.000e-06 THz will not raise an exception
INFO mlfcs.sampling.structures: Generated 100 harmonic perturbation structures
INFO mlfcs.sampling.structures: Harmonic sampling: qpoints=8, sampled_modes=189/189, minimum_frequency=1.11315109 THz
INFO mlfcs.physics.sscha.solver: SSCHA iteration 4/50: canonical sampling
INFO mlfcs.physics.sscha.solver: q points: 8
INFO mlfcs.physics.sscha.solver: - sampled modes: 189/189, imaginary=0, excluded=0
INFO mlfcs.physics.sscha.solver: - maximum sampled atomic displacement: 1.16571207 Å
INFO mlfcs.physics.sscha.solver: maximum displacement limit: disabled
INFO mlfcs.fitting.fitter: Training-data diagnostics (inputs are not recentered)
INFO mlfcs.fitting.fitter: - Maximum reference force: 0.0000000000e+00 eV/Å
INFO mlfcs.fitting.fitter: - Maximum snapshot net force: 4.7555184281e-15 eV/Å
INFO mlfcs.fitting.fitter: - Maximum center-of-mass displacement: 2.8175002262e-03 Å
INFO mlfcs.fitting.fitter: Constraint system: 2 rows after duplicate removal (72 ASR before compression)
INFO mlfcs.fitting.linear_solvers: Explicit constraint parameterization: 12 -> 10 parameters in 4 blocks, rank=2, nnz=20
INFO mlfcs.fitting.design_operator: - Prepared JAX feature program: 4 signatures, 4 tiles, 0.1 MiB static buffers
INFO mlfcs.fitting.gram_system: Accumulating streamed Gram system: 10 x 10 (0.0 MiB), effective_batch_size=1, backend=SciPy/OpenBLAS CPU
INFO mlfcs.fitting.gram_system: - Physical design kernel groups: 4, 4 bounded tiles
INFO mlfcs.fitting.gram_system: - Compiled FC2 physical design kernel in 0.00 s
INFO mlfcs.fitting.gram_system: - Compiled FC2 physical design kernel in 0.00 s
INFO mlfcs.fitting.gram_system: - Compiled FC2 physical design kernel in 0.00 s
INFO mlfcs.fitting.gram_system: - Compiled FC2 physical design kernel in 0.00 s
INFO mlfcs.fitting.gram_system: - Gram structures: 1/100, elapsed=0.00 s
INFO mlfcs.fitting.gram_system: - Gram structures: 20/100, elapsed=0.03 s
INFO mlfcs.fitting.gram_system: - Gram structures: 40/100, elapsed=0.06 s
INFO mlfcs.fitting.gram_system: - Gram structures: 60/100, elapsed=0.09 s
INFO mlfcs.fitting.gram_system: - Gram structures: 80/100, elapsed=0.10 s
INFO mlfcs.fitting.gram_system: - Gram structures: 100/100, elapsed=0.11 s
INFO mlfcs.fitting.gram_system: - Streamed Gram system ready in 0.11 s
INFO mlfcs.fitting.gram_system: - Gram phase timing: kernel=0.08 s, transfer=0.00 s, scatter=0.01 s, constraint reduction=0.01 s, BLAS=0.00 s
INFO mlfcs.fitting.fitter: Column-norm preconditioning in constrained coordinates
INFO mlfcs.fitting.fitter: - Inverse column scale: 7.924706e-03 to 5.139795e-02
INFO mlfcs.fitting.fitter: Solving the force-only least-squares problem with streamed Gram
INFO mlfcs.fitting.fitter: - Equations: 19200, unknowns: 10
INFO mlfcs.fitting.fitter: - Maximum joint constraint residual: 5.551115e-17
INFO mlfcs.fitting.fitter: Force fitting summary
INFO mlfcs.fitting.fitter: - Training relative error: 47.515960 %
INFO mlfcs.fitting.fitter: - Validation relative error: 47.515960 %
INFO mlfcs.fitting.fitter: - Training force RMSE: 1.8579703424e-01 eV/Å
INFO mlfcs.fitting.fitter: - Validation force RMSE: 1.8579703424e-01 eV/Å
INFO mlfcs.fitting.fitter: - FC2 force contribution RMS: 3.4405858982e-01 eV/Å
INFO mlfcs.fitting.fitter: - JAX execution guard: 1 prepared program, 4 signatures, 4 tiles, Gram passes=1, prediction passes=0
INFO mlfcs.fitting.fitter: - Solver iterations=10, stop_code=0
INFO mlfcs.fitting.fitter: Expanding fitted Taylor parameters into sparse physical IFCs
INFO mlfcs.fitting.fitter: - Expanded 216 sparse tensors in 0.01 s
INFO mlfcs.physics.sscha.solver: - Fitting relative force error: 47.515960 %
INFO mlfcs.physics.sscha.solver: Relative FC2 change: 1.396767e-02
INFO mlfcs.physics.sscha.solver: - Variational free-energy estimate: -1.6072781358e+00 +/- 2.220e-03 eV/primitive cell
INFO mlfcs.force_constants.realization: Export view cache miss; constructing new view
WARNING mlfcs.sampling.harmonic: Imaginary harmonic modes use policy 'absolute'; frequencies below 1.000e-06 THz will not raise an exception
INFO mlfcs.sampling.structures: Generated 100 harmonic perturbation structures
INFO mlfcs.sampling.structures: Harmonic sampling: qpoints=8, sampled_modes=189/189, minimum_frequency=1.10320014 THz
INFO mlfcs.physics.sscha.solver: SSCHA iteration 5/50: canonical sampling
INFO mlfcs.physics.sscha.solver: q points: 8
INFO mlfcs.physics.sscha.solver: - sampled modes: 189/189, imaginary=0, excluded=0
INFO mlfcs.physics.sscha.solver: - maximum sampled atomic displacement: 0.90532548 Å
INFO mlfcs.physics.sscha.solver: maximum displacement limit: disabled
INFO mlfcs.fitting.fitter: Training-data diagnostics (inputs are not recentered)
INFO mlfcs.fitting.fitter: - Maximum reference force: 0.0000000000e+00 eV/Å
INFO mlfcs.fitting.fitter: - Maximum snapshot net force: 4.4285584347e-15 eV/Å
INFO mlfcs.fitting.fitter: - Maximum center-of-mass displacement: 2.2687922620e-03 Å
INFO mlfcs.fitting.fitter: Constraint system: 2 rows after duplicate removal (72 ASR before compression)
INFO mlfcs.fitting.linear_solvers: Explicit constraint parameterization: 12 -> 10 parameters in 4 blocks, rank=2, nnz=20
INFO mlfcs.fitting.design_operator: - Prepared JAX feature program: 4 signatures, 4 tiles, 0.1 MiB static buffers
INFO mlfcs.fitting.gram_system: Accumulating streamed Gram system: 10 x 10 (0.0 MiB), effective_batch_size=1, backend=SciPy/OpenBLAS CPU
INFO mlfcs.fitting.gram_system: - Physical design kernel groups: 4, 4 bounded tiles
INFO mlfcs.fitting.gram_system: - Compiled FC2 physical design kernel in 0.00 s
INFO mlfcs.fitting.gram_system: - Compiled FC2 physical design kernel in 0.00 s
INFO mlfcs.fitting.gram_system: - Compiled FC2 physical design kernel in 0.00 s
INFO mlfcs.fitting.gram_system: - Compiled FC2 physical design kernel in 0.00 s
INFO mlfcs.fitting.gram_system: - Gram structures: 1/100, elapsed=0.00 s
INFO mlfcs.fitting.gram_system: - Gram structures: 20/100, elapsed=0.03 s
INFO mlfcs.fitting.gram_system: - Gram structures: 40/100, elapsed=0.06 s
INFO mlfcs.fitting.gram_system: - Gram structures: 60/100, elapsed=0.07 s
INFO mlfcs.fitting.gram_system: - Gram structures: 80/100, elapsed=0.09 s
INFO mlfcs.fitting.gram_system: - Gram structures: 100/100, elapsed=0.10 s
INFO mlfcs.fitting.gram_system: - Streamed Gram system ready in 0.10 s
INFO mlfcs.fitting.gram_system: - Gram phase timing: kernel=0.06 s, transfer=0.00 s, scatter=0.01 s, constraint reduction=0.01 s, BLAS=0.00 s
INFO mlfcs.fitting.fitter: Column-norm preconditioning in constrained coordinates
INFO mlfcs.fitting.fitter: - Inverse column scale: 7.879276e-03 to 5.175193e-02
INFO mlfcs.fitting.fitter: Solving the force-only least-squares problem with streamed Gram
INFO mlfcs.fitting.fitter: - Equations: 19200, unknowns: 10
INFO mlfcs.fitting.fitter: - Maximum joint constraint residual: 5.551115e-17
INFO mlfcs.fitting.fitter: Force fitting summary
INFO mlfcs.fitting.fitter: - Training relative error: 46.892507 %
INFO mlfcs.fitting.fitter: - Validation relative error: 46.892507 %
INFO mlfcs.fitting.fitter: - Training force RMSE: 1.7788913052e-01 eV/Å
INFO mlfcs.fitting.fitter: - Validation force RMSE: 1.7788913052e-01 eV/Å
INFO mlfcs.fitting.fitter: - FC2 force contribution RMS: 3.3506084984e-01 eV/Å
INFO mlfcs.fitting.fitter: - JAX execution guard: 1 prepared program, 4 signatures, 4 tiles, Gram passes=1, prediction passes=0
INFO mlfcs.fitting.fitter: - Solver iterations=10, stop_code=0
INFO mlfcs.fitting.fitter: Expanding fitted Taylor parameters into sparse physical IFCs
INFO mlfcs.fitting.fitter: - Expanded 216 sparse tensors in 0.01 s
INFO mlfcs.physics.sscha.solver: - Fitting relative force error: 46.892507 %
INFO mlfcs.physics.sscha.solver: Relative FC2 change: 2.101912e-02
INFO mlfcs.physics.sscha.solver: - Variational free-energy estimate: -1.6092793484e+00 +/- 2.021e-03 eV/primitive cell
INFO mlfcs.force_constants.realization: Export view cache miss; constructing new view
WARNING mlfcs.sampling.harmonic: Imaginary harmonic modes use policy 'absolute'; frequencies below 1.000e-06 THz will not raise an exception
INFO mlfcs.sampling.structures: Generated 100 harmonic perturbation structures
INFO mlfcs.sampling.structures: Harmonic sampling: qpoints=8, sampled_modes=189/189, minimum_frequency=1.10483961 THz
INFO mlfcs.physics.sscha.solver: SSCHA iteration 6/50: canonical sampling
INFO mlfcs.physics.sscha.solver: q points: 8
INFO mlfcs.physics.sscha.solver: - sampled modes: 189/189, imaginary=0, excluded=0
INFO mlfcs.physics.sscha.solver: - maximum sampled atomic displacement: 0.98647140 Å
INFO mlfcs.physics.sscha.solver: maximum displacement limit: disabled
INFO mlfcs.fitting.fitter: Training-data diagnostics (inputs are not recentered)
INFO mlfcs.fitting.fitter: - Maximum reference force: 0.0000000000e+00 eV/Å
INFO mlfcs.fitting.fitter: - Maximum snapshot net force: 4.1593792923e-15 eV/Å
INFO mlfcs.fitting.fitter: - Maximum center-of-mass displacement: 2.7788961762e-03 Å
INFO mlfcs.fitting.fitter: Constraint system: 2 rows after duplicate removal (72 ASR before compression)
INFO mlfcs.fitting.linear_solvers: Explicit constraint parameterization: 12 -> 10 parameters in 4 blocks, rank=2, nnz=20
INFO mlfcs.fitting.design_operator: - Prepared JAX feature program: 4 signatures, 4 tiles, 0.1 MiB static buffers
INFO mlfcs.fitting.gram_system: Accumulating streamed Gram system: 10 x 10 (0.0 MiB), effective_batch_size=1, backend=SciPy/OpenBLAS CPU
INFO mlfcs.fitting.gram_system: - Physical design kernel groups: 4, 4 bounded tiles
INFO mlfcs.fitting.gram_system: - Compiled FC2 physical design kernel in 0.00 s
INFO mlfcs.fitting.gram_system: - Compiled FC2 physical design kernel in 0.00 s
INFO mlfcs.fitting.gram_system: - Compiled FC2 physical design kernel in 0.00 s
INFO mlfcs.fitting.gram_system: - Compiled FC2 physical design kernel in 0.00 s
INFO mlfcs.fitting.gram_system: - Gram structures: 1/100, elapsed=0.00 s
INFO mlfcs.fitting.gram_system: - Gram structures: 20/100, elapsed=0.04 s
INFO mlfcs.fitting.gram_system: - Gram structures: 40/100, elapsed=0.07 s
INFO mlfcs.fitting.gram_system: - Gram structures: 60/100, elapsed=0.08 s
INFO mlfcs.fitting.gram_system: - Gram structures: 80/100, elapsed=0.10 s
INFO mlfcs.fitting.gram_system: - Gram structures: 100/100, elapsed=0.11 s
INFO mlfcs.fitting.gram_system: - Streamed Gram system ready in 0.11 s
INFO mlfcs.fitting.gram_system: - Gram phase timing: kernel=0.08 s, transfer=0.00 s, scatter=0.01 s, constraint reduction=0.01 s, BLAS=0.00 s
INFO mlfcs.fitting.fitter: Column-norm preconditioning in constrained coordinates
INFO mlfcs.fitting.fitter: - Inverse column scale: 8.009339e-03 to 5.133168e-02
INFO mlfcs.fitting.fitter: Solving the force-only least-squares problem with streamed Gram
INFO mlfcs.fitting.fitter: - Equations: 19200, unknowns: 10
INFO mlfcs.fitting.fitter: - Maximum joint constraint residual: 5.551115e-17
INFO mlfcs.fitting.fitter: Force fitting summary
INFO mlfcs.fitting.fitter: - Training relative error: 47.058105 %
INFO mlfcs.fitting.fitter: - Validation relative error: 47.058105 %
INFO mlfcs.fitting.fitter: - Training force RMSE: 1.8105515541e-01 eV/Å
INFO mlfcs.fitting.fitter: - Validation force RMSE: 1.8105515541e-01 eV/Å
INFO mlfcs.fitting.fitter: - FC2 force contribution RMS: 3.3948507120e-01 eV/Å
INFO mlfcs.fitting.fitter: - JAX execution guard: 1 prepared program, 4 signatures, 4 tiles, Gram passes=1, prediction passes=0
INFO mlfcs.fitting.fitter: - Solver iterations=10, stop_code=0
INFO mlfcs.fitting.fitter: Expanding fitted Taylor parameters into sparse physical IFCs
INFO mlfcs.fitting.fitter: - Expanded 216 sparse tensors in 0.01 s
INFO mlfcs.physics.sscha.solver: - Fitting relative force error: 47.058105 %
INFO mlfcs.physics.sscha.solver: Relative FC2 change: 9.128278e-03
INFO mlfcs.physics.sscha.solver: - Variational free-energy estimate: -1.6122760428e+00 +/- 2.326e-03 eV/primitive cell
INFO mlfcs.force_constants.realization: Export view cache miss; constructing new view
WARNING mlfcs.sampling.harmonic: Imaginary harmonic modes use policy 'absolute'; frequencies below 1.000e-06 THz will not raise an exception
INFO mlfcs.sampling.structures: Generated 100 harmonic perturbation structures
INFO mlfcs.sampling.structures: Harmonic sampling: qpoints=8, sampled_modes=189/189, minimum_frequency=1.10688361 THz
INFO mlfcs.physics.sscha.solver: SSCHA iteration 7/50: canonical sampling
INFO mlfcs.physics.sscha.solver: q points: 8
INFO mlfcs.physics.sscha.solver: - sampled modes: 189/189, imaginary=0, excluded=0
INFO mlfcs.physics.sscha.solver: - maximum sampled atomic displacement: 0.92220434 Å
INFO mlfcs.physics.sscha.solver: maximum displacement limit: disabled
INFO mlfcs.fitting.fitter: Training-data diagnostics (inputs are not recentered)
INFO mlfcs.fitting.fitter: - Maximum reference force: 0.0000000000e+00 eV/Å
INFO mlfcs.fitting.fitter: - Maximum snapshot net force: 4.0913827375e-15 eV/Å
INFO mlfcs.fitting.fitter: - Maximum center-of-mass displacement: 2.1901985777e-03 Å
INFO mlfcs.fitting.fitter: Constraint system: 2 rows after duplicate removal (72 ASR before compression)
INFO mlfcs.fitting.linear_solvers: Explicit constraint parameterization: 12 -> 10 parameters in 4 blocks, rank=2, nnz=20
INFO mlfcs.fitting.design_operator: - Prepared JAX feature program: 4 signatures, 4 tiles, 0.1 MiB static buffers
INFO mlfcs.fitting.gram_system: Accumulating streamed Gram system: 10 x 10 (0.0 MiB), effective_batch_size=1, backend=SciPy/OpenBLAS CPU
INFO mlfcs.fitting.gram_system: - Physical design kernel groups: 4, 4 bounded tiles
INFO mlfcs.fitting.gram_system: - Compiled FC2 physical design kernel in 0.00 s
INFO mlfcs.fitting.gram_system: - Compiled FC2 physical design kernel in 0.00 s
INFO mlfcs.fitting.gram_system: - Compiled FC2 physical design kernel in 0.00 s
INFO mlfcs.fitting.gram_system: - Compiled FC2 physical design kernel in 0.00 s
INFO mlfcs.fitting.gram_system: - Gram structures: 1/100, elapsed=0.00 s
INFO mlfcs.fitting.gram_system: - Gram structures: 20/100, elapsed=0.04 s
INFO mlfcs.fitting.gram_system: - Gram structures: 40/100, elapsed=0.07 s
INFO mlfcs.fitting.gram_system: - Gram structures: 60/100, elapsed=0.09 s
INFO mlfcs.fitting.gram_system: - Gram structures: 80/100, elapsed=0.10 s
INFO mlfcs.fitting.gram_system: - Gram structures: 100/100, elapsed=0.12 s
INFO mlfcs.fitting.gram_system: - Streamed Gram system ready in 0.12 s
INFO mlfcs.fitting.gram_system: - Gram phase timing: kernel=0.08 s, transfer=0.00 s, scatter=0.01 s, constraint reduction=0.01 s, BLAS=0.00 s
INFO mlfcs.fitting.fitter: Column-norm preconditioning in constrained coordinates
INFO mlfcs.fitting.fitter: - Inverse column scale: 8.122698e-03 to 5.138074e-02
INFO mlfcs.fitting.fitter: Solving the force-only least-squares problem with streamed Gram
INFO mlfcs.fitting.fitter: - Equations: 19200, unknowns: 10
INFO mlfcs.fitting.fitter: - Maximum joint constraint residual: 5.551115e-17
INFO mlfcs.fitting.fitter: Force fitting summary
INFO mlfcs.fitting.fitter: - Training relative error: 47.146203 %
INFO mlfcs.fitting.fitter: - Validation relative error: 47.146203 %
INFO mlfcs.fitting.fitter: - Training force RMSE: 1.8239539461e-01 eV/Å
INFO mlfcs.fitting.fitter: - Validation force RMSE: 1.8239539461e-01 eV/Å
INFO mlfcs.fitting.fitter: - FC2 force contribution RMS: 3.4117702386e-01 eV/Å
INFO mlfcs.fitting.fitter: - JAX execution guard: 1 prepared program, 4 signatures, 4 tiles, Gram passes=1, prediction passes=0
INFO mlfcs.fitting.fitter: - Solver iterations=10, stop_code=0
INFO mlfcs.fitting.fitter: Expanding fitted Taylor parameters into sparse physical IFCs
INFO mlfcs.fitting.fitter: - Expanded 216 sparse tensors in 0.01 s
INFO mlfcs.physics.sscha.solver: - Fitting relative force error: 47.146203 %
INFO mlfcs.physics.sscha.solver: Relative FC2 change: 1.688861e-02
INFO mlfcs.physics.sscha.solver: - Variational free-energy estimate: -1.6110704253e+00 +/- 2.444e-03 eV/primitive cell
INFO mlfcs.force_constants.realization: Export view cache miss; constructing new view
WARNING mlfcs.sampling.harmonic: Imaginary harmonic modes use policy 'absolute'; frequencies below 1.000e-06 THz will not raise an exception
INFO mlfcs.sampling.structures: Generated 100 harmonic perturbation structures
INFO mlfcs.sampling.structures: Harmonic sampling: qpoints=8, sampled_modes=189/189, minimum_frequency=1.08737949 THz
INFO mlfcs.physics.sscha.solver: SSCHA iteration 8/50: canonical sampling
INFO mlfcs.physics.sscha.solver: q points: 8
INFO mlfcs.physics.sscha.solver: - sampled modes: 189/189, imaginary=0, excluded=0
INFO mlfcs.physics.sscha.solver: - maximum sampled atomic displacement: 0.91729851 Å
INFO mlfcs.physics.sscha.solver: maximum displacement limit: disabled
INFO mlfcs.fitting.fitter: Training-data diagnostics (inputs are not recentered)
INFO mlfcs.fitting.fitter: - Maximum reference force: 0.0000000000e+00 eV/Å
INFO mlfcs.fitting.fitter: - Maximum snapshot net force: 4.7827455646e-15 eV/Å
INFO mlfcs.fitting.fitter: - Maximum center-of-mass displacement: 2.2527487833e-03 Å
INFO mlfcs.fitting.fitter: Constraint system: 2 rows after duplicate removal (72 ASR before compression)
INFO mlfcs.fitting.linear_solvers: Explicit constraint parameterization: 12 -> 10 parameters in 4 blocks, rank=2, nnz=20
INFO mlfcs.fitting.design_operator: - Prepared JAX feature program: 4 signatures, 4 tiles, 0.1 MiB static buffers
INFO mlfcs.fitting.gram_system: Accumulating streamed Gram system: 10 x 10 (0.0 MiB), effective_batch_size=1, backend=SciPy/OpenBLAS CPU
INFO mlfcs.fitting.gram_system: - Physical design kernel groups: 4, 4 bounded tiles
INFO mlfcs.fitting.gram_system: - Compiled FC2 physical design kernel in 0.00 s
INFO mlfcs.fitting.gram_system: - Compiled FC2 physical design kernel in 0.00 s
INFO mlfcs.fitting.gram_system: - Compiled FC2 physical design kernel in 0.00 s
INFO mlfcs.fitting.gram_system: - Compiled FC2 physical design kernel in 0.00 s
INFO mlfcs.fitting.gram_system: - Gram structures: 1/100, elapsed=0.00 s
INFO mlfcs.fitting.gram_system: - Gram structures: 20/100, elapsed=0.03 s
INFO mlfcs.fitting.gram_system: - Gram structures: 40/100, elapsed=0.06 s
INFO mlfcs.fitting.gram_system: - Gram structures: 60/100, elapsed=0.08 s
INFO mlfcs.fitting.gram_system: - Gram structures: 80/100, elapsed=0.09 s
INFO mlfcs.fitting.gram_system: - Gram structures: 100/100, elapsed=0.11 s
INFO mlfcs.fitting.gram_system: - Streamed Gram system ready in 0.11 s
INFO mlfcs.fitting.gram_system: - Gram phase timing: kernel=0.07 s, transfer=0.00 s, scatter=0.01 s, constraint reduction=0.01 s, BLAS=0.00 s
INFO mlfcs.fitting.fitter: Column-norm preconditioning in constrained coordinates
INFO mlfcs.fitting.fitter: - Inverse column scale: 7.828436e-03 to 5.097832e-02
INFO mlfcs.fitting.fitter: Solving the force-only least-squares problem with streamed Gram
INFO mlfcs.fitting.fitter: - Equations: 19200, unknowns: 10
INFO mlfcs.fitting.fitter: - Maximum joint constraint residual: 5.551115e-17
INFO mlfcs.fitting.fitter: Force fitting summary
INFO mlfcs.fitting.fitter: - Training relative error: 48.196285 %
INFO mlfcs.fitting.fitter: - Validation relative error: 48.196285 %
INFO mlfcs.fitting.fitter: - Training force RMSE: 1.8910656447e-01 eV/Å
INFO mlfcs.fitting.fitter: - Validation force RMSE: 1.8910656447e-01 eV/Å
INFO mlfcs.fitting.fitter: - FC2 force contribution RMS: 3.4378914276e-01 eV/Å
INFO mlfcs.fitting.fitter: - JAX execution guard: 1 prepared program, 4 signatures, 4 tiles, Gram passes=1, prediction passes=0
INFO mlfcs.fitting.fitter: - Solver iterations=10, stop_code=0
INFO mlfcs.fitting.fitter: Expanding fitted Taylor parameters into sparse physical IFCs
INFO mlfcs.fitting.fitter: - Expanded 216 sparse tensors in 0.00 s
INFO mlfcs.physics.sscha.solver: - Fitting relative force error: 48.196285 %
INFO mlfcs.physics.sscha.solver: Relative FC2 change: 1.549894e-02
INFO mlfcs.physics.sscha.solver: - Variational free-energy estimate: -1.6083356978e+00 +/- 2.475e-03 eV/primitive cell
INFO mlfcs.force_constants.realization: Export view cache miss; constructing new view
WARNING mlfcs.sampling.harmonic: Imaginary harmonic modes use policy 'absolute'; frequencies below 1.000e-06 THz will not raise an exception
INFO mlfcs.sampling.structures: Generated 100 harmonic perturbation structures
INFO mlfcs.sampling.structures: Harmonic sampling: qpoints=8, sampled_modes=189/189, minimum_frequency=1.10202019 THz
INFO mlfcs.physics.sscha.solver: SSCHA iteration 9/50: canonical sampling
INFO mlfcs.physics.sscha.solver: q points: 8
INFO mlfcs.physics.sscha.solver: - sampled modes: 189/189, imaginary=0, excluded=0
INFO mlfcs.physics.sscha.solver: - maximum sampled atomic displacement: 0.96823348 Å
INFO mlfcs.physics.sscha.solver: maximum displacement limit: disabled
INFO mlfcs.fitting.fitter: Training-data diagnostics (inputs are not recentered)
INFO mlfcs.fitting.fitter: - Maximum reference force: 0.0000000000e+00 eV/Å
INFO mlfcs.fitting.fitter: - Maximum snapshot net force: 3.8844483380e-15 eV/Å
INFO mlfcs.fitting.fitter: - Maximum center-of-mass displacement: 2.1096197777e-03 Å
INFO mlfcs.fitting.fitter: Constraint system: 2 rows after duplicate removal (72 ASR before compression)
INFO mlfcs.fitting.linear_solvers: Explicit constraint parameterization: 12 -> 10 parameters in 4 blocks, rank=2, nnz=20
INFO mlfcs.fitting.design_operator: - Prepared JAX feature program: 4 signatures, 4 tiles, 0.1 MiB static buffers
INFO mlfcs.fitting.gram_system: Accumulating streamed Gram system: 10 x 10 (0.0 MiB), effective_batch_size=1, backend=SciPy/OpenBLAS CPU
INFO mlfcs.fitting.gram_system: - Physical design kernel groups: 4, 4 bounded tiles
INFO mlfcs.fitting.gram_system: - Compiled FC2 physical design kernel in 0.00 s
INFO mlfcs.fitting.gram_system: - Compiled FC2 physical design kernel in 0.00 s
INFO mlfcs.fitting.gram_system: - Compiled FC2 physical design kernel in 0.00 s
INFO mlfcs.fitting.gram_system: - Compiled FC2 physical design kernel in 0.00 s
INFO mlfcs.fitting.gram_system: - Gram structures: 1/100, elapsed=0.00 s
INFO mlfcs.fitting.gram_system: - Gram structures: 20/100, elapsed=0.03 s
INFO mlfcs.fitting.gram_system: - Gram structures: 40/100, elapsed=0.07 s
INFO mlfcs.fitting.gram_system: - Gram structures: 60/100, elapsed=0.08 s
INFO mlfcs.fitting.gram_system: - Gram structures: 80/100, elapsed=0.10 s
INFO mlfcs.fitting.gram_system: - Gram structures: 100/100, elapsed=0.11 s
INFO mlfcs.fitting.gram_system: - Streamed Gram system ready in 0.11 s
INFO mlfcs.fitting.gram_system: - Gram phase timing: kernel=0.08 s, transfer=0.00 s, scatter=0.01 s, constraint reduction=0.01 s, BLAS=0.00 s
INFO mlfcs.fitting.fitter: Column-norm preconditioning in constrained coordinates
INFO mlfcs.fitting.fitter: - Inverse column scale: 7.891423e-03 to 5.219930e-02
INFO mlfcs.fitting.fitter: Solving the force-only least-squares problem with streamed Gram
INFO mlfcs.fitting.fitter: - Equations: 19200, unknowns: 10
INFO mlfcs.fitting.fitter: - Maximum joint constraint residual: 8.326673e-17
INFO mlfcs.fitting.fitter: Force fitting summary
INFO mlfcs.fitting.fitter: - Training relative error: 46.697527 %
INFO mlfcs.fitting.fitter: - Validation relative error: 46.697527 %
INFO mlfcs.fitting.fitter: - Training force RMSE: 1.7567477188e-01 eV/Å
INFO mlfcs.fitting.fitter: - Validation force RMSE: 1.7567477188e-01 eV/Å
INFO mlfcs.fitting.fitter: - FC2 force contribution RMS: 3.3266000679e-01 eV/Å
INFO mlfcs.fitting.fitter: - JAX execution guard: 1 prepared program, 4 signatures, 4 tiles, Gram passes=1, prediction passes=0
INFO mlfcs.fitting.fitter: - Solver iterations=10, stop_code=0
INFO mlfcs.fitting.fitter: Expanding fitted Taylor parameters into sparse physical IFCs
INFO mlfcs.fitting.fitter: - Expanded 216 sparse tensors in 0.01 s
INFO mlfcs.physics.sscha.solver: - Fitting relative force error: 46.697527 %
INFO mlfcs.physics.sscha.solver: Relative FC2 change: 2.639011e-02
INFO mlfcs.physics.sscha.solver: - Variational free-energy estimate: -1.6127675428e+00 +/- 2.454e-03 eV/primitive cell
INFO mlfcs.force_constants.realization: Export view cache miss; constructing new view
WARNING mlfcs.sampling.harmonic: Imaginary harmonic modes use policy 'absolute'; frequencies below 1.000e-06 THz will not raise an exception
INFO mlfcs.sampling.structures: Generated 100 harmonic perturbation structures
INFO mlfcs.sampling.structures: Harmonic sampling: qpoints=8, sampled_modes=189/189, minimum_frequency=1.09852589 THz
INFO mlfcs.physics.sscha.solver: SSCHA iteration 10/50: canonical sampling
INFO mlfcs.physics.sscha.solver: q points: 8
INFO mlfcs.physics.sscha.solver: - sampled modes: 189/189, imaginary=0, excluded=0
INFO mlfcs.physics.sscha.solver: - maximum sampled atomic displacement: 0.91677265 Å
INFO mlfcs.physics.sscha.solver: maximum displacement limit: disabled
INFO mlfcs.fitting.fitter: Training-data diagnostics (inputs are not recentered)
INFO mlfcs.fitting.fitter: - Maximum reference force: 0.0000000000e+00 eV/Å
INFO mlfcs.fitting.fitter: - Maximum snapshot net force: 6.1315052166e-15 eV/Å
INFO mlfcs.fitting.fitter: - Maximum center-of-mass displacement: 2.1635414093e-03 Å
INFO mlfcs.fitting.fitter: Constraint system: 2 rows after duplicate removal (72 ASR before compression)
INFO mlfcs.fitting.linear_solvers: Explicit constraint parameterization: 12 -> 10 parameters in 4 blocks, rank=2, nnz=20
INFO mlfcs.fitting.design_operator: - Prepared JAX feature program: 4 signatures, 4 tiles, 0.1 MiB static buffers
INFO mlfcs.fitting.gram_system: Accumulating streamed Gram system: 10 x 10 (0.0 MiB), effective_batch_size=1, backend=SciPy/OpenBLAS CPU
INFO mlfcs.fitting.gram_system: - Physical design kernel groups: 4, 4 bounded tiles
INFO mlfcs.fitting.gram_system: - Compiled FC2 physical design kernel in 0.00 s
INFO mlfcs.fitting.gram_system: - Compiled FC2 physical design kernel in 0.00 s
INFO mlfcs.fitting.gram_system: - Compiled FC2 physical design kernel in 0.00 s
INFO mlfcs.fitting.gram_system: - Compiled FC2 physical design kernel in 0.00 s
INFO mlfcs.fitting.gram_system: - Gram structures: 1/100, elapsed=0.00 s
INFO mlfcs.fitting.gram_system: - Gram structures: 20/100, elapsed=0.02 s
INFO mlfcs.fitting.gram_system: - Gram structures: 40/100, elapsed=0.03 s
INFO mlfcs.fitting.gram_system: - Gram structures: 60/100, elapsed=0.05 s
INFO mlfcs.fitting.gram_system: - Gram structures: 80/100, elapsed=0.06 s
INFO mlfcs.fitting.gram_system: - Gram structures: 100/100, elapsed=0.08 s
INFO mlfcs.fitting.gram_system: - Streamed Gram system ready in 0.08 s
INFO mlfcs.fitting.gram_system: - Gram phase timing: kernel=0.05 s, transfer=0.00 s, scatter=0.01 s, constraint reduction=0.01 s, BLAS=0.00 s
INFO mlfcs.fitting.fitter: Column-norm preconditioning in constrained coordinates
INFO mlfcs.fitting.fitter: - Inverse column scale: 7.780925e-03 to 5.090433e-02
INFO mlfcs.fitting.fitter: Solving the force-only least-squares problem with streamed Gram
INFO mlfcs.fitting.fitter: - Equations: 19200, unknowns: 10
INFO mlfcs.fitting.fitter: - Maximum joint constraint residual: 8.326673e-17
INFO mlfcs.fitting.fitter: Force fitting summary
INFO mlfcs.fitting.fitter: - Training relative error: 48.758560 %
INFO mlfcs.fitting.fitter: - Validation relative error: 48.758560 %
INFO mlfcs.fitting.fitter: - Training force RMSE: 1.9419631040e-01 eV/Å
INFO mlfcs.fitting.fitter: - Validation force RMSE: 1.9419631040e-01 eV/Å
INFO mlfcs.fitting.fitter: - FC2 force contribution RMS: 3.4772967307e-01 eV/Å
INFO mlfcs.fitting.fitter: - JAX execution guard: 1 prepared program, 4 signatures, 4 tiles, Gram passes=1, prediction passes=0
INFO mlfcs.fitting.fitter: - Solver iterations=10, stop_code=0
INFO mlfcs.fitting.fitter: Expanding fitted Taylor parameters into sparse physical IFCs
INFO mlfcs.fitting.fitter: - Expanded 216 sparse tensors in 0.01 s
INFO mlfcs.physics.sscha.solver: - Fitting relative force error: 48.758560 %
INFO mlfcs.physics.sscha.solver: Relative FC2 change: 3.320685e-02
INFO mlfcs.physics.sscha.solver: - Variational free-energy estimate: -1.6054402878e+00 +/- 2.776e-03 eV/primitive cell
INFO mlfcs.force_constants.realization: Export view cache miss; constructing new view
WARNING mlfcs.sampling.harmonic: Imaginary harmonic modes use policy 'absolute'; frequencies below 1.000e-06 THz will not raise an exception
INFO mlfcs.sampling.structures: Generated 100 harmonic perturbation structures
INFO mlfcs.sampling.structures: Harmonic sampling: qpoints=8, sampled_modes=189/189, minimum_frequency=1.09767777 THz
INFO mlfcs.physics.sscha.solver: SSCHA iteration 11/50: canonical sampling
INFO mlfcs.physics.sscha.solver: q points: 8
INFO mlfcs.physics.sscha.solver: - sampled modes: 189/189, imaginary=0, excluded=0
INFO mlfcs.physics.sscha.solver: - maximum sampled atomic displacement: 0.90386824 Å
INFO mlfcs.physics.sscha.solver: maximum displacement limit: disabled
INFO mlfcs.fitting.fitter: Training-data diagnostics (inputs are not recentered)
INFO mlfcs.fitting.fitter: - Maximum reference force: 0.0000000000e+00 eV/Å
INFO mlfcs.fitting.fitter: - Maximum snapshot net force: 6.2966782354e-15 eV/Å
INFO mlfcs.fitting.fitter: - Maximum center-of-mass displacement: 2.4220374516e-03 Å
INFO mlfcs.fitting.fitter: Constraint system: 2 rows after duplicate removal (72 ASR before compression)
INFO mlfcs.fitting.linear_solvers: Explicit constraint parameterization: 12 -> 10 parameters in 4 blocks, rank=2, nnz=20
INFO mlfcs.fitting.design_operator: - Prepared JAX feature program: 4 signatures, 4 tiles, 0.1 MiB static buffers
INFO mlfcs.fitting.gram_system: Accumulating streamed Gram system: 10 x 10 (0.0 MiB), effective_batch_size=1, backend=SciPy/OpenBLAS CPU
INFO mlfcs.fitting.gram_system: - Physical design kernel groups: 4, 4 bounded tiles
INFO mlfcs.fitting.gram_system: - Compiled FC2 physical design kernel in 0.00 s
INFO mlfcs.fitting.gram_system: - Compiled FC2 physical design kernel in 0.00 s
INFO mlfcs.fitting.gram_system: - Compiled FC2 physical design kernel in 0.00 s
INFO mlfcs.fitting.gram_system: - Compiled FC2 physical design kernel in 0.00 s
INFO mlfcs.fitting.gram_system: - Gram structures: 1/100, elapsed=0.00 s
INFO mlfcs.fitting.gram_system: - Gram structures: 20/100, elapsed=0.03 s
INFO mlfcs.fitting.gram_system: - Gram structures: 40/100, elapsed=0.06 s
INFO mlfcs.fitting.gram_system: - Gram structures: 60/100, elapsed=0.09 s
INFO mlfcs.fitting.gram_system: - Gram structures: 80/100, elapsed=0.10 s
INFO mlfcs.fitting.gram_system: - Gram structures: 100/100, elapsed=0.11 s
INFO mlfcs.fitting.gram_system: - Streamed Gram system ready in 0.12 s
INFO mlfcs.fitting.gram_system: - Gram phase timing: kernel=0.08 s, transfer=0.00 s, scatter=0.01 s, constraint reduction=0.01 s, BLAS=0.00 s
INFO mlfcs.fitting.fitter: Column-norm preconditioning in constrained coordinates
INFO mlfcs.fitting.fitter: - Inverse column scale: 7.769595e-03 to 5.108239e-02
INFO mlfcs.fitting.fitter: Solving the force-only least-squares problem with streamed Gram
INFO mlfcs.fitting.fitter: - Equations: 19200, unknowns: 10
INFO mlfcs.fitting.fitter: - Maximum joint constraint residual: 8.326673e-17
INFO mlfcs.fitting.fitter: Force fitting summary
INFO mlfcs.fitting.fitter: - Training relative error: 47.152220 %
INFO mlfcs.fitting.fitter: - Validation relative error: 47.152220 %
INFO mlfcs.fitting.fitter: - Training force RMSE: 1.7827141658e-01 eV/Å
INFO mlfcs.fitting.fitter: - Validation force RMSE: 1.7827141658e-01 eV/Å
INFO mlfcs.fitting.fitter: - FC2 force contribution RMS: 3.3340825657e-01 eV/Å
INFO mlfcs.fitting.fitter: - JAX execution guard: 1 prepared program, 4 signatures, 4 tiles, Gram passes=1, prediction passes=0
INFO mlfcs.fitting.fitter: - Solver iterations=10, stop_code=0
INFO mlfcs.fitting.fitter: Expanding fitted Taylor parameters into sparse physical IFCs
INFO mlfcs.fitting.fitter: - Expanded 216 sparse tensors in 0.01 s
INFO mlfcs.physics.sscha.solver: - Fitting relative force error: 47.152220 %
INFO mlfcs.physics.sscha.solver: Relative FC2 change: 4.035998e-02
INFO mlfcs.physics.sscha.solver: - Variational free-energy estimate: -1.6149516277e+00 +/- 2.251e-03 eV/primitive cell
INFO mlfcs.force_constants.realization: Export view cache miss; constructing new view
WARNING mlfcs.sampling.harmonic: Imaginary harmonic modes use policy 'absolute'; frequencies below 1.000e-06 THz will not raise an exception
INFO mlfcs.sampling.structures: Generated 100 harmonic perturbation structures
INFO mlfcs.sampling.structures: Harmonic sampling: qpoints=8, sampled_modes=189/189, minimum_frequency=1.10428475 THz
INFO mlfcs.physics.sscha.solver: SSCHA iteration 12/50: canonical sampling
INFO mlfcs.physics.sscha.solver: q points: 8
INFO mlfcs.physics.sscha.solver: - sampled modes: 189/189, imaginary=0, excluded=0
INFO mlfcs.physics.sscha.solver: - maximum sampled atomic displacement: 0.90069042 Å
INFO mlfcs.physics.sscha.solver: maximum displacement limit: disabled
INFO mlfcs.fitting.fitter: Training-data diagnostics (inputs are not recentered)
INFO mlfcs.fitting.fitter: - Maximum reference force: 0.0000000000e+00 eV/Å
INFO mlfcs.fitting.fitter: - Maximum snapshot net force: 4.5266272062e-15 eV/Å
INFO mlfcs.fitting.fitter: - Maximum center-of-mass displacement: 2.6412510854e-03 Å
INFO mlfcs.fitting.fitter: Constraint system: 2 rows after duplicate removal (72 ASR before compression)
INFO mlfcs.fitting.linear_solvers: Explicit constraint parameterization: 12 -> 10 parameters in 4 blocks, rank=2, nnz=20
INFO mlfcs.fitting.design_operator: - Prepared JAX feature program: 4 signatures, 4 tiles, 0.1 MiB static buffers
INFO mlfcs.fitting.gram_system: Accumulating streamed Gram system: 10 x 10 (0.0 MiB), effective_batch_size=1, backend=SciPy/OpenBLAS CPU
INFO mlfcs.fitting.gram_system: - Physical design kernel groups: 4, 4 bounded tiles
INFO mlfcs.fitting.gram_system: - Compiled FC2 physical design kernel in 0.00 s
INFO mlfcs.fitting.gram_system: - Compiled FC2 physical design kernel in 0.00 s
INFO mlfcs.fitting.gram_system: - Compiled FC2 physical design kernel in 0.00 s
INFO mlfcs.fitting.gram_system: - Compiled FC2 physical design kernel in 0.00 s
INFO mlfcs.fitting.gram_system: - Gram structures: 1/100, elapsed=0.00 s
INFO mlfcs.fitting.gram_system: - Gram structures: 20/100, elapsed=0.03 s
INFO mlfcs.fitting.gram_system: - Gram structures: 40/100, elapsed=0.06 s
INFO mlfcs.fitting.gram_system: - Gram structures: 60/100, elapsed=0.08 s
INFO mlfcs.fitting.gram_system: - Gram structures: 80/100, elapsed=0.10 s
INFO mlfcs.fitting.gram_system: - Gram structures: 100/100, elapsed=0.11 s
INFO mlfcs.fitting.gram_system: - Streamed Gram system ready in 0.11 s
INFO mlfcs.fitting.gram_system: - Gram phase timing: kernel=0.08 s, transfer=0.00 s, scatter=0.01 s, constraint reduction=0.01 s, BLAS=0.00 s
INFO mlfcs.fitting.fitter: Column-norm preconditioning in constrained coordinates
INFO mlfcs.fitting.fitter: - Inverse column scale: 7.830448e-03 to 5.073676e-02
INFO mlfcs.fitting.fitter: Solving the force-only least-squares problem with streamed Gram
INFO mlfcs.fitting.fitter: - Equations: 19200, unknowns: 10
INFO mlfcs.fitting.fitter: - Maximum joint constraint residual: 5.551115e-17
INFO mlfcs.fitting.fitter: Force fitting summary
INFO mlfcs.fitting.fitter: - Training relative error: 49.632628 %
INFO mlfcs.fitting.fitter: - Validation relative error: 49.632628 %
INFO mlfcs.fitting.fitter: - Training force RMSE: 1.9946347909e-01 eV/Å
INFO mlfcs.fitting.fitter: - Validation force RMSE: 1.9946347909e-01 eV/Å
INFO mlfcs.fitting.fitter: - FC2 force contribution RMS: 3.4888630469e-01 eV/Å
INFO mlfcs.fitting.fitter: - JAX execution guard: 1 prepared program, 4 signatures, 4 tiles, Gram passes=1, prediction passes=0
INFO mlfcs.fitting.fitter: - Solver iterations=10, stop_code=0
INFO mlfcs.fitting.fitter: Expanding fitted Taylor parameters into sparse physical IFCs
INFO mlfcs.fitting.fitter: - Expanded 216 sparse tensors in 0.01 s
INFO mlfcs.physics.sscha.solver: - Fitting relative force error: 49.632628 %
INFO mlfcs.physics.sscha.solver: Relative FC2 change: 3.314124e-02
INFO mlfcs.physics.sscha.solver: - Variational free-energy estimate: -1.6080842733e+00 +/- 3.177e-03 eV/primitive cell
INFO mlfcs.force_constants.realization: Export view cache miss; constructing new view
WARNING mlfcs.sampling.harmonic: Imaginary harmonic modes use policy 'absolute'; frequencies below 1.000e-06 THz will not raise an exception
INFO mlfcs.sampling.structures: Generated 100 harmonic perturbation structures
INFO mlfcs.sampling.structures: Harmonic sampling: qpoints=8, sampled_modes=189/189, minimum_frequency=1.11840398 THz
INFO mlfcs.physics.sscha.solver: SSCHA iteration 13/50: canonical sampling
INFO mlfcs.physics.sscha.solver: q points: 8
INFO mlfcs.physics.sscha.solver: - sampled modes: 189/189, imaginary=0, excluded=0
INFO mlfcs.physics.sscha.solver: - maximum sampled atomic displacement: 1.02076159 Å
INFO mlfcs.physics.sscha.solver: maximum displacement limit: disabled
INFO mlfcs.fitting.fitter: Training-data diagnostics (inputs are not recentered)
INFO mlfcs.fitting.fitter: - Maximum reference force: 0.0000000000e+00 eV/Å
INFO mlfcs.fitting.fitter: - Maximum snapshot net force: 4.1022010714e-15 eV/Å
INFO mlfcs.fitting.fitter: - Maximum center-of-mass displacement: 2.9208205082e-03 Å
INFO mlfcs.fitting.fitter: Constraint system: 2 rows after duplicate removal (72 ASR before compression)
INFO mlfcs.fitting.linear_solvers: Explicit constraint parameterization: 12 -> 10 parameters in 4 blocks, rank=2, nnz=20
INFO mlfcs.fitting.design_operator: - Prepared JAX feature program: 4 signatures, 4 tiles, 0.1 MiB static buffers
INFO mlfcs.fitting.gram_system: Accumulating streamed Gram system: 10 x 10 (0.0 MiB), effective_batch_size=1, backend=SciPy/OpenBLAS CPU
INFO mlfcs.fitting.gram_system: - Physical design kernel groups: 4, 4 bounded tiles
INFO mlfcs.fitting.gram_system: - Compiled FC2 physical design kernel in 0.00 s
INFO mlfcs.fitting.gram_system: - Compiled FC2 physical design kernel in 0.00 s
INFO mlfcs.fitting.gram_system: - Compiled FC2 physical design kernel in 0.00 s
INFO mlfcs.fitting.gram_system: - Compiled FC2 physical design kernel in 0.00 s
INFO mlfcs.fitting.gram_system: - Gram structures: 1/100, elapsed=0.00 s
INFO mlfcs.fitting.gram_system: - Gram structures: 20/100, elapsed=0.03 s
INFO mlfcs.fitting.gram_system: - Gram structures: 40/100, elapsed=0.07 s
INFO mlfcs.fitting.gram_system: - Gram structures: 60/100, elapsed=0.08 s
INFO mlfcs.fitting.gram_system: - Gram structures: 80/100, elapsed=0.10 s
INFO mlfcs.fitting.gram_system: - Gram structures: 100/100, elapsed=0.11 s
INFO mlfcs.fitting.gram_system: - Streamed Gram system ready in 0.11 s
INFO mlfcs.fitting.gram_system: - Gram phase timing: kernel=0.07 s, transfer=0.00 s, scatter=0.01 s, constraint reduction=0.01 s, BLAS=0.00 s
INFO mlfcs.fitting.fitter: Column-norm preconditioning in constrained coordinates
INFO mlfcs.fitting.fitter: - Inverse column scale: 8.141497e-03 to 5.220965e-02
INFO mlfcs.fitting.fitter: Solving the force-only least-squares problem with streamed Gram
INFO mlfcs.fitting.fitter: - Equations: 19200, unknowns: 10
INFO mlfcs.fitting.fitter: - Maximum joint constraint residual: 5.551115e-17
INFO mlfcs.fitting.fitter: Force fitting summary
INFO mlfcs.fitting.fitter: - Training relative error: 47.581581 %
INFO mlfcs.fitting.fitter: - Validation relative error: 47.581581 %
INFO mlfcs.fitting.fitter: - Training force RMSE: 1.8464159298e-01 eV/Å
INFO mlfcs.fitting.fitter: - Validation force RMSE: 1.8464159298e-01 eV/Å
INFO mlfcs.fitting.fitter: - FC2 force contribution RMS: 3.4130976323e-01 eV/Å
INFO mlfcs.fitting.fitter: - JAX execution guard: 1 prepared program, 4 signatures, 4 tiles, Gram passes=1, prediction passes=0
INFO mlfcs.fitting.fitter: - Solver iterations=10, stop_code=0
INFO mlfcs.fitting.fitter: Expanding fitted Taylor parameters into sparse physical IFCs
INFO mlfcs.fitting.fitter: - Expanded 216 sparse tensors in 0.01 s
INFO mlfcs.physics.sscha.solver: - Fitting relative force error: 47.581581 %
INFO mlfcs.physics.sscha.solver: Relative FC2 change: 1.253789e-02
INFO mlfcs.physics.sscha.solver: - Variational free-energy estimate: -1.6078381830e+00 +/- 2.758e-03 eV/primitive cell
INFO mlfcs.force_constants.realization: Export view cache miss; constructing new view
WARNING mlfcs.sampling.harmonic: Imaginary harmonic modes use policy 'absolute'; frequencies below 1.000e-06 THz will not raise an exception
INFO mlfcs.sampling.structures: Generated 100 harmonic perturbation structures
INFO mlfcs.sampling.structures: Harmonic sampling: qpoints=8, sampled_modes=189/189, minimum_frequency=1.10539308 THz
INFO mlfcs.physics.sscha.solver: SSCHA iteration 14/50: canonical sampling
INFO mlfcs.physics.sscha.solver: q points: 8
INFO mlfcs.physics.sscha.solver: - sampled modes: 189/189, imaginary=0, excluded=0
INFO mlfcs.physics.sscha.solver: - maximum sampled atomic displacement: 1.01480606 Å
INFO mlfcs.physics.sscha.solver: maximum displacement limit: disabled
INFO mlfcs.fitting.fitter: Training-data diagnostics (inputs are not recentered)
INFO mlfcs.fitting.fitter: - Maximum reference force: 0.0000000000e+00 eV/Å
INFO mlfcs.fitting.fitter: - Maximum snapshot net force: 7.4759554043e-15 eV/Å
INFO mlfcs.fitting.fitter: - Maximum center-of-mass displacement: 2.1859405404e-03 Å
INFO mlfcs.fitting.fitter: Constraint system: 2 rows after duplicate removal (72 ASR before compression)
INFO mlfcs.fitting.linear_solvers: Explicit constraint parameterization: 12 -> 10 parameters in 4 blocks, rank=2, nnz=20
INFO mlfcs.fitting.design_operator: - Prepared JAX feature program: 4 signatures, 4 tiles, 0.1 MiB static buffers
INFO mlfcs.fitting.gram_system: Accumulating streamed Gram system: 10 x 10 (0.0 MiB), effective_batch_size=1, backend=SciPy/OpenBLAS CPU
INFO mlfcs.fitting.gram_system: - Physical design kernel groups: 4, 4 bounded tiles
INFO mlfcs.fitting.gram_system: - Compiled FC2 physical design kernel in 0.00 s
INFO mlfcs.fitting.gram_system: - Compiled FC2 physical design kernel in 0.00 s
INFO mlfcs.fitting.gram_system: - Compiled FC2 physical design kernel in 0.00 s
INFO mlfcs.fitting.gram_system: - Compiled FC2 physical design kernel in 0.00 s
INFO mlfcs.fitting.gram_system: - Gram structures: 1/100, elapsed=0.00 s
INFO mlfcs.fitting.gram_system: - Gram structures: 20/100, elapsed=0.03 s
INFO mlfcs.fitting.gram_system: - Gram structures: 40/100, elapsed=0.06 s
INFO mlfcs.fitting.gram_system: - Gram structures: 60/100, elapsed=0.09 s
INFO mlfcs.fitting.gram_system: - Gram structures: 80/100, elapsed=0.10 s
INFO mlfcs.fitting.gram_system: - Gram structures: 100/100, elapsed=0.11 s
INFO mlfcs.fitting.gram_system: - Streamed Gram system ready in 0.11 s
INFO mlfcs.fitting.gram_system: - Gram phase timing: kernel=0.08 s, transfer=0.00 s, scatter=0.01 s, constraint reduction=0.01 s, BLAS=0.00 s
INFO mlfcs.fitting.fitter: Column-norm preconditioning in constrained coordinates
INFO mlfcs.fitting.fitter: - Inverse column scale: 7.853816e-03 to 5.161832e-02
INFO mlfcs.fitting.fitter: Solving the force-only least-squares problem with streamed Gram
INFO mlfcs.fitting.fitter: - Equations: 19200, unknowns: 10
INFO mlfcs.fitting.fitter: - Maximum joint constraint residual: 5.551115e-17
INFO mlfcs.fitting.fitter: Force fitting summary
INFO mlfcs.fitting.fitter: - Training relative error: 52.812152 %
INFO mlfcs.fitting.fitter: - Validation relative error: 52.812152 %
INFO mlfcs.fitting.fitter: - Training force RMSE: 2.1762893827e-01 eV/Å
INFO mlfcs.fitting.fitter: - Validation force RMSE: 2.1762893827e-01 eV/Å
INFO mlfcs.fitting.fitter: - FC2 force contribution RMS: 3.4992647743e-01 eV/Å
INFO mlfcs.fitting.fitter: - JAX execution guard: 1 prepared program, 4 signatures, 4 tiles, Gram passes=1, prediction passes=0
INFO mlfcs.fitting.fitter: - Solver iterations=10, stop_code=0
INFO mlfcs.fitting.fitter: Expanding fitted Taylor parameters into sparse physical IFCs
INFO mlfcs.fitting.fitter: - Expanded 216 sparse tensors in 0.00 s
INFO mlfcs.physics.sscha.solver: - Fitting relative force error: 52.812152 %
INFO mlfcs.physics.sscha.solver: Relative FC2 change: 3.292922e-02
INFO mlfcs.physics.sscha.solver: - Variational free-energy estimate: -1.6012468132e+00 +/- 4.008e-03 eV/primitive cell
INFO mlfcs.force_constants.realization: Export view cache miss; constructing new view
WARNING mlfcs.sampling.harmonic: Imaginary harmonic modes use policy 'absolute'; frequencies below 1.000e-06 THz will not raise an exception
INFO mlfcs.sampling.structures: Generated 100 harmonic perturbation structures
INFO mlfcs.sampling.structures: Harmonic sampling: qpoints=8, sampled_modes=189/189, minimum_frequency=1.10492151 THz
INFO mlfcs.physics.sscha.solver: SSCHA iteration 15/50: canonical sampling
INFO mlfcs.physics.sscha.solver: q points: 8
INFO mlfcs.physics.sscha.solver: - sampled modes: 189/189, imaginary=0, excluded=0
INFO mlfcs.physics.sscha.solver: - maximum sampled atomic displacement: 0.96237541 Å
INFO mlfcs.physics.sscha.solver: maximum displacement limit: disabled
INFO mlfcs.fitting.fitter: Training-data diagnostics (inputs are not recentered)
INFO mlfcs.fitting.fitter: - Maximum reference force: 0.0000000000e+00 eV/Å
INFO mlfcs.fitting.fitter: - Maximum snapshot net force: 7.0315890028e-15 eV/Å
INFO mlfcs.fitting.fitter: - Maximum center-of-mass displacement: 2.1704362727e-03 Å
INFO mlfcs.fitting.fitter: Constraint system: 2 rows after duplicate removal (72 ASR before compression)
INFO mlfcs.fitting.linear_solvers: Explicit constraint parameterization: 12 -> 10 parameters in 4 blocks, rank=2, nnz=20
INFO mlfcs.fitting.design_operator: - Prepared JAX feature program: 4 signatures, 4 tiles, 0.1 MiB static buffers
INFO mlfcs.fitting.gram_system: Accumulating streamed Gram system: 10 x 10 (0.0 MiB), effective_batch_size=1, backend=SciPy/OpenBLAS CPU
INFO mlfcs.fitting.gram_system: - Physical design kernel groups: 4, 4 bounded tiles
INFO mlfcs.fitting.gram_system: - Compiled FC2 physical design kernel in 0.00 s
INFO mlfcs.fitting.gram_system: - Compiled FC2 physical design kernel in 0.00 s
INFO mlfcs.fitting.gram_system: - Compiled FC2 physical design kernel in 0.00 s
INFO mlfcs.fitting.gram_system: - Compiled FC2 physical design kernel in 0.00 s
INFO mlfcs.fitting.gram_system: - Gram structures: 1/100, elapsed=0.00 s
INFO mlfcs.fitting.gram_system: - Gram structures: 20/100, elapsed=0.03 s
INFO mlfcs.fitting.gram_system: - Gram structures: 40/100, elapsed=0.07 s
INFO mlfcs.fitting.gram_system: - Gram structures: 60/100, elapsed=0.09 s
INFO mlfcs.fitting.gram_system: - Gram structures: 80/100, elapsed=0.10 s
INFO mlfcs.fitting.gram_system: - Gram structures: 100/100, elapsed=0.12 s
INFO mlfcs.fitting.gram_system: - Streamed Gram system ready in 0.12 s
INFO mlfcs.fitting.gram_system: - Gram phase timing: kernel=0.08 s, transfer=0.00 s, scatter=0.01 s, constraint reduction=0.01 s, BLAS=0.00 s
INFO mlfcs.fitting.fitter: Column-norm preconditioning in constrained coordinates
INFO mlfcs.fitting.fitter: - Inverse column scale: 8.113081e-03 to 5.170264e-02
INFO mlfcs.fitting.fitter: Solving the force-only least-squares problem with streamed Gram
INFO mlfcs.fitting.fitter: - Equations: 19200, unknowns: 10
INFO mlfcs.fitting.fitter: - Maximum joint constraint residual: 8.326673e-17
INFO mlfcs.fitting.fitter: Force fitting summary
INFO mlfcs.fitting.fitter: - Training relative error: 47.951766 %
INFO mlfcs.fitting.fitter: - Validation relative error: 47.951766 %
INFO mlfcs.fitting.fitter: - Training force RMSE: 1.8382688558e-01 eV/Å
INFO mlfcs.fitting.fitter: - Validation force RMSE: 1.8382688558e-01 eV/Å
INFO mlfcs.fitting.fitter: - FC2 force contribution RMS: 3.3640891716e-01 eV/Å
INFO mlfcs.fitting.fitter: - JAX execution guard: 1 prepared program, 4 signatures, 4 tiles, Gram passes=1, prediction passes=0
INFO mlfcs.fitting.fitter: - Solver iterations=10, stop_code=0
INFO mlfcs.fitting.fitter: Expanding fitted Taylor parameters into sparse physical IFCs
INFO mlfcs.fitting.fitter: - Expanded 216 sparse tensors in 0.00 s
INFO mlfcs.physics.sscha.solver: - Fitting relative force error: 47.951766 %
INFO mlfcs.physics.sscha.solver: Relative FC2 change: 3.634458e-02
INFO mlfcs.physics.sscha.solver: - Variational free-energy estimate: -1.6096037140e+00 +/- 2.411e-03 eV/primitive cell
INFO mlfcs.force_constants.realization: Export view cache miss; constructing new view
WARNING mlfcs.sampling.harmonic: Imaginary harmonic modes use policy 'absolute'; frequencies below 1.000e-06 THz will not raise an exception
INFO mlfcs.sampling.structures: Generated 100 harmonic perturbation structures
INFO mlfcs.sampling.structures: Harmonic sampling: qpoints=8, sampled_modes=189/189, minimum_frequency=1.10708149 THz
INFO mlfcs.physics.sscha.solver: SSCHA iteration 16/50: canonical sampling
INFO mlfcs.physics.sscha.solver: q points: 8
INFO mlfcs.physics.sscha.solver: - sampled modes: 189/189, imaginary=0, excluded=0
INFO mlfcs.physics.sscha.solver: - maximum sampled atomic displacement: 1.03775012 Å
INFO mlfcs.physics.sscha.solver: maximum displacement limit: disabled
INFO mlfcs.fitting.fitter: Training-data diagnostics (inputs are not recentered)
INFO mlfcs.fitting.fitter: - Maximum reference force: 0.0000000000e+00 eV/Å
INFO mlfcs.fitting.fitter: - Maximum snapshot net force: 4.3973553262e-15 eV/Å
INFO mlfcs.fitting.fitter: - Maximum center-of-mass displacement: 2.2984759889e-03 Å
INFO mlfcs.fitting.fitter: Constraint system: 2 rows after duplicate removal (72 ASR before compression)
INFO mlfcs.fitting.linear_solvers: Explicit constraint parameterization: 12 -> 10 parameters in 4 blocks, rank=2, nnz=20
INFO mlfcs.fitting.design_operator: - Prepared JAX feature program: 4 signatures, 4 tiles, 0.1 MiB static buffers
INFO mlfcs.fitting.gram_system: Accumulating streamed Gram system: 10 x 10 (0.0 MiB), effective_batch_size=1, backend=SciPy/OpenBLAS CPU
INFO mlfcs.fitting.gram_system: - Physical design kernel groups: 4, 4 bounded tiles
INFO mlfcs.fitting.gram_system: - Compiled FC2 physical design kernel in 0.00 s
INFO mlfcs.fitting.gram_system: - Compiled FC2 physical design kernel in 0.00 s
INFO mlfcs.fitting.gram_system: - Compiled FC2 physical design kernel in 0.00 s
INFO mlfcs.fitting.gram_system: - Compiled FC2 physical design kernel in 0.00 s
INFO mlfcs.fitting.gram_system: - Gram structures: 1/100, elapsed=0.00 s
INFO mlfcs.fitting.gram_system: - Gram structures: 20/100, elapsed=0.04 s
INFO mlfcs.fitting.gram_system: - Gram structures: 40/100, elapsed=0.06 s
INFO mlfcs.fitting.gram_system: - Gram structures: 60/100, elapsed=0.09 s
INFO mlfcs.fitting.gram_system: - Gram structures: 80/100, elapsed=0.10 s
INFO mlfcs.fitting.gram_system: - Gram structures: 100/100, elapsed=0.11 s
INFO mlfcs.fitting.gram_system: - Streamed Gram system ready in 0.11 s
INFO mlfcs.fitting.gram_system: - Gram phase timing: kernel=0.07 s, transfer=0.00 s, scatter=0.01 s, constraint reduction=0.01 s, BLAS=0.00 s
INFO mlfcs.fitting.fitter: Column-norm preconditioning in constrained coordinates
INFO mlfcs.fitting.fitter: - Inverse column scale: 7.964514e-03 to 5.170126e-02
INFO mlfcs.fitting.fitter: Solving the force-only least-squares problem with streamed Gram
INFO mlfcs.fitting.fitter: - Equations: 19200, unknowns: 10
INFO mlfcs.fitting.fitter: - Maximum joint constraint residual: 8.326673e-17
INFO mlfcs.fitting.fitter: Force fitting summary
INFO mlfcs.fitting.fitter: - Training relative error: 46.993844 %
INFO mlfcs.fitting.fitter: - Validation relative error: 46.993844 %
INFO mlfcs.fitting.fitter: - Training force RMSE: 1.7849369349e-01 eV/Å
INFO mlfcs.fitting.fitter: - Validation force RMSE: 1.7849369349e-01 eV/Å
INFO mlfcs.fitting.fitter: - FC2 force contribution RMS: 3.3526995289e-01 eV/Å
INFO mlfcs.fitting.fitter: - JAX execution guard: 1 prepared program, 4 signatures, 4 tiles, Gram passes=1, prediction passes=0
INFO mlfcs.fitting.fitter: - Solver iterations=10, stop_code=0
INFO mlfcs.fitting.fitter: Expanding fitted Taylor parameters into sparse physical IFCs
INFO mlfcs.fitting.fitter: - Expanded 216 sparse tensors in 0.00 s
INFO mlfcs.physics.sscha.solver: - Fitting relative force error: 46.993844 %
INFO mlfcs.physics.sscha.solver: Relative FC2 change: 2.668314e-02
INFO mlfcs.physics.sscha.solver: - Variational free-energy estimate: -1.6169122053e+00 +/- 2.361e-03 eV/primitive cell
INFO mlfcs.force_constants.realization: Export view cache miss; constructing new view
WARNING mlfcs.sampling.harmonic: Imaginary harmonic modes use policy 'absolute'; frequencies below 1.000e-06 THz will not raise an exception
INFO mlfcs.sampling.structures: Generated 100 harmonic perturbation structures
INFO mlfcs.sampling.structures: Harmonic sampling: qpoints=8, sampled_modes=189/189, minimum_frequency=1.10012566 THz
INFO mlfcs.physics.sscha.solver: SSCHA iteration 17/50: canonical sampling
INFO mlfcs.physics.sscha.solver: q points: 8
INFO mlfcs.physics.sscha.solver: - sampled modes: 189/189, imaginary=0, excluded=0
INFO mlfcs.physics.sscha.solver: - maximum sampled atomic displacement: 0.97233751 Å
INFO mlfcs.physics.sscha.solver: maximum displacement limit: disabled
INFO mlfcs.fitting.fitter: Training-data diagnostics (inputs are not recentered)
INFO mlfcs.fitting.fitter: - Maximum reference force: 0.0000000000e+00 eV/Å
INFO mlfcs.fitting.fitter: - Maximum snapshot net force: 5.0739591174e-15 eV/Å
INFO mlfcs.fitting.fitter: - Maximum center-of-mass displacement: 2.3088174955e-03 Å
INFO mlfcs.fitting.fitter: Constraint system: 2 rows after duplicate removal (72 ASR before compression)
INFO mlfcs.fitting.linear_solvers: Explicit constraint parameterization: 12 -> 10 parameters in 4 blocks, rank=2, nnz=20
INFO mlfcs.fitting.design_operator: - Prepared JAX feature program: 4 signatures, 4 tiles, 0.1 MiB static buffers
INFO mlfcs.fitting.gram_system: Accumulating streamed Gram system: 10 x 10 (0.0 MiB), effective_batch_size=1, backend=SciPy/OpenBLAS CPU
INFO mlfcs.fitting.gram_system: - Physical design kernel groups: 4, 4 bounded tiles
INFO mlfcs.fitting.gram_system: - Compiled FC2 physical design kernel in 0.00 s
INFO mlfcs.fitting.gram_system: - Compiled FC2 physical design kernel in 0.00 s
INFO mlfcs.fitting.gram_system: - Compiled FC2 physical design kernel in 0.00 s
INFO mlfcs.fitting.gram_system: - Compiled FC2 physical design kernel in 0.00 s
INFO mlfcs.fitting.gram_system: - Gram structures: 1/100, elapsed=0.00 s
INFO mlfcs.fitting.gram_system: - Gram structures: 20/100, elapsed=0.03 s
INFO mlfcs.fitting.gram_system: - Gram structures: 40/100, elapsed=0.06 s
INFO mlfcs.fitting.gram_system: - Gram structures: 60/100, elapsed=0.08 s
INFO mlfcs.fitting.gram_system: - Gram structures: 80/100, elapsed=0.09 s
INFO mlfcs.fitting.gram_system: - Gram structures: 100/100, elapsed=0.11 s
INFO mlfcs.fitting.gram_system: - Streamed Gram system ready in 0.11 s
INFO mlfcs.fitting.gram_system: - Gram phase timing: kernel=0.07 s, transfer=0.00 s, scatter=0.01 s, constraint reduction=0.01 s, BLAS=0.00 s
INFO mlfcs.fitting.fitter: Column-norm preconditioning in constrained coordinates
INFO mlfcs.fitting.fitter: - Inverse column scale: 7.973196e-03 to 5.099046e-02
INFO mlfcs.fitting.fitter: Solving the force-only least-squares problem with streamed Gram
INFO mlfcs.fitting.fitter: - Equations: 19200, unknowns: 10
INFO mlfcs.fitting.fitter: - Maximum joint constraint residual: 2.775558e-17
INFO mlfcs.fitting.fitter: Force fitting summary
INFO mlfcs.fitting.fitter: - Training relative error: 48.834247 %
INFO mlfcs.fitting.fitter: - Validation relative error: 48.834247 %
INFO mlfcs.fitting.fitter: - Training force RMSE: 1.9629966807e-01 eV/Å
INFO mlfcs.fitting.fitter: - Validation force RMSE: 1.9629966807e-01 eV/Å
INFO mlfcs.fitting.fitter: - FC2 force contribution RMS: 3.5078110646e-01 eV/Å
INFO mlfcs.fitting.fitter: - JAX execution guard: 1 prepared program, 4 signatures, 4 tiles, Gram passes=1, prediction passes=0
INFO mlfcs.fitting.fitter: - Solver iterations=10, stop_code=0
INFO mlfcs.fitting.fitter: Expanding fitted Taylor parameters into sparse physical IFCs
INFO mlfcs.fitting.fitter: - Expanded 216 sparse tensors in 0.00 s
INFO mlfcs.physics.sscha.solver: - Fitting relative force error: 48.834247 %
INFO mlfcs.physics.sscha.solver: Relative FC2 change: 3.970945e-02
INFO mlfcs.physics.sscha.solver: - Variational free-energy estimate: -1.6063252015e+00 +/- 2.773e-03 eV/primitive cell
INFO mlfcs.force_constants.realization: Export view cache miss; constructing new view
WARNING mlfcs.sampling.harmonic: Imaginary harmonic modes use policy 'absolute'; frequencies below 1.000e-06 THz will not raise an exception
INFO mlfcs.sampling.structures: Generated 100 harmonic perturbation structures
INFO mlfcs.sampling.structures: Harmonic sampling: qpoints=8, sampled_modes=189/189, minimum_frequency=1.11140287 THz
INFO mlfcs.physics.sscha.solver: SSCHA iteration 18/50: canonical sampling
INFO mlfcs.physics.sscha.solver: q points: 8
INFO mlfcs.physics.sscha.solver: - sampled modes: 189/189, imaginary=0, excluded=0
INFO mlfcs.physics.sscha.solver: - maximum sampled atomic displacement: 0.91521677 Å
INFO mlfcs.physics.sscha.solver: maximum displacement limit: disabled
INFO mlfcs.fitting.fitter: Training-data diagnostics (inputs are not recentered)
INFO mlfcs.fitting.fitter: - Maximum reference force: 0.0000000000e+00 eV/Å
INFO mlfcs.fitting.fitter: - Maximum snapshot net force: 4.1807857878e-15 eV/Å
INFO mlfcs.fitting.fitter: - Maximum center-of-mass displacement: 2.2391430061e-03 Å
INFO mlfcs.fitting.fitter: Constraint system: 2 rows after duplicate removal (72 ASR before compression)
INFO mlfcs.fitting.linear_solvers: Explicit constraint parameterization: 12 -> 10 parameters in 4 blocks, rank=2, nnz=20
INFO mlfcs.fitting.design_operator: - Prepared JAX feature program: 4 signatures, 4 tiles, 0.1 MiB static buffers
INFO mlfcs.fitting.gram_system: Accumulating streamed Gram system: 10 x 10 (0.0 MiB), effective_batch_size=1, backend=SciPy/OpenBLAS CPU
INFO mlfcs.fitting.gram_system: - Physical design kernel groups: 4, 4 bounded tiles
INFO mlfcs.fitting.gram_system: - Compiled FC2 physical design kernel in 0.00 s
INFO mlfcs.fitting.gram_system: - Compiled FC2 physical design kernel in 0.00 s
INFO mlfcs.fitting.gram_system: - Compiled FC2 physical design kernel in 0.00 s
INFO mlfcs.fitting.gram_system: - Compiled FC2 physical design kernel in 0.00 s
INFO mlfcs.fitting.gram_system: - Gram structures: 1/100, elapsed=0.00 s
INFO mlfcs.fitting.gram_system: - Gram structures: 20/100, elapsed=0.03 s
INFO mlfcs.fitting.gram_system: - Gram structures: 40/100, elapsed=0.07 s
INFO mlfcs.fitting.gram_system: - Gram structures: 60/100, elapsed=0.09 s
INFO mlfcs.fitting.gram_system: - Gram structures: 80/100, elapsed=0.10 s
INFO mlfcs.fitting.gram_system: - Gram structures: 100/100, elapsed=0.12 s
INFO mlfcs.fitting.gram_system: - Streamed Gram system ready in 0.12 s
INFO mlfcs.fitting.gram_system: - Gram phase timing: kernel=0.08 s, transfer=0.00 s, scatter=0.01 s, constraint reduction=0.01 s, BLAS=0.00 s
INFO mlfcs.fitting.fitter: Column-norm preconditioning in constrained coordinates
INFO mlfcs.fitting.fitter: - Inverse column scale: 7.977353e-03 to 5.079851e-02
INFO mlfcs.fitting.fitter: Solving the force-only least-squares problem with streamed Gram
INFO mlfcs.fitting.fitter: - Equations: 19200, unknowns: 10
INFO mlfcs.fitting.fitter: - Maximum joint constraint residual: 5.551115e-17
INFO mlfcs.fitting.fitter: Force fitting summary
INFO mlfcs.fitting.fitter: - Training relative error: 46.194158 %
INFO mlfcs.fitting.fitter: - Validation relative error: 46.194158 %
INFO mlfcs.fitting.fitter: - Training force RMSE: 1.7476159052e-01 eV/Å
INFO mlfcs.fitting.fitter: - Validation force RMSE: 1.7476159052e-01 eV/Å
INFO mlfcs.fitting.fitter: - FC2 force contribution RMS: 3.3553563792e-01 eV/Å
INFO mlfcs.fitting.fitter: - JAX execution guard: 1 prepared program, 4 signatures, 4 tiles, Gram passes=1, prediction passes=0
INFO mlfcs.fitting.fitter: - Solver iterations=10, stop_code=0
INFO mlfcs.fitting.fitter: Expanding fitted Taylor parameters into sparse physical IFCs
INFO mlfcs.fitting.fitter: - Expanded 216 sparse tensors in 0.00 s
INFO mlfcs.physics.sscha.solver: - Fitting relative force error: 46.194158 %
INFO mlfcs.physics.sscha.solver: Relative FC2 change: 2.296757e-02
INFO mlfcs.physics.sscha.solver: - Variational free-energy estimate: -1.6094235489e+00 +/- 2.120e-03 eV/primitive cell
INFO mlfcs.force_constants.realization: Export view cache miss; constructing new view
WARNING mlfcs.sampling.harmonic: Imaginary harmonic modes use policy 'absolute'; frequencies below 1.000e-06 THz will not raise an exception
INFO mlfcs.sampling.structures: Generated 100 harmonic perturbation structures
INFO mlfcs.sampling.structures: Harmonic sampling: qpoints=8, sampled_modes=189/189, minimum_frequency=1.10807731 THz
INFO mlfcs.physics.sscha.solver: SSCHA iteration 19/50: canonical sampling
INFO mlfcs.physics.sscha.solver: q points: 8
INFO mlfcs.physics.sscha.solver: - sampled modes: 189/189, imaginary=0, excluded=0
INFO mlfcs.physics.sscha.solver: - maximum sampled atomic displacement: 1.07618537 Å
INFO mlfcs.physics.sscha.solver: maximum displacement limit: disabled
INFO mlfcs.fitting.fitter: Training-data diagnostics (inputs are not recentered)
INFO mlfcs.fitting.fitter: - Maximum reference force: 0.0000000000e+00 eV/Å
INFO mlfcs.fitting.fitter: - Maximum snapshot net force: 5.4591458392e-15 eV/Å
INFO mlfcs.fitting.fitter: - Maximum center-of-mass displacement: 2.7713016275e-03 Å
INFO mlfcs.fitting.fitter: Constraint system: 2 rows after duplicate removal (72 ASR before compression)
INFO mlfcs.fitting.linear_solvers: Explicit constraint parameterization: 12 -> 10 parameters in 4 blocks, rank=2, nnz=20
INFO mlfcs.fitting.design_operator: - Prepared JAX feature program: 4 signatures, 4 tiles, 0.1 MiB static buffers
INFO mlfcs.fitting.gram_system: Accumulating streamed Gram system: 10 x 10 (0.0 MiB), effective_batch_size=1, backend=SciPy/OpenBLAS CPU
INFO mlfcs.fitting.gram_system: - Physical design kernel groups: 4, 4 bounded tiles
INFO mlfcs.fitting.gram_system: - Compiled FC2 physical design kernel in 0.00 s
INFO mlfcs.fitting.gram_system: - Compiled FC2 physical design kernel in 0.00 s
INFO mlfcs.fitting.gram_system: - Compiled FC2 physical design kernel in 0.00 s
INFO mlfcs.fitting.gram_system: - Compiled FC2 physical design kernel in 0.00 s
INFO mlfcs.fitting.gram_system: - Gram structures: 1/100, elapsed=0.00 s
INFO mlfcs.fitting.gram_system: - Gram structures: 20/100, elapsed=0.02 s
INFO mlfcs.fitting.gram_system: - Gram structures: 40/100, elapsed=0.05 s
INFO mlfcs.fitting.gram_system: - Gram structures: 60/100, elapsed=0.08 s
INFO mlfcs.fitting.gram_system: - Gram structures: 80/100, elapsed=0.09 s
INFO mlfcs.fitting.gram_system: - Gram structures: 100/100, elapsed=0.11 s
INFO mlfcs.fitting.gram_system: - Streamed Gram system ready in 0.11 s
INFO mlfcs.fitting.gram_system: - Gram phase timing: kernel=0.07 s, transfer=0.00 s, scatter=0.01 s, constraint reduction=0.01 s, BLAS=0.00 s
INFO mlfcs.fitting.fitter: Column-norm preconditioning in constrained coordinates
INFO mlfcs.fitting.fitter: - Inverse column scale: 7.756367e-03 to 5.022344e-02
INFO mlfcs.fitting.fitter: Solving the force-only least-squares problem with streamed Gram
INFO mlfcs.fitting.fitter: - Equations: 19200, unknowns: 10
INFO mlfcs.fitting.fitter: - Maximum joint constraint residual: 8.326673e-17
INFO mlfcs.fitting.fitter: Force fitting summary
INFO mlfcs.fitting.fitter: - Training relative error: 48.254323 %
INFO mlfcs.fitting.fitter: - Validation relative error: 48.254323 %
INFO mlfcs.fitting.fitter: - Training force RMSE: 1.8923417848e-01 eV/Å
INFO mlfcs.fitting.fitter: - Validation force RMSE: 1.8923417848e-01 eV/Å
INFO mlfcs.fitting.fitter: - FC2 force contribution RMS: 3.4348207384e-01 eV/Å
INFO mlfcs.fitting.fitter: - JAX execution guard: 1 prepared program, 4 signatures, 4 tiles, Gram passes=1, prediction passes=0
INFO mlfcs.fitting.fitter: - Solver iterations=10, stop_code=0
INFO mlfcs.fitting.fitter: Expanding fitted Taylor parameters into sparse physical IFCs
INFO mlfcs.fitting.fitter: - Expanded 216 sparse tensors in 0.01 s
INFO mlfcs.physics.sscha.solver: - Fitting relative force error: 48.254323 %
INFO mlfcs.physics.sscha.solver: Relative FC2 change: 1.369691e-02
INFO mlfcs.physics.sscha.solver: - Variational free-energy estimate: -1.6122376530e+00 +/- 2.744e-03 eV/primitive cell
INFO mlfcs.force_constants.realization: Export view cache miss; constructing new view
WARNING mlfcs.sampling.harmonic: Imaginary harmonic modes use policy 'absolute'; frequencies below 1.000e-06 THz will not raise an exception
INFO mlfcs.sampling.structures: Generated 100 harmonic perturbation structures
INFO mlfcs.sampling.structures: Harmonic sampling: qpoints=8, sampled_modes=189/189, minimum_frequency=1.11178328 THz
INFO mlfcs.physics.sscha.solver: SSCHA iteration 20/50: canonical sampling
INFO mlfcs.physics.sscha.solver: q points: 8
INFO mlfcs.physics.sscha.solver: - sampled modes: 189/189, imaginary=0, excluded=0
INFO mlfcs.physics.sscha.solver: - maximum sampled atomic displacement: 0.95576844 Å
INFO mlfcs.physics.sscha.solver: maximum displacement limit: disabled
INFO mlfcs.fitting.fitter: Training-data diagnostics (inputs are not recentered)
INFO mlfcs.fitting.fitter: - Maximum reference force: 0.0000000000e+00 eV/Å
INFO mlfcs.fitting.fitter: - Maximum snapshot net force: 4.2508866961e-15 eV/Å
INFO mlfcs.fitting.fitter: - Maximum center-of-mass displacement: 1.9733316538e-03 Å
INFO mlfcs.fitting.fitter: Constraint system: 2 rows after duplicate removal (72 ASR before compression)
INFO mlfcs.fitting.linear_solvers: Explicit constraint parameterization: 12 -> 10 parameters in 4 blocks, rank=2, nnz=20
INFO mlfcs.fitting.design_operator: - Prepared JAX feature program: 4 signatures, 4 tiles, 0.1 MiB static buffers
INFO mlfcs.fitting.gram_system: Accumulating streamed Gram system: 10 x 10 (0.0 MiB), effective_batch_size=1, backend=SciPy/OpenBLAS CPU
INFO mlfcs.fitting.gram_system: - Physical design kernel groups: 4, 4 bounded tiles
INFO mlfcs.fitting.gram_system: - Compiled FC2 physical design kernel in 0.00 s
INFO mlfcs.fitting.gram_system: - Compiled FC2 physical design kernel in 0.00 s
INFO mlfcs.fitting.gram_system: - Compiled FC2 physical design kernel in 0.00 s
INFO mlfcs.fitting.gram_system: - Compiled FC2 physical design kernel in 0.00 s
INFO mlfcs.fitting.gram_system: - Gram structures: 1/100, elapsed=0.00 s
INFO mlfcs.fitting.gram_system: - Gram structures: 20/100, elapsed=0.03 s
INFO mlfcs.fitting.gram_system: - Gram structures: 40/100, elapsed=0.06 s
INFO mlfcs.fitting.gram_system: - Gram structures: 60/100, elapsed=0.09 s
INFO mlfcs.fitting.gram_system: - Gram structures: 80/100, elapsed=0.10 s
INFO mlfcs.fitting.gram_system: - Gram structures: 100/100, elapsed=0.11 s
INFO mlfcs.fitting.gram_system: - Streamed Gram system ready in 0.12 s
INFO mlfcs.fitting.gram_system: - Gram phase timing: kernel=0.07 s, transfer=0.00 s, scatter=0.01 s, constraint reduction=0.01 s, BLAS=0.00 s
INFO mlfcs.fitting.fitter: Column-norm preconditioning in constrained coordinates
INFO mlfcs.fitting.fitter: - Inverse column scale: 8.035935e-03 to 5.101650e-02
INFO mlfcs.fitting.fitter: Solving the force-only least-squares problem with streamed Gram
INFO mlfcs.fitting.fitter: - Equations: 19200, unknowns: 10
INFO mlfcs.fitting.fitter: - Maximum joint constraint residual: 5.551115e-17
INFO mlfcs.fitting.fitter: Force fitting summary
INFO mlfcs.fitting.fitter: - Training relative error: 47.559681 %
INFO mlfcs.fitting.fitter: - Validation relative error: 47.559681 %
INFO mlfcs.fitting.fitter: - Training force RMSE: 1.8526582501e-01 eV/Å
INFO mlfcs.fitting.fitter: - Validation force RMSE: 1.8526582501e-01 eV/Å
INFO mlfcs.fitting.fitter: - FC2 force contribution RMS: 3.4266748554e-01 eV/Å
INFO mlfcs.fitting.fitter: - JAX execution guard: 1 prepared program, 4 signatures, 4 tiles, Gram passes=1, prediction passes=0
INFO mlfcs.fitting.fitter: - Solver iterations=10, stop_code=0
INFO mlfcs.fitting.fitter: Expanding fitted Taylor parameters into sparse physical IFCs
INFO mlfcs.fitting.fitter: - Expanded 216 sparse tensors in 0.00 s
INFO mlfcs.physics.sscha.solver: - Fitting relative force error: 47.559681 %
INFO mlfcs.physics.sscha.solver: Relative FC2 change: 1.983175e-02
INFO mlfcs.physics.sscha.solver: - Variational free-energy estimate: -1.6099072897e+00 +/- 2.689e-03 eV/primitive cell
INFO mlfcs.force_constants.realization: Export view cache miss; constructing new view
WARNING mlfcs.sampling.harmonic: Imaginary harmonic modes use policy 'absolute'; frequencies below 1.000e-06 THz will not raise an exception
INFO mlfcs.sampling.structures: Generated 100 harmonic perturbation structures
INFO mlfcs.sampling.structures: Harmonic sampling: qpoints=8, sampled_modes=189/189, minimum_frequency=1.10277635 THz
INFO mlfcs.physics.sscha.solver: SSCHA iteration 21/50: canonical sampling
INFO mlfcs.physics.sscha.solver: q points: 8
INFO mlfcs.physics.sscha.solver: - sampled modes: 189/189, imaginary=0, excluded=0
INFO mlfcs.physics.sscha.solver: - maximum sampled atomic displacement: 1.00791714 Å
INFO mlfcs.physics.sscha.solver: maximum displacement limit: disabled
INFO mlfcs.fitting.fitter: Training-data diagnostics (inputs are not recentered)
INFO mlfcs.fitting.fitter: - Maximum reference force: 0.0000000000e+00 eV/Å
INFO mlfcs.fitting.fitter: - Maximum snapshot net force: 4.4360756289e-15 eV/Å
INFO mlfcs.fitting.fitter: - Maximum center-of-mass displacement: 2.7999300893e-03 Å
INFO mlfcs.fitting.fitter: Constraint system: 2 rows after duplicate removal (72 ASR before compression)
INFO mlfcs.fitting.linear_solvers: Explicit constraint parameterization: 12 -> 10 parameters in 4 blocks, rank=2, nnz=20
INFO mlfcs.fitting.design_operator: - Prepared JAX feature program: 4 signatures, 4 tiles, 0.1 MiB static buffers
INFO mlfcs.fitting.gram_system: Accumulating streamed Gram system: 10 x 10 (0.0 MiB), effective_batch_size=1, backend=SciPy/OpenBLAS CPU
INFO mlfcs.fitting.gram_system: - Physical design kernel groups: 4, 4 bounded tiles
INFO mlfcs.fitting.gram_system: - Compiled FC2 physical design kernel in 0.00 s
INFO mlfcs.fitting.gram_system: - Compiled FC2 physical design kernel in 0.00 s
INFO mlfcs.fitting.gram_system: - Compiled FC2 physical design kernel in 0.00 s
INFO mlfcs.fitting.gram_system: - Compiled FC2 physical design kernel in 0.00 s
INFO mlfcs.fitting.gram_system: - Gram structures: 1/100, elapsed=0.00 s
INFO mlfcs.fitting.gram_system: - Gram structures: 20/100, elapsed=0.03 s
INFO mlfcs.fitting.gram_system: - Gram structures: 40/100, elapsed=0.06 s
INFO mlfcs.fitting.gram_system: - Gram structures: 60/100, elapsed=0.08 s
INFO mlfcs.fitting.gram_system: - Gram structures: 80/100, elapsed=0.10 s
INFO mlfcs.fitting.gram_system: - Gram structures: 100/100, elapsed=0.11 s
INFO mlfcs.fitting.gram_system: - Streamed Gram system ready in 0.11 s
INFO mlfcs.fitting.gram_system: - Gram phase timing: kernel=0.07 s, transfer=0.00 s, scatter=0.01 s, constraint reduction=0.01 s, BLAS=0.00 s
INFO mlfcs.fitting.fitter: Column-norm preconditioning in constrained coordinates
INFO mlfcs.fitting.fitter: - Inverse column scale: 8.045089e-03 to 5.114433e-02
INFO mlfcs.fitting.fitter: Solving the force-only least-squares problem with streamed Gram
INFO mlfcs.fitting.fitter: - Equations: 19200, unknowns: 10
INFO mlfcs.fitting.fitter: - Maximum joint constraint residual: 5.551115e-17
INFO mlfcs.fitting.fitter: Force fitting summary
INFO mlfcs.fitting.fitter: - Training relative error: 46.473947 %
INFO mlfcs.fitting.fitter: - Validation relative error: 46.473947 %
INFO mlfcs.fitting.fitter: - Training force RMSE: 1.7682435679e-01 eV/Å
INFO mlfcs.fitting.fitter: - Validation force RMSE: 1.7682435679e-01 eV/Å
INFO mlfcs.fitting.fitter: - FC2 force contribution RMS: 3.3689559557e-01 eV/Å
INFO mlfcs.fitting.fitter: - JAX execution guard: 1 prepared program, 4 signatures, 4 tiles, Gram passes=1, prediction passes=0
INFO mlfcs.fitting.fitter: - Solver iterations=10, stop_code=0
INFO mlfcs.fitting.fitter: Expanding fitted Taylor parameters into sparse physical IFCs
INFO mlfcs.fitting.fitter: - Expanded 216 sparse tensors in 0.00 s
INFO mlfcs.physics.sscha.solver: - Fitting relative force error: 46.473947 %
INFO mlfcs.physics.sscha.solver: Relative FC2 change: 1.645596e-02
INFO mlfcs.physics.sscha.solver: - Variational free-energy estimate: -1.6119291698e+00 +/- 2.306e-03 eV/primitive cell
INFO mlfcs.force_constants.realization: Export view cache miss; constructing new view
WARNING mlfcs.sampling.harmonic: Imaginary harmonic modes use policy 'absolute'; frequencies below 1.000e-06 THz will not raise an exception
INFO mlfcs.sampling.structures: Generated 100 harmonic perturbation structures
INFO mlfcs.sampling.structures: Harmonic sampling: qpoints=8, sampled_modes=189/189, minimum_frequency=1.10506161 THz
INFO mlfcs.physics.sscha.solver: SSCHA iteration 22/50: canonical sampling
INFO mlfcs.physics.sscha.solver: q points: 8
INFO mlfcs.physics.sscha.solver: - sampled modes: 189/189, imaginary=0, excluded=0
INFO mlfcs.physics.sscha.solver: - maximum sampled atomic displacement: 0.95976159 Å
INFO mlfcs.physics.sscha.solver: maximum displacement limit: disabled
INFO mlfcs.fitting.fitter: Training-data diagnostics (inputs are not recentered)
INFO mlfcs.fitting.fitter: - Maximum reference force: 0.0000000000e+00 eV/Å
INFO mlfcs.fitting.fitter: - Maximum snapshot net force: 4.3396665726e-15 eV/Å
INFO mlfcs.fitting.fitter: - Maximum center-of-mass displacement: 2.4754704431e-03 Å
INFO mlfcs.fitting.fitter: Constraint system: 2 rows after duplicate removal (72 ASR before compression)
INFO mlfcs.fitting.linear_solvers: Explicit constraint parameterization: 12 -> 10 parameters in 4 blocks, rank=2, nnz=20
INFO mlfcs.fitting.design_operator: - Prepared JAX feature program: 4 signatures, 4 tiles, 0.1 MiB static buffers
INFO mlfcs.fitting.gram_system: Accumulating streamed Gram system: 10 x 10 (0.0 MiB), effective_batch_size=1, backend=SciPy/OpenBLAS CPU
INFO mlfcs.fitting.gram_system: - Physical design kernel groups: 4, 4 bounded tiles
INFO mlfcs.fitting.gram_system: - Compiled FC2 physical design kernel in 0.00 s
INFO mlfcs.fitting.gram_system: - Compiled FC2 physical design kernel in 0.00 s
INFO mlfcs.fitting.gram_system: - Compiled FC2 physical design kernel in 0.00 s
INFO mlfcs.fitting.gram_system: - Compiled FC2 physical design kernel in 0.00 s
INFO mlfcs.fitting.gram_system: - Gram structures: 1/100, elapsed=0.00 s
INFO mlfcs.fitting.gram_system: - Gram structures: 20/100, elapsed=0.02 s
INFO mlfcs.fitting.gram_system: - Gram structures: 40/100, elapsed=0.05 s
INFO mlfcs.fitting.gram_system: - Gram structures: 60/100, elapsed=0.07 s
INFO mlfcs.fitting.gram_system: - Gram structures: 80/100, elapsed=0.09 s
INFO mlfcs.fitting.gram_system: - Gram structures: 100/100, elapsed=0.11 s
INFO mlfcs.fitting.gram_system: - Streamed Gram system ready in 0.11 s
INFO mlfcs.fitting.gram_system: - Gram phase timing: kernel=0.07 s, transfer=0.00 s, scatter=0.01 s, constraint reduction=0.01 s, BLAS=0.00 s
INFO mlfcs.fitting.fitter: Column-norm preconditioning in constrained coordinates
INFO mlfcs.fitting.fitter: - Inverse column scale: 7.707632e-03 to 5.104474e-02
INFO mlfcs.fitting.fitter: Solving the force-only least-squares problem with streamed Gram
INFO mlfcs.fitting.fitter: - Equations: 19200, unknowns: 10
INFO mlfcs.fitting.fitter: - Maximum joint constraint residual: 8.326673e-17
INFO mlfcs.fitting.fitter: Force fitting summary
INFO mlfcs.fitting.fitter: - Training relative error: 47.727274 %
INFO mlfcs.fitting.fitter: - Validation relative error: 47.727274 %
INFO mlfcs.fitting.fitter: - Training force RMSE: 1.8602929307e-01 eV/Å
INFO mlfcs.fitting.fitter: - Validation force RMSE: 1.8602929307e-01 eV/Å
INFO mlfcs.fitting.fitter: - FC2 force contribution RMS: 3.4251738996e-01 eV/Å
INFO mlfcs.fitting.fitter: - JAX execution guard: 1 prepared program, 4 signatures, 4 tiles, Gram passes=1, prediction passes=0
INFO mlfcs.fitting.fitter: - Solver iterations=10, stop_code=0
INFO mlfcs.fitting.fitter: Expanding fitted Taylor parameters into sparse physical IFCs
INFO mlfcs.fitting.fitter: - Expanded 216 sparse tensors in 0.01 s
INFO mlfcs.physics.sscha.solver: - Fitting relative force error: 47.727274 %
INFO mlfcs.physics.sscha.solver: Relative FC2 change: 2.286651e-02
INFO mlfcs.physics.sscha.solver: - Variational free-energy estimate: -1.6064941228e+00 +/- 2.454e-03 eV/primitive cell
INFO mlfcs.force_constants.realization: Export view cache miss; constructing new view
WARNING mlfcs.sampling.harmonic: Imaginary harmonic modes use policy 'absolute'; frequencies below 1.000e-06 THz will not raise an exception
INFO mlfcs.sampling.structures: Generated 100 harmonic perturbation structures
INFO mlfcs.sampling.structures: Harmonic sampling: qpoints=8, sampled_modes=189/189, minimum_frequency=1.10644410 THz
INFO mlfcs.physics.sscha.solver: SSCHA iteration 23/50: canonical sampling
INFO mlfcs.physics.sscha.solver: q points: 8
INFO mlfcs.physics.sscha.solver: - sampled modes: 189/189, imaginary=0, excluded=0
INFO mlfcs.physics.sscha.solver: - maximum sampled atomic displacement: 1.12787657 Å
INFO mlfcs.physics.sscha.solver: maximum displacement limit: disabled
INFO mlfcs.fitting.fitter: Training-data diagnostics (inputs are not recentered)
INFO mlfcs.fitting.fitter: - Maximum reference force: 0.0000000000e+00 eV/Å
INFO mlfcs.fitting.fitter: - Maximum snapshot net force: 4.1236416751e-15 eV/Å
INFO mlfcs.fitting.fitter: - Maximum center-of-mass displacement: 2.2369233036e-03 Å
INFO mlfcs.fitting.fitter: Constraint system: 2 rows after duplicate removal (72 ASR before compression)
INFO mlfcs.fitting.linear_solvers: Explicit constraint parameterization: 12 -> 10 parameters in 4 blocks, rank=2, nnz=20
INFO mlfcs.fitting.design_operator: - Prepared JAX feature program: 4 signatures, 4 tiles, 0.1 MiB static buffers
INFO mlfcs.fitting.gram_system: Accumulating streamed Gram system: 10 x 10 (0.0 MiB), effective_batch_size=1, backend=SciPy/OpenBLAS CPU
INFO mlfcs.fitting.gram_system: - Physical design kernel groups: 4, 4 bounded tiles
INFO mlfcs.fitting.gram_system: - Compiled FC2 physical design kernel in 0.00 s
INFO mlfcs.fitting.gram_system: - Compiled FC2 physical design kernel in 0.00 s
INFO mlfcs.fitting.gram_system: - Compiled FC2 physical design kernel in 0.00 s
INFO mlfcs.fitting.gram_system: - Compiled FC2 physical design kernel in 0.00 s
INFO mlfcs.fitting.gram_system: - Gram structures: 1/100, elapsed=0.00 s
INFO mlfcs.fitting.gram_system: - Gram structures: 20/100, elapsed=0.03 s
INFO mlfcs.fitting.gram_system: - Gram structures: 40/100, elapsed=0.06 s
INFO mlfcs.fitting.gram_system: - Gram structures: 60/100, elapsed=0.09 s
INFO mlfcs.fitting.gram_system: - Gram structures: 80/100, elapsed=0.11 s
INFO mlfcs.fitting.gram_system: - Gram structures: 100/100, elapsed=0.13 s
INFO mlfcs.fitting.gram_system: - Streamed Gram system ready in 0.13 s
INFO mlfcs.fitting.gram_system: - Gram phase timing: kernel=0.08 s, transfer=0.00 s, scatter=0.01 s, constraint reduction=0.01 s, BLAS=0.00 s
INFO mlfcs.fitting.fitter: Column-norm preconditioning in constrained coordinates
INFO mlfcs.fitting.fitter: - Inverse column scale: 7.963560e-03 to 5.147651e-02
INFO mlfcs.fitting.fitter: Solving the force-only least-squares problem with streamed Gram
INFO mlfcs.fitting.fitter: - Equations: 19200, unknowns: 10
INFO mlfcs.fitting.fitter: - Maximum joint constraint residual: 5.551115e-17
INFO mlfcs.fitting.fitter: Force fitting summary
INFO mlfcs.fitting.fitter: - Training relative error: 47.713109 %
INFO mlfcs.fitting.fitter: - Validation relative error: 47.713109 %
INFO mlfcs.fitting.fitter: - Training force RMSE: 1.8205839804e-01 eV/Å
INFO mlfcs.fitting.fitter: - Validation force RMSE: 1.8205839804e-01 eV/Å
INFO mlfcs.fitting.fitter: - FC2 force contribution RMS: 3.3533503448e-01 eV/Å
INFO mlfcs.fitting.fitter: - JAX execution guard: 1 prepared program, 4 signatures, 4 tiles, Gram passes=1, prediction passes=0
INFO mlfcs.fitting.fitter: - Solver iterations=10, stop_code=0
INFO mlfcs.fitting.fitter: Expanding fitted Taylor parameters into sparse physical IFCs
INFO mlfcs.fitting.fitter: - Expanded 216 sparse tensors in 0.01 s
INFO mlfcs.physics.sscha.solver: - Fitting relative force error: 47.713109 %
INFO mlfcs.physics.sscha.solver: Relative FC2 change: 1.915749e-02
INFO mlfcs.physics.sscha.solver: - Variational free-energy estimate: -1.6115520678e+00 +/- 2.462e-03 eV/primitive cell
INFO mlfcs.force_constants.realization: Export view cache miss; constructing new view
WARNING mlfcs.sampling.harmonic: Imaginary harmonic modes use policy 'absolute'; frequencies below 1.000e-06 THz will not raise an exception
INFO mlfcs.sampling.structures: Generated 100 harmonic perturbation structures
INFO mlfcs.sampling.structures: Harmonic sampling: qpoints=8, sampled_modes=189/189, minimum_frequency=1.11143121 THz
INFO mlfcs.physics.sscha.solver: SSCHA iteration 24/50: canonical sampling
INFO mlfcs.physics.sscha.solver: q points: 8
INFO mlfcs.physics.sscha.solver: - sampled modes: 189/189, imaginary=0, excluded=0
INFO mlfcs.physics.sscha.solver: - maximum sampled atomic displacement: 0.97939884 Å
INFO mlfcs.physics.sscha.solver: maximum displacement limit: disabled
INFO mlfcs.fitting.fitter: Training-data diagnostics (inputs are not recentered)
INFO mlfcs.fitting.fitter: - Maximum reference force: 0.0000000000e+00 eV/Å
INFO mlfcs.fitting.fitter: - Maximum snapshot net force: 4.7236083860e-15 eV/Å
INFO mlfcs.fitting.fitter: - Maximum center-of-mass displacement: 2.3312155732e-03 Å
INFO mlfcs.fitting.fitter: Constraint system: 2 rows after duplicate removal (72 ASR before compression)
INFO mlfcs.fitting.linear_solvers: Explicit constraint parameterization: 12 -> 10 parameters in 4 blocks, rank=2, nnz=20
INFO mlfcs.fitting.design_operator: - Prepared JAX feature program: 4 signatures, 4 tiles, 0.1 MiB static buffers
INFO mlfcs.fitting.gram_system: Accumulating streamed Gram system: 10 x 10 (0.0 MiB), effective_batch_size=1, backend=SciPy/OpenBLAS CPU
INFO mlfcs.fitting.gram_system: - Physical design kernel groups: 4, 4 bounded tiles
INFO mlfcs.fitting.gram_system: - Compiled FC2 physical design kernel in 0.00 s
INFO mlfcs.fitting.gram_system: - Compiled FC2 physical design kernel in 0.00 s
INFO mlfcs.fitting.gram_system: - Compiled FC2 physical design kernel in 0.00 s
INFO mlfcs.fitting.gram_system: - Compiled FC2 physical design kernel in 0.00 s
INFO mlfcs.fitting.gram_system: - Gram structures: 1/100, elapsed=0.00 s
INFO mlfcs.fitting.gram_system: - Gram structures: 20/100, elapsed=0.03 s
INFO mlfcs.fitting.gram_system: - Gram structures: 40/100, elapsed=0.05 s
INFO mlfcs.fitting.gram_system: - Gram structures: 60/100, elapsed=0.08 s
INFO mlfcs.fitting.gram_system: - Gram structures: 80/100, elapsed=0.09 s
INFO mlfcs.fitting.gram_system: - Gram structures: 100/100, elapsed=0.11 s
INFO mlfcs.fitting.gram_system: - Streamed Gram system ready in 0.11 s
INFO mlfcs.fitting.gram_system: - Gram phase timing: kernel=0.07 s, transfer=0.00 s, scatter=0.01 s, constraint reduction=0.01 s, BLAS=0.00 s
INFO mlfcs.fitting.fitter: Column-norm preconditioning in constrained coordinates
INFO mlfcs.fitting.fitter: - Inverse column scale: 7.879102e-03 to 5.101747e-02
INFO mlfcs.fitting.fitter: Solving the force-only least-squares problem with streamed Gram
INFO mlfcs.fitting.fitter: - Equations: 19200, unknowns: 10
INFO mlfcs.fitting.fitter: - Maximum joint constraint residual: 8.326673e-17
INFO mlfcs.fitting.fitter: Force fitting summary
INFO mlfcs.fitting.fitter: - Training relative error: 46.141069 %
INFO mlfcs.fitting.fitter: - Validation relative error: 46.141069 %
INFO mlfcs.fitting.fitter: - Training force RMSE: 1.7587088540e-01 eV/Å
INFO mlfcs.fitting.fitter: - Validation force RMSE: 1.7587088540e-01 eV/Å
INFO mlfcs.fitting.fitter: - FC2 force contribution RMS: 3.3815927314e-01 eV/Å
INFO mlfcs.fitting.fitter: - JAX execution guard: 1 prepared program, 4 signatures, 4 tiles, Gram passes=1, prediction passes=0
INFO mlfcs.fitting.fitter: - Solver iterations=10, stop_code=0
INFO mlfcs.fitting.fitter: Expanding fitted Taylor parameters into sparse physical IFCs
INFO mlfcs.fitting.fitter: - Expanded 216 sparse tensors in 0.00 s
INFO mlfcs.physics.sscha.solver: - Fitting relative force error: 46.141069 %
INFO mlfcs.physics.sscha.solver: Relative FC2 change: 1.326671e-02
INFO mlfcs.physics.sscha.solver: - Variational free-energy estimate: -1.6159464025e+00 +/- 2.388e-03 eV/primitive cell
INFO mlfcs.force_constants.realization: Export view cache miss; constructing new view
WARNING mlfcs.sampling.harmonic: Imaginary harmonic modes use policy 'absolute'; frequencies below 1.000e-06 THz will not raise an exception
INFO mlfcs.sampling.structures: Generated 100 harmonic perturbation structures
INFO mlfcs.sampling.structures: Harmonic sampling: qpoints=8, sampled_modes=189/189, minimum_frequency=1.10246583 THz
INFO mlfcs.physics.sscha.solver: SSCHA iteration 25/50: canonical sampling
INFO mlfcs.physics.sscha.solver: q points: 8
INFO mlfcs.physics.sscha.solver: - sampled modes: 189/189, imaginary=0, excluded=0
INFO mlfcs.physics.sscha.solver: - maximum sampled atomic displacement: 1.02095563 Å
INFO mlfcs.physics.sscha.solver: maximum displacement limit: disabled
INFO mlfcs.fitting.fitter: Training-data diagnostics (inputs are not recentered)
INFO mlfcs.fitting.fitter: - Maximum reference force: 0.0000000000e+00 eV/Å
INFO mlfcs.fitting.fitter: - Maximum snapshot net force: 5.2195624189e-15 eV/Å
INFO mlfcs.fitting.fitter: - Maximum center-of-mass displacement: 2.5344691179e-03 Å
INFO mlfcs.fitting.fitter: Constraint system: 2 rows after duplicate removal (72 ASR before compression)
INFO mlfcs.fitting.linear_solvers: Explicit constraint parameterization: 12 -> 10 parameters in 4 blocks, rank=2, nnz=20
INFO mlfcs.fitting.design_operator: - Prepared JAX feature program: 4 signatures, 4 tiles, 0.1 MiB static buffers
INFO mlfcs.fitting.gram_system: Accumulating streamed Gram system: 10 x 10 (0.0 MiB), effective_batch_size=1, backend=SciPy/OpenBLAS CPU
INFO mlfcs.fitting.gram_system: - Physical design kernel groups: 4, 4 bounded tiles
INFO mlfcs.fitting.gram_system: - Compiled FC2 physical design kernel in 0.00 s
INFO mlfcs.fitting.gram_system: - Compiled FC2 physical design kernel in 0.00 s
INFO mlfcs.fitting.gram_system: - Compiled FC2 physical design kernel in 0.00 s
INFO mlfcs.fitting.gram_system: - Compiled FC2 physical design kernel in 0.00 s
INFO mlfcs.fitting.gram_system: - Gram structures: 1/100, elapsed=0.00 s
INFO mlfcs.fitting.gram_system: - Gram structures: 20/100, elapsed=0.03 s
INFO mlfcs.fitting.gram_system: - Gram structures: 40/100, elapsed=0.06 s
INFO mlfcs.fitting.gram_system: - Gram structures: 60/100, elapsed=0.08 s
INFO mlfcs.fitting.gram_system: - Gram structures: 80/100, elapsed=0.09 s
INFO mlfcs.fitting.gram_system: - Gram structures: 100/100, elapsed=0.10 s
INFO mlfcs.fitting.gram_system: - Streamed Gram system ready in 0.10 s
INFO mlfcs.fitting.gram_system: - Gram phase timing: kernel=0.07 s, transfer=0.00 s, scatter=0.01 s, constraint reduction=0.01 s, BLAS=0.00 s
INFO mlfcs.fitting.fitter: Column-norm preconditioning in constrained coordinates
INFO mlfcs.fitting.fitter: - Inverse column scale: 7.788349e-03 to 5.059743e-02
INFO mlfcs.fitting.fitter: Solving the force-only least-squares problem with streamed Gram
INFO mlfcs.fitting.fitter: - Equations: 19200, unknowns: 10
INFO mlfcs.fitting.fitter: - Maximum joint constraint residual: 2.775558e-17
INFO mlfcs.fitting.fitter: Force fitting summary
INFO mlfcs.fitting.fitter: - Training relative error: 47.903385 %
INFO mlfcs.fitting.fitter: - Validation relative error: 47.903385 %
INFO mlfcs.fitting.fitter: - Training force RMSE: 1.8820604212e-01 eV/Å
INFO mlfcs.fitting.fitter: - Validation force RMSE: 1.8820604212e-01 eV/Å
INFO mlfcs.fitting.fitter: - FC2 force contribution RMS: 3.4487456360e-01 eV/Å
INFO mlfcs.fitting.fitter: - JAX execution guard: 1 prepared program, 4 signatures, 4 tiles, Gram passes=1, prediction passes=0
INFO mlfcs.fitting.fitter: - Solver iterations=10, stop_code=0
INFO mlfcs.fitting.fitter: Expanding fitted Taylor parameters into sparse physical IFCs
INFO mlfcs.fitting.fitter: - Expanded 216 sparse tensors in 0.01 s
INFO mlfcs.physics.sscha.solver: - Fitting relative force error: 47.903385 %
INFO mlfcs.physics.sscha.solver: Relative FC2 change: 2.771657e-02
INFO mlfcs.physics.sscha.solver: - Variational free-energy estimate: -1.6087637609e+00 +/- 2.557e-03 eV/primitive cell
INFO mlfcs.force_constants.realization: Export view cache miss; constructing new view
WARNING mlfcs.sampling.harmonic: Imaginary harmonic modes use policy 'absolute'; frequencies below 1.000e-06 THz will not raise an exception
INFO mlfcs.sampling.structures: Generated 100 harmonic perturbation structures
INFO mlfcs.sampling.structures: Harmonic sampling: qpoints=8, sampled_modes=189/189, minimum_frequency=1.11332058 THz
INFO mlfcs.physics.sscha.solver: SSCHA iteration 26/50: canonical sampling
INFO mlfcs.physics.sscha.solver: q points: 8
INFO mlfcs.physics.sscha.solver: - sampled modes: 189/189, imaginary=0, excluded=0
INFO mlfcs.physics.sscha.solver: - maximum sampled atomic displacement: 1.01103469 Å
INFO mlfcs.physics.sscha.solver: maximum displacement limit: disabled
INFO mlfcs.fitting.fitter: Training-data diagnostics (inputs are not recentered)
INFO mlfcs.fitting.fitter: - Maximum reference force: 0.0000000000e+00 eV/Å
INFO mlfcs.fitting.fitter: - Maximum snapshot net force: 5.0246791765e-15 eV/Å
INFO mlfcs.fitting.fitter: - Maximum center-of-mass displacement: 2.2716164445e-03 Å
INFO mlfcs.fitting.fitter: Constraint system: 2 rows after duplicate removal (72 ASR before compression)
INFO mlfcs.fitting.linear_solvers: Explicit constraint parameterization: 12 -> 10 parameters in 4 blocks, rank=2, nnz=20
INFO mlfcs.fitting.design_operator: - Prepared JAX feature program: 4 signatures, 4 tiles, 0.1 MiB static buffers
INFO mlfcs.fitting.gram_system: Accumulating streamed Gram system: 10 x 10 (0.0 MiB), effective_batch_size=1, backend=SciPy/OpenBLAS CPU
INFO mlfcs.fitting.gram_system: - Physical design kernel groups: 4, 4 bounded tiles
INFO mlfcs.fitting.gram_system: - Compiled FC2 physical design kernel in 0.00 s
INFO mlfcs.fitting.gram_system: - Compiled FC2 physical design kernel in 0.00 s
INFO mlfcs.fitting.gram_system: - Compiled FC2 physical design kernel in 0.00 s
INFO mlfcs.fitting.gram_system: - Compiled FC2 physical design kernel in 0.00 s
INFO mlfcs.fitting.gram_system: - Gram structures: 1/100, elapsed=0.00 s
INFO mlfcs.fitting.gram_system: - Gram structures: 20/100, elapsed=0.03 s
INFO mlfcs.fitting.gram_system: - Gram structures: 40/100, elapsed=0.07 s
INFO mlfcs.fitting.gram_system: - Gram structures: 60/100, elapsed=0.08 s
INFO mlfcs.fitting.gram_system: - Gram structures: 80/100, elapsed=0.10 s
INFO mlfcs.fitting.gram_system: - Gram structures: 100/100, elapsed=0.12 s
INFO mlfcs.fitting.gram_system: - Streamed Gram system ready in 0.12 s
INFO mlfcs.fitting.gram_system: - Gram phase timing: kernel=0.08 s, transfer=0.00 s, scatter=0.01 s, constraint reduction=0.01 s, BLAS=0.00 s
INFO mlfcs.fitting.fitter: Column-norm preconditioning in constrained coordinates
INFO mlfcs.fitting.fitter: - Inverse column scale: 7.758509e-03 to 5.054796e-02
INFO mlfcs.fitting.fitter: Solving the force-only least-squares problem with streamed Gram
INFO mlfcs.fitting.fitter: - Equations: 19200, unknowns: 10
INFO mlfcs.fitting.fitter: - Maximum joint constraint residual: 2.537033e-17
INFO mlfcs.fitting.fitter: Force fitting summary
INFO mlfcs.fitting.fitter: - Training relative error: 46.672238 %
INFO mlfcs.fitting.fitter: - Validation relative error: 46.672238 %
INFO mlfcs.fitting.fitter: - Training force RMSE: 1.7614379282e-01 eV/Å
INFO mlfcs.fitting.fitter: - Validation force RMSE: 1.7614379282e-01 eV/Å
INFO mlfcs.fitting.fitter: - FC2 force contribution RMS: 3.3377926201e-01 eV/Å
INFO mlfcs.fitting.fitter: - JAX execution guard: 1 prepared program, 4 signatures, 4 tiles, Gram passes=1, prediction passes=0
INFO mlfcs.fitting.fitter: - Solver iterations=10, stop_code=0
INFO mlfcs.fitting.fitter: Expanding fitted Taylor parameters into sparse physical IFCs
INFO mlfcs.fitting.fitter: - Expanded 216 sparse tensors in 0.01 s
INFO mlfcs.physics.sscha.solver: - Fitting relative force error: 46.672238 %
INFO mlfcs.physics.sscha.solver: Relative FC2 change: 2.334671e-02
INFO mlfcs.physics.sscha.solver: - Variational free-energy estimate: -1.6127848645e+00 +/- 2.487e-03 eV/primitive cell
INFO mlfcs.force_constants.realization: Export view cache miss; constructing new view
WARNING mlfcs.sampling.harmonic: Imaginary harmonic modes use policy 'absolute'; frequencies below 1.000e-06 THz will not raise an exception
INFO mlfcs.sampling.structures: Generated 100 harmonic perturbation structures
INFO mlfcs.sampling.structures: Harmonic sampling: qpoints=8, sampled_modes=189/189, minimum_frequency=1.10933377 THz
INFO mlfcs.physics.sscha.solver: SSCHA iteration 27/50: canonical sampling
INFO mlfcs.physics.sscha.solver: q points: 8
INFO mlfcs.physics.sscha.solver: - sampled modes: 189/189, imaginary=0, excluded=0
INFO mlfcs.physics.sscha.solver: - maximum sampled atomic displacement: 1.08554550 Å
INFO mlfcs.physics.sscha.solver: maximum displacement limit: disabled
INFO mlfcs.fitting.fitter: Training-data diagnostics (inputs are not recentered)
INFO mlfcs.fitting.fitter: - Maximum reference force: 0.0000000000e+00 eV/Å
INFO mlfcs.fitting.fitter: - Maximum snapshot net force: 4.0502461021e-15 eV/Å
INFO mlfcs.fitting.fitter: - Maximum center-of-mass displacement: 2.2778013740e-03 Å
INFO mlfcs.fitting.fitter: Constraint system: 2 rows after duplicate removal (72 ASR before compression)
INFO mlfcs.fitting.linear_solvers: Explicit constraint parameterization: 12 -> 10 parameters in 4 blocks, rank=2, nnz=20
INFO mlfcs.fitting.design_operator: - Prepared JAX feature program: 4 signatures, 4 tiles, 0.1 MiB static buffers
INFO mlfcs.fitting.gram_system: Accumulating streamed Gram system: 10 x 10 (0.0 MiB), effective_batch_size=1, backend=SciPy/OpenBLAS CPU
INFO mlfcs.fitting.gram_system: - Physical design kernel groups: 4, 4 bounded tiles
INFO mlfcs.fitting.gram_system: - Compiled FC2 physical design kernel in 0.00 s
INFO mlfcs.fitting.gram_system: - Compiled FC2 physical design kernel in 0.00 s
INFO mlfcs.fitting.gram_system: - Compiled FC2 physical design kernel in 0.00 s
INFO mlfcs.fitting.gram_system: - Compiled FC2 physical design kernel in 0.00 s
INFO mlfcs.fitting.gram_system: - Gram structures: 1/100, elapsed=0.00 s
INFO mlfcs.fitting.gram_system: - Gram structures: 20/100, elapsed=0.04 s
INFO mlfcs.fitting.gram_system: - Gram structures: 40/100, elapsed=0.07 s
INFO mlfcs.fitting.gram_system: - Gram structures: 60/100, elapsed=0.09 s
INFO mlfcs.fitting.gram_system: - Gram structures: 80/100, elapsed=0.10 s
INFO mlfcs.fitting.gram_system: - Gram structures: 100/100, elapsed=0.11 s
INFO mlfcs.fitting.gram_system: - Streamed Gram system ready in 0.12 s
INFO mlfcs.fitting.gram_system: - Gram phase timing: kernel=0.08 s, transfer=0.00 s, scatter=0.01 s, constraint reduction=0.01 s, BLAS=0.00 s
INFO mlfcs.fitting.fitter: Column-norm preconditioning in constrained coordinates
INFO mlfcs.fitting.fitter: - Inverse column scale: 7.901643e-03 to 5.066939e-02
INFO mlfcs.fitting.fitter: Solving the force-only least-squares problem with streamed Gram
INFO mlfcs.fitting.fitter: - Equations: 19200, unknowns: 10
INFO mlfcs.fitting.fitter: - Maximum joint constraint residual: 2.775558e-17
INFO mlfcs.fitting.fitter: Force fitting summary
INFO mlfcs.fitting.fitter: - Training relative error: 46.459731 %
INFO mlfcs.fitting.fitter: - Validation relative error: 46.459731 %
INFO mlfcs.fitting.fitter: - Training force RMSE: 1.7695346846e-01 eV/Å
INFO mlfcs.fitting.fitter: - Validation force RMSE: 1.7695346846e-01 eV/Å
INFO mlfcs.fitting.fitter: - FC2 force contribution RMS: 3.3727316003e-01 eV/Å
INFO mlfcs.fitting.fitter: - JAX execution guard: 1 prepared program, 4 signatures, 4 tiles, Gram passes=1, prediction passes=0
INFO mlfcs.fitting.fitter: - Solver iterations=10, stop_code=0
INFO mlfcs.fitting.fitter: Expanding fitted Taylor parameters into sparse physical IFCs
INFO mlfcs.fitting.fitter: - Expanded 216 sparse tensors in 0.00 s
INFO mlfcs.physics.sscha.solver: - Fitting relative force error: 46.459731 %
INFO mlfcs.physics.sscha.solver: Relative FC2 change: 1.361398e-02
INFO mlfcs.physics.sscha.solver: - Variational free-energy estimate: -1.6101828839e+00 +/- 2.083e-03 eV/primitive cell
INFO mlfcs.force_constants.realization: Export view cache miss; constructing new view
WARNING mlfcs.sampling.harmonic: Imaginary harmonic modes use policy 'absolute'; frequencies below 1.000e-06 THz will not raise an exception
INFO mlfcs.sampling.structures: Generated 100 harmonic perturbation structures
INFO mlfcs.sampling.structures: Harmonic sampling: qpoints=8, sampled_modes=189/189, minimum_frequency=1.09447085 THz
INFO mlfcs.physics.sscha.solver: SSCHA iteration 28/50: canonical sampling
INFO mlfcs.physics.sscha.solver: q points: 8
INFO mlfcs.physics.sscha.solver: - sampled modes: 189/189, imaginary=0, excluded=0
INFO mlfcs.physics.sscha.solver: - maximum sampled atomic displacement: 1.28181247 Å
INFO mlfcs.physics.sscha.solver: maximum displacement limit: disabled
INFO mlfcs.fitting.fitter: Training-data diagnostics (inputs are not recentered)
INFO mlfcs.fitting.fitter: - Maximum reference force: 0.0000000000e+00 eV/Å
INFO mlfcs.fitting.fitter: - Maximum snapshot net force: 4.8465081865e-15 eV/Å
INFO mlfcs.fitting.fitter: - Maximum center-of-mass displacement: 2.9050389572e-03 Å
INFO mlfcs.fitting.fitter: Constraint system: 2 rows after duplicate removal (72 ASR before compression)
INFO mlfcs.fitting.linear_solvers: Explicit constraint parameterization: 12 -> 10 parameters in 4 blocks, rank=2, nnz=20
INFO mlfcs.fitting.design_operator: - Prepared JAX feature program: 4 signatures, 4 tiles, 0.1 MiB static buffers
INFO mlfcs.fitting.gram_system: Accumulating streamed Gram system: 10 x 10 (0.0 MiB), effective_batch_size=1, backend=SciPy/OpenBLAS CPU
INFO mlfcs.fitting.gram_system: - Physical design kernel groups: 4, 4 bounded tiles
INFO mlfcs.fitting.gram_system: - Compiled FC2 physical design kernel in 0.00 s
INFO mlfcs.fitting.gram_system: - Compiled FC2 physical design kernel in 0.00 s
INFO mlfcs.fitting.gram_system: - Compiled FC2 physical design kernel in 0.00 s
INFO mlfcs.fitting.gram_system: - Compiled FC2 physical design kernel in 0.00 s
INFO mlfcs.fitting.gram_system: - Gram structures: 1/100, elapsed=0.00 s
INFO mlfcs.fitting.gram_system: - Gram structures: 20/100, elapsed=0.03 s
INFO mlfcs.fitting.gram_system: - Gram structures: 40/100, elapsed=0.05 s
INFO mlfcs.fitting.gram_system: - Gram structures: 60/100, elapsed=0.08 s
INFO mlfcs.fitting.gram_system: - Gram structures: 80/100, elapsed=0.09 s
INFO mlfcs.fitting.gram_system: - Gram structures: 100/100, elapsed=0.11 s
INFO mlfcs.fitting.gram_system: - Streamed Gram system ready in 0.11 s
INFO mlfcs.fitting.gram_system: - Gram phase timing: kernel=0.07 s, transfer=0.00 s, scatter=0.01 s, constraint reduction=0.01 s, BLAS=0.00 s
INFO mlfcs.fitting.fitter: Column-norm preconditioning in constrained coordinates
INFO mlfcs.fitting.fitter: - Inverse column scale: 7.759272e-03 to 5.013392e-02
INFO mlfcs.fitting.fitter: Solving the force-only least-squares problem with streamed Gram
INFO mlfcs.fitting.fitter: - Equations: 19200, unknowns: 10
INFO mlfcs.fitting.fitter: - Maximum joint constraint residual: 8.326673e-17
INFO mlfcs.fitting.fitter: Force fitting summary
INFO mlfcs.fitting.fitter: - Training relative error: 48.499598 %
INFO mlfcs.fitting.fitter: - Validation relative error: 48.499598 %
INFO mlfcs.fitting.fitter: - Training force RMSE: 1.9376116736e-01 eV/Å
INFO mlfcs.fitting.fitter: - Validation force RMSE: 1.9376116736e-01 eV/Å
INFO mlfcs.fitting.fitter: - FC2 force contribution RMS: 3.4937880469e-01 eV/Å
INFO mlfcs.fitting.fitter: - JAX execution guard: 1 prepared program, 4 signatures, 4 tiles, Gram passes=1, prediction passes=0
INFO mlfcs.fitting.fitter: - Solver iterations=10, stop_code=0
INFO mlfcs.fitting.fitter: Expanding fitted Taylor parameters into sparse physical IFCs
INFO mlfcs.fitting.fitter: - Expanded 216 sparse tensors in 0.00 s
INFO mlfcs.physics.sscha.solver: - Fitting relative force error: 48.499598 %
INFO mlfcs.physics.sscha.solver: Relative FC2 change: 2.361164e-02
INFO mlfcs.physics.sscha.solver: - Variational free-energy estimate: -1.6087149996e+00 +/- 2.811e-03 eV/primitive cell
INFO mlfcs.force_constants.realization: Export view cache miss; constructing new view
WARNING mlfcs.sampling.harmonic: Imaginary harmonic modes use policy 'absolute'; frequencies below 1.000e-06 THz will not raise an exception
INFO mlfcs.sampling.structures: Generated 100 harmonic perturbation structures
INFO mlfcs.sampling.structures: Harmonic sampling: qpoints=8, sampled_modes=189/189, minimum_frequency=1.10767561 THz
INFO mlfcs.physics.sscha.solver: SSCHA iteration 29/50: canonical sampling
INFO mlfcs.physics.sscha.solver: q points: 8
INFO mlfcs.physics.sscha.solver: - sampled modes: 189/189, imaginary=0, excluded=0
INFO mlfcs.physics.sscha.solver: - maximum sampled atomic displacement: 1.00968165 Å
INFO mlfcs.physics.sscha.solver: maximum displacement limit: disabled
INFO mlfcs.fitting.fitter: Training-data diagnostics (inputs are not recentered)
INFO mlfcs.fitting.fitter: - Maximum reference force: 0.0000000000e+00 eV/Å
INFO mlfcs.fitting.fitter: - Maximum snapshot net force: 6.0199893614e-15 eV/Å
INFO mlfcs.fitting.fitter: - Maximum center-of-mass displacement: 2.6264002209e-03 Å
INFO mlfcs.fitting.fitter: Constraint system: 2 rows after duplicate removal (72 ASR before compression)
INFO mlfcs.fitting.linear_solvers: Explicit constraint parameterization: 12 -> 10 parameters in 4 blocks, rank=2, nnz=20
INFO mlfcs.fitting.design_operator: - Prepared JAX feature program: 4 signatures, 4 tiles, 0.1 MiB static buffers
INFO mlfcs.fitting.gram_system: Accumulating streamed Gram system: 10 x 10 (0.0 MiB), effective_batch_size=1, backend=SciPy/OpenBLAS CPU
INFO mlfcs.fitting.gram_system: - Physical design kernel groups: 4, 4 bounded tiles
INFO mlfcs.fitting.gram_system: - Compiled FC2 physical design kernel in 0.00 s
INFO mlfcs.fitting.gram_system: - Compiled FC2 physical design kernel in 0.00 s
INFO mlfcs.fitting.gram_system: - Compiled FC2 physical design kernel in 0.00 s
INFO mlfcs.fitting.gram_system: - Compiled FC2 physical design kernel in 0.00 s
INFO mlfcs.fitting.gram_system: - Gram structures: 1/100, elapsed=0.00 s
INFO mlfcs.fitting.gram_system: - Gram structures: 20/100, elapsed=0.03 s
INFO mlfcs.fitting.gram_system: - Gram structures: 40/100, elapsed=0.05 s
INFO mlfcs.fitting.gram_system: - Gram structures: 60/100, elapsed=0.08 s
INFO mlfcs.fitting.gram_system: - Gram structures: 80/100, elapsed=0.09 s
INFO mlfcs.fitting.gram_system: - Gram structures: 100/100, elapsed=0.10 s
INFO mlfcs.fitting.gram_system: - Streamed Gram system ready in 0.10 s
INFO mlfcs.fitting.gram_system: - Gram phase timing: kernel=0.07 s, transfer=0.00 s, scatter=0.01 s, constraint reduction=0.01 s, BLAS=0.00 s
INFO mlfcs.fitting.fitter: Column-norm preconditioning in constrained coordinates
INFO mlfcs.fitting.fitter: - Inverse column scale: 7.996505e-03 to 5.161610e-02
INFO mlfcs.fitting.fitter: Solving the force-only least-squares problem with streamed Gram
INFO mlfcs.fitting.fitter: - Equations: 19200, unknowns: 10
INFO mlfcs.fitting.fitter: - Maximum joint constraint residual: 5.551115e-17
INFO mlfcs.fitting.fitter: Force fitting summary
INFO mlfcs.fitting.fitter: - Training relative error: 48.906915 %
INFO mlfcs.fitting.fitter: - Validation relative error: 48.906915 %
INFO mlfcs.fitting.fitter: - Training force RMSE: 1.9240744663e-01 eV/Å
INFO mlfcs.fitting.fitter: - Validation force RMSE: 1.9240744663e-01 eV/Å
INFO mlfcs.fitting.fitter: - FC2 force contribution RMS: 3.4315481829e-01 eV/Å
INFO mlfcs.fitting.fitter: - JAX execution guard: 1 prepared program, 4 signatures, 4 tiles, Gram passes=1, prediction passes=0
INFO mlfcs.fitting.fitter: - Solver iterations=10, stop_code=0
INFO mlfcs.fitting.fitter: Expanding fitted Taylor parameters into sparse physical IFCs
INFO mlfcs.fitting.fitter: - Expanded 216 sparse tensors in 0.01 s
INFO mlfcs.physics.sscha.solver: - Fitting relative force error: 48.906915 %
INFO mlfcs.physics.sscha.solver: Relative FC2 change: 2.049956e-02
INFO mlfcs.physics.sscha.solver: - Variational free-energy estimate: -1.6068018810e+00 +/- 2.941e-03 eV/primitive cell
INFO mlfcs.force_constants.realization: Export view cache miss; constructing new view
WARNING mlfcs.sampling.harmonic: Imaginary harmonic modes use policy 'absolute'; frequencies below 1.000e-06 THz will not raise an exception
INFO mlfcs.sampling.structures: Generated 100 harmonic perturbation structures
INFO mlfcs.sampling.structures: Harmonic sampling: qpoints=8, sampled_modes=189/189, minimum_frequency=1.10637906 THz
INFO mlfcs.physics.sscha.solver: SSCHA iteration 30/50: canonical sampling
INFO mlfcs.physics.sscha.solver: q points: 8
INFO mlfcs.physics.sscha.solver: - sampled modes: 189/189, imaginary=0, excluded=0
INFO mlfcs.physics.sscha.solver: - maximum sampled atomic displacement: 0.97824801 Å
INFO mlfcs.physics.sscha.solver: maximum displacement limit: disabled
INFO mlfcs.fitting.fitter: Training-data diagnostics (inputs are not recentered)
INFO mlfcs.fitting.fitter: - Maximum reference force: 0.0000000000e+00 eV/Å
INFO mlfcs.fitting.fitter: - Maximum snapshot net force: 4.4833846853e-15 eV/Å
INFO mlfcs.fitting.fitter: - Maximum center-of-mass displacement: 1.8636023350e-03 Å
INFO mlfcs.fitting.fitter: Constraint system: 2 rows after duplicate removal (72 ASR before compression)
INFO mlfcs.fitting.linear_solvers: Explicit constraint parameterization: 12 -> 10 parameters in 4 blocks, rank=2, nnz=20
INFO mlfcs.fitting.design_operator: - Prepared JAX feature program: 4 signatures, 4 tiles, 0.1 MiB static buffers
INFO mlfcs.fitting.gram_system: Accumulating streamed Gram system: 10 x 10 (0.0 MiB), effective_batch_size=1, backend=SciPy/OpenBLAS CPU
INFO mlfcs.fitting.gram_system: - Physical design kernel groups: 4, 4 bounded tiles
INFO mlfcs.fitting.gram_system: - Compiled FC2 physical design kernel in 0.00 s
INFO mlfcs.fitting.gram_system: - Compiled FC2 physical design kernel in 0.00 s
INFO mlfcs.fitting.gram_system: - Compiled FC2 physical design kernel in 0.00 s
INFO mlfcs.fitting.gram_system: - Compiled FC2 physical design kernel in 0.00 s
INFO mlfcs.fitting.gram_system: - Gram structures: 1/100, elapsed=0.00 s
INFO mlfcs.fitting.gram_system: - Gram structures: 20/100, elapsed=0.03 s
INFO mlfcs.fitting.gram_system: - Gram structures: 40/100, elapsed=0.05 s
INFO mlfcs.fitting.gram_system: - Gram structures: 60/100, elapsed=0.08 s
INFO mlfcs.fitting.gram_system: - Gram structures: 80/100, elapsed=0.09 s
INFO mlfcs.fitting.gram_system: - Gram structures: 100/100, elapsed=0.11 s
INFO mlfcs.fitting.gram_system: - Streamed Gram system ready in 0.11 s
INFO mlfcs.fitting.gram_system: - Gram phase timing: kernel=0.07 s, transfer=0.00 s, scatter=0.01 s, constraint reduction=0.01 s, BLAS=0.00 s
INFO mlfcs.fitting.fitter: Column-norm preconditioning in constrained coordinates
INFO mlfcs.fitting.fitter: - Inverse column scale: 8.132957e-03 to 5.187275e-02
INFO mlfcs.fitting.fitter: Solving the force-only least-squares problem with streamed Gram
INFO mlfcs.fitting.fitter: - Equations: 19200, unknowns: 10
INFO mlfcs.fitting.fitter: - Maximum joint constraint residual: 8.673617e-19
INFO mlfcs.fitting.fitter: Force fitting summary
INFO mlfcs.fitting.fitter: - Training relative error: 46.643029 %
INFO mlfcs.fitting.fitter: - Validation relative error: 46.643029 %
INFO mlfcs.fitting.fitter: - Training force RMSE: 1.7859649045e-01 eV/Å
INFO mlfcs.fitting.fitter: - Validation force RMSE: 1.7859649045e-01 eV/Å
INFO mlfcs.fitting.fitter: - FC2 force contribution RMS: 3.3869787546e-01 eV/Å
INFO mlfcs.fitting.fitter: - JAX execution guard: 1 prepared program, 4 signatures, 4 tiles, Gram passes=1, prediction passes=0
INFO mlfcs.fitting.fitter: - Solver iterations=10, stop_code=0
INFO mlfcs.fitting.fitter: Expanding fitted Taylor parameters into sparse physical IFCs
INFO mlfcs.fitting.fitter: - Expanded 216 sparse tensors in 0.01 s
INFO mlfcs.physics.sscha.solver: - Fitting relative force error: 46.643029 %
INFO mlfcs.physics.sscha.solver: Relative FC2 change: 1.269698e-02
INFO mlfcs.physics.sscha.solver: - Variational free-energy estimate: -1.6081045755e+00 +/- 2.235e-03 eV/primitive cell
INFO mlfcs.force_constants.realization: Export view cache miss; constructing new view
WARNING mlfcs.sampling.harmonic: Imaginary harmonic modes use policy 'absolute'; frequencies below 1.000e-06 THz will not raise an exception
INFO mlfcs.sampling.structures: Generated 100 harmonic perturbation structures
INFO mlfcs.sampling.structures: Harmonic sampling: qpoints=8, sampled_modes=189/189, minimum_frequency=1.11939512 THz
INFO mlfcs.physics.sscha.solver: SSCHA iteration 31/50: canonical sampling
INFO mlfcs.physics.sscha.solver: q points: 8
INFO mlfcs.physics.sscha.solver: - sampled modes: 189/189, imaginary=0, excluded=0
INFO mlfcs.physics.sscha.solver: - maximum sampled atomic displacement: 1.04726897 Å
INFO mlfcs.physics.sscha.solver: maximum displacement limit: disabled
INFO mlfcs.fitting.fitter: Training-data diagnostics (inputs are not recentered)
INFO mlfcs.fitting.fitter: - Maximum reference force: 0.0000000000e+00 eV/Å
INFO mlfcs.fitting.fitter: - Maximum snapshot net force: 5.9519535448e-15 eV/Å
INFO mlfcs.fitting.fitter: - Maximum center-of-mass displacement: 2.2681281079e-03 Å
INFO mlfcs.fitting.fitter: Constraint system: 2 rows after duplicate removal (72 ASR before compression)
INFO mlfcs.fitting.linear_solvers: Explicit constraint parameterization: 12 -> 10 parameters in 4 blocks, rank=2, nnz=20
INFO mlfcs.fitting.design_operator: - Prepared JAX feature program: 4 signatures, 4 tiles, 0.1 MiB static buffers
INFO mlfcs.fitting.gram_system: Accumulating streamed Gram system: 10 x 10 (0.0 MiB), effective_batch_size=1, backend=SciPy/OpenBLAS CPU
INFO mlfcs.fitting.gram_system: - Physical design kernel groups: 4, 4 bounded tiles
INFO mlfcs.fitting.gram_system: - Compiled FC2 physical design kernel in 0.00 s
INFO mlfcs.fitting.gram_system: - Compiled FC2 physical design kernel in 0.00 s
INFO mlfcs.fitting.gram_system: - Compiled FC2 physical design kernel in 0.00 s
INFO mlfcs.fitting.gram_system: - Compiled FC2 physical design kernel in 0.00 s
INFO mlfcs.fitting.gram_system: - Gram structures: 1/100, elapsed=0.00 s
INFO mlfcs.fitting.gram_system: - Gram structures: 20/100, elapsed=0.03 s
INFO mlfcs.fitting.gram_system: - Gram structures: 40/100, elapsed=0.06 s
INFO mlfcs.fitting.gram_system: - Gram structures: 60/100, elapsed=0.08 s
INFO mlfcs.fitting.gram_system: - Gram structures: 80/100, elapsed=0.10 s
INFO mlfcs.fitting.gram_system: - Gram structures: 100/100, elapsed=0.11 s
INFO mlfcs.fitting.gram_system: - Streamed Gram system ready in 0.11 s
INFO mlfcs.fitting.gram_system: - Gram phase timing: kernel=0.07 s, transfer=0.00 s, scatter=0.01 s, constraint reduction=0.01 s, BLAS=0.00 s
INFO mlfcs.fitting.fitter: Column-norm preconditioning in constrained coordinates
INFO mlfcs.fitting.fitter: - Inverse column scale: 7.880050e-03 to 5.117878e-02
INFO mlfcs.fitting.fitter: Solving the force-only least-squares problem with streamed Gram
INFO mlfcs.fitting.fitter: - Equations: 19200, unknowns: 10
INFO mlfcs.fitting.fitter: - Maximum joint constraint residual: 3.556183e-17
INFO mlfcs.fitting.fitter: Force fitting summary
INFO mlfcs.fitting.fitter: - Training relative error: 48.655694 %
INFO mlfcs.fitting.fitter: - Validation relative error: 48.655694 %
INFO mlfcs.fitting.fitter: - Training force RMSE: 1.9153502697e-01 eV/Å
INFO mlfcs.fitting.fitter: - Validation force RMSE: 1.9153502697e-01 eV/Å
INFO mlfcs.fitting.fitter: - FC2 force contribution RMS: 3.4391526906e-01 eV/Å
INFO mlfcs.fitting.fitter: - JAX execution guard: 1 prepared program, 4 signatures, 4 tiles, Gram passes=1, prediction passes=0
INFO mlfcs.fitting.fitter: - Solver iterations=10, stop_code=0
INFO mlfcs.fitting.fitter: Expanding fitted Taylor parameters into sparse physical IFCs
INFO mlfcs.fitting.fitter: - Expanded 216 sparse tensors in 0.00 s
INFO mlfcs.physics.sscha.solver: - Fitting relative force error: 48.655694 %
INFO mlfcs.physics.sscha.solver: Relative FC2 change: 1.318488e-02
INFO mlfcs.physics.sscha.solver: - Variational free-energy estimate: -1.6077113597e+00 +/- 2.731e-03 eV/primitive cell
INFO mlfcs.force_constants.realization: Export view cache miss; constructing new view
WARNING mlfcs.sampling.harmonic: Imaginary harmonic modes use policy 'absolute'; frequencies below 1.000e-06 THz will not raise an exception
INFO mlfcs.sampling.structures: Generated 100 harmonic perturbation structures
INFO mlfcs.sampling.structures: Harmonic sampling: qpoints=8, sampled_modes=189/189, minimum_frequency=1.10398087 THz
INFO mlfcs.physics.sscha.solver: SSCHA iteration 32/50: canonical sampling
INFO mlfcs.physics.sscha.solver: q points: 8
INFO mlfcs.physics.sscha.solver: - sampled modes: 189/189, imaginary=0, excluded=0
INFO mlfcs.physics.sscha.solver: - maximum sampled atomic displacement: 0.96268382 Å
INFO mlfcs.physics.sscha.solver: maximum displacement limit: disabled
INFO mlfcs.fitting.fitter: Training-data diagnostics (inputs are not recentered)
INFO mlfcs.fitting.fitter: - Maximum reference force: 0.0000000000e+00 eV/Å
INFO mlfcs.fitting.fitter: - Maximum snapshot net force: 3.6938906955e-15 eV/Å
INFO mlfcs.fitting.fitter: - Maximum center-of-mass displacement: 2.3843574853e-03 Å
INFO mlfcs.fitting.fitter: Constraint system: 2 rows after duplicate removal (72 ASR before compression)
INFO mlfcs.fitting.linear_solvers: Explicit constraint parameterization: 12 -> 10 parameters in 4 blocks, rank=2, nnz=20
INFO mlfcs.fitting.design_operator: - Prepared JAX feature program: 4 signatures, 4 tiles, 0.1 MiB static buffers
INFO mlfcs.fitting.gram_system: Accumulating streamed Gram system: 10 x 10 (0.0 MiB), effective_batch_size=1, backend=SciPy/OpenBLAS CPU
INFO mlfcs.fitting.gram_system: - Physical design kernel groups: 4, 4 bounded tiles
INFO mlfcs.fitting.gram_system: - Compiled FC2 physical design kernel in 0.00 s
INFO mlfcs.fitting.gram_system: - Compiled FC2 physical design kernel in 0.00 s
INFO mlfcs.fitting.gram_system: - Compiled FC2 physical design kernel in 0.00 s
INFO mlfcs.fitting.gram_system: - Compiled FC2 physical design kernel in 0.00 s
INFO mlfcs.fitting.gram_system: - Gram structures: 1/100, elapsed=0.00 s
INFO mlfcs.fitting.gram_system: - Gram structures: 20/100, elapsed=0.03 s
INFO mlfcs.fitting.gram_system: - Gram structures: 40/100, elapsed=0.07 s
INFO mlfcs.fitting.gram_system: - Gram structures: 60/100, elapsed=0.09 s
INFO mlfcs.fitting.gram_system: - Gram structures: 80/100, elapsed=0.10 s
INFO mlfcs.fitting.gram_system: - Gram structures: 100/100, elapsed=0.12 s
INFO mlfcs.fitting.gram_system: - Streamed Gram system ready in 0.12 s
INFO mlfcs.fitting.gram_system: - Gram phase timing: kernel=0.08 s, transfer=0.00 s, scatter=0.01 s, constraint reduction=0.01 s, BLAS=0.00 s
INFO mlfcs.fitting.fitter: Column-norm preconditioning in constrained coordinates
INFO mlfcs.fitting.fitter: - Inverse column scale: 7.851873e-03 to 5.160411e-02
INFO mlfcs.fitting.fitter: Solving the force-only least-squares problem with streamed Gram
INFO mlfcs.fitting.fitter: - Equations: 19200, unknowns: 10
INFO mlfcs.fitting.fitter: - Maximum joint constraint residual: 5.551115e-17
INFO mlfcs.fitting.fitter: Force fitting summary
INFO mlfcs.fitting.fitter: - Training relative error: 46.774044 %
INFO mlfcs.fitting.fitter: - Validation relative error: 46.774044 %
INFO mlfcs.fitting.fitter: - Training force RMSE: 1.8070727133e-01 eV/Å
INFO mlfcs.fitting.fitter: - Validation force RMSE: 1.8070727133e-01 eV/Å
INFO mlfcs.fitting.fitter: - FC2 force contribution RMS: 3.4147355074e-01 eV/Å
INFO mlfcs.fitting.fitter: - JAX execution guard: 1 prepared program, 4 signatures, 4 tiles, Gram passes=1, prediction passes=0
INFO mlfcs.fitting.fitter: - Solver iterations=10, stop_code=0
INFO mlfcs.fitting.fitter: Expanding fitted Taylor parameters into sparse physical IFCs
INFO mlfcs.fitting.fitter: - Expanded 216 sparse tensors in 0.00 s
INFO mlfcs.physics.sscha.solver: - Fitting relative force error: 46.774044 %
INFO mlfcs.physics.sscha.solver: Relative FC2 change: 1.496922e-02
INFO mlfcs.physics.sscha.solver: - Variational free-energy estimate: -1.6097442868e+00 +/- 2.297e-03 eV/primitive cell
INFO mlfcs.force_constants.realization: Export view cache miss; constructing new view
WARNING mlfcs.sampling.harmonic: Imaginary harmonic modes use policy 'absolute'; frequencies below 1.000e-06 THz will not raise an exception
INFO mlfcs.sampling.structures: Generated 100 harmonic perturbation structures
INFO mlfcs.sampling.structures: Harmonic sampling: qpoints=8, sampled_modes=189/189, minimum_frequency=1.10571788 THz
INFO mlfcs.physics.sscha.solver: SSCHA iteration 33/50: canonical sampling
INFO mlfcs.physics.sscha.solver: q points: 8
INFO mlfcs.physics.sscha.solver: - sampled modes: 189/189, imaginary=0, excluded=0
INFO mlfcs.physics.sscha.solver: - maximum sampled atomic displacement: 0.98091206 Å
INFO mlfcs.physics.sscha.solver: maximum displacement limit: disabled
INFO mlfcs.fitting.fitter: Training-data diagnostics (inputs are not recentered)
INFO mlfcs.fitting.fitter: - Maximum reference force: 0.0000000000e+00 eV/Å
INFO mlfcs.fitting.fitter: - Maximum snapshot net force: 4.9475931448e-15 eV/Å
INFO mlfcs.fitting.fitter: - Maximum center-of-mass displacement: 2.4726266956e-03 Å
INFO mlfcs.fitting.fitter: Constraint system: 2 rows after duplicate removal (72 ASR before compression)
INFO mlfcs.fitting.linear_solvers: Explicit constraint parameterization: 12 -> 10 parameters in 4 blocks, rank=2, nnz=20
INFO mlfcs.fitting.design_operator: - Prepared JAX feature program: 4 signatures, 4 tiles, 0.1 MiB static buffers
INFO mlfcs.fitting.gram_system: Accumulating streamed Gram system: 10 x 10 (0.0 MiB), effective_batch_size=1, backend=SciPy/OpenBLAS CPU
INFO mlfcs.fitting.gram_system: - Physical design kernel groups: 4, 4 bounded tiles
INFO mlfcs.fitting.gram_system: - Compiled FC2 physical design kernel in 0.00 s
INFO mlfcs.fitting.gram_system: - Compiled FC2 physical design kernel in 0.00 s
INFO mlfcs.fitting.gram_system: - Compiled FC2 physical design kernel in 0.00 s
INFO mlfcs.fitting.gram_system: - Compiled FC2 physical design kernel in 0.00 s
INFO mlfcs.fitting.gram_system: - Gram structures: 1/100, elapsed=0.00 s
INFO mlfcs.fitting.gram_system: - Gram structures: 20/100, elapsed=0.04 s
INFO mlfcs.fitting.gram_system: - Gram structures: 40/100, elapsed=0.07 s
INFO mlfcs.fitting.gram_system: - Gram structures: 60/100, elapsed=0.09 s
INFO mlfcs.fitting.gram_system: - Gram structures: 80/100, elapsed=0.10 s
INFO mlfcs.fitting.gram_system: - Gram structures: 100/100, elapsed=0.12 s
INFO mlfcs.fitting.gram_system: - Streamed Gram system ready in 0.12 s
INFO mlfcs.fitting.gram_system: - Gram phase timing: kernel=0.08 s, transfer=0.00 s, scatter=0.01 s, constraint reduction=0.01 s, BLAS=0.00 s
INFO mlfcs.fitting.fitter: Column-norm preconditioning in constrained coordinates
INFO mlfcs.fitting.fitter: - Inverse column scale: 7.950608e-03 to 5.178735e-02
INFO mlfcs.fitting.fitter: Solving the force-only least-squares problem with streamed Gram
INFO mlfcs.fitting.fitter: - Equations: 19200, unknowns: 10
INFO mlfcs.fitting.fitter: - Maximum joint constraint residual: 5.551115e-17
INFO mlfcs.fitting.fitter: Force fitting summary
INFO mlfcs.fitting.fitter: - Training relative error: 49.676128 %
INFO mlfcs.fitting.fitter: - Validation relative error: 49.676128 %
INFO mlfcs.fitting.fitter: - Training force RMSE: 1.9470214003e-01 eV/Å
INFO mlfcs.fitting.fitter: - Validation force RMSE: 1.9470214003e-01 eV/Å
INFO mlfcs.fitting.fitter: - FC2 force contribution RMS: 3.4016238192e-01 eV/Å
INFO mlfcs.fitting.fitter: - JAX execution guard: 1 prepared program, 4 signatures, 4 tiles, Gram passes=1, prediction passes=0
INFO mlfcs.fitting.fitter: - Solver iterations=10, stop_code=0
INFO mlfcs.fitting.fitter: Expanding fitted Taylor parameters into sparse physical IFCs
INFO mlfcs.fitting.fitter: - Expanded 216 sparse tensors in 0.00 s
INFO mlfcs.physics.sscha.solver: - Fitting relative force error: 49.676128 %
INFO mlfcs.physics.sscha.solver: Relative FC2 change: 1.408870e-02
INFO mlfcs.physics.sscha.solver: - Variational free-energy estimate: -1.6080353104e+00 +/- 2.881e-03 eV/primitive cell
INFO mlfcs.force_constants.realization: Export view cache miss; constructing new view
WARNING mlfcs.sampling.harmonic: Imaginary harmonic modes use policy 'absolute'; frequencies below 1.000e-06 THz will not raise an exception
INFO mlfcs.sampling.structures: Generated 100 harmonic perturbation structures
INFO mlfcs.sampling.structures: Harmonic sampling: qpoints=8, sampled_modes=189/189, minimum_frequency=1.10354341 THz
INFO mlfcs.physics.sscha.solver: SSCHA iteration 34/50: canonical sampling
INFO mlfcs.physics.sscha.solver: q points: 8
INFO mlfcs.physics.sscha.solver: - sampled modes: 189/189, imaginary=0, excluded=0
INFO mlfcs.physics.sscha.solver: - maximum sampled atomic displacement: 0.93676448 Å
INFO mlfcs.physics.sscha.solver: maximum displacement limit: disabled
INFO mlfcs.fitting.fitter: Training-data diagnostics (inputs are not recentered)
INFO mlfcs.fitting.fitter: - Maximum reference force: 0.0000000000e+00 eV/Å
INFO mlfcs.fitting.fitter: - Maximum snapshot net force: 5.4467621076e-15 eV/Å
INFO mlfcs.fitting.fitter: - Maximum center-of-mass displacement: 2.6243058009e-03 Å
INFO mlfcs.fitting.fitter: Constraint system: 2 rows after duplicate removal (72 ASR before compression)
INFO mlfcs.fitting.linear_solvers: Explicit constraint parameterization: 12 -> 10 parameters in 4 blocks, rank=2, nnz=20
INFO mlfcs.fitting.design_operator: - Prepared JAX feature program: 4 signatures, 4 tiles, 0.1 MiB static buffers
INFO mlfcs.fitting.gram_system: Accumulating streamed Gram system: 10 x 10 (0.0 MiB), effective_batch_size=1, backend=SciPy/OpenBLAS CPU
INFO mlfcs.fitting.gram_system: - Physical design kernel groups: 4, 4 bounded tiles
INFO mlfcs.fitting.gram_system: - Compiled FC2 physical design kernel in 0.00 s
INFO mlfcs.fitting.gram_system: - Compiled FC2 physical design kernel in 0.00 s
INFO mlfcs.fitting.gram_system: - Compiled FC2 physical design kernel in 0.00 s
INFO mlfcs.fitting.gram_system: - Compiled FC2 physical design kernel in 0.00 s
INFO mlfcs.fitting.gram_system: - Gram structures: 1/100, elapsed=0.00 s
INFO mlfcs.fitting.gram_system: - Gram structures: 20/100, elapsed=0.03 s
INFO mlfcs.fitting.gram_system: - Gram structures: 40/100, elapsed=0.06 s
INFO mlfcs.fitting.gram_system: - Gram structures: 60/100, elapsed=0.09 s
INFO mlfcs.fitting.gram_system: - Gram structures: 80/100, elapsed=0.10 s
INFO mlfcs.fitting.gram_system: - Gram structures: 100/100, elapsed=0.12 s
INFO mlfcs.fitting.gram_system: - Streamed Gram system ready in 0.12 s
INFO mlfcs.fitting.gram_system: - Gram phase timing: kernel=0.08 s, transfer=0.00 s, scatter=0.01 s, constraint reduction=0.01 s, BLAS=0.00 s
INFO mlfcs.fitting.fitter: Column-norm preconditioning in constrained coordinates
INFO mlfcs.fitting.fitter: - Inverse column scale: 7.848191e-03 to 5.099456e-02
INFO mlfcs.fitting.fitter: Solving the force-only least-squares problem with streamed Gram
INFO mlfcs.fitting.fitter: - Equations: 19200, unknowns: 10
INFO mlfcs.fitting.fitter: - Maximum joint constraint residual: 8.326673e-17
INFO mlfcs.fitting.fitter: Force fitting summary
INFO mlfcs.fitting.fitter: - Training relative error: 50.955241 %
INFO mlfcs.fitting.fitter: - Validation relative error: 50.955241 %
INFO mlfcs.fitting.fitter: - Training force RMSE: 2.0562017138e-01 eV/Å
INFO mlfcs.fitting.fitter: - Validation force RMSE: 2.0562017138e-01 eV/Å
INFO mlfcs.fitting.fitter: - FC2 force contribution RMS: 3.4721402376e-01 eV/Å
INFO mlfcs.fitting.fitter: - JAX execution guard: 1 prepared program, 4 signatures, 4 tiles, Gram passes=1, prediction passes=0
INFO mlfcs.fitting.fitter: - Solver iterations=10, stop_code=0
INFO mlfcs.fitting.fitter: Expanding fitted Taylor parameters into sparse physical IFCs
INFO mlfcs.fitting.fitter: - Expanded 216 sparse tensors in 0.00 s
INFO mlfcs.physics.sscha.solver: - Fitting relative force error: 50.955241 %
INFO mlfcs.physics.sscha.solver: Relative FC2 change: 1.274303e-02
INFO mlfcs.physics.sscha.solver: - Variational free-energy estimate: -1.6071054101e+00 +/- 3.330e-03 eV/primitive cell
INFO mlfcs.force_constants.realization: Export view cache miss; constructing new view
WARNING mlfcs.sampling.harmonic: Imaginary harmonic modes use policy 'absolute'; frequencies below 1.000e-06 THz will not raise an exception
INFO mlfcs.sampling.structures: Generated 100 harmonic perturbation structures
INFO mlfcs.sampling.structures: Harmonic sampling: qpoints=8, sampled_modes=189/189, minimum_frequency=1.09612478 THz
INFO mlfcs.physics.sscha.solver: SSCHA iteration 35/50: canonical sampling
INFO mlfcs.physics.sscha.solver: q points: 8
INFO mlfcs.physics.sscha.solver: - sampled modes: 189/189, imaginary=0, excluded=0
INFO mlfcs.physics.sscha.solver: - maximum sampled atomic displacement: 0.98630562 Å
INFO mlfcs.physics.sscha.solver: maximum displacement limit: disabled
INFO mlfcs.fitting.fitter: Training-data diagnostics (inputs are not recentered)
INFO mlfcs.fitting.fitter: - Maximum reference force: 0.0000000000e+00 eV/Å
INFO mlfcs.fitting.fitter: - Maximum snapshot net force: 4.0006559724e-15 eV/Å
INFO mlfcs.fitting.fitter: - Maximum center-of-mass displacement: 2.0774749146e-03 Å
INFO mlfcs.fitting.fitter: Constraint system: 2 rows after duplicate removal (72 ASR before compression)
INFO mlfcs.fitting.linear_solvers: Explicit constraint parameterization: 12 -> 10 parameters in 4 blocks, rank=2, nnz=20
INFO mlfcs.fitting.design_operator: - Prepared JAX feature program: 4 signatures, 4 tiles, 0.1 MiB static buffers
INFO mlfcs.fitting.gram_system: Accumulating streamed Gram system: 10 x 10 (0.0 MiB), effective_batch_size=1, backend=SciPy/OpenBLAS CPU
INFO mlfcs.fitting.gram_system: - Physical design kernel groups: 4, 4 bounded tiles
INFO mlfcs.fitting.gram_system: - Compiled FC2 physical design kernel in 0.00 s
INFO mlfcs.fitting.gram_system: - Compiled FC2 physical design kernel in 0.00 s
INFO mlfcs.fitting.gram_system: - Compiled FC2 physical design kernel in 0.00 s
INFO mlfcs.fitting.gram_system: - Compiled FC2 physical design kernel in 0.00 s
INFO mlfcs.fitting.gram_system: - Gram structures: 1/100, elapsed=0.00 s
INFO mlfcs.fitting.gram_system: - Gram structures: 20/100, elapsed=0.03 s
INFO mlfcs.fitting.gram_system: - Gram structures: 40/100, elapsed=0.07 s
INFO mlfcs.fitting.gram_system: - Gram structures: 60/100, elapsed=0.08 s
INFO mlfcs.fitting.gram_system: - Gram structures: 80/100, elapsed=0.10 s
INFO mlfcs.fitting.gram_system: - Gram structures: 100/100, elapsed=0.11 s
INFO mlfcs.fitting.gram_system: - Streamed Gram system ready in 0.11 s
INFO mlfcs.fitting.gram_system: - Gram phase timing: kernel=0.08 s, transfer=0.00 s, scatter=0.01 s, constraint reduction=0.01 s, BLAS=0.00 s
INFO mlfcs.fitting.fitter: Column-norm preconditioning in constrained coordinates
INFO mlfcs.fitting.fitter: - Inverse column scale: 7.922022e-03 to 5.097132e-02
INFO mlfcs.fitting.fitter: Solving the force-only least-squares problem with streamed Gram
INFO mlfcs.fitting.fitter: - Equations: 19200, unknowns: 10
INFO mlfcs.fitting.fitter: - Maximum joint constraint residual: 3.534499e-17
INFO mlfcs.fitting.fitter: Force fitting summary
INFO mlfcs.fitting.fitter: - Training relative error: 46.807621 %
INFO mlfcs.fitting.fitter: - Validation relative error: 46.807621 %
INFO mlfcs.fitting.fitter: - Training force RMSE: 1.8000562879e-01 eV/Å
INFO mlfcs.fitting.fitter: - Validation force RMSE: 1.8000562879e-01 eV/Å
INFO mlfcs.fitting.fitter: - FC2 force contribution RMS: 3.3983533238e-01 eV/Å
INFO mlfcs.fitting.fitter: - JAX execution guard: 1 prepared program, 4 signatures, 4 tiles, Gram passes=1, prediction passes=0
INFO mlfcs.fitting.fitter: - Solver iterations=10, stop_code=0
INFO mlfcs.fitting.fitter: Expanding fitted Taylor parameters into sparse physical IFCs
INFO mlfcs.fitting.fitter: - Expanded 216 sparse tensors in 0.00 s
INFO mlfcs.physics.sscha.solver: - Fitting relative force error: 46.807621 %
INFO mlfcs.physics.sscha.solver: Relative FC2 change: 1.854612e-02
INFO mlfcs.physics.sscha.solver: - Variational free-energy estimate: -1.6101779137e+00 +/- 2.578e-03 eV/primitive cell
INFO mlfcs.force_constants.realization: Export view cache miss; constructing new view
WARNING mlfcs.sampling.harmonic: Imaginary harmonic modes use policy 'absolute'; frequencies below 1.000e-06 THz will not raise an exception
INFO mlfcs.sampling.structures: Generated 100 harmonic perturbation structures
INFO mlfcs.sampling.structures: Harmonic sampling: qpoints=8, sampled_modes=189/189, minimum_frequency=1.09471566 THz
INFO mlfcs.physics.sscha.solver: SSCHA iteration 36/50: canonical sampling
INFO mlfcs.physics.sscha.solver: q points: 8
INFO mlfcs.physics.sscha.solver: - sampled modes: 189/189, imaginary=0, excluded=0
INFO mlfcs.physics.sscha.solver: - maximum sampled atomic displacement: 0.98244978 Å
INFO mlfcs.physics.sscha.solver: maximum displacement limit: disabled
INFO mlfcs.fitting.fitter: Training-data diagnostics (inputs are not recentered)
INFO mlfcs.fitting.fitter: - Maximum reference force: 0.0000000000e+00 eV/Å
INFO mlfcs.fitting.fitter: - Maximum snapshot net force: 5.2289618697e-15 eV/Å
INFO mlfcs.fitting.fitter: - Maximum center-of-mass displacement: 2.5171043781e-03 Å
INFO mlfcs.fitting.fitter: Constraint system: 2 rows after duplicate removal (72 ASR before compression)
INFO mlfcs.fitting.linear_solvers: Explicit constraint parameterization: 12 -> 10 parameters in 4 blocks, rank=2, nnz=20
INFO mlfcs.fitting.design_operator: - Prepared JAX feature program: 4 signatures, 4 tiles, 0.1 MiB static buffers
INFO mlfcs.fitting.gram_system: Accumulating streamed Gram system: 10 x 10 (0.0 MiB), effective_batch_size=1, backend=SciPy/OpenBLAS CPU
INFO mlfcs.fitting.gram_system: - Physical design kernel groups: 4, 4 bounded tiles
INFO mlfcs.fitting.gram_system: - Compiled FC2 physical design kernel in 0.00 s
INFO mlfcs.fitting.gram_system: - Compiled FC2 physical design kernel in 0.00 s
INFO mlfcs.fitting.gram_system: - Compiled FC2 physical design kernel in 0.00 s
INFO mlfcs.fitting.gram_system: - Compiled FC2 physical design kernel in 0.00 s
INFO mlfcs.fitting.gram_system: - Gram structures: 1/100, elapsed=0.00 s
INFO mlfcs.fitting.gram_system: - Gram structures: 20/100, elapsed=0.04 s
INFO mlfcs.fitting.gram_system: - Gram structures: 40/100, elapsed=0.07 s
INFO mlfcs.fitting.gram_system: - Gram structures: 60/100, elapsed=0.09 s
INFO mlfcs.fitting.gram_system: - Gram structures: 80/100, elapsed=0.10 s
INFO mlfcs.fitting.gram_system: - Gram structures: 100/100, elapsed=0.12 s
INFO mlfcs.fitting.gram_system: - Streamed Gram system ready in 0.12 s
INFO mlfcs.fitting.gram_system: - Gram phase timing: kernel=0.08 s, transfer=0.00 s, scatter=0.01 s, constraint reduction=0.01 s, BLAS=0.00 s
INFO mlfcs.fitting.fitter: Column-norm preconditioning in constrained coordinates
INFO mlfcs.fitting.fitter: - Inverse column scale: 7.679996e-03 to 5.029577e-02
INFO mlfcs.fitting.fitter: Solving the force-only least-squares problem with streamed Gram
INFO mlfcs.fitting.fitter: - Equations: 19200, unknowns: 10
INFO mlfcs.fitting.fitter: - Maximum joint constraint residual: 5.551115e-17
INFO mlfcs.fitting.fitter: Force fitting summary
INFO mlfcs.fitting.fitter: - Training relative error: 48.464823 %
INFO mlfcs.fitting.fitter: - Validation relative error: 48.464823 %
INFO mlfcs.fitting.fitter: - Training force RMSE: 1.9044202426e-01 eV/Å
INFO mlfcs.fitting.fitter: - Validation force RMSE: 1.9044202426e-01 eV/Å
INFO mlfcs.fitting.fitter: - FC2 force contribution RMS: 3.4371606120e-01 eV/Å
INFO mlfcs.fitting.fitter: - JAX execution guard: 1 prepared program, 4 signatures, 4 tiles, Gram passes=1, prediction passes=0
INFO mlfcs.fitting.fitter: - Solver iterations=10, stop_code=0
INFO mlfcs.fitting.fitter: Expanding fitted Taylor parameters into sparse physical IFCs
INFO mlfcs.fitting.fitter: - Expanded 216 sparse tensors in 0.00 s
INFO mlfcs.physics.sscha.solver: - Fitting relative force error: 48.464823 %
INFO mlfcs.physics.sscha.solver: Relative FC2 change: 1.538694e-02
INFO mlfcs.physics.sscha.solver: - Variational free-energy estimate: -1.6067912946e+00 +/- 2.733e-03 eV/primitive cell
INFO mlfcs.force_constants.realization: Export view cache miss; constructing new view
WARNING mlfcs.sampling.harmonic: Imaginary harmonic modes use policy 'absolute'; frequencies below 1.000e-06 THz will not raise an exception
INFO mlfcs.sampling.structures: Generated 100 harmonic perturbation structures
INFO mlfcs.sampling.structures: Harmonic sampling: qpoints=8, sampled_modes=189/189, minimum_frequency=1.10101800 THz
INFO mlfcs.physics.sscha.solver: SSCHA iteration 37/50: canonical sampling
INFO mlfcs.physics.sscha.solver: q points: 8
INFO mlfcs.physics.sscha.solver: - sampled modes: 189/189, imaginary=0, excluded=0
INFO mlfcs.physics.sscha.solver: - maximum sampled atomic displacement: 0.95508185 Å
INFO mlfcs.physics.sscha.solver: maximum displacement limit: disabled
INFO mlfcs.fitting.fitter: Training-data diagnostics (inputs are not recentered)
INFO mlfcs.fitting.fitter: - Maximum reference force: 0.0000000000e+00 eV/Å
INFO mlfcs.fitting.fitter: - Maximum snapshot net force: 4.9825365345e-15 eV/Å
INFO mlfcs.fitting.fitter: - Maximum center-of-mass displacement: 2.6484410176e-03 Å
INFO mlfcs.fitting.fitter: Constraint system: 2 rows after duplicate removal (72 ASR before compression)
INFO mlfcs.fitting.linear_solvers: Explicit constraint parameterization: 12 -> 10 parameters in 4 blocks, rank=2, nnz=20
INFO mlfcs.fitting.design_operator: - Prepared JAX feature program: 4 signatures, 4 tiles, 0.1 MiB static buffers
INFO mlfcs.fitting.gram_system: Accumulating streamed Gram system: 10 x 10 (0.0 MiB), effective_batch_size=1, backend=SciPy/OpenBLAS CPU
INFO mlfcs.fitting.gram_system: - Physical design kernel groups: 4, 4 bounded tiles
INFO mlfcs.fitting.gram_system: - Compiled FC2 physical design kernel in 0.00 s
INFO mlfcs.fitting.gram_system: - Compiled FC2 physical design kernel in 0.00 s
INFO mlfcs.fitting.gram_system: - Compiled FC2 physical design kernel in 0.00 s
INFO mlfcs.fitting.gram_system: - Compiled FC2 physical design kernel in 0.00 s
INFO mlfcs.fitting.gram_system: - Gram structures: 1/100, elapsed=0.00 s
INFO mlfcs.fitting.gram_system: - Gram structures: 20/100, elapsed=0.04 s
INFO mlfcs.fitting.gram_system: - Gram structures: 40/100, elapsed=0.06 s
INFO mlfcs.fitting.gram_system: - Gram structures: 60/100, elapsed=0.08 s
INFO mlfcs.fitting.gram_system: - Gram structures: 80/100, elapsed=0.09 s
INFO mlfcs.fitting.gram_system: - Gram structures: 100/100, elapsed=0.11 s
INFO mlfcs.fitting.gram_system: - Streamed Gram system ready in 0.11 s
INFO mlfcs.fitting.gram_system: - Gram phase timing: kernel=0.07 s, transfer=0.00 s, scatter=0.01 s, constraint reduction=0.01 s, BLAS=0.00 s
INFO mlfcs.fitting.fitter: Column-norm preconditioning in constrained coordinates
INFO mlfcs.fitting.fitter: - Inverse column scale: 7.895461e-03 to 5.138454e-02
INFO mlfcs.fitting.fitter: Solving the force-only least-squares problem with streamed Gram
INFO mlfcs.fitting.fitter: - Equations: 19200, unknowns: 10
INFO mlfcs.fitting.fitter: - Maximum joint constraint residual: 5.551115e-17
INFO mlfcs.fitting.fitter: Force fitting summary
INFO mlfcs.fitting.fitter: - Training relative error: 46.709028 %
INFO mlfcs.fitting.fitter: - Validation relative error: 46.709028 %
INFO mlfcs.fitting.fitter: - Training force RMSE: 1.7925137012e-01 eV/Å
INFO mlfcs.fitting.fitter: - Validation force RMSE: 1.7925137012e-01 eV/Å
INFO mlfcs.fitting.fitter: - FC2 force contribution RMS: 3.3932581422e-01 eV/Å
INFO mlfcs.fitting.fitter: - JAX execution guard: 1 prepared program, 4 signatures, 4 tiles, Gram passes=1, prediction passes=0
INFO mlfcs.fitting.fitter: - Solver iterations=10, stop_code=0
INFO mlfcs.fitting.fitter: Expanding fitted Taylor parameters into sparse physical IFCs
INFO mlfcs.fitting.fitter: - Expanded 216 sparse tensors in 0.01 s
INFO mlfcs.physics.sscha.solver: - Fitting relative force error: 46.709028 %
INFO mlfcs.physics.sscha.solver: Relative FC2 change: 1.418071e-02
INFO mlfcs.physics.sscha.solver: - Variational free-energy estimate: -1.6086110468e+00 +/- 2.431e-03 eV/primitive cell
INFO mlfcs.force_constants.realization: Export view cache miss; constructing new view
WARNING mlfcs.sampling.harmonic: Imaginary harmonic modes use policy 'absolute'; frequencies below 1.000e-06 THz will not raise an exception
INFO mlfcs.sampling.structures: Generated 100 harmonic perturbation structures
INFO mlfcs.sampling.structures: Harmonic sampling: qpoints=8, sampled_modes=189/189, minimum_frequency=1.10062424 THz
INFO mlfcs.physics.sscha.solver: SSCHA iteration 38/50: canonical sampling
INFO mlfcs.physics.sscha.solver: q points: 8
INFO mlfcs.physics.sscha.solver: - sampled modes: 189/189, imaginary=0, excluded=0
INFO mlfcs.physics.sscha.solver: - maximum sampled atomic displacement: 1.03122382 Å
INFO mlfcs.physics.sscha.solver: maximum displacement limit: disabled
INFO mlfcs.fitting.fitter: Training-data diagnostics (inputs are not recentered)
INFO mlfcs.fitting.fitter: - Maximum reference force: 0.0000000000e+00 eV/Å
INFO mlfcs.fitting.fitter: - Maximum snapshot net force: 3.9626613047e-15 eV/Å
INFO mlfcs.fitting.fitter: - Maximum center-of-mass displacement: 2.2499057695e-03 Å
INFO mlfcs.fitting.fitter: Constraint system: 2 rows after duplicate removal (72 ASR before compression)
INFO mlfcs.fitting.linear_solvers: Explicit constraint parameterization: 12 -> 10 parameters in 4 blocks, rank=2, nnz=20
INFO mlfcs.fitting.design_operator: - Prepared JAX feature program: 4 signatures, 4 tiles, 0.1 MiB static buffers
INFO mlfcs.fitting.gram_system: Accumulating streamed Gram system: 10 x 10 (0.0 MiB), effective_batch_size=1, backend=SciPy/OpenBLAS CPU
INFO mlfcs.fitting.gram_system: - Physical design kernel groups: 4, 4 bounded tiles
INFO mlfcs.fitting.gram_system: - Compiled FC2 physical design kernel in 0.00 s
INFO mlfcs.fitting.gram_system: - Compiled FC2 physical design kernel in 0.00 s
INFO mlfcs.fitting.gram_system: - Compiled FC2 physical design kernel in 0.00 s
INFO mlfcs.fitting.gram_system: - Compiled FC2 physical design kernel in 0.00 s
INFO mlfcs.fitting.gram_system: - Gram structures: 1/100, elapsed=0.00 s
INFO mlfcs.fitting.gram_system: - Gram structures: 20/100, elapsed=0.03 s
INFO mlfcs.fitting.gram_system: - Gram structures: 40/100, elapsed=0.06 s
INFO mlfcs.fitting.gram_system: - Gram structures: 60/100, elapsed=0.08 s
INFO mlfcs.fitting.gram_system: - Gram structures: 80/100, elapsed=0.09 s
INFO mlfcs.fitting.gram_system: - Gram structures: 100/100, elapsed=0.11 s
INFO mlfcs.fitting.gram_system: - Streamed Gram system ready in 0.11 s
INFO mlfcs.fitting.gram_system: - Gram phase timing: kernel=0.07 s, transfer=0.00 s, scatter=0.01 s, constraint reduction=0.01 s, BLAS=0.00 s
INFO mlfcs.fitting.fitter: Column-norm preconditioning in constrained coordinates
INFO mlfcs.fitting.fitter: - Inverse column scale: 7.840219e-03 to 5.084367e-02
INFO mlfcs.fitting.fitter: Solving the force-only least-squares problem with streamed Gram
INFO mlfcs.fitting.fitter: - Equations: 19200, unknowns: 10
INFO mlfcs.fitting.fitter: - Maximum joint constraint residual: 5.551115e-17
INFO mlfcs.fitting.fitter: Force fitting summary
INFO mlfcs.fitting.fitter: - Training relative error: 47.977032 %
INFO mlfcs.fitting.fitter: - Validation relative error: 47.977032 %
INFO mlfcs.fitting.fitter: - Training force RMSE: 1.9109169309e-01 eV/Å
INFO mlfcs.fitting.fitter: - Validation force RMSE: 1.9109169309e-01 eV/Å
INFO mlfcs.fitting.fitter: - FC2 force contribution RMS: 3.4946456889e-01 eV/Å
INFO mlfcs.fitting.fitter: - JAX execution guard: 1 prepared program, 4 signatures, 4 tiles, Gram passes=1, prediction passes=0
INFO mlfcs.fitting.fitter: - Solver iterations=10, stop_code=0
INFO mlfcs.fitting.fitter: Expanding fitted Taylor parameters into sparse physical IFCs
INFO mlfcs.fitting.fitter: - Expanded 216 sparse tensors in 0.00 s
INFO mlfcs.physics.sscha.solver: - Fitting relative force error: 47.977032 %
INFO mlfcs.physics.sscha.solver: Relative FC2 change: 2.044570e-02
INFO mlfcs.physics.sscha.solver: - Variational free-energy estimate: -1.6047702838e+00 +/- 2.767e-03 eV/primitive cell
INFO mlfcs.force_constants.realization: Export view cache miss; constructing new view
WARNING mlfcs.sampling.harmonic: Imaginary harmonic modes use policy 'absolute'; frequencies below 1.000e-06 THz will not raise an exception
INFO mlfcs.sampling.structures: Generated 100 harmonic perturbation structures
INFO mlfcs.sampling.structures: Harmonic sampling: qpoints=8, sampled_modes=189/189, minimum_frequency=1.09889342 THz
INFO mlfcs.physics.sscha.solver: SSCHA iteration 39/50: canonical sampling
INFO mlfcs.physics.sscha.solver: q points: 8
INFO mlfcs.physics.sscha.solver: - sampled modes: 189/189, imaginary=0, excluded=0
INFO mlfcs.physics.sscha.solver: - maximum sampled atomic displacement: 1.08499957 Å
INFO mlfcs.physics.sscha.solver: maximum displacement limit: disabled
INFO mlfcs.fitting.fitter: Training-data diagnostics (inputs are not recentered)
INFO mlfcs.fitting.fitter: - Maximum reference force: 0.0000000000e+00 eV/Å
INFO mlfcs.fitting.fitter: - Maximum snapshot net force: 4.2170210735e-15 eV/Å
INFO mlfcs.fitting.fitter: - Maximum center-of-mass displacement: 2.6450655922e-03 Å
INFO mlfcs.fitting.fitter: Constraint system: 2 rows after duplicate removal (72 ASR before compression)
INFO mlfcs.fitting.linear_solvers: Explicit constraint parameterization: 12 -> 10 parameters in 4 blocks, rank=2, nnz=20
INFO mlfcs.fitting.design_operator: - Prepared JAX feature program: 4 signatures, 4 tiles, 0.1 MiB static buffers
INFO mlfcs.fitting.gram_system: Accumulating streamed Gram system: 10 x 10 (0.0 MiB), effective_batch_size=1, backend=SciPy/OpenBLAS CPU
INFO mlfcs.fitting.gram_system: - Physical design kernel groups: 4, 4 bounded tiles
INFO mlfcs.fitting.gram_system: - Compiled FC2 physical design kernel in 0.00 s
INFO mlfcs.fitting.gram_system: - Compiled FC2 physical design kernel in 0.00 s
INFO mlfcs.fitting.gram_system: - Compiled FC2 physical design kernel in 0.00 s
INFO mlfcs.fitting.gram_system: - Compiled FC2 physical design kernel in 0.00 s
INFO mlfcs.fitting.gram_system: - Gram structures: 1/100, elapsed=0.00 s
INFO mlfcs.fitting.gram_system: - Gram structures: 20/100, elapsed=0.04 s
INFO mlfcs.fitting.gram_system: - Gram structures: 40/100, elapsed=0.07 s
INFO mlfcs.fitting.gram_system: - Gram structures: 60/100, elapsed=0.09 s
INFO mlfcs.fitting.gram_system: - Gram structures: 80/100, elapsed=0.10 s
INFO mlfcs.fitting.gram_system: - Gram structures: 100/100, elapsed=0.12 s
INFO mlfcs.fitting.gram_system: - Streamed Gram system ready in 0.12 s
INFO mlfcs.fitting.gram_system: - Gram phase timing: kernel=0.08 s, transfer=0.00 s, scatter=0.01 s, constraint reduction=0.01 s, BLAS=0.00 s
INFO mlfcs.fitting.fitter: Column-norm preconditioning in constrained coordinates
INFO mlfcs.fitting.fitter: - Inverse column scale: 7.713079e-03 to 5.117722e-02
INFO mlfcs.fitting.fitter: Solving the force-only least-squares problem with streamed Gram
INFO mlfcs.fitting.fitter: - Equations: 19200, unknowns: 10
INFO mlfcs.fitting.fitter: - Maximum joint constraint residual: 5.551115e-17
INFO mlfcs.fitting.fitter: Force fitting summary
INFO mlfcs.fitting.fitter: - Training relative error: 47.701671 %
INFO mlfcs.fitting.fitter: - Validation relative error: 47.701671 %
INFO mlfcs.fitting.fitter: - Training force RMSE: 1.8520536675e-01 eV/Å
INFO mlfcs.fitting.fitter: - Validation force RMSE: 1.8520536675e-01 eV/Å
INFO mlfcs.fitting.fitter: - FC2 force contribution RMS: 3.4123737392e-01 eV/Å
INFO mlfcs.fitting.fitter: - JAX execution guard: 1 prepared program, 4 signatures, 4 tiles, Gram passes=1, prediction passes=0
INFO mlfcs.fitting.fitter: - Solver iterations=10, stop_code=0
INFO mlfcs.fitting.fitter: Expanding fitted Taylor parameters into sparse physical IFCs
INFO mlfcs.fitting.fitter: - Expanded 216 sparse tensors in 0.00 s
INFO mlfcs.physics.sscha.solver: - Fitting relative force error: 47.701671 %
INFO mlfcs.physics.sscha.solver: Relative FC2 change: 2.604966e-02
INFO mlfcs.physics.sscha.solver: - Variational free-energy estimate: -1.6084181869e+00 +/- 2.951e-03 eV/primitive cell
INFO mlfcs.force_constants.realization: Export view cache miss; constructing new view
WARNING mlfcs.sampling.harmonic: Imaginary harmonic modes use policy 'absolute'; frequencies below 1.000e-06 THz will not raise an exception
INFO mlfcs.sampling.structures: Generated 100 harmonic perturbation structures
INFO mlfcs.sampling.structures: Harmonic sampling: qpoints=8, sampled_modes=189/189, minimum_frequency=1.09781309 THz
INFO mlfcs.physics.sscha.solver: SSCHA iteration 40/50: canonical sampling
INFO mlfcs.physics.sscha.solver: q points: 8
INFO mlfcs.physics.sscha.solver: - sampled modes: 189/189, imaginary=0, excluded=0
INFO mlfcs.physics.sscha.solver: - maximum sampled atomic displacement: 1.02778978 Å
INFO mlfcs.physics.sscha.solver: maximum displacement limit: disabled
INFO mlfcs.fitting.fitter: Training-data diagnostics (inputs are not recentered)
INFO mlfcs.fitting.fitter: - Maximum reference force: 0.0000000000e+00 eV/Å
INFO mlfcs.fitting.fitter: - Maximum snapshot net force: 5.3918018625e-15 eV/Å
INFO mlfcs.fitting.fitter: - Maximum center-of-mass displacement: 2.2575154516e-03 Å
INFO mlfcs.fitting.fitter: Constraint system: 2 rows after duplicate removal (72 ASR before compression)
INFO mlfcs.fitting.linear_solvers: Explicit constraint parameterization: 12 -> 10 parameters in 4 blocks, rank=2, nnz=20
INFO mlfcs.fitting.design_operator: - Prepared JAX feature program: 4 signatures, 4 tiles, 0.1 MiB static buffers
INFO mlfcs.fitting.gram_system: Accumulating streamed Gram system: 10 x 10 (0.0 MiB), effective_batch_size=1, backend=SciPy/OpenBLAS CPU
INFO mlfcs.fitting.gram_system: - Physical design kernel groups: 4, 4 bounded tiles
INFO mlfcs.fitting.gram_system: - Compiled FC2 physical design kernel in 0.00 s
INFO mlfcs.fitting.gram_system: - Compiled FC2 physical design kernel in 0.00 s
INFO mlfcs.fitting.gram_system: - Compiled FC2 physical design kernel in 0.00 s
INFO mlfcs.fitting.gram_system: - Compiled FC2 physical design kernel in 0.00 s
INFO mlfcs.fitting.gram_system: - Gram structures: 1/100, elapsed=0.00 s
INFO mlfcs.fitting.gram_system: - Gram structures: 20/100, elapsed=0.03 s
INFO mlfcs.fitting.gram_system: - Gram structures: 40/100, elapsed=0.06 s
INFO mlfcs.fitting.gram_system: - Gram structures: 60/100, elapsed=0.08 s
INFO mlfcs.fitting.gram_system: - Gram structures: 80/100, elapsed=0.09 s
INFO mlfcs.fitting.gram_system: - Gram structures: 100/100, elapsed=0.11 s
INFO mlfcs.fitting.gram_system: - Streamed Gram system ready in 0.11 s
INFO mlfcs.fitting.gram_system: - Gram phase timing: kernel=0.07 s, transfer=0.00 s, scatter=0.01 s, constraint reduction=0.01 s, BLAS=0.00 s
INFO mlfcs.fitting.fitter: Column-norm preconditioning in constrained coordinates
INFO mlfcs.fitting.fitter: - Inverse column scale: 7.859196e-03 to 5.087459e-02
INFO mlfcs.fitting.fitter: Solving the force-only least-squares problem with streamed Gram
INFO mlfcs.fitting.fitter: - Equations: 19200, unknowns: 10
INFO mlfcs.fitting.fitter: - Maximum joint constraint residual: 5.551115e-17
INFO mlfcs.fitting.fitter: Force fitting summary
INFO mlfcs.fitting.fitter: - Training relative error: 47.096384 %
INFO mlfcs.fitting.fitter: - Validation relative error: 47.096384 %
INFO mlfcs.fitting.fitter: - Training force RMSE: 1.7987931291e-01 eV/Å
INFO mlfcs.fitting.fitter: - Validation force RMSE: 1.7987931291e-01 eV/Å
INFO mlfcs.fitting.fitter: - FC2 force contribution RMS: 3.3692817656e-01 eV/Å
INFO mlfcs.fitting.fitter: - JAX execution guard: 1 prepared program, 4 signatures, 4 tiles, Gram passes=1, prediction passes=0
INFO mlfcs.fitting.fitter: - Solver iterations=10, stop_code=0
INFO mlfcs.fitting.fitter: Expanding fitted Taylor parameters into sparse physical IFCs
INFO mlfcs.fitting.fitter: - Expanded 216 sparse tensors in 0.00 s
INFO mlfcs.physics.sscha.solver: - Fitting relative force error: 47.096384 %
INFO mlfcs.physics.sscha.solver: Relative FC2 change: 2.093585e-02
INFO mlfcs.physics.sscha.solver: - Variational free-energy estimate: -1.6107398977e+00 +/- 2.522e-03 eV/primitive cell
INFO mlfcs.force_constants.realization: Export view cache miss; constructing new view
WARNING mlfcs.sampling.harmonic: Imaginary harmonic modes use policy 'absolute'; frequencies below 1.000e-06 THz will not raise an exception
INFO mlfcs.sampling.structures: Generated 100 harmonic perturbation structures
INFO mlfcs.sampling.structures: Harmonic sampling: qpoints=8, sampled_modes=189/189, minimum_frequency=1.10177230 THz
INFO mlfcs.physics.sscha.solver: SSCHA iteration 41/50: canonical sampling
INFO mlfcs.physics.sscha.solver: q points: 8
INFO mlfcs.physics.sscha.solver: - sampled modes: 189/189, imaginary=0, excluded=0
INFO mlfcs.physics.sscha.solver: - maximum sampled atomic displacement: 0.98696367 Å
INFO mlfcs.physics.sscha.solver: maximum displacement limit: disabled
INFO mlfcs.fitting.fitter: Training-data diagnostics (inputs are not recentered)
INFO mlfcs.fitting.fitter: - Maximum reference force: 0.0000000000e+00 eV/Å
INFO mlfcs.fitting.fitter: - Maximum snapshot net force: 4.4430599737e-15 eV/Å
INFO mlfcs.fitting.fitter: - Maximum center-of-mass displacement: 2.3155583506e-03 Å
INFO mlfcs.fitting.fitter: Constraint system: 2 rows after duplicate removal (72 ASR before compression)
INFO mlfcs.fitting.linear_solvers: Explicit constraint parameterization: 12 -> 10 parameters in 4 blocks, rank=2, nnz=20
INFO mlfcs.fitting.design_operator: - Prepared JAX feature program: 4 signatures, 4 tiles, 0.1 MiB static buffers
INFO mlfcs.fitting.gram_system: Accumulating streamed Gram system: 10 x 10 (0.0 MiB), effective_batch_size=1, backend=SciPy/OpenBLAS CPU
INFO mlfcs.fitting.gram_system: - Physical design kernel groups: 4, 4 bounded tiles
INFO mlfcs.fitting.gram_system: - Compiled FC2 physical design kernel in 0.00 s
INFO mlfcs.fitting.gram_system: - Compiled FC2 physical design kernel in 0.00 s
INFO mlfcs.fitting.gram_system: - Compiled FC2 physical design kernel in 0.00 s
INFO mlfcs.fitting.gram_system: - Compiled FC2 physical design kernel in 0.00 s
INFO mlfcs.fitting.gram_system: - Gram structures: 1/100, elapsed=0.00 s
INFO mlfcs.fitting.gram_system: - Gram structures: 20/100, elapsed=0.02 s
INFO mlfcs.fitting.gram_system: - Gram structures: 40/100, elapsed=0.05 s
INFO mlfcs.fitting.gram_system: - Gram structures: 60/100, elapsed=0.08 s
INFO mlfcs.fitting.gram_system: - Gram structures: 80/100, elapsed=0.10 s
INFO mlfcs.fitting.gram_system: - Gram structures: 100/100, elapsed=0.11 s
INFO mlfcs.fitting.gram_system: - Streamed Gram system ready in 0.11 s
INFO mlfcs.fitting.gram_system: - Gram phase timing: kernel=0.07 s, transfer=0.00 s, scatter=0.01 s, constraint reduction=0.01 s, BLAS=0.00 s
INFO mlfcs.fitting.fitter: Column-norm preconditioning in constrained coordinates
INFO mlfcs.fitting.fitter: - Inverse column scale: 7.957938e-03 to 5.107209e-02
INFO mlfcs.fitting.fitter: Solving the force-only least-squares problem with streamed Gram
INFO mlfcs.fitting.fitter: - Equations: 19200, unknowns: 10
INFO mlfcs.fitting.fitter: - Maximum joint constraint residual: 5.551115e-17
INFO mlfcs.fitting.fitter: Force fitting summary
INFO mlfcs.fitting.fitter: - Training relative error: 49.126760 %
INFO mlfcs.fitting.fitter: - Validation relative error: 49.126760 %
INFO mlfcs.fitting.fitter: - Training force RMSE: 1.9883917359e-01 eV/Å
INFO mlfcs.fitting.fitter: - Validation force RMSE: 1.9883917359e-01 eV/Å
INFO mlfcs.fitting.fitter: - FC2 force contribution RMS: 3.5253830895e-01 eV/Å
INFO mlfcs.fitting.fitter: - JAX execution guard: 1 prepared program, 4 signatures, 4 tiles, Gram passes=1, prediction passes=0
INFO mlfcs.fitting.fitter: - Solver iterations=10, stop_code=0
INFO mlfcs.fitting.fitter: Expanding fitted Taylor parameters into sparse physical IFCs
INFO mlfcs.fitting.fitter: - Expanded 216 sparse tensors in 0.02 s
INFO mlfcs.physics.sscha.solver: - Fitting relative force error: 49.126760 %
INFO mlfcs.physics.sscha.solver: Relative FC2 change: 3.411831e-02
INFO mlfcs.physics.sscha.solver: - Variational free-energy estimate: -1.6049869452e+00 +/- 3.168e-03 eV/primitive cell
INFO mlfcs.force_constants.realization: Export view cache miss; constructing new view
WARNING mlfcs.sampling.harmonic: Imaginary harmonic modes use policy 'absolute'; frequencies below 1.000e-06 THz will not raise an exception
INFO mlfcs.sampling.structures: Generated 100 harmonic perturbation structures
INFO mlfcs.sampling.structures: Harmonic sampling: qpoints=8, sampled_modes=189/189, minimum_frequency=1.10262806 THz
INFO mlfcs.physics.sscha.solver: SSCHA iteration 42/50: canonical sampling
INFO mlfcs.physics.sscha.solver: q points: 8
INFO mlfcs.physics.sscha.solver: - sampled modes: 189/189, imaginary=0, excluded=0
INFO mlfcs.physics.sscha.solver: - maximum sampled atomic displacement: 0.90692994 Å
INFO mlfcs.physics.sscha.solver: maximum displacement limit: disabled
INFO mlfcs.fitting.fitter: Training-data diagnostics (inputs are not recentered)
INFO mlfcs.fitting.fitter: - Maximum reference force: 0.0000000000e+00 eV/Å
INFO mlfcs.fitting.fitter: - Maximum snapshot net force: 5.2593886362e-15 eV/Å
INFO mlfcs.fitting.fitter: - Maximum center-of-mass displacement: 2.7270989679e-03 Å
INFO mlfcs.fitting.fitter: Constraint system: 2 rows after duplicate removal (72 ASR before compression)
INFO mlfcs.fitting.linear_solvers: Explicit constraint parameterization: 12 -> 10 parameters in 4 blocks, rank=2, nnz=20
INFO mlfcs.fitting.design_operator: - Prepared JAX feature program: 4 signatures, 4 tiles, 0.1 MiB static buffers
INFO mlfcs.fitting.gram_system: Accumulating streamed Gram system: 10 x 10 (0.0 MiB), effective_batch_size=1, backend=SciPy/OpenBLAS CPU
INFO mlfcs.fitting.gram_system: - Physical design kernel groups: 4, 4 bounded tiles
INFO mlfcs.fitting.gram_system: - Compiled FC2 physical design kernel in 0.00 s
INFO mlfcs.fitting.gram_system: - Compiled FC2 physical design kernel in 0.00 s
INFO mlfcs.fitting.gram_system: - Compiled FC2 physical design kernel in 0.00 s
INFO mlfcs.fitting.gram_system: - Compiled FC2 physical design kernel in 0.00 s
INFO mlfcs.fitting.gram_system: - Gram structures: 1/100, elapsed=0.00 s
INFO mlfcs.fitting.gram_system: - Gram structures: 20/100, elapsed=0.04 s
INFO mlfcs.fitting.gram_system: - Gram structures: 40/100, elapsed=0.07 s
INFO mlfcs.fitting.gram_system: - Gram structures: 60/100, elapsed=0.09 s
INFO mlfcs.fitting.gram_system: - Gram structures: 80/100, elapsed=0.10 s
INFO mlfcs.fitting.gram_system: - Gram structures: 100/100, elapsed=0.12 s
INFO mlfcs.fitting.gram_system: - Streamed Gram system ready in 0.12 s
INFO mlfcs.fitting.gram_system: - Gram phase timing: kernel=0.08 s, transfer=0.00 s, scatter=0.01 s, constraint reduction=0.01 s, BLAS=0.00 s
INFO mlfcs.fitting.fitter: Column-norm preconditioning in constrained coordinates
INFO mlfcs.fitting.fitter: - Inverse column scale: 7.824323e-03 to 5.137748e-02
INFO mlfcs.fitting.fitter: Solving the force-only least-squares problem with streamed Gram
INFO mlfcs.fitting.fitter: - Equations: 19200, unknowns: 10
INFO mlfcs.fitting.fitter: - Maximum joint constraint residual: 5.551115e-17
INFO mlfcs.fitting.fitter: Force fitting summary
INFO mlfcs.fitting.fitter: - Training relative error: 47.524270 %
INFO mlfcs.fitting.fitter: - Validation relative error: 47.524270 %
INFO mlfcs.fitting.fitter: - Training force RMSE: 1.8441720313e-01 eV/Å
INFO mlfcs.fitting.fitter: - Validation force RMSE: 1.8441720313e-01 eV/Å
INFO mlfcs.fitting.fitter: - FC2 force contribution RMS: 3.4142628590e-01 eV/Å
INFO mlfcs.fitting.fitter: - JAX execution guard: 1 prepared program, 4 signatures, 4 tiles, Gram passes=1, prediction passes=0
INFO mlfcs.fitting.fitter: - Solver iterations=10, stop_code=0
INFO mlfcs.fitting.fitter: Expanding fitted Taylor parameters into sparse physical IFCs
INFO mlfcs.fitting.fitter: - Expanded 216 sparse tensors in 0.01 s
INFO mlfcs.physics.sscha.solver: - Fitting relative force error: 47.524270 %
INFO mlfcs.physics.sscha.solver: Relative FC2 change: 2.469426e-02
INFO mlfcs.physics.sscha.solver: - Variational free-energy estimate: -1.6077756848e+00 +/- 2.672e-03 eV/primitive cell
INFO mlfcs.force_constants.realization: Export view cache miss; constructing new view
WARNING mlfcs.sampling.harmonic: Imaginary harmonic modes use policy 'absolute'; frequencies below 1.000e-06 THz will not raise an exception
INFO mlfcs.sampling.structures: Generated 100 harmonic perturbation structures
INFO mlfcs.sampling.structures: Harmonic sampling: qpoints=8, sampled_modes=189/189, minimum_frequency=1.10707591 THz
INFO mlfcs.physics.sscha.solver: SSCHA iteration 43/50: canonical sampling
INFO mlfcs.physics.sscha.solver: q points: 8
INFO mlfcs.physics.sscha.solver: - sampled modes: 189/189, imaginary=0, excluded=0
INFO mlfcs.physics.sscha.solver: - maximum sampled atomic displacement: 1.00874722 Å
INFO mlfcs.physics.sscha.solver: maximum displacement limit: disabled
INFO mlfcs.fitting.fitter: Training-data diagnostics (inputs are not recentered)
INFO mlfcs.fitting.fitter: - Maximum reference force: 0.0000000000e+00 eV/Å
INFO mlfcs.fitting.fitter: - Maximum snapshot net force: 3.9052120166e-15 eV/Å
INFO mlfcs.fitting.fitter: - Maximum center-of-mass displacement: 2.4968574558e-03 Å
INFO mlfcs.fitting.fitter: Constraint system: 2 rows after duplicate removal (72 ASR before compression)
INFO mlfcs.fitting.linear_solvers: Explicit constraint parameterization: 12 -> 10 parameters in 4 blocks, rank=2, nnz=20
INFO mlfcs.fitting.design_operator: - Prepared JAX feature program: 4 signatures, 4 tiles, 0.1 MiB static buffers
INFO mlfcs.fitting.gram_system: Accumulating streamed Gram system: 10 x 10 (0.0 MiB), effective_batch_size=1, backend=SciPy/OpenBLAS CPU
INFO mlfcs.fitting.gram_system: - Physical design kernel groups: 4, 4 bounded tiles
INFO mlfcs.fitting.gram_system: - Compiled FC2 physical design kernel in 0.00 s
INFO mlfcs.fitting.gram_system: - Compiled FC2 physical design kernel in 0.00 s
INFO mlfcs.fitting.gram_system: - Compiled FC2 physical design kernel in 0.00 s
INFO mlfcs.fitting.gram_system: - Compiled FC2 physical design kernel in 0.00 s
INFO mlfcs.fitting.gram_system: - Gram structures: 1/100, elapsed=0.00 s
INFO mlfcs.fitting.gram_system: - Gram structures: 20/100, elapsed=0.03 s
INFO mlfcs.fitting.gram_system: - Gram structures: 40/100, elapsed=0.06 s
INFO mlfcs.fitting.gram_system: - Gram structures: 60/100, elapsed=0.09 s
INFO mlfcs.fitting.gram_system: - Gram structures: 80/100, elapsed=0.10 s
INFO mlfcs.fitting.gram_system: - Gram structures: 100/100, elapsed=0.12 s
INFO mlfcs.fitting.gram_system: - Streamed Gram system ready in 0.12 s
INFO mlfcs.fitting.gram_system: - Gram phase timing: kernel=0.08 s, transfer=0.00 s, scatter=0.01 s, constraint reduction=0.01 s, BLAS=0.00 s
INFO mlfcs.fitting.fitter: Column-norm preconditioning in constrained coordinates
INFO mlfcs.fitting.fitter: - Inverse column scale: 8.001487e-03 to 5.107241e-02
INFO mlfcs.fitting.fitter: Solving the force-only least-squares problem with streamed Gram
INFO mlfcs.fitting.fitter: - Equations: 19200, unknowns: 10
INFO mlfcs.fitting.fitter: - Maximum joint constraint residual: 5.551115e-17
INFO mlfcs.fitting.fitter: Force fitting summary
INFO mlfcs.fitting.fitter: - Training relative error: 46.879483 %
INFO mlfcs.fitting.fitter: - Validation relative error: 46.879483 %
INFO mlfcs.fitting.fitter: - Training force RMSE: 1.8214164826e-01 eV/Å
INFO mlfcs.fitting.fitter: - Validation force RMSE: 1.8214164826e-01 eV/Å
INFO mlfcs.fitting.fitter: - FC2 force contribution RMS: 3.4319279984e-01 eV/Å
INFO mlfcs.fitting.fitter: - JAX execution guard: 1 prepared program, 4 signatures, 4 tiles, Gram passes=1, prediction passes=0
INFO mlfcs.fitting.fitter: - Solver iterations=10, stop_code=0
INFO mlfcs.fitting.fitter: Expanding fitted Taylor parameters into sparse physical IFCs
INFO mlfcs.fitting.fitter: - Expanded 216 sparse tensors in 0.00 s
INFO mlfcs.physics.sscha.solver: - Fitting relative force error: 46.879483 %
INFO mlfcs.physics.sscha.solver: Relative FC2 change: 2.214675e-02
INFO mlfcs.physics.sscha.solver: - Variational free-energy estimate: -1.6073742312e+00 +/- 2.473e-03 eV/primitive cell
INFO mlfcs.force_constants.realization: Export view cache miss; constructing new view
WARNING mlfcs.sampling.harmonic: Imaginary harmonic modes use policy 'absolute'; frequencies below 1.000e-06 THz will not raise an exception
INFO mlfcs.sampling.structures: Generated 100 harmonic perturbation structures
INFO mlfcs.sampling.structures: Harmonic sampling: qpoints=8, sampled_modes=189/189, minimum_frequency=1.11257687 THz
INFO mlfcs.physics.sscha.solver: SSCHA iteration 44/50: canonical sampling
INFO mlfcs.physics.sscha.solver: q points: 8
INFO mlfcs.physics.sscha.solver: - sampled modes: 189/189, imaginary=0, excluded=0
INFO mlfcs.physics.sscha.solver: - maximum sampled atomic displacement: 0.93483746 Å
INFO mlfcs.physics.sscha.solver: maximum displacement limit: disabled
INFO mlfcs.fitting.fitter: Training-data diagnostics (inputs are not recentered)
INFO mlfcs.fitting.fitter: - Maximum reference force: 0.0000000000e+00 eV/Å
INFO mlfcs.fitting.fitter: - Maximum snapshot net force: 6.2825773893e-15 eV/Å
INFO mlfcs.fitting.fitter: - Maximum center-of-mass displacement: 2.6050321883e-03 Å
INFO mlfcs.fitting.fitter: Constraint system: 2 rows after duplicate removal (72 ASR before compression)
INFO mlfcs.fitting.linear_solvers: Explicit constraint parameterization: 12 -> 10 parameters in 4 blocks, rank=2, nnz=20
INFO mlfcs.fitting.design_operator: - Prepared JAX feature program: 4 signatures, 4 tiles, 0.1 MiB static buffers
INFO mlfcs.fitting.gram_system: Accumulating streamed Gram system: 10 x 10 (0.0 MiB), effective_batch_size=1, backend=SciPy/OpenBLAS CPU
INFO mlfcs.fitting.gram_system: - Physical design kernel groups: 4, 4 bounded tiles
INFO mlfcs.fitting.gram_system: - Compiled FC2 physical design kernel in 0.00 s
INFO mlfcs.fitting.gram_system: - Compiled FC2 physical design kernel in 0.00 s
INFO mlfcs.fitting.gram_system: - Compiled FC2 physical design kernel in 0.00 s
INFO mlfcs.fitting.gram_system: - Compiled FC2 physical design kernel in 0.00 s
INFO mlfcs.fitting.gram_system: - Gram structures: 1/100, elapsed=0.00 s
INFO mlfcs.fitting.gram_system: - Gram structures: 20/100, elapsed=0.03 s
INFO mlfcs.fitting.gram_system: - Gram structures: 40/100, elapsed=0.06 s
INFO mlfcs.fitting.gram_system: - Gram structures: 60/100, elapsed=0.08 s
INFO mlfcs.fitting.gram_system: - Gram structures: 80/100, elapsed=0.09 s
INFO mlfcs.fitting.gram_system: - Gram structures: 100/100, elapsed=0.11 s
INFO mlfcs.fitting.gram_system: - Streamed Gram system ready in 0.11 s
INFO mlfcs.fitting.gram_system: - Gram phase timing: kernel=0.07 s, transfer=0.00 s, scatter=0.01 s, constraint reduction=0.01 s, BLAS=0.00 s
INFO mlfcs.fitting.fitter: Column-norm preconditioning in constrained coordinates
INFO mlfcs.fitting.fitter: - Inverse column scale: 8.011824e-03 to 5.093150e-02
INFO mlfcs.fitting.fitter: Solving the force-only least-squares problem with streamed Gram
INFO mlfcs.fitting.fitter: - Equations: 19200, unknowns: 10
INFO mlfcs.fitting.fitter: - Maximum joint constraint residual: 8.326673e-17
INFO mlfcs.fitting.fitter: Force fitting summary
INFO mlfcs.fitting.fitter: - Training relative error: 48.944931 %
INFO mlfcs.fitting.fitter: - Validation relative error: 48.944931 %
INFO mlfcs.fitting.fitter: - Training force RMSE: 1.9617269182e-01 eV/Å
INFO mlfcs.fitting.fitter: - Validation force RMSE: 1.9617269182e-01 eV/Å
INFO mlfcs.fitting.fitter: - FC2 force contribution RMS: 3.4951283286e-01 eV/Å
INFO mlfcs.fitting.fitter: - JAX execution guard: 1 prepared program, 4 signatures, 4 tiles, Gram passes=1, prediction passes=0
INFO mlfcs.fitting.fitter: - Solver iterations=10, stop_code=0
INFO mlfcs.fitting.fitter: Expanding fitted Taylor parameters into sparse physical IFCs
INFO mlfcs.fitting.fitter: - Expanded 216 sparse tensors in 0.00 s
INFO mlfcs.physics.sscha.solver: - Fitting relative force error: 48.944931 %
INFO mlfcs.physics.sscha.solver: Relative FC2 change: 2.452530e-02
INFO mlfcs.physics.sscha.solver: - Variational free-energy estimate: -1.6065720999e+00 +/- 2.769e-03 eV/primitive cell
INFO mlfcs.force_constants.realization: Export view cache miss; constructing new view
WARNING mlfcs.sampling.harmonic: Imaginary harmonic modes use policy 'absolute'; frequencies below 1.000e-06 THz will not raise an exception
INFO mlfcs.sampling.structures: Generated 100 harmonic perturbation structures
INFO mlfcs.sampling.structures: Harmonic sampling: qpoints=8, sampled_modes=189/189, minimum_frequency=1.10471510 THz
INFO mlfcs.physics.sscha.solver: SSCHA iteration 45/50: canonical sampling
INFO mlfcs.physics.sscha.solver: q points: 8
INFO mlfcs.physics.sscha.solver: - sampled modes: 189/189, imaginary=0, excluded=0
INFO mlfcs.physics.sscha.solver: - maximum sampled atomic displacement: 1.05131603 Å
INFO mlfcs.physics.sscha.solver: maximum displacement limit: disabled
INFO mlfcs.fitting.fitter: Training-data diagnostics (inputs are not recentered)
INFO mlfcs.fitting.fitter: - Maximum reference force: 0.0000000000e+00 eV/Å
INFO mlfcs.fitting.fitter: - Maximum snapshot net force: 3.9474683770e-15 eV/Å
INFO mlfcs.fitting.fitter: - Maximum center-of-mass displacement: 2.6477663470e-03 Å
INFO mlfcs.fitting.fitter: Constraint system: 2 rows after duplicate removal (72 ASR before compression)
INFO mlfcs.fitting.linear_solvers: Explicit constraint parameterization: 12 -> 10 parameters in 4 blocks, rank=2, nnz=20
INFO mlfcs.fitting.design_operator: - Prepared JAX feature program: 4 signatures, 4 tiles, 0.1 MiB static buffers
INFO mlfcs.fitting.gram_system: Accumulating streamed Gram system: 10 x 10 (0.0 MiB), effective_batch_size=1, backend=SciPy/OpenBLAS CPU
INFO mlfcs.fitting.gram_system: - Physical design kernel groups: 4, 4 bounded tiles
INFO mlfcs.fitting.gram_system: - Compiled FC2 physical design kernel in 0.00 s
INFO mlfcs.fitting.gram_system: - Compiled FC2 physical design kernel in 0.00 s
INFO mlfcs.fitting.gram_system: - Compiled FC2 physical design kernel in 0.00 s
INFO mlfcs.fitting.gram_system: - Compiled FC2 physical design kernel in 0.00 s
INFO mlfcs.fitting.gram_system: - Gram structures: 1/100, elapsed=0.00 s
INFO mlfcs.fitting.gram_system: - Gram structures: 20/100, elapsed=0.03 s
INFO mlfcs.fitting.gram_system: - Gram structures: 40/100, elapsed=0.05 s
INFO mlfcs.fitting.gram_system: - Gram structures: 60/100, elapsed=0.08 s
INFO mlfcs.fitting.gram_system: - Gram structures: 80/100, elapsed=0.09 s
INFO mlfcs.fitting.gram_system: - Gram structures: 100/100, elapsed=0.11 s
INFO mlfcs.fitting.gram_system: - Streamed Gram system ready in 0.11 s
INFO mlfcs.fitting.gram_system: - Gram phase timing: kernel=0.07 s, transfer=0.00 s, scatter=0.01 s, constraint reduction=0.01 s, BLAS=0.00 s
INFO mlfcs.fitting.fitter: Column-norm preconditioning in constrained coordinates
INFO mlfcs.fitting.fitter: - Inverse column scale: 7.927161e-03 to 5.146832e-02
INFO mlfcs.fitting.fitter: Solving the force-only least-squares problem with streamed Gram
INFO mlfcs.fitting.fitter: - Equations: 19200, unknowns: 10
INFO mlfcs.fitting.fitter: - Maximum joint constraint residual: 4.141652e-17
INFO mlfcs.fitting.fitter: Force fitting summary
INFO mlfcs.fitting.fitter: - Training relative error: 47.334812 %
INFO mlfcs.fitting.fitter: - Validation relative error: 47.334812 %
INFO mlfcs.fitting.fitter: - Training force RMSE: 1.8128043057e-01 eV/Å
INFO mlfcs.fitting.fitter: - Validation force RMSE: 1.8128043057e-01 eV/Å
INFO mlfcs.fitting.fitter: - FC2 force contribution RMS: 3.3735315177e-01 eV/Å
INFO mlfcs.fitting.fitter: - JAX execution guard: 1 prepared program, 4 signatures, 4 tiles, Gram passes=1, prediction passes=0
INFO mlfcs.fitting.fitter: - Solver iterations=10, stop_code=0
INFO mlfcs.fitting.fitter: Expanding fitted Taylor parameters into sparse physical IFCs
INFO mlfcs.fitting.fitter: - Expanded 216 sparse tensors in 0.00 s
INFO mlfcs.physics.sscha.solver: - Fitting relative force error: 47.334812 %
INFO mlfcs.physics.sscha.solver: Relative FC2 change: 2.462979e-02
INFO mlfcs.physics.sscha.solver: - Variational free-energy estimate: -1.6078577817e+00 +/- 2.480e-03 eV/primitive cell
INFO mlfcs.force_constants.realization: Export view cache miss; constructing new view
WARNING mlfcs.sampling.harmonic: Imaginary harmonic modes use policy 'absolute'; frequencies below 1.000e-06 THz will not raise an exception
INFO mlfcs.sampling.structures: Generated 100 harmonic perturbation structures
INFO mlfcs.sampling.structures: Harmonic sampling: qpoints=8, sampled_modes=189/189, minimum_frequency=1.10621661 THz
INFO mlfcs.physics.sscha.solver: SSCHA iteration 46/50: canonical sampling
INFO mlfcs.physics.sscha.solver: q points: 8
INFO mlfcs.physics.sscha.solver: - sampled modes: 189/189, imaginary=0, excluded=0
INFO mlfcs.physics.sscha.solver: - maximum sampled atomic displacement: 0.90900507 Å
INFO mlfcs.physics.sscha.solver: maximum displacement limit: disabled
INFO mlfcs.fitting.fitter: Training-data diagnostics (inputs are not recentered)
INFO mlfcs.fitting.fitter: - Maximum reference force: 0.0000000000e+00 eV/Å
INFO mlfcs.fitting.fitter: - Maximum snapshot net force: 4.4301468526e-15 eV/Å
INFO mlfcs.fitting.fitter: - Maximum center-of-mass displacement: 2.3136749516e-03 Å
INFO mlfcs.fitting.fitter: Constraint system: 2 rows after duplicate removal (72 ASR before compression)
INFO mlfcs.fitting.linear_solvers: Explicit constraint parameterization: 12 -> 10 parameters in 4 blocks, rank=2, nnz=20
INFO mlfcs.fitting.design_operator: - Prepared JAX feature program: 4 signatures, 4 tiles, 0.1 MiB static buffers
INFO mlfcs.fitting.gram_system: Accumulating streamed Gram system: 10 x 10 (0.0 MiB), effective_batch_size=1, backend=SciPy/OpenBLAS CPU
INFO mlfcs.fitting.gram_system: - Physical design kernel groups: 4, 4 bounded tiles
INFO mlfcs.fitting.gram_system: - Compiled FC2 physical design kernel in 0.00 s
INFO mlfcs.fitting.gram_system: - Compiled FC2 physical design kernel in 0.00 s
INFO mlfcs.fitting.gram_system: - Compiled FC2 physical design kernel in 0.00 s
INFO mlfcs.fitting.gram_system: - Compiled FC2 physical design kernel in 0.00 s
INFO mlfcs.fitting.gram_system: - Gram structures: 1/100, elapsed=0.00 s
INFO mlfcs.fitting.gram_system: - Gram structures: 20/100, elapsed=0.03 s
INFO mlfcs.fitting.gram_system: - Gram structures: 40/100, elapsed=0.06 s
INFO mlfcs.fitting.gram_system: - Gram structures: 60/100, elapsed=0.08 s
INFO mlfcs.fitting.gram_system: - Gram structures: 80/100, elapsed=0.10 s
INFO mlfcs.fitting.gram_system: - Gram structures: 100/100, elapsed=0.11 s
INFO mlfcs.fitting.gram_system: - Streamed Gram system ready in 0.11 s
INFO mlfcs.fitting.gram_system: - Gram phase timing: kernel=0.08 s, transfer=0.00 s, scatter=0.01 s, constraint reduction=0.01 s, BLAS=0.00 s
INFO mlfcs.fitting.fitter: Column-norm preconditioning in constrained coordinates
INFO mlfcs.fitting.fitter: - Inverse column scale: 8.224984e-03 to 5.220403e-02
INFO mlfcs.fitting.fitter: Solving the force-only least-squares problem with streamed Gram
INFO mlfcs.fitting.fitter: - Equations: 19200, unknowns: 10
INFO mlfcs.fitting.fitter: - Maximum joint constraint residual: 5.551115e-17
INFO mlfcs.fitting.fitter: Force fitting summary
INFO mlfcs.fitting.fitter: - Training relative error: 48.762681 %
INFO mlfcs.fitting.fitter: - Validation relative error: 48.762681 %
INFO mlfcs.fitting.fitter: - Training force RMSE: 1.9463858692e-01 eV/Å
INFO mlfcs.fitting.fitter: - Validation force RMSE: 1.9463858692e-01 eV/Å
INFO mlfcs.fitting.fitter: - FC2 force contribution RMS: 3.4848297332e-01 eV/Å
INFO mlfcs.fitting.fitter: - JAX execution guard: 1 prepared program, 4 signatures, 4 tiles, Gram passes=1, prediction passes=0
INFO mlfcs.fitting.fitter: - Solver iterations=10, stop_code=0
INFO mlfcs.fitting.fitter: Expanding fitted Taylor parameters into sparse physical IFCs
INFO mlfcs.fitting.fitter: - Expanded 216 sparse tensors in 0.01 s
INFO mlfcs.physics.sscha.solver: - Fitting relative force error: 48.762681 %
INFO mlfcs.physics.sscha.solver: Relative FC2 change: 2.249848e-02
INFO mlfcs.physics.sscha.solver: - Variational free-energy estimate: -1.6043384399e+00 +/- 2.864e-03 eV/primitive cell
INFO mlfcs.force_constants.realization: Export view cache miss; constructing new view
WARNING mlfcs.sampling.harmonic: Imaginary harmonic modes use policy 'absolute'; frequencies below 1.000e-06 THz will not raise an exception
INFO mlfcs.sampling.structures: Generated 100 harmonic perturbation structures
INFO mlfcs.sampling.structures: Harmonic sampling: qpoints=8, sampled_modes=189/189, minimum_frequency=1.10736637 THz
INFO mlfcs.physics.sscha.solver: SSCHA iteration 47/50: canonical sampling
INFO mlfcs.physics.sscha.solver: q points: 8
INFO mlfcs.physics.sscha.solver: - sampled modes: 189/189, imaginary=0, excluded=0
INFO mlfcs.physics.sscha.solver: - maximum sampled atomic displacement: 0.93944798 Å
INFO mlfcs.physics.sscha.solver: maximum displacement limit: disabled
INFO mlfcs.fitting.fitter: Training-data diagnostics (inputs are not recentered)
INFO mlfcs.fitting.fitter: - Maximum reference force: 0.0000000000e+00 eV/Å
INFO mlfcs.fitting.fitter: - Maximum snapshot net force: 4.3767647411e-15 eV/Å
INFO mlfcs.fitting.fitter: - Maximum center-of-mass displacement: 2.7106053683e-03 Å
INFO mlfcs.fitting.fitter: Constraint system: 2 rows after duplicate removal (72 ASR before compression)
INFO mlfcs.fitting.linear_solvers: Explicit constraint parameterization: 12 -> 10 parameters in 4 blocks, rank=2, nnz=20
INFO mlfcs.fitting.design_operator: - Prepared JAX feature program: 4 signatures, 4 tiles, 0.1 MiB static buffers
INFO mlfcs.fitting.gram_system: Accumulating streamed Gram system: 10 x 10 (0.0 MiB), effective_batch_size=1, backend=SciPy/OpenBLAS CPU
INFO mlfcs.fitting.gram_system: - Physical design kernel groups: 4, 4 bounded tiles
INFO mlfcs.fitting.gram_system: - Compiled FC2 physical design kernel in 0.00 s
INFO mlfcs.fitting.gram_system: - Compiled FC2 physical design kernel in 0.00 s
INFO mlfcs.fitting.gram_system: - Compiled FC2 physical design kernel in 0.00 s
INFO mlfcs.fitting.gram_system: - Compiled FC2 physical design kernel in 0.00 s
INFO mlfcs.fitting.gram_system: - Gram structures: 1/100, elapsed=0.00 s
INFO mlfcs.fitting.gram_system: - Gram structures: 20/100, elapsed=0.03 s
INFO mlfcs.fitting.gram_system: - Gram structures: 40/100, elapsed=0.06 s
INFO mlfcs.fitting.gram_system: - Gram structures: 60/100, elapsed=0.08 s
INFO mlfcs.fitting.gram_system: - Gram structures: 80/100, elapsed=0.10 s
INFO mlfcs.fitting.gram_system: - Gram structures: 100/100, elapsed=0.11 s
INFO mlfcs.fitting.gram_system: - Streamed Gram system ready in 0.11 s
INFO mlfcs.fitting.gram_system: - Gram phase timing: kernel=0.07 s, transfer=0.00 s, scatter=0.01 s, constraint reduction=0.01 s, BLAS=0.00 s
INFO mlfcs.fitting.fitter: Column-norm preconditioning in constrained coordinates
INFO mlfcs.fitting.fitter: - Inverse column scale: 7.860519e-03 to 5.185723e-02
INFO mlfcs.fitting.fitter: Solving the force-only least-squares problem with streamed Gram
INFO mlfcs.fitting.fitter: - Equations: 19200, unknowns: 10
INFO mlfcs.fitting.fitter: - Maximum joint constraint residual: 8.326673e-17
INFO mlfcs.fitting.fitter: Force fitting summary
INFO mlfcs.fitting.fitter: - Training relative error: 45.943865 %
INFO mlfcs.fitting.fitter: - Validation relative error: 45.943865 %
INFO mlfcs.fitting.fitter: - Training force RMSE: 1.7136898015e-01 eV/Å
INFO mlfcs.fitting.fitter: - Validation force RMSE: 1.7136898015e-01 eV/Å
INFO mlfcs.fitting.fitter: - FC2 force contribution RMS: 3.3129898414e-01 eV/Å
INFO mlfcs.fitting.fitter: - JAX execution guard: 1 prepared program, 4 signatures, 4 tiles, Gram passes=1, prediction passes=0
INFO mlfcs.fitting.fitter: - Solver iterations=10, stop_code=0
INFO mlfcs.fitting.fitter: Expanding fitted Taylor parameters into sparse physical IFCs
INFO mlfcs.fitting.fitter: - Expanded 216 sparse tensors in 0.00 s
INFO mlfcs.physics.sscha.solver: - Fitting relative force error: 45.943865 %
INFO mlfcs.physics.sscha.solver: Relative FC2 change: 3.793800e-02
INFO mlfcs.physics.sscha.solver: - Variational free-energy estimate: -1.6130802080e+00 +/- 2.604e-03 eV/primitive cell
INFO mlfcs.force_constants.realization: Export view cache miss; constructing new view
WARNING mlfcs.sampling.harmonic: Imaginary harmonic modes use policy 'absolute'; frequencies below 1.000e-06 THz will not raise an exception
INFO mlfcs.sampling.structures: Generated 100 harmonic perturbation structures
INFO mlfcs.sampling.structures: Harmonic sampling: qpoints=8, sampled_modes=189/189, minimum_frequency=1.10177204 THz
INFO mlfcs.physics.sscha.solver: SSCHA iteration 48/50: canonical sampling
INFO mlfcs.physics.sscha.solver: q points: 8
INFO mlfcs.physics.sscha.solver: - sampled modes: 189/189, imaginary=0, excluded=0
INFO mlfcs.physics.sscha.solver: - maximum sampled atomic displacement: 1.17146419 Å
INFO mlfcs.physics.sscha.solver: maximum displacement limit: disabled
INFO mlfcs.fitting.fitter: Training-data diagnostics (inputs are not recentered)
INFO mlfcs.fitting.fitter: - Maximum reference force: 0.0000000000e+00 eV/Å
INFO mlfcs.fitting.fitter: - Maximum snapshot net force: 4.8495273725e-15 eV/Å
INFO mlfcs.fitting.fitter: - Maximum center-of-mass displacement: 2.1549371177e-03 Å
INFO mlfcs.fitting.fitter: Constraint system: 2 rows after duplicate removal (72 ASR before compression)
INFO mlfcs.fitting.linear_solvers: Explicit constraint parameterization: 12 -> 10 parameters in 4 blocks, rank=2, nnz=20
INFO mlfcs.fitting.design_operator: - Prepared JAX feature program: 4 signatures, 4 tiles, 0.1 MiB static buffers
INFO mlfcs.fitting.gram_system: Accumulating streamed Gram system: 10 x 10 (0.0 MiB), effective_batch_size=1, backend=SciPy/OpenBLAS CPU
INFO mlfcs.fitting.gram_system: - Physical design kernel groups: 4, 4 bounded tiles
INFO mlfcs.fitting.gram_system: - Compiled FC2 physical design kernel in 0.00 s
INFO mlfcs.fitting.gram_system: - Compiled FC2 physical design kernel in 0.00 s
INFO mlfcs.fitting.gram_system: - Compiled FC2 physical design kernel in 0.00 s
INFO mlfcs.fitting.gram_system: - Compiled FC2 physical design kernel in 0.00 s
INFO mlfcs.fitting.gram_system: - Gram structures: 1/100, elapsed=0.00 s
INFO mlfcs.fitting.gram_system: - Gram structures: 20/100, elapsed=0.04 s
INFO mlfcs.fitting.gram_system: - Gram structures: 40/100, elapsed=0.07 s
INFO mlfcs.fitting.gram_system: - Gram structures: 60/100, elapsed=0.09 s
INFO mlfcs.fitting.gram_system: - Gram structures: 80/100, elapsed=0.11 s
INFO mlfcs.fitting.gram_system: - Gram structures: 100/100, elapsed=0.12 s
INFO mlfcs.fitting.gram_system: - Streamed Gram system ready in 0.12 s
INFO mlfcs.fitting.gram_system: - Gram phase timing: kernel=0.08 s, transfer=0.00 s, scatter=0.01 s, constraint reduction=0.01 s, BLAS=0.00 s
INFO mlfcs.fitting.fitter: Column-norm preconditioning in constrained coordinates
INFO mlfcs.fitting.fitter: - Inverse column scale: 7.800797e-03 to 5.046275e-02
INFO mlfcs.fitting.fitter: Solving the force-only least-squares problem with streamed Gram
INFO mlfcs.fitting.fitter: - Equations: 19200, unknowns: 10
INFO mlfcs.fitting.fitter: - Maximum joint constraint residual: 5.551115e-17
INFO mlfcs.fitting.fitter: Force fitting summary
INFO mlfcs.fitting.fitter: - Training relative error: 48.210396 %
INFO mlfcs.fitting.fitter: - Validation relative error: 48.210396 %
INFO mlfcs.fitting.fitter: - Training force RMSE: 1.9022586471e-01 eV/Å
INFO mlfcs.fitting.fitter: - Validation force RMSE: 1.9022586471e-01 eV/Å
INFO mlfcs.fitting.fitter: - FC2 force contribution RMS: 3.4569213346e-01 eV/Å
INFO mlfcs.fitting.fitter: - JAX execution guard: 1 prepared program, 4 signatures, 4 tiles, Gram passes=1, prediction passes=0
INFO mlfcs.fitting.fitter: - Solver iterations=10, stop_code=0
INFO mlfcs.fitting.fitter: Expanding fitted Taylor parameters into sparse physical IFCs
INFO mlfcs.fitting.fitter: - Expanded 216 sparse tensors in 0.01 s
INFO mlfcs.physics.sscha.solver: - Fitting relative force error: 48.210396 %
INFO mlfcs.physics.sscha.solver: Relative FC2 change: 2.888352e-02
INFO mlfcs.physics.sscha.solver: - Variational free-energy estimate: -1.6098424536e+00 +/- 2.811e-03 eV/primitive cell
INFO mlfcs.force_constants.realization: Export view cache miss; constructing new view
WARNING mlfcs.sampling.harmonic: Imaginary harmonic modes use policy 'absolute'; frequencies below 1.000e-06 THz will not raise an exception
INFO mlfcs.sampling.structures: Generated 100 harmonic perturbation structures
INFO mlfcs.sampling.structures: Harmonic sampling: qpoints=8, sampled_modes=189/189, minimum_frequency=1.10519585 THz
INFO mlfcs.physics.sscha.solver: SSCHA iteration 49/50: canonical sampling
INFO mlfcs.physics.sscha.solver: q points: 8
INFO mlfcs.physics.sscha.solver: - sampled modes: 189/189, imaginary=0, excluded=0
INFO mlfcs.physics.sscha.solver: - maximum sampled atomic displacement: 1.04462081 Å
INFO mlfcs.physics.sscha.solver: maximum displacement limit: disabled
INFO mlfcs.fitting.fitter: Training-data diagnostics (inputs are not recentered)
INFO mlfcs.fitting.fitter: - Maximum reference force: 0.0000000000e+00 eV/Å
INFO mlfcs.fitting.fitter: - Maximum snapshot net force: 4.0798099888e-15 eV/Å
INFO mlfcs.fitting.fitter: - Maximum center-of-mass displacement: 2.2418550386e-03 Å
INFO mlfcs.fitting.fitter: Constraint system: 2 rows after duplicate removal (72 ASR before compression)
INFO mlfcs.fitting.linear_solvers: Explicit constraint parameterization: 12 -> 10 parameters in 4 blocks, rank=2, nnz=20
INFO mlfcs.fitting.design_operator: - Prepared JAX feature program: 4 signatures, 4 tiles, 0.1 MiB static buffers
INFO mlfcs.fitting.gram_system: Accumulating streamed Gram system: 10 x 10 (0.0 MiB), effective_batch_size=1, backend=SciPy/OpenBLAS CPU
INFO mlfcs.fitting.gram_system: - Physical design kernel groups: 4, 4 bounded tiles
INFO mlfcs.fitting.gram_system: - Compiled FC2 physical design kernel in 0.00 s
INFO mlfcs.fitting.gram_system: - Compiled FC2 physical design kernel in 0.00 s
INFO mlfcs.fitting.gram_system: - Compiled FC2 physical design kernel in 0.00 s
INFO mlfcs.fitting.gram_system: - Compiled FC2 physical design kernel in 0.00 s
INFO mlfcs.fitting.gram_system: - Gram structures: 1/100, elapsed=0.00 s
INFO mlfcs.fitting.gram_system: - Gram structures: 20/100, elapsed=0.03 s
INFO mlfcs.fitting.gram_system: - Gram structures: 40/100, elapsed=0.05 s
INFO mlfcs.fitting.gram_system: - Gram structures: 60/100, elapsed=0.08 s
INFO mlfcs.fitting.gram_system: - Gram structures: 80/100, elapsed=0.09 s
INFO mlfcs.fitting.gram_system: - Gram structures: 100/100, elapsed=0.11 s
INFO mlfcs.fitting.gram_system: - Streamed Gram system ready in 0.11 s
INFO mlfcs.fitting.gram_system: - Gram phase timing: kernel=0.07 s, transfer=0.00 s, scatter=0.01 s, constraint reduction=0.01 s, BLAS=0.00 s
INFO mlfcs.fitting.fitter: Column-norm preconditioning in constrained coordinates
INFO mlfcs.fitting.fitter: - Inverse column scale: 7.844266e-03 to 5.065692e-02
INFO mlfcs.fitting.fitter: Solving the force-only least-squares problem with streamed Gram
INFO mlfcs.fitting.fitter: - Equations: 19200, unknowns: 10
INFO mlfcs.fitting.fitter: - Maximum joint constraint residual: 2.775558e-17
INFO mlfcs.fitting.fitter: Force fitting summary
INFO mlfcs.fitting.fitter: - Training relative error: 48.807237 %
INFO mlfcs.fitting.fitter: - Validation relative error: 48.807237 %
INFO mlfcs.fitting.fitter: - Training force RMSE: 1.9355103372e-01 eV/Å
INFO mlfcs.fitting.fitter: - Validation force RMSE: 1.9355103372e-01 eV/Å
INFO mlfcs.fitting.fitter: - FC2 force contribution RMS: 3.4612070686e-01 eV/Å
INFO mlfcs.fitting.fitter: - JAX execution guard: 1 prepared program, 4 signatures, 4 tiles, Gram passes=1, prediction passes=0
INFO mlfcs.fitting.fitter: - Solver iterations=10, stop_code=0
INFO mlfcs.fitting.fitter: Expanding fitted Taylor parameters into sparse physical IFCs
INFO mlfcs.fitting.fitter: - Expanded 216 sparse tensors in 0.01 s
INFO mlfcs.physics.sscha.solver: - Fitting relative force error: 48.807237 %
INFO mlfcs.physics.sscha.solver: Relative FC2 change: 1.606148e-02
INFO mlfcs.physics.sscha.solver: - Variational free-energy estimate: -1.6112015021e+00 +/- 2.585e-03 eV/primitive cell
INFO mlfcs.force_constants.realization: Export view cache miss; constructing new view
INFO mlfcs.force_constants.realization: Export view cache hit; reusing existing view
INFO mlfcs.force_constants.realization: Export view cache miss; constructing new view
