/home/gwins/codespace/mlfcs-new/tutorial/phono3py_thermal_conductivity.py:50: PrimitiveMatrixAutoDefaultWarning: primitive_matrix defaulted to 'auto' and was resolved to a non-identity matrix:
  [ 0.50000,  0.00000,  0.00000]
  [ 0.00000,  0.50000,  0.00000]
  [ 0.00000,  0.00000,  0.33333]
This differs from phonopy v3, whose default was the identity matrix. Pass primitive_matrix='P' (or --pa P on the command line) to restore the v3 behaviour.
  ph3 = Phono3py(unitcell, np.eye(3, dtype=int), primitive_matrix="auto", log_level=1)
-------------------- Lattice thermal conductivity (RTA) --------------------
Running heat capacity calculations...
Running velocity calculations...
Running isotope scattering calculations with tetrahedron method...
======================= Grid point 0 (1/186) =======================
q-point: ( 0.00  0.00  0.00)
Mass variance parameters: 1.64e-04 1.64e-04 1.64e-04 1.64e-04 0.00e+00 0.00e+00 0.00e+00 0.00e+00 3.39e-05 3.39e-05 
Number of triplets: 186
Frequency     group velocity (x, y, z)     |gv|
  -0.000   (   0.000    0.000    0.000)    0.000
   0.000   (   0.000    0.000    0.000)    0.000
   0.000   (   0.000    0.000    0.000)    0.000
   0.767   (   0.000    0.000    0.000)    0.000
   1.276   (   0.000    0.000    0.000)    0.000
   1.593   (   0.000    0.000    0.000)    0.000
   1.752   (   0.000    0.000    0.000)    0.000
   1.895   (   0.000    0.000    0.000)    0.000
   2.284   (   0.000    0.000    0.000)    0.000
   2.427   (   0.000    0.000    0.000)    0.000
   2.537   (   0.000    0.000    0.000)    0.000
   2.615   (   0.000    0.000    0.000)    0.000
   2.729   (   0.000    0.000    0.000)    0.000
   2.873   (   0.000    0.000    0.000)    0.000
   2.900   (   0.000    0.000    0.000)    0.000
   3.062   (   0.000    0.000    0.000)    0.000
   3.257   (   0.000    0.000    0.000)    0.000
   3.557   (   0.000    0.000    0.000)    0.000
   3.737   (   0.000    0.000    0.000)    0.000
   3.856   (   0.000    0.000    0.000)    0.000
   3.874   (   0.000    0.000    0.000)    0.000
   4.063   (   0.000    0.000    0.000)    0.000
   4.116   (   0.000    0.000    0.000)    0.000
   4.440   (   0.000    0.000    0.000)    0.000
   4.492   (   0.000    0.000    0.000)    0.000
   4.986   (   0.000    0.000    0.000)    0.000
   5.347   (   0.000    0.000    0.000)    0.000
   5.867   (   0.000    0.000    0.000)    0.000
   7.904   (   0.000    0.000    0.000)    0.000
   8.394   (   0.000    0.000    0.000)    0.000
======================= Grid point 1 (2/186) =======================
q-point: ( 0.10  0.00  0.00)
Mass variance parameters: 1.64e-04 1.64e-04 1.64e-04 1.64e-04 0.00e+00 0.00e+00 0.00e+00 0.00e+00 3.39e-05 3.39e-05 
Number of triplets: 300
Frequency     group velocity (x, y, z)     |gv|
   0.192   (   7.366  -10.918    0.000)   13.171
   0.252   (  16.905    2.446    0.000)   17.081
   0.442   (  20.347  -14.640    0.000)   25.066
   0.769   (   0.144   -0.129    0.000)    0.194
   1.284   (   0.607    0.275    0.000)    0.667
   1.613   (   3.456    1.767    0.000)    3.881
   1.754   (   0.204   -0.043    0.000)    0.209
   1.882   (  -0.933    1.650    0.000)    1.896
   2.210   (  -5.401    2.544    0.000)    5.971
   2.452   (  -9.126   -2.042    0.000)    9.352
   2.475   (   4.260    1.255    0.000)    4.441
   2.613   (  -0.542   -0.835    0.000)    0.995
   2.730   (   0.391    0.755    0.000)    0.850
   2.875   (  -0.067   -0.827    0.000)    0.829
   3.002   (  10.564   -0.308    0.000)   10.569
   3.049   (  -1.695   -0.386    0.000)    1.739
   3.210   (  -5.377    0.128    0.000)    5.379
   3.553   (  -1.207   -1.418    0.000)    1.862
   3.764   (   2.104   -1.176    0.000)    2.410
   3.860   (   0.602    0.033    0.000)    0.603
   3.887   (   1.610   -0.012    0.000)    1.610
   4.042   (  -1.556    2.834    0.000)    3.233
   4.110   (   0.263    0.239    0.000)    0.356
   4.456   (   1.241   -0.990    0.000)    1.588
   4.487   (  -0.614    0.232    0.000)    0.656
   4.991   (   0.852    0.326    0.000)    0.912
   5.344   (  -0.461    0.049    0.000)    0.464
   5.867   (  -0.074   -0.113    0.000)    0.135
   7.904   (  -0.230   -0.505    0.000)    0.555
   8.378   (  -1.672    0.640    0.000)    1.790
======================= Grid point 2 (3/186) =======================
q-point: ( 0.20  0.00  0.00)
Mass variance parameters: 1.64e-04 1.64e-04 1.64e-04 1.64e-04 0.00e+00 0.00e+00 0.00e+00 0.00e+00 3.39e-05 3.39e-05 
Number of triplets: 312
Frequency     group velocity (x, y, z)     |gv|
   0.373   (   6.775   -9.902    0.000)   11.998
   0.475   (  14.803    4.292    0.000)   15.413
   0.773   (   0.247   -0.237    0.000)    0.342
   0.799   (  13.765  -10.879    0.000)   17.545
   1.265   (  -3.732   -0.486    0.000)    3.763
   1.680   (   7.034    2.221    0.000)    7.376
   1.759   (   0.351    0.063    0.000)    0.357
   1.845   (  -1.821    2.809    0.000)    3.348
   2.141   (   0.328    3.979    0.000)    3.992
   2.338   (  -6.370   -2.467    0.000)    6.831
   2.522   (   2.590    0.601    0.000)    2.659
   2.613   (  -0.564   -1.863    0.000)    1.947
   2.729   (   0.555    1.909    0.000)    1.988
   2.874   (  -1.274   -1.580    0.000)    2.030
   3.018   (  -2.746   -0.826    0.000)    2.867
   3.099   (  -8.216   -1.793    0.000)    8.410
   3.185   (  11.038    0.393    0.000)   11.045
   3.537   (  -2.035   -1.134    0.000)    2.329
   3.780   (  -1.764   -0.977    0.000)    2.017
   3.872   (   0.957    0.055    0.000)    0.959
   3.920   (   2.582   -0.040    0.000)    2.582
   3.998   (   0.350    6.074    0.000)    6.084
   4.133   (   1.889   -2.721    0.000)    3.312
   4.471   (  -1.085    0.392    0.000)    1.154
   4.478   (   0.704   -0.444    0.000)    0.832
   5.008   (   1.692    0.374    0.000)    1.733
   5.333   (  -0.834    0.125    0.000)    0.844
   5.866   (  -0.120   -0.182    0.000)    0.218
   7.904   (  -0.353   -0.861    0.000)    0.931
   8.337   (  -2.787    1.084    0.000)    2.990
======================= Grid point 3 (4/186) =======================
q-point: ( 0.30  0.00  0.00)
Mass variance parameters: 1.64e-04 1.64e-04 1.64e-04 1.64e-04 0.00e+00 0.00e+00 0.00e+00 0.00e+00 3.39e-05 3.39e-05 
Number of triplets: 300
Frequency     group velocity (x, y, z)     |gv|
   0.531   (   5.477   -7.861    0.000)    9.580
   0.641   (  11.494    6.249    0.000)   13.083
   0.779   (   0.305   -0.338    0.000)    0.455
   0.992   (   3.917   -3.372    0.000)    5.169
   1.188   (  -6.645   -4.202    0.000)    7.862
   1.762   (   0.354    1.048    0.000)    1.106
   1.772   (   5.322    0.955    0.000)    5.407
   1.793   (  -2.249    2.253    0.000)    3.183
   2.175   (   7.267    4.304    0.000)    8.446
   2.319   (   3.019    0.045    0.000)    3.019
   2.558   (   1.209   -3.744    0.000)    3.935
   2.623   (  -0.310   -2.956    0.000)    2.972
   2.720   (   0.630    3.307    0.000)    3.366
   2.859   (  -1.676   -1.388    0.000)    2.176
   2.961   ( -11.282   -2.661    0.000)   11.592
   2.981   (  -2.831   -1.149    0.000)    3.055
   3.340   (   8.433    1.103    0.000)    8.505
   3.505   (  -2.593   -0.323    0.000)    2.613
   3.736   (  -3.504   -0.138    0.000)    3.507
   3.887   (   0.938    0.058    0.000)    0.939
   3.962   (   2.616   -0.073    0.000)    2.617
   3.964   (   0.128    5.024    0.000)    5.026
   4.205   (   4.170   -3.529    0.000)    5.462
   4.450   (  -1.236    0.420    0.000)    1.305
   4.478   (  -0.707    0.774    0.000)    1.048
   5.036   (   2.054    0.137    0.000)    2.059
   5.318   (  -0.966    0.201    0.000)    0.987
   5.866   (  -0.121   -0.182    0.000)    0.219
   7.905   (  -0.313   -0.935    0.000)    0.986
   8.283   (  -2.907    1.165    0.000)    3.132
======================= Grid point 4 (5/186) =======================
q-point: ( 0.40  0.00  0.00)
Mass variance parameters: 1.64e-04 1.64e-04 1.64e-04 1.64e-04 0.00e+00 0.00e+00 0.00e+00 0.00e+00 3.39e-05 3.39e-05 
Number of triplets: 312
Frequency     group velocity (x, y, z)     |gv|
   0.641   (   3.101   -4.374    0.000)    5.362
   0.750   (   9.017    6.647    0.000)   11.202
   0.787   (   0.327   -0.424    0.000)    0.536
   0.956   (  -7.591   -1.250    0.000)    7.694
   1.170   (  -0.924   -3.869    0.000)    3.977
   1.735   (  -1.239    2.791    0.000)    3.054
   1.773   (  -0.205   -0.451    0.000)    0.496
   1.826   (   1.905   -0.992    0.000)    2.148
   2.265   (   6.929    4.202    0.000)    8.104
   2.411   (   9.679    3.537    0.000)   10.305
   2.607   (  -0.557   -6.260    0.000)    6.285
   2.642   (  -0.199   -3.594    0.000)    3.599
   2.703   (   0.595    4.022    0.000)    4.066
   2.799   ( -11.701   -3.294    0.000)   12.155
   2.861   (   1.066   -1.727    0.000)    2.029
   2.952   (  -1.842   -0.925    0.000)    2.062
   3.373   (  -1.996    3.618    0.000)    4.132
   3.508   (   2.629   -1.196    0.000)    2.888
   3.691   (  -2.100    0.053    0.000)    2.101
   3.899   (   0.570    0.037    0.000)    0.571
   3.937   (  -0.080    2.597    0.000)    2.599
   3.996   (   1.673   -0.067    0.000)    1.675
   4.296   (   4.305   -3.369    0.000)    5.467
   4.430   (  -0.868    0.278    0.000)    0.912
   4.445   (  -2.186    2.018    0.000)    2.975
   5.064   (   1.454   -0.064    0.000)    1.456
   5.303   (  -0.691    0.182    0.000)    0.714
   5.865   (  -0.075   -0.112    0.000)    0.135
   7.907   (  -0.159   -0.631    0.000)    0.651
   8.238   (  -1.874    0.777    0.000)    2.028
======================= Grid point 5 (6/186) =======================
q-point: (-0.50  0.00  0.00)
Mass variance parameters: 1.64e-04 1.64e-04 1.64e-04 1.64e-04 0.00e+00 0.00e+00 0.00e+00 0.00e+00 3.39e-05 3.39e-05 
Number of triplets: 156
Frequency     group velocity (x, y, z)     |gv|
   0.681   (  -0.000   -0.000    0.000)    0.000
   0.792   (   0.000   -0.000    0.000)    0.000
   0.832   (  -0.000   -0.000    0.000)    0.000
   0.858   (   0.000    0.000    0.000)    0.000
   1.176   (   0.000    0.000    0.000)    0.000
   1.714   (   0.000    0.000    0.000)    0.000
   1.774   (  -0.000   -0.000    0.000)    0.000
   1.845   (   0.000   -0.000    0.000)    0.000
   2.305   (  -0.000   -0.000    0.000)    0.000
   2.525   (  -0.000    0.000    0.000)    0.000
   2.585   (   0.000    0.000    0.000)    0.000
   2.658   (   0.000    0.000    0.000)    0.000
   2.690   (  -0.000   -0.000    0.000)    0.000
   2.708   (   0.000    0.000    0.000)    0.000
   2.892   (   0.000   -0.000    0.000)    0.000
   2.940   (  -0.000    0.000    0.000)    0.000
   3.326   (  -0.000   -0.000    0.000)    0.000
   3.539   (   0.000    0.000    0.000)    0.000
   3.675   (  -0.000    0.000    0.000)    0.000
   3.903   (  -0.000    0.000    0.000)    0.000
   3.927   (  -0.000   -0.000    0.000)    0.000
   4.010   (   0.000   -0.000    0.000)    0.000
   4.367   (   0.000   -0.000    0.000)    0.000
   4.396   (  -0.000    0.000    0.000)    0.000
   4.422   (  -0.000    0.000    0.000)    0.000
   5.077   (  -0.000    0.000    0.000)    0.000
   5.296   (   0.000   -0.000    0.000)    0.000
   5.865   (   0.000    0.000    0.000)    0.000
   7.908   (   0.000    0.000    0.000)    0.000
   8.220   (   0.000   -0.000    0.000)    0.000
======================= Grid point 12 (7/186) =======================
q-point: ( 0.10  0.10  0.00)
Mass variance parameters: 1.64e-04 1.64e-04 1.64e-04 1.64e-04 0.00e+00 0.00e+00 0.00e+00 0.00e+00 3.39e-05 3.39e-05 
Number of triplets: 180
Frequency     group velocity (x, y, z)     |gv|
   0.295   (   9.313    0.000    0.000)    9.313
   0.547   (  17.250    0.000    0.000)   17.250
   0.684   (  16.402    0.000    0.000)   16.402
   0.771   (   0.251    0.000    0.000)    0.251
   1.262   (  -4.381   -0.000    0.000)    4.381
   1.696   (   6.393    0.000    0.000)    6.393
   1.758   (   0.346    0.000    0.000)    0.346
   1.867   (  -1.853   -0.000    0.000)    1.853
   2.175   (   0.624    0.000    0.000)    0.624
   2.315   (  -6.281   -0.000    0.000)    6.281
   2.527   (   1.380    0.000    0.000)    1.380
   2.596   (  -1.085   -0.000    0.000)    1.085
   2.746   (   1.208    0.000    0.000)    1.208
   2.863   (  -1.013   -0.000    0.000)    1.013
   3.012   (  -2.914   -0.000    0.000)    2.914
   3.086   (  -7.874   -0.000    0.000)    7.874
   3.188   (  10.393    0.000    0.000)   10.393
   3.529   (  -1.396   -0.000    0.000)    1.396
   3.772   (  -1.289   -0.000    0.000)    1.289
   3.873   (   0.954    0.000    0.000)    0.954
   3.920   (   2.572    0.000    0.000)    2.572
   4.064   (   2.892    0.000    0.000)    2.892
   4.092   (  -1.717   -0.000    0.000)    1.717
   4.474   (  -1.117   -0.000    0.000)    1.117
   4.475   (   1.262    0.000    0.000)    1.262
   5.011   (   1.561    0.000    0.000)    1.561
   5.334   (  -0.819   -0.000    0.000)    0.819
   5.865   (  -0.101   -0.000    0.000)    0.101
   7.898   (  -0.277   -0.000    0.000)    0.277
   8.344   (  -2.884   -0.000    0.000)    2.884
======================= Grid point 13 (8/186) =======================
q-point: ( 0.20  0.10  0.00)
Mass variance parameters: 1.64e-04 1.64e-04 1.64e-04 1.64e-04 0.00e+00 0.00e+00 0.00e+00 0.00e+00 3.39e-05 3.39e-05 
Number of triplets: 300
Frequency     group velocity (x, y, z)     |gv|
   0.446   (   8.244   -3.575    0.000)    8.986
   0.756   (  13.904    9.017    0.000)   16.572
   0.776   (   0.294   -0.123    0.000)    0.318
   0.911   (   8.619   -7.562    0.000)   11.465
   1.149   (  -9.881   -1.362    0.000)    9.975
   1.764   (   0.363   -0.077    0.000)    0.371
   1.782   (   3.728    0.360    0.000)    3.746
   1.827   (  -2.560    1.582    0.000)    3.009
   2.231   (   7.545    3.243    0.000)    8.213
   2.305   (   5.117   -1.647    0.000)    5.376
   2.522   (  -2.070   -1.343    0.000)    2.468
   2.584   (  -1.192   -1.754    0.000)    2.121
   2.764   (   1.928    2.054    0.000)    2.817
   2.847   (  -1.048   -0.394    0.000)    1.120
   2.935   ( -11.386   -1.038    0.000)   11.434
   2.965   (  -3.276   -0.839    0.000)    3.381
   3.349   (   9.506    0.298    0.000)    9.510
   3.501   (  -2.663   -0.157    0.000)    2.667
   3.729   (  -3.786   -0.453    0.000)    3.813
   3.888   (   0.928    0.025    0.000)    0.928
   3.961   (   2.609   -0.031    0.000)    2.609
   4.040   (  -1.117    4.902    0.000)    5.028
   4.150   (   4.473   -3.893    0.000)    5.930
   4.454   (  -1.333    0.160    0.000)    1.343
   4.485   (  -0.017    0.262    0.000)    0.262
   5.038   (   1.834    0.050    0.000)    1.835
   5.320   (  -0.959    0.079    0.000)    0.962
   5.864   (  -0.070   -0.070    0.000)    0.099
   7.896   (  -0.092   -0.335    0.000)    0.348
   8.295   (  -3.188    0.423    0.000)    3.216
======================= Grid point 14 (9/186) =======================
q-point: ( 0.30  0.10  0.00)
Mass variance parameters: 1.64e-04 1.64e-04 1.64e-04 1.64e-04 0.00e+00 0.00e+00 0.00e+00 0.00e+00 3.39e-05 3.39e-05 
Number of triplets: 300
Frequency     group velocity (x, y, z)     |gv|
   0.585   (   6.351   -3.323    0.000)    7.168
   0.782   (   0.297   -0.270    0.000)    0.401
   0.857   (   7.044    7.815    0.000)   10.520
   0.937   (  -9.052   -0.904    0.000)    9.097
   1.114   (   4.042   -4.407    0.000)    5.980
   1.765   (  -1.736    0.230    0.000)    1.751
   1.776   (  -0.604    1.945    0.000)    2.037
   1.810   (   0.740   -1.060    0.000)    1.293
   2.323   (   4.819    3.880    0.000)    6.187
   2.449   (  10.607    1.784    0.000)   10.756
   2.524   (   1.638   -5.309    0.000)    5.556
   2.584   (  -1.166   -3.504    0.000)    3.693
   2.762   ( -11.072   -1.706    0.000)   11.202
   2.772   (   1.969    4.606    0.000)    5.009
   2.845   (   0.500   -0.777    0.000)    0.924
   2.931   (  -2.234   -1.942    0.000)    2.961
   3.416   (  -3.014    2.602    0.000)    3.982
   3.489   (   3.550   -1.558    0.000)    3.877
   3.679   (  -3.074   -1.194    0.000)    3.298
   3.899   (   0.552    0.033    0.000)    0.553
   3.991   (  -0.891    4.350    0.000)    4.440
   3.996   (   1.700   -0.051    0.000)    1.700
   4.247   (   4.644   -3.427    0.000)    5.772
   4.433   (  -1.059    0.171    0.000)    1.072
   4.467   (  -1.683    1.115    0.000)    2.019
   5.063   (   1.337   -0.096    0.000)    1.340
   5.305   (  -0.759    0.131    0.000)    0.770
   5.864   (   0.007   -0.070    0.000)    0.070
   7.900   (   0.262   -0.366    0.000)    0.450
   8.247   (  -2.399    0.456    0.000)    2.442
======================= Grid point 15 (10/186) =======================
q-point: ( 0.40  0.10  0.00)
Mass variance parameters: 1.64e-04 1.64e-04 1.64e-04 1.64e-04 0.00e+00 0.00e+00 0.00e+00 0.00e+00 3.39e-05 3.39e-05 
Number of triplets: 300
Frequency     group velocity (x, y, z)     |gv|
   0.677   (   3.507   -0.527    0.000)    3.546
   0.784   (  -9.503   -3.492    0.000)   10.125
   0.789   (   0.284   -0.381    0.000)    0.475
   0.915   (   4.632    4.523    0.000)    6.474
   1.191   (   4.363    1.930    0.000)    4.771
   1.721   (  -1.984    0.813    0.000)    2.144
   1.777   (   0.498    0.516    0.000)    0.717
   1.834   (   0.908   -1.415    0.000)    1.681
   2.297   (  -5.127   -1.015    0.000)    5.226
   2.497   ( -10.262   -2.924    0.000)   10.671
   2.594   (  -1.328   -4.801    0.000)    4.981
   2.600   (   9.278    1.544    0.000)    9.406
   2.733   (   7.523    3.184    0.000)    8.169
   2.759   (   1.191    5.782    0.000)    5.904
   2.881   (   2.576   -1.529    0.000)    2.995
   2.928   (   0.171   -1.760    0.000)    1.768
   3.328   (  -4.696    0.296    0.000)    4.705
   3.537   (   0.903   -0.275    0.000)    0.944
   3.656   (  -1.345   -2.116    0.000)    2.507
   3.903   (  -0.024    0.018    0.000)    0.030
   3.955   (  -0.376    3.336    0.000)    3.358
   4.010   (   0.060   -0.018    0.000)    0.062
   4.336   (   3.835   -2.959    0.000)    4.844
   4.418   (  -3.214    1.815    0.000)    3.691
   4.422   (  -0.259   -0.001    0.000)    0.259
   5.076   (   0.039   -0.139    0.000)    0.145
   5.297   (  -0.163    0.048    0.000)    0.170
   5.865   (   0.101    0.000    0.000)    0.101
   7.908   (   0.596    0.009    0.000)    0.596
   8.220   (  -0.729   -0.008    0.000)    0.729
======================= Grid point 16 (11/186) =======================
q-point: (-0.50  0.10  0.00)
Mass variance parameters: 1.64e-04 1.64e-04 1.64e-04 1.64e-04 0.00e+00 0.00e+00 0.00e+00 0.00e+00 3.39e-05 3.39e-05 
Number of triplets: 300
Frequency     group velocity (x, y, z)     |gv|
   0.686   (  -6.453   -2.686    0.000)    6.990
   0.697   (   0.435    3.417    0.000)    3.444
   0.792   (  -0.117    0.192    0.000)    0.225
   0.963   (   3.530   -0.292    0.000)    3.542
   1.230   (   4.036    4.918    0.000)    6.363
   1.704   (  -0.422   -1.518    0.000)    1.576
   1.781   (   0.519    0.655    0.000)    0.835
   1.834   (  -2.297    0.114    0.000)    2.300
   2.211   (  -7.685   -3.478    0.000)    8.436
   2.356   (  -9.021   -4.232    0.000)    9.964
   2.606   (  -1.804   -5.319    0.000)    5.616
   2.688   (   2.709    5.148    0.000)    5.818
   2.737   (   1.302    5.467    0.000)    5.620
   2.835   (   7.068    1.489    0.000)    7.223
   2.907   (   3.777    5.052    0.000)    6.308
   2.954   (   1.949   -0.594    0.000)    2.037
   3.317   (   0.745   -4.405    0.000)    4.468
   3.520   (  -2.402    0.458    0.000)    2.446
   3.669   (   0.830   -2.817    0.000)    2.937
   3.898   (  -0.595   -0.017    0.000)    0.595
   3.933   (  -0.238    1.746    0.000)    1.762
   3.997   (  -1.637    0.048    0.000)    1.638
   4.337   (  -4.451    2.381    0.000)    5.048
   4.414   (   2.850   -2.412    0.000)    3.734
   4.426   (   0.631   -0.281    0.000)    0.691
   5.064   (  -1.518   -0.053    0.000)    1.519
   5.301   (   0.579   -0.142    0.000)    0.596
   5.867   (   0.176    0.112    0.000)    0.209
   7.916   (   0.745    0.688    0.000)    1.014
   8.227   (   1.159   -0.834    0.000)    1.428
======================= Grid point 17 (12/186) =======================
q-point: (-0.40  0.10  0.00)
Mass variance parameters: 1.64e-04 1.64e-04 1.64e-04 1.64e-04 0.00e+00 0.00e+00 0.00e+00 0.00e+00 3.39e-05 3.39e-05 
Number of triplets: 300
Frequency     group velocity (x, y, z)     |gv|
   0.603   (  -5.675    0.951    0.000)    5.754
   0.644   (  -2.172    7.847    0.000)    8.142
   0.785   (  -0.326    0.461    0.000)    0.565
   1.006   (   0.069   -0.906    0.000)    0.909
   1.253   (   3.621    4.790    0.000)    6.005
   1.724   (   0.397   -3.411    0.000)    3.434
   1.757   (  -7.702   -1.218    0.000)    7.798
   1.786   (   0.836    0.469    0.000)    0.958
   2.120   (  -6.600   -3.376    0.000)    7.414
   2.305   (  -0.208   -1.766    0.000)    1.778
   2.611   (  -2.011   -4.546    0.000)    4.971
   2.617   (  -5.275    4.327    0.000)    6.823
   2.728   (   1.820    4.312    0.000)    4.680
   2.884   (   2.788    2.071    0.000)    3.473
   2.991   (   2.643    0.221    0.000)    2.652
   3.007   (  10.458    3.973    0.000)   11.187
   3.317   (  -6.220   -2.281    0.000)    6.625
   3.508   (   2.369    0.028    0.000)    2.369
   3.718   (   2.722   -2.968    0.000)    4.027
   3.886   (  -0.957   -0.056    0.000)    0.959
   3.924   (  -0.459   -0.497    0.000)    0.677
   3.963   (  -2.624    0.077    0.000)    2.625
   4.244   (  -5.175    2.152    0.000)    5.604
   4.443   (   1.078   -0.522    0.000)    1.198
   4.464   (   1.850   -1.172    0.000)    2.190
   5.034   (  -2.355   -0.185    0.000)    2.362
   5.314   (   0.965   -0.237    0.000)    0.994
   5.868   (   0.202    0.224    0.000)    0.302
   7.921   (   0.726    1.297    0.000)    1.486
   8.264   (   2.398   -1.582    0.000)    2.873
======================= Grid point 18 (13/186) =======================
q-point: (-0.30  0.10  0.00)
Mass variance parameters: 1.64e-04 1.64e-04 1.64e-04 1.64e-04 0.00e+00 0.00e+00 0.00e+00 0.00e+00 3.39e-05 3.39e-05 
Number of triplets: 300
Frequency     group velocity (x, y, z)     |gv|
   0.486   (  -6.484    5.910    0.000)    8.773
   0.529   (  -3.540   11.702    0.000)   12.225
   0.778   (  -0.244    0.397    0.000)    0.466
   0.930   (  -7.854    7.394    0.000)   10.786
   1.277   (   1.670    1.177    0.000)    2.043
   1.639   (  -8.636   -3.502    0.000)    9.319
   1.748   (  -0.102   -2.102    0.000)    2.105
   1.807   (   1.412   -1.751    0.000)    2.249
   2.084   (  -0.435   -3.757    0.000)    3.782
   2.365   (   7.244    1.160    0.000)    7.337
   2.516   (  -5.527   -0.077    0.000)    5.528
   2.611   (  -1.311   -3.117    0.000)    3.381
   2.729   (   1.476    2.942    0.000)    3.291
   2.904   (   1.697    2.612    0.000)    3.115
   3.029   (   2.499    0.545    0.000)    2.558
   3.126   (   6.845    1.536    0.000)    7.015
   3.183   ( -10.112    0.601    0.000)   10.130
   3.558   (   3.745    1.676    0.000)    4.103
   3.784   (   3.205   -1.262    0.000)    3.445
   3.871   (  -0.969   -0.081    0.000)    0.972
   3.921   (  -2.605    0.057    0.000)    2.606
   3.923   (  -0.998   -3.575    0.000)    3.712
   4.158   (  -4.288    0.957    0.000)    4.394
   4.464   (   1.004   -0.637    0.000)    1.189
   4.485   (   0.542    0.432    0.000)    0.693
   5.001   (  -2.039   -0.585    0.000)    2.121
   5.331   (   0.874   -0.201    0.000)    0.897
   5.870   (   0.170    0.293    0.000)    0.339
   7.921   (   0.575    1.551    0.000)    1.654
   8.315   (   2.510   -1.912    0.000)    3.156
======================= Grid point 19 (14/186) =======================
q-point: (-0.20  0.10  0.00)
Mass variance parameters: 1.64e-04 1.64e-04 1.64e-04 1.64e-04 0.00e+00 0.00e+00 0.00e+00 0.00e+00 3.39e-05 3.39e-05 
Number of triplets: 300
Frequency     group velocity (x, y, z)     |gv|
   0.335   (  -4.023   12.323    0.000)   12.963
   0.383   (  -3.187   14.825    0.000)   15.164
   0.672   ( -13.454   17.132    0.000)   21.783
   0.772   (  -0.137    0.339    0.000)    0.366
   1.277   (  -1.188   -0.713    0.000)    1.386
   1.567   (  -4.117   -4.544    0.000)    6.131
   1.753   (  -0.182   -0.506    0.000)    0.538
   1.845   (   0.912   -3.208    0.000)    3.335
   2.156   (   5.094   -4.567    0.000)    6.842
   2.443   (  -5.323   -3.068    0.000)    6.144
   2.493   (  10.013    2.974    0.000)   10.445
   2.615   (  -0.361   -1.708    0.000)    1.746
   2.729   (   0.580    1.735    0.000)    1.830
   2.896   (  -0.729    2.139    0.000)    2.260
   3.007   ( -10.324    0.208    0.000)   10.326
   3.057   (   1.571    0.589    0.000)    1.678
   3.213   (   4.641    0.936    0.000)    4.735
   3.588   (   2.351    3.354    0.000)    4.096
   3.792   (  -1.327    2.640    0.000)    2.955
   3.859   (  -0.607   -0.084    0.000)    0.612
   3.887   (  -1.622    0.028    0.000)    1.623
   3.975   (   3.159   -6.229    0.000)    6.984
   4.101   (  -3.439   -1.127    0.000)    3.619
   4.477   (  -0.292    1.864    0.000)    1.886
   4.481   (   0.586   -0.608    0.000)    0.844
   4.983   (  -1.021   -0.856    0.000)    1.333
   5.342   (   0.485   -0.126    0.000)    0.501
   5.870   (   0.093    0.293    0.000)    0.308
   7.917   (   0.308    1.429    0.000)    1.461
   8.361   (   1.576   -1.781    0.000)    2.378
======================= Grid point 20 (15/186) =======================
q-point: (-0.10  0.10  0.00)
Mass variance parameters: 1.64e-04 1.64e-04 1.64e-04 1.64e-04 0.00e+00 0.00e+00 0.00e+00 0.00e+00 3.39e-05 3.39e-05 
Number of triplets: 180
Frequency     group velocity (x, y, z)     |gv|
   0.225   (  -0.000   15.956    0.000)   15.956
   0.242   (  -0.000   17.109    0.000)   17.109
   0.361   (  -0.000   25.528    0.000)   25.528
   0.769   (  -0.000    0.251    0.000)    0.251
   1.270   (   0.000   -0.860    0.000)    0.860
   1.567   (   0.000   -3.681    0.000)    3.681
   1.753   (   0.000   -0.041    0.000)    0.041
   1.874   (   0.000   -2.858    0.000)    2.858
   2.248   (   0.000   -4.425    0.000)    4.425
   2.407   (   0.000   -2.701    0.000)    2.701
   2.571   (  -0.000    4.041    0.000)    4.041
   2.620   (   0.000   -0.101    0.000)    0.101
   2.726   (  -0.000    0.237    0.000)    0.237
   2.862   (   0.000   -0.877    0.000)    0.877
   2.918   (  -0.000    1.987    0.000)    1.987
   3.066   (  -0.000    0.533    0.000)    0.533
   3.251   (   0.000   -0.448    0.000)    0.448
   3.582   (  -0.000    3.371    0.000)    3.371
   3.755   (  -0.000    2.515    0.000)    2.515
   3.855   (   0.000   -0.065    0.000)    0.065
   3.874   (  -0.000    0.015    0.000)    0.015
   4.056   (   0.000   -1.034    0.000)    1.034
   4.074   (   0.000   -5.520    0.000)    5.520
   4.458   (  -0.000    2.282    0.000)    2.282
   4.489   (   0.000   -0.457    0.000)    0.457
   4.981   (   0.000   -0.721    0.000)    0.721
   5.347   (   0.000   -0.077    0.000)    0.077
   5.868   (  -0.000    0.225    0.000)    0.225
   7.911   (  -0.000    1.032    0.000)    1.032
   8.384   (   0.000   -1.299    0.000)    1.299
======================= Grid point 23 (16/186) =======================
q-point: ( 0.20  0.20  0.00)
Mass variance parameters: 1.64e-04 1.64e-04 1.64e-04 1.64e-04 0.00e+00 0.00e+00 0.00e+00 0.00e+00 3.39e-05 3.39e-05 
Number of triplets: 186
Frequency     group velocity (x, y, z)     |gv|
   0.560   (   7.709    0.000    0.000)    7.709
   0.780   (   0.268    0.000    0.000)    0.268
   0.909   (  -8.428   -0.000    0.000)    8.428
   0.954   (   2.679    0.000    0.000)    2.679
   1.066   (   8.506    0.000    0.000)    8.506
   1.765   (  -0.765   -0.000    0.000)    0.765
   1.794   (  -1.874   -0.000    0.000)    1.874
   1.802   (   0.045    0.000    0.000)    0.045
   2.357   (   2.397    0.000    0.000)    2.397
   2.458   (  12.443    0.000    0.000)   12.443
   2.483   (   2.309    0.000    0.000)    2.309
   2.558   (  -1.245   -0.000    0.000)    1.245
   2.751   ( -10.486   -0.000    0.000)   10.486
   2.810   (   2.937    0.000    0.000)    2.937
   2.839   (   0.114    0.000    0.000)    0.114
   2.911   (  -3.108   -0.000    0.000)    3.108
   3.438   (  -5.561   -0.000    0.000)    5.561
   3.473   (   6.147    0.000    0.000)    6.147
   3.670   (  -3.385   -0.000    0.000)    3.385
   3.899   (   0.546    0.000    0.000)    0.546
   3.995   (   1.709    0.000    0.000)    1.709
   4.028   (  -1.840   -0.000    0.000)    1.840
   4.218   (   5.360    0.000    0.000)    5.360
   4.435   (  -1.131   -0.000    0.000)    1.131
   4.475   (  -1.497   -0.000    0.000)    1.497
   5.062   (   1.276    0.000    0.000)    1.276
   5.306   (  -0.780   -0.000    0.000)    0.780
   5.863   (   0.038    0.000    0.000)    0.038
   7.897   (   0.413    0.000    0.000)    0.413
   8.250   (  -2.589   -0.000    0.000)    2.589
======================= Grid point 24 (17/186) =======================
q-point: ( 0.30  0.20  0.00)
Mass variance parameters: 1.64e-04 1.64e-04 1.64e-04 1.64e-04 0.00e+00 0.00e+00 0.00e+00 0.00e+00 3.39e-05 3.39e-05 
Number of triplets: 300
Frequency     group velocity (x, y, z)     |gv|
   0.669   (   5.889   -0.351    0.000)    5.900
   0.750   (  -9.392   -1.311    0.000)    9.483
   0.784   (   0.221   -0.204    0.000)    0.301
   0.962   (   0.272    1.881    0.000)    1.900
   1.218   (   8.526    1.370    0.000)    8.635
   1.730   (  -2.764    0.381    0.000)    2.790
   1.785   (   0.409    0.459    0.000)    0.615
   1.814   (   1.317   -1.016    0.000)    1.663
   2.284   (  -7.675   -0.583    0.000)    7.697
   2.464   ( -11.687   -1.371    0.000)   11.767
   2.546   (  -1.343   -1.941    0.000)    2.360
   2.617   (  11.098    0.690    0.000)   11.119
   2.780   (  12.532    2.932    0.000)   12.871
   2.833   (   1.334    4.800    0.000)    4.982
   2.853   (   1.974   -2.113    0.000)    2.891
   2.892   (   0.081   -3.367    0.000)    3.368
   3.332   (  -7.467    0.188    0.000)    7.469
   3.533   (   1.359   -0.221    0.000)    1.376
   3.632   (  -1.809   -1.021    0.000)    2.077
   3.903   (  -0.039    0.011    0.000)    0.041
   3.997   (  -1.161    1.999    0.000)    2.311
   4.010   (   0.096   -0.011    0.000)    0.097
   4.301   (   4.628   -1.557    0.000)    4.883
   4.422   (  -0.419   -0.000    0.000)    0.419
   4.436   (  -3.302    0.672    0.000)    3.370
   5.074   (   0.061   -0.086    0.000)    0.105
   5.297   (  -0.262    0.030    0.000)    0.264
   5.865   (   0.164    0.000    0.000)    0.164
   7.908   (   0.965    0.005    0.000)    0.965
   8.220   (  -1.180   -0.005    0.000)    1.180
======================= Grid point 25 (18/186) =======================
q-point: (-0.60  0.20  0.00)
Mass variance parameters: 1.64e-04 1.64e-04 1.64e-04 1.64e-04 0.00e+00 0.00e+00 0.00e+00 0.00e+00 3.39e-05 3.39e-05 
Number of triplets: 312
Frequency     group velocity (x, y, z)     |gv|
   0.668   (  -2.089   -0.232    0.000)    2.102
   0.734   (   3.001    2.005    0.000)    3.610
   0.791   (   0.278   -0.378    0.000)    0.469
   0.954   (  -0.304   -0.794    0.000)    0.850
   1.297   (   4.572    4.178    0.000)    6.194
   1.692   (  -1.745   -0.283    0.000)    1.768
   1.790   (   0.584    0.577    0.000)    0.820
   1.830   (  -1.664   -0.516    0.000)    1.742
   2.173   (  -7.540   -1.906    0.000)    7.777
   2.302   (  -8.795   -3.112    0.000)    9.330
   2.542   (  -1.682   -3.562    0.000)    3.939
   2.745   (   3.958    2.937    0.000)    4.929
   2.810   (   0.657    4.679    0.000)    4.724
   2.846   (   3.307    0.361    0.000)    3.326
   2.936   (   2.483   -1.884    0.000)    3.116
   2.983   (   9.792    5.268    0.000)   11.119
   3.255   (  -2.222   -4.171    0.000)    4.726
   3.521   (  -2.602   -0.306    0.000)    2.620
   3.632   (   0.356   -2.060    0.000)    2.091
   3.898   (  -0.618   -0.001    0.000)    0.618
   3.966   (  -0.855    2.398    0.000)    2.546
   3.998   (  -1.604    0.020    0.000)    1.604
   4.361   (  -3.936    1.065    0.000)    4.077
   4.384   (   2.813   -1.685    0.000)    3.279
   4.423   (   0.438   -0.174    0.000)    0.472
   5.063   (  -1.503   -0.093    0.000)    1.506
   5.299   (   0.467   -0.066    0.000)    0.471
   5.868   (   0.257    0.069    0.000)    0.266
   7.925   (   1.287    0.460    0.000)    1.367
   8.217   (   0.513   -0.550    0.000)    0.752
======================= Grid point 26 (19/186) =======================
q-point: (-0.50  0.20  0.00)
Mass variance parameters: 1.64e-04 1.64e-04 1.64e-04 1.64e-04 0.00e+00 0.00e+00 0.00e+00 0.00e+00 3.39e-05 3.39e-05 
Number of triplets: 300
Frequency     group velocity (x, y, z)     |gv|
   0.656   (   1.550    5.810    0.000)    6.013
   0.736   (   0.538    5.187    0.000)    5.215
   0.792   (  -0.209    0.457    0.000)    0.502
   0.974   (   0.876   -3.483    0.000)    3.592
   1.312   (   1.201    3.526    0.000)    3.725
   1.685   (  -0.347   -2.057    0.000)    2.086
   1.741   (  -9.799   -1.025    0.000)    9.852
   1.795   (   0.638    0.663    0.000)    0.920
   2.085   (  -5.315   -1.659    0.000)    5.568
   2.276   (   2.365   -2.246    0.000)    3.262
   2.542   (  -1.920   -4.609    0.000)    4.993
   2.669   (  -8.163    2.990    0.000)    8.693
   2.795   (   1.558    4.720    0.000)    4.971
   2.912   (   4.183    1.884    0.000)    4.588
   2.987   (   2.755   -0.878    0.000)    2.892
   3.070   (   8.083    5.086    0.000)    9.550
   3.276   (  -3.045   -3.633    0.000)    4.740
   3.503   (   1.851   -0.746    0.000)    1.995
   3.669   (   2.005   -3.283    0.000)    3.847
   3.886   (  -0.982   -0.033    0.000)    0.982
   3.939   (  -0.758    1.944    0.000)    2.086
   3.964   (  -2.628    0.051    0.000)    2.628
   4.266   (  -6.319    1.038    0.000)    6.404
   4.436   (   0.920   -0.425    0.000)    1.014
   4.447   (   3.052   -1.177    0.000)    3.271
   5.031   (  -2.584   -0.165    0.000)    2.589
   5.311   (   0.947   -0.182    0.000)    0.965
   5.871   (   0.282    0.180    0.000)    0.335
   7.939   (   1.239    1.209    0.000)    1.731
   8.242   (   1.787   -1.439    0.000)    2.295
======================= Grid point 27 (20/186) =======================
q-point: (-0.40  0.20  0.00)
Mass variance parameters: 1.64e-04 1.64e-04 1.64e-04 1.64e-04 0.00e+00 0.00e+00 0.00e+00 0.00e+00 3.39e-05 3.39e-05 
Number of triplets: 312
Frequency     group velocity (x, y, z)     |gv|
   0.613   (   0.414   11.132    0.000)   11.139
   0.679   (  -1.203    9.426    0.000)    9.503
   0.784   (  -0.268    0.460    0.000)    0.532
   0.994   (  -0.741    1.873    0.000)    2.015
   1.294   (  -1.162    1.103    0.000)    1.603
   1.590   ( -10.499   -3.421    0.000)   11.043
   1.705   (   0.231   -3.351    0.000)    3.359
   1.801   (   0.720    0.359    0.000)    0.804
   2.045   (  -0.771   -1.756    0.000)    1.918
   2.371   (   8.135    0.008    0.000)    8.135
   2.518   (  -8.651    0.283    0.000)    8.656
   2.548   (  -1.613   -5.045    0.000)    5.296
   2.789   (   1.789    4.808    0.000)    5.130
   2.942   (   1.847    2.619    0.000)    3.205
   3.031   (   2.380   -0.336    0.000)    2.403
   3.131   (  -2.705   -0.501    0.000)    2.751
   3.209   (  -0.494    2.748    0.000)    2.792
   3.577   (   5.951    0.860    0.000)    6.013
   3.736   (   3.156   -4.677    0.000)    5.642
   3.870   (  -0.988   -0.071    0.000)    0.991
   3.913   (  -1.267    1.303    0.000)    1.818
   3.922   (  -2.630    0.049    0.000)    2.631
   4.163   (  -6.257   -0.093    0.000)    6.258
   4.454   (   0.904   -0.640    0.000)    1.107
   4.488   (   1.788    0.086    0.000)    1.790
   4.993   (  -2.467   -0.556    0.000)    2.529
   5.328   (   0.920   -0.199    0.000)    0.942
   5.874   (   0.231    0.290    0.000)    0.371
   7.945   (   0.915    1.828    0.000)    2.044
   8.286   (   2.103   -2.190    0.000)    3.037
======================= Grid point 28 (21/186) =======================
q-point: (-0.30  0.20  0.00)
Mass variance parameters: 1.64e-04 1.64e-04 1.64e-04 1.64e-04 0.00e+00 0.00e+00 0.00e+00 0.00e+00 3.39e-05 3.39e-05 
Number of triplets: 300
Frequency     group velocity (x, y, z)     |gv|
   0.526   (   0.312   14.037    0.000)   14.040
   0.578   (  -1.458   12.927    0.000)   13.009
   0.778   (  -0.132    0.423    0.000)    0.444
   0.892   (  -5.211   14.051    0.000)   14.986
   1.265   (  -2.280   -0.910    0.000)    2.455
   1.496   (  -5.279   -5.498    0.000)    7.622
   1.730   (   0.049   -2.911    0.000)    2.911
   1.814   (   0.629   -0.919    0.000)    1.114
   2.096   (   4.309   -3.927    0.000)    5.831
   2.397   (  -6.724   -3.290    0.000)    7.486
   2.525   (  10.268    1.569    0.000)   10.387
   2.564   (  -0.837   -4.940    0.000)    5.010
   2.779   (   1.097    4.712    0.000)    4.837
   2.929   (  -2.224    2.373    0.000)    3.253
   3.005   (  -8.643   -0.464    0.000)    8.656
   3.062   (   1.446   -0.005    0.000)    1.446
   3.242   (   3.821    3.195    0.000)    4.981
   3.637   (   3.533    3.532    0.000)    4.996
   3.816   (   2.011   -1.050    0.000)    2.269
   3.858   (  -0.616   -0.098    0.000)    0.624
   3.887   (  -1.641    0.030    0.000)    1.641
   3.896   (   0.856   -3.101    0.000)    3.217
   4.080   (  -5.295   -1.712    0.000)    5.565
   4.471   (   0.541   -0.753    0.000)    0.927
   4.501   (   0.620    1.437    0.000)    1.565
   4.969   (  -1.325   -1.062    0.000)    1.698
   5.340   (   0.526   -0.154    0.000)    0.548
   5.874   (   0.123    0.359    0.000)    0.380
   7.942   (   0.455    2.051    0.000)    2.101
   8.331   (   1.397   -2.488    0.000)    2.853
======================= Grid point 29 (22/186) =======================
q-point: (-0.20  0.20  0.00)
Mass variance parameters: 1.64e-04 1.64e-04 1.64e-04 1.64e-04 0.00e+00 0.00e+00 0.00e+00 0.00e+00 3.39e-05 3.39e-05 
Number of triplets: 186
Frequency     group velocity (x, y, z)     |gv|
   0.437   (  -0.000   14.542    0.000)   14.542
   0.467   (  -0.000   15.177    0.000)   15.177
   0.696   (  -0.000   22.581    0.000)   22.581
   0.774   (  -0.000    0.404    0.000)    0.404
   1.253   (   0.000   -1.479    0.000)    1.479
   1.498   (   0.000   -5.918    0.000)    5.918
   1.745   (   0.000   -1.482    0.000)    1.482
   1.831   (   0.000   -2.539    0.000)    2.539
   2.181   (   0.000   -4.995    0.000)    4.995
   2.358   (   0.000   -4.175    0.000)    4.175
   2.589   (   0.000   -4.124    0.000)    4.124
   2.624   (  -0.000    2.993    0.000)    2.993
   2.757   (  -0.000    4.042    0.000)    4.042
   2.854   (   0.000   -0.294    0.000)    0.294
   2.947   (  -0.000    2.174    0.000)    2.174
   3.073   (  -0.000    0.288    0.000)    0.288
   3.257   (  -0.000    1.627    0.000)    1.627
   3.638   (  -0.000    4.253    0.000)    4.253
   3.800   (  -0.000    3.586    0.000)    3.586
   3.854   (   0.000   -0.101    0.000)    0.101
   3.874   (  -0.000    0.020    0.000)    0.020
   3.979   (   0.000   -7.602    0.000)    7.602
   4.036   (   0.000   -1.844    0.000)    1.844
   4.480   (   0.000   -0.740    0.000)    0.740
   4.491   (  -0.000    2.282    0.000)    2.282
   4.967   (   0.000   -1.191    0.000)    1.191
   5.345   (   0.000   -0.123    0.000)    0.123
   5.873   (  -0.000    0.361    0.000)    0.361
   7.931   (  -0.000    1.878    0.000)    1.878
   8.359   (   0.000   -2.311    0.000)    2.311
======================= Grid point 34 (23/186) =======================
q-point: ( 0.30  0.30  0.00)
Mass variance parameters: 1.64e-04 1.64e-04 1.64e-04 1.64e-04 0.00e+00 0.00e+00 0.00e+00 0.00e+00 3.39e-05 3.39e-05 
Number of triplets: 180
Frequency     group velocity (x, y, z)     |gv|
   0.668   (   0.187    0.000    0.000)    0.187
   0.749   (   4.295    0.000    0.000)    4.295
   0.786   (   0.099    0.000    0.000)    0.099
   0.947   (  -2.062   -0.000    0.000)    2.062
   1.329   (   4.284    0.000    0.000)    4.284
   1.691   (  -2.220   -0.000    0.000)    2.220
   1.794   (   0.552    0.000    0.000)    0.552
   1.825   (  -1.069   -0.000    0.000)    1.069
   2.160   (  -7.290   -0.000    0.000)    7.290
   2.279   (  -8.892   -0.000    0.000)    8.892
   2.516   (  -1.645   -0.000    0.000)    1.645
   2.765   (   4.343    0.000    0.000)    4.343
   2.848   (   2.393    0.000    0.000)    2.393
   2.851   (  -0.494   -0.000    0.000)    0.494
   2.915   (   3.607    0.000    0.000)    3.607
   3.027   (  13.974    0.000    0.000)   13.974
   3.220   (  -5.729   -0.000    0.000)    5.729
   3.517   (  -2.798   -0.000    0.000)    2.798
   3.618   (   0.359    0.000    0.000)    0.359
   3.898   (  -0.627   -0.000    0.000)    0.627
   3.985   (  -1.258   -0.000    0.000)    1.258
   3.998   (  -1.590   -0.000    0.000)    1.590
   4.364   (   1.902    0.000    0.000)    1.902
   4.375   (  -2.756   -0.000    0.000)    2.756
   4.422   (   0.364    0.000    0.000)    0.364
   5.063   (  -1.483   -0.000    0.000)    1.483
   5.299   (   0.419    0.000    0.000)    0.419
   5.868   (   0.288    0.000    0.000)    0.288
   7.928   (   1.515    0.000    0.000)    1.515
   8.213   (   0.245    0.000    0.000)    0.245
======================= Grid point 35 (24/186) =======================
q-point: (-0.60  0.30  0.00)
Mass variance parameters: 1.64e-04 1.64e-04 1.64e-04 1.64e-04 0.00e+00 0.00e+00 0.00e+00 0.00e+00 3.39e-05 3.39e-05 
Number of triplets: 300
Frequency     group velocity (x, y, z)     |gv|
   0.736   (   8.170    4.420    0.000)    9.289
   0.782   (   0.699    1.478    0.000)    1.635
   0.798   (   1.348    0.440    0.000)    1.418
   0.922   (  -1.496   -3.208    0.000)    3.540
   1.346   (  -0.931    1.318    0.000)    1.613
   1.667   (  -1.051   -0.563    0.000)    1.192
   1.731   ( -10.948   -0.402    0.000)   10.955
   1.802   (   0.594    0.310    0.000)    0.670
   2.072   (  -4.195   -0.313    0.000)    4.207
   2.250   (   4.188   -1.123    0.000)    4.336
   2.495   (  -1.852   -1.872    0.000)    2.634
   2.697   (  -9.400    0.994    0.000)    9.452
   2.847   (   1.081    2.308    0.000)    2.549
   2.932   (   5.023    0.778    0.000)    5.082
   2.972   (   3.134   -0.920    0.000)    3.266
   3.143   (   4.609    5.318    0.000)    7.038
   3.217   (   0.633   -4.716    0.000)    4.759
   3.491   (   1.280   -0.649    0.000)    1.435
   3.639   (   1.871   -1.051    0.000)    2.146
   3.885   (  -0.999   -0.010    0.000)    0.999
   3.962   (  -1.186    1.013    0.000)    1.560
   3.964   (  -2.627    0.017    0.000)    2.627
   4.274   (  -7.038    0.290    0.000)    7.044
   4.432   (   0.823   -0.163    0.000)    0.839
   4.434   (   3.852   -0.520    0.000)    3.887
   5.030   (  -2.688   -0.067    0.000)    2.689
   5.310   (   0.927   -0.067    0.000)    0.930
   5.873   (   0.331    0.068    0.000)    0.338
   7.951   (   1.638    0.514    0.000)    1.717
   8.227   (   1.329   -0.602    0.000)    1.459
======================= Grid point 36 (25/186) =======================
q-point: (-0.50  0.30  0.00)
Mass variance parameters: 1.64e-04 1.64e-04 1.64e-04 1.64e-04 0.00e+00 0.00e+00 0.00e+00 0.00e+00 3.39e-05 3.39e-05 
Number of triplets: 300
Frequency     group velocity (x, y, z)     |gv|
   0.767   (   2.304   10.422    0.000)   10.674
   0.776   (   0.342    3.337    0.000)    3.355
   0.794   (  -0.240    2.108    0.000)    2.121
   0.986   (   5.625   -2.787    0.000)    6.277
   1.303   (  -3.421    0.110    0.000)    3.423
   1.551   ( -11.975   -2.089    0.000)   12.156
   1.667   (  -0.080   -1.851    0.000)    1.853
   1.808   (   0.555    0.479    0.000)    0.733
   2.034   (  -0.913   -0.078    0.000)    0.917
   2.370   (   9.404   -0.080    0.000)    9.404
   2.487   (  -1.606   -3.434    0.000)    3.791
   2.521   ( -11.479    0.037    0.000)   11.479
   2.849   (   1.678    3.523    0.000)    3.902
   2.972   (   1.800    1.637    0.000)    2.433
   3.021   (   2.398   -0.918    0.000)    2.568
   3.122   (  -7.193   -0.593    0.000)    7.217
   3.245   (   4.457    2.101    0.000)    4.928
   3.576   (   7.302   -0.939    0.000)    7.362
   3.685   (   2.541   -2.129    0.000)    3.315
   3.870   (  -1.007   -0.040    0.000)    1.008
   3.922   (  -2.647    0.027    0.000)    2.648
   3.936   (  -1.058    1.506    0.000)    1.840
   4.160   (  -7.590   -0.329    0.000)    7.597
   4.447   (   0.824   -0.397    0.000)    0.915
   4.488   (   2.661   -0.121    0.000)    2.664
   4.987   (  -2.811   -0.328    0.000)    2.830
   5.325   (   0.956   -0.123    0.000)    0.964
   5.877   (   0.279    0.178    0.000)    0.331
   7.968   (   1.281    1.348    0.000)    1.860
   8.259   (   1.682   -1.573    0.000)    2.302
======================= Grid point 37 (26/186) =======================
q-point: (-0.40  0.30  0.00)
Mass variance parameters: 1.64e-04 1.64e-04 1.64e-04 1.64e-04 0.00e+00 0.00e+00 0.00e+00 0.00e+00 3.39e-05 3.39e-05 
Number of triplets: 300
Frequency     group velocity (x, y, z)     |gv|
   0.702   (  -0.325   10.856    0.000)   10.861
   0.731   (  -0.428    8.768    0.000)    8.778
   0.783   (  -0.167    0.405    0.000)    0.438
   1.049   (   3.551    8.418    0.000)    9.136
   1.252   (  -3.368   -0.985    0.000)    3.509
   1.425   (  -6.619   -4.420    0.000)    7.959
   1.686   (   0.154   -2.921    0.000)    2.925
   1.813   (   0.388    0.377    0.000)    0.541
   2.054   (   2.698   -2.055    0.000)    3.392
   2.358   (  -8.692   -2.315    0.000)    8.995
   2.495   (  -0.899   -4.561    0.000)    4.649
   2.537   (  10.461    0.288    0.000)   10.465
   2.844   (   1.157    4.394    0.000)    4.544
   2.956   (  -5.713    1.386    0.000)    5.878
   2.999   (  -4.487   -0.210    0.000)    4.492
   3.056   (   1.368   -0.771    0.000)    1.570
   3.293   (   3.625    3.759    0.000)    5.222
   3.678   (   4.694    2.016    0.000)    5.109
   3.754   (   3.797   -5.342    0.000)    6.554
   3.857   (  -0.628   -0.075    0.000)    0.633
   3.888   (  -1.657    0.020    0.000)    1.657
   3.906   (  -1.015    2.239    0.000)    2.458
   4.057   (  -6.360   -1.619    0.000)    6.563
   4.461   (   0.497   -0.610    0.000)    0.787
   4.516   (   1.233    0.700    0.000)    1.417
   4.955   (  -1.669   -0.861    0.000)    1.878
   5.338   (   0.567   -0.124    0.000)    0.581
   5.879   (   0.153    0.287    0.000)    0.326
   7.971   (   0.649    2.028    0.000)    2.129
   8.296   (   1.171   -2.382    0.000)    2.655
======================= Grid point 38 (27/186) =======================
q-point: (-0.30  0.30  0.00)
Mass variance parameters: 1.64e-04 1.64e-04 1.64e-04 1.64e-04 0.00e+00 0.00e+00 0.00e+00 0.00e+00 3.39e-05 3.39e-05 
Number of triplets: 180
Frequency     group velocity (x, y, z)     |gv|
   0.621   (  -0.000   11.886    0.000)   11.886
   0.654   (  -0.000   11.668    0.000)   11.668
   0.779   (  -0.000    0.401    0.000)    0.401
   0.975   (  -0.000   17.320    0.000)   17.320
   1.231   (   0.000   -1.696    0.000)    1.696
   1.413   (   0.000   -6.025    0.000)    6.025
   1.709   (   0.000   -3.259    0.000)    3.259
   1.815   (   0.000   -0.112    0.000)    0.112
   2.116   (   0.000   -4.267    0.000)    4.267
   2.300   (   0.000   -3.929    0.000)    3.929
   2.522   (   0.000   -5.125    0.000)    5.125
   2.649   (  -0.000    0.838    0.000)    0.838
   2.821   (  -0.000    4.862    0.000)    4.862
   2.853   (  -0.000    0.082    0.000)    0.082
   2.976   (  -0.000    1.891    0.000)    1.891
   3.072   (   0.000   -0.468    0.000)    0.468
   3.296   (  -0.000    3.726    0.000)    3.726
   3.691   (  -0.000    3.291    0.000)    3.291
   3.827   (   0.000   -2.165    0.000)    2.165
   3.853   (   0.000   -0.097    0.000)    0.097
   3.874   (  -0.000    0.016    0.000)    0.016
   3.896   (   0.000   -1.716    0.000)    1.716
   4.008   (   0.000   -2.080    0.000)    2.080
   4.470   (   0.000   -0.741    0.000)    0.741
   4.517   (  -0.000    1.402    0.000)    1.402
   4.950   (   0.000   -1.224    0.000)    1.224
   5.344   (   0.000   -0.120    0.000)    0.120
   5.878   (  -0.000    0.356    0.000)    0.356
   7.961   (  -0.000    2.259    0.000)    2.259
   8.323   (   0.000   -2.693    0.000)    2.693
======================= Grid point 45 (28/186) =======================
q-point: (-0.60  0.40  0.00)
Mass variance parameters: 1.64e-04 1.64e-04 1.64e-04 1.64e-04 0.00e+00 0.00e+00 0.00e+00 0.00e+00 3.39e-05 3.39e-05 
Number of triplets: 186
Frequency     group velocity (x, y, z)     |gv|
   0.787   (  -0.032   -0.000    0.000)    0.032
   0.822   (   0.734    0.000    0.000)    0.734
   0.866   (  -2.843   -0.000    0.000)    2.843
   0.941   (  13.532    0.000    0.000)   13.532
   1.302   (  -4.407   -0.000    0.000)    4.407
   1.536   ( -12.548   -0.000    0.000)   12.548
   1.655   (  -0.288   -0.000    0.000)    0.288
   1.812   (   0.523    0.000    0.000)    0.523
   2.035   (  -0.907   -0.000    0.000)    0.907
   2.370   (  10.278    0.000    0.000)   10.278
   2.462   (  -1.603   -0.000    0.000)    1.603
   2.521   ( -12.849   -0.000    0.000)   12.849
   2.876   (   1.578    0.000    0.000)    1.578
   2.984   (   1.788    0.000    0.000)    1.788
   3.013   (   2.463    0.000    0.000)    2.463
   3.118   (  -8.320   -0.000    0.000)    8.320
   3.261   (   5.830    0.000    0.000)    5.830
   3.566   (   7.152    0.000    0.000)    7.152
   3.673   (   2.895    0.000    0.000)    2.895
   3.869   (  -1.015   -0.000    0.000)    1.015
   3.922   (  -2.653   -0.000    0.000)    2.653
   3.947   (  -1.039   -0.000    0.000)    1.039
   4.157   (  -8.074   -0.000    0.000)    8.074
   4.444   (   0.794    0.000    0.000)    0.794
   4.487   (   2.978    0.000    0.000)    2.978
   4.985   (  -2.942   -0.000    0.000)    2.942
   5.325   (   0.969    0.000    0.000)    0.969
   5.878   (   0.297    0.000    0.000)    0.297
   7.978   (   1.460    0.000    0.000)    1.460
   8.247   (   1.482    0.000    0.000)    1.482
======================= Grid point 47 (29/186) =======================
q-point: (-0.50  0.40  0.00)
Mass variance parameters: 1.64e-04 1.64e-04 1.64e-04 1.64e-04 0.00e+00 0.00e+00 0.00e+00 0.00e+00 3.39e-05 3.39e-05 
Number of triplets: 300
Frequency     group velocity (x, y, z)     |gv|
   0.785   (  -0.008    0.202    0.000)    0.202
   0.811   (  -1.790    4.344    0.000)    4.699
   0.816   (  -0.043    3.076    0.000)    3.076
   1.124   (   9.359    2.610    0.000)    9.716
   1.240   (  -3.414   -0.628    0.000)    3.471
   1.381   (  -7.558   -1.715    0.000)    7.750
   1.657   (   0.068   -1.072    0.000)    1.074
   1.818   (   0.327    0.247    0.000)    0.409
   2.038   (   1.094   -0.437    0.000)    1.178
   2.336   ( -10.311   -0.803    0.000)   10.343
   2.448   (  -0.919   -1.861    0.000)    2.076
   2.537   (  10.765   -0.077    0.000)   10.765
   2.891   (   1.160    1.974    0.000)    2.290
   2.966   (  -9.825    0.228    0.000)    9.828
   3.000   (   0.088    0.196    0.000)    0.214
   3.045   (   1.334   -0.661    0.000)    1.489
   3.334   (   3.865    1.691    0.000)    4.219
   3.678   (   6.299   -1.497    0.000)    6.474
   3.716   (   2.164   -0.143    0.000)    2.169
   3.856   (  -0.637   -0.028    0.000)    0.637
   3.888   (  -1.667    0.007    0.000)    1.667
   3.931   (  -0.649    1.029    0.000)    1.216
   4.040   (  -6.917   -0.697    0.000)    6.952
   4.455   (   0.471   -0.234    0.000)    0.526
   4.521   (   1.548    0.179    0.000)    1.558
   4.947   (  -1.905   -0.329    0.000)    1.933
   5.337   (   0.594   -0.047    0.000)    0.596
   5.882   (   0.171    0.109    0.000)    0.203
   7.993   (   0.814    0.919    0.000)    1.227
   8.271   (   0.987   -1.054    0.000)    1.444
======================= Grid point 48 (30/186) =======================
q-point: (-0.40  0.40  0.00)
Mass variance parameters: 1.64e-04 1.64e-04 1.64e-04 1.64e-04 0.00e+00 0.00e+00 0.00e+00 0.00e+00 3.39e-05 3.39e-05 
Number of triplets: 186
Frequency     group velocity (x, y, z)     |gv|
   0.756   (  -0.000    7.287    0.000)    7.287
   0.781   (  -0.000    6.443    0.000)    6.443
   0.784   (  -0.000    0.247    0.000)    0.247
   1.163   (  -0.000    9.564    0.000)    9.564
   1.209   (   0.000   -1.383    0.000)    1.383
   1.342   (   0.000   -3.903    0.000)    3.903
   1.669   (   0.000   -2.133    0.000)    2.133
   1.818   (  -0.000    0.369    0.000)    0.369
   2.067   (   0.000   -2.592    0.000)    2.592
   2.256   (   0.000   -2.293    0.000)    2.293
   2.460   (   0.000   -3.461    0.000)    3.461
   2.653   (   0.000   -0.078    0.000)    0.078
   2.855   (  -0.000    0.129    0.000)    0.129
   2.881   (  -0.000    3.472    0.000)    3.472
   2.997   (  -0.000    1.150    0.000)    1.150
   3.061   (   0.000   -0.938    0.000)    0.938
   3.347   (  -0.000    3.167    0.000)    3.167
   3.725   (  -0.000    1.531    0.000)    1.531
   3.762   (   0.000   -4.511    0.000)    4.511
   3.851   (   0.000   -0.058    0.000)    0.058
   3.875   (  -0.000    0.008    0.000)    0.008
   3.915   (  -0.000    1.970    0.000)    1.970
   3.983   (   0.000   -1.386    0.000)    1.386
   4.461   (   0.000   -0.459    0.000)    0.459
   4.531   (  -0.000    0.579    0.000)    0.579
   4.936   (   0.000   -0.775    0.000)    0.775
   5.342   (   0.000   -0.073    0.000)    0.073
   5.882   (  -0.000    0.218    0.000)    0.218
   7.990   (  -0.000    1.721    0.000)    1.721
   8.289   (   0.000   -1.990    0.000)    1.990
======================= Grid point 58 (31/186) =======================
q-point: ( 0.50 -0.50  0.00)
Mass variance parameters: 1.64e-04 1.64e-04 1.64e-04 1.64e-04 0.00e+00 0.00e+00 0.00e+00 0.00e+00 3.39e-05 3.39e-05 
Number of triplets: 108
Frequency     group velocity (x, y, z)     |gv|
   0.786   (  -0.000    0.000    0.000)    0.000
   0.809   (  -0.000    0.000    0.000)    0.000
   0.827   (   0.000   -0.000    0.000)    0.000
   1.198   (  -0.000    0.000    0.000)    0.000
   1.231   (   0.000   -0.000    0.000)    0.000
   1.314   (   0.000   -0.000    0.000)    0.000
   1.654   (   0.000   -0.000    0.000)    0.000
   1.821   (   0.000   -0.000    0.000)    0.000
   2.049   (   0.000   -0.000    0.000)    0.000
   2.239   (   0.000   -0.000    0.000)    0.000
   2.435   (  -0.000    0.000    0.000)    0.000
   2.652   (   0.000   -0.000    0.000)    0.000
   2.856   (  -0.000    0.000    0.000)    0.000
   2.907   (  -0.000    0.000    0.000)    0.000
   3.006   (   0.000   -0.000    0.000)    0.000
   3.053   (   0.000   -0.000    0.000)    0.000
   3.371   (   0.000   -0.000    0.000)    0.000
   3.729   (  -0.000    0.000    0.000)    0.000
   3.735   (   0.000    0.000    0.000)    0.000
   3.851   (  -0.000    0.000    0.000)    0.000
   3.875   (   0.000   -0.000    0.000)    0.000
   3.930   (  -0.000    0.000    0.000)    0.000
   3.973   (   0.000    0.000    0.000)    0.000
   4.458   (  -0.000    0.000    0.000)    0.000
   4.534   (   0.000   -0.000    0.000)    0.000
   4.930   (  -0.000    0.000    0.000)    0.000
   5.342   (  -0.000    0.000    0.000)    0.000
   5.883   (   0.000   -0.000    0.000)    0.000
   8.003   (   0.000   -0.000    0.000)    0.000
   8.275   (  -0.000    0.000    0.000)    0.000
======================= Grid point 105 (32/186) =======================
q-point: ( 0.00  0.00  0.10)
Mass variance parameters: 1.64e-04 1.64e-04 1.64e-04 1.64e-04 0.00e+00 0.00e+00 0.00e+00 0.00e+00 3.39e-05 3.39e-05 
Number of triplets: 155
Frequency     group velocity (x, y, z)     |gv|
   0.154   (   0.000    0.000    9.411)    9.411
   0.277   (   0.000    0.000   17.005)   17.005
   0.440   (   0.000    0.000   26.843)   26.843
   0.762   (   0.000    0.000   -0.591)    0.591
   1.280   (   0.000    0.000    0.535)    0.535
   1.577   (   0.000    0.000   -1.992)    1.992
   1.736   (   0.000    0.000   -2.028)    2.028
   1.895   (   0.000    0.000    0.049)    0.049
   2.293   (   0.000    0.000    1.011)    1.011
   2.394   (   0.000    0.000   -3.788)    3.788
   2.536   (   0.000    0.000   -0.138)    0.138
   2.578   (   0.000    0.000   -4.191)    4.191
   2.726   (   0.000    0.000   -0.292)    0.292
   2.898   (   0.000    0.000    2.696)    2.696
   2.912   (   0.000    0.000    1.405)    1.405
   3.051   (   0.000    0.000   -1.299)    1.299
   3.250   (   0.000    0.000   -0.760)    0.760
   3.535   (   0.000    0.000   -2.555)    2.555
   3.736   (   0.000    0.000   -0.042)    0.042
   3.873   (   0.000    0.000    1.849)    1.849
   3.887   (   0.000    0.000    1.472)    1.472
   4.087   (   0.000    0.000    2.999)    2.999
   4.092   (   0.000    0.000   -2.745)    2.745
   4.453   (   0.000    0.000    1.665)    1.665
   4.508   (   0.000    0.000    1.881)    1.881
   4.967   (   0.000    0.000   -2.297)    2.297
   5.357   (   0.000    0.000    1.227)    1.227
   5.852   (   0.000    0.000   -1.845)    1.845
   7.916   (   0.000    0.000    1.541)    1.541
   8.383   (   0.000    0.000   -1.321)    1.321
======================= Grid point 106 (33/186) =======================
q-point: ( 0.10  0.00  0.10)
Mass variance parameters: 1.64e-04 1.64e-04 1.64e-04 1.64e-04 0.00e+00 0.00e+00 0.00e+00 0.00e+00 3.39e-05 3.39e-05 
Number of triplets: 500
Frequency     group velocity (x, y, z)     |gv|
   0.332   (  13.294    8.344   10.598)   18.939
   0.383   (  10.920   -4.438   10.153)   15.557
   0.558   (   9.109  -14.617   16.636)   23.945
   0.765   (   0.306   -0.181   -0.432)    0.560
   1.290   (   0.819    0.289    0.741)    1.142
   1.596   (   3.462    1.725   -1.951)    4.332
   1.738   (   0.184   -0.056   -2.047)    2.056
   1.883   (  -0.837    1.501    0.203)    1.731
   2.211   (  -5.744    2.302    0.081)    6.189
   2.446   (   0.666    0.572   -2.247)    2.412
   2.458   (  -5.104   -1.333   -0.566)    5.305
   2.575   (  -0.705   -0.892   -4.293)    4.441
   2.725   (   0.392    1.225   -0.419)    1.353
   2.905   (   0.213   -0.974    3.098)    3.254
   3.008   (   9.340    0.615    0.491)    9.373
   3.043   (  -0.451   -1.226   -0.622)    1.447
   3.206   (  -5.166    0.028   -0.438)    5.185
   3.534   (  -0.831   -1.319   -2.277)    2.760
   3.761   (   2.012   -1.125   -0.278)    2.321
   3.870   (  -0.387    0.198    1.041)    1.128
   3.895   (   1.130    0.085    0.975)    1.495
   4.062   (  -1.212    3.813    1.037)    4.133
   4.100   (   0.705   -1.574    0.247)    1.742
   4.466   (   1.140   -0.032    1.303)    1.731
   4.505   (  -0.492   -0.360    2.081)    2.168
   4.973   (   0.914    0.289   -2.221)    2.419
   5.354   (  -0.439    0.031    1.256)    1.331
   5.852   (  -0.074   -0.116   -1.843)    1.848
   7.916   (  -0.267   -0.478    1.494)    1.591
   8.368   (  -1.637    0.611   -1.274)    2.162
======================= Grid point 107 (34/186) =======================
q-point: ( 0.20  0.00  0.10)
Mass variance parameters: 1.64e-04 1.64e-04 1.64e-04 1.64e-04 0.00e+00 0.00e+00 0.00e+00 0.00e+00 3.39e-05 3.39e-05 
Number of triplets: 500
Frequency     group velocity (x, y, z)     |gv|
   0.477   (  11.603    4.629    9.454)   15.666
   0.553   (   7.709   -3.985    9.106)   12.578
   0.764   (   1.126   -0.850   -0.522)    1.504
   0.836   (  10.396  -10.062    4.834)   15.254
   1.275   (  -3.506   -0.411    1.179)    3.722
   1.663   (   6.680    2.105   -2.049)    7.298
   1.743   (   0.333   -0.066   -2.091)    2.118
   1.850   (  -1.376    2.738    0.703)    3.144
   2.140   (   0.132    3.695   -0.126)    3.699
   2.342   (  -5.957   -1.930    0.474)    6.280
   2.497   (   2.288    0.398   -3.004)    3.797
   2.575   (  -0.516   -2.619   -4.151)    4.935
   2.721   (   0.676    2.356   -0.541)    2.510
   2.908   (  -1.161   -1.433    3.406)    3.873
   3.008   (  -2.469   -0.427   -1.298)    2.822
   3.102   (  -8.348   -1.485    0.345)    8.486
   3.192   (  11.174   -0.177    0.832)   11.206
   3.525   (  -1.468   -1.109   -1.490)    2.368
   3.777   (  -1.954   -0.685   -0.336)    2.098
   3.864   (   0.755    0.784   -0.769)    1.332
   3.920   (   2.111    0.067    0.036)    2.112
   4.019   (  -0.420    4.526    1.404)    4.757
   4.140   (   2.600   -2.865    1.581)    4.179
   4.472   (  -0.078    1.166    0.831)    1.434
   4.504   (  -0.204   -0.845    2.347)    2.503
   4.992   (   1.791    0.323   -2.024)    2.722
   5.344   (  -0.796    0.092    1.336)    1.558
   5.851   (  -0.121   -0.187   -1.840)    1.853
   7.915   (  -0.413   -0.816    1.369)    1.646
   8.327   (  -2.726    1.035   -1.147)    3.133
======================= Grid point 108 (35/186) =======================
q-point: ( 0.30  0.00  0.10)
Mass variance parameters: 1.64e-04 1.64e-04 1.64e-04 1.64e-04 0.00e+00 0.00e+00 0.00e+00 0.00e+00 3.39e-05 3.39e-05 
Number of triplets: 500
Frequency     group velocity (x, y, z)     |gv|
   0.617   (   8.349    0.068    8.654)   12.025
   0.676   (   6.840    0.624    4.873)    8.422
   0.776   (   0.598   -0.030   -0.448)    0.748
   1.001   (   3.471   -2.870    1.318)    4.693
   1.197   (  -7.071   -3.861    1.137)    8.136
   1.732   (   1.644    1.144   -2.928)    3.548
   1.750   (   0.552   -0.035   -2.382)    2.446
   1.823   (   1.658    2.811    2.505)    4.114
   2.171   (   6.894    4.279   -0.440)    8.126
   2.323   (   2.844    0.300    0.410)    2.889
   2.524   (   0.491   -3.039   -3.878)    4.951
   2.603   (   0.985   -4.446   -2.688)    5.288
   2.713   (   0.917    3.629   -0.161)    3.747
   2.888   (  -2.512   -1.571    2.859)    4.117
   2.960   (  -8.828   -1.879   -0.347)    9.032
   2.977   (  -4.865   -1.271   -0.314)    5.038
   3.346   (   8.272    0.925    0.787)    8.361
   3.503   (  -1.847   -0.437   -0.261)    1.916
   3.725   (  -3.599    0.577   -1.048)    3.792
   3.882   (   1.587    0.302   -0.566)    1.712
   3.954   (   2.079    0.083   -0.618)    2.170
   3.983   (  -0.705    3.164    1.265)    3.480
   4.215   (   4.156   -3.154    1.729)    5.496
   4.454   (  -0.971    1.296    0.798)    1.806
   4.501   (  -0.731    0.118    2.386)    2.498
   5.022   (   2.134    0.107   -1.813)    2.802
   5.329   (  -0.918    0.159    1.453)    1.726
   5.851   (  -0.122   -0.187   -1.838)    1.851
   7.915   (  -0.375   -0.887    1.209)    1.546
   8.275   (  -2.841    1.112   -0.978)    3.204
======================= Grid point 109 (36/186) =======================
q-point: ( 0.40  0.00  0.10)
Mass variance parameters: 1.64e-04 1.64e-04 1.64e-04 1.64e-04 0.00e+00 0.00e+00 0.00e+00 0.00e+00 3.39e-05 3.39e-05 
Number of triplets: 500
Frequency     group velocity (x, y, z)     |gv|
   0.719   (   3.159   -2.582    8.899)    9.790
   0.762   (   6.794    4.144    1.060)    8.029
   0.787   (   1.748    0.977    0.299)    2.025
   0.968   (  -7.019   -0.533    1.431)    7.183
   1.161   (  -1.818   -3.746   -0.826)    4.245
   1.712   (  -1.441    1.297   -2.457)    3.130
   1.754   (   0.136   -0.125   -2.212)    2.220
   1.854   (   2.234   -0.044    3.049)    3.780
   2.253   (   6.102    4.101   -1.611)    7.527
   2.408   (   9.074    3.213   -0.403)    9.635
   2.561   (   0.650   -4.195   -3.745)    5.661
   2.659   (   1.163   -5.186   -1.432)    5.504
   2.699   (   0.507    3.740    1.364)    4.013
   2.801   ( -11.860   -3.148    0.329)   12.275
   2.868   (  -0.790   -1.628    0.563)    1.896
   2.945   (  -1.642   -0.682   -0.760)    1.933
   3.382   (  -1.364    3.394    1.173)    3.841
   3.516   (   2.786   -1.250    0.862)    3.173
   3.677   (  -2.024    0.452   -1.398)    2.501
   3.903   (   1.254   -0.141    0.044)    1.263
   3.946   (  -0.911    1.865    1.029)    2.317
   3.989   (   1.467    0.014   -0.937)    1.741
   4.299   (   3.624   -2.901    0.763)    4.705
   4.428   (  -1.085    1.441    0.631)    1.911
   4.480   (  -1.310    0.709    3.119)    3.457
   5.051   (   1.484   -0.065   -1.697)    2.255
   5.316   (  -0.649    0.145    1.576)    1.710
   5.850   (  -0.077   -0.115   -1.837)    1.842
   7.916   (  -0.199   -0.599    1.073)    1.245
   8.232   (  -1.829    0.741   -0.831)    2.142
======================= Grid point 110 (37/186) =======================
q-point: (-0.50  0.00  0.10)
Mass variance parameters: 1.64e-04 1.64e-04 1.64e-04 1.64e-04 0.00e+00 0.00e+00 0.00e+00 0.00e+00 3.39e-05 3.39e-05 
Number of triplets: 260
Frequency     group velocity (x, y, z)     |gv|
   0.748   (   0.000   -0.000    7.179)    7.179
   0.790   (   0.000    0.000    0.527)    0.527
   0.857   (  -0.000   -0.000   -0.136)    0.136
   0.862   (   0.000    0.000    3.547)    3.547
   1.161   (   0.000    0.000   -1.734)    1.734
   1.695   (   0.000    0.000   -2.170)    2.170
   1.756   (   0.000    0.000   -2.124)    2.124
   1.873   (  -0.000    0.000    3.204)    3.204
   2.285   (   0.000    0.000   -2.495)    2.495
   2.511   (  -0.000   -0.000   -1.771)    1.771
   2.568   (   0.000    0.000   -1.481)    1.481
   2.682   (   0.000    0.000    2.432)    2.432
   2.683   (  -0.000   -0.000   -0.722)    0.722
   2.702   (   0.000    0.000   -0.672)    0.672
   2.880   (   0.000   -0.000   -1.365)    1.365
   2.934   (  -0.000    0.000   -0.734)    0.734
   3.344   (  -0.000   -0.000    2.204)    2.204
   3.548   (   0.000    0.000    0.965)    0.965
   3.659   (   0.000   -0.000   -1.461)    1.461
   3.923   (   0.191   -0.169   -0.534)    0.592
   3.923   (  -0.191    0.169    1.836)    1.854
   4.001   (   0.000   -0.000   -1.140)    1.140
   4.347   (   0.000   -0.000   -0.726)    0.726
   4.407   (  -0.000    0.000    1.282)    1.282
   4.465   (   0.000   -0.000    3.760)    3.760
   5.063   (  -0.000    0.000   -1.674)    1.674
   5.310   (   0.000   -0.000    1.636)    1.636
   5.850   (   0.000    0.000   -1.837)    1.837
   7.916   (   0.000   -0.000    1.019)    1.019
   8.214   (  -0.000    0.000   -0.771)    0.771
======================= Grid point 117 (38/186) =======================
q-point: ( 0.10  0.10  0.10)
Mass variance parameters: 1.64e-04 1.64e-04 1.64e-04 1.64e-04 0.00e+00 0.00e+00 0.00e+00 0.00e+00 3.39e-05 3.39e-05 
Number of triplets: 275
Frequency     group velocity (x, y, z)     |gv|
   0.483   (   5.338    0.000   16.664)   17.498
   0.598   (  14.435    0.000    5.886)   15.589
   0.706   (  14.394    0.000    3.828)   14.894
   0.772   (   0.930    0.000    0.229)    0.958
   1.273   (  -4.129   -0.000    1.239)    4.311
   1.678   (   6.006    0.000   -2.149)    6.379
   1.742   (   0.324    0.000   -2.067)    2.092
   1.871   (  -1.342   -0.000    0.517)    1.438
   2.171   (   0.398    0.000   -0.505)    0.643
   2.324   (  -5.874   -0.000    1.103)    5.976
   2.500   (   1.324    0.000   -3.241)    3.501
   2.555   (  -1.026   -0.000   -4.410)    4.528
   2.740   (   1.013    0.000   -0.581)    1.168
   2.897   (  -0.955   -0.000    3.594)    3.718
   3.004   (  -2.747   -0.000   -0.951)    2.907
   3.091   (  -8.184   -0.000    0.591)    8.205
   3.191   (  10.960    0.000    0.368)   10.966
   3.517   (  -0.880   -0.000   -1.480)    1.722
   3.770   (  -1.273   -0.000   -0.170)    1.284
   3.869   (   0.575    0.000   -0.302)    0.650
   3.921   (   2.063    0.000    0.099)    2.065
   4.070   (  -1.670   -0.000   -2.617)    3.104
   4.101   (   2.953    0.000    4.444)    5.336
   4.487   (   1.221    0.000    1.496)    1.931
   4.491   (  -1.096   -0.000    1.986)    2.268
   4.994   (   1.672    0.000   -2.069)    2.660
   5.344   (  -0.780   -0.000    1.308)    1.523
   5.850   (  -0.101   -0.000   -1.845)    1.847
   7.909   (  -0.341   -0.000    1.409)    1.449
   8.335   (  -2.818   -0.000   -1.189)    3.059
======================= Grid point 118 (39/186) =======================
q-point: ( 0.20  0.10  0.10)
Mass variance parameters: 1.64e-04 1.64e-04 1.64e-04 1.64e-04 0.00e+00 0.00e+00 0.00e+00 0.00e+00 3.39e-05 3.39e-05 
Number of triplets: 500
Frequency     group velocity (x, y, z)     |gv|
   0.574   (   5.333   -2.501   13.250)   14.500
   0.748   (   5.362    2.817   -0.480)    6.076
   0.803   (   7.670    6.625    2.672)   10.481
   0.924   (   8.250   -7.813    2.030)   11.543
   1.161   (  -9.967   -1.251    1.484)   10.154
   1.741   (   0.776    0.223   -3.101)    3.204
   1.751   (   0.856    0.120   -2.476)    2.623
   1.855   (   0.362    1.375    2.367)    2.761
   2.225   (   7.304    2.894   -0.718)    7.889
   2.315   (   4.894   -1.100    1.161)    5.149
   2.490   (  -2.385   -1.428   -3.873)    4.768
   2.557   (   0.268   -1.833   -2.928)    3.465
   2.755   (   1.563    1.851   -0.910)    2.588
   2.874   (  -2.223   -0.493    2.790)    3.601
   2.942   ( -10.708   -0.667    0.745)   10.755
   2.961   (  -3.276   -0.823   -0.499)    3.414
   3.354   (   9.518    0.226    0.569)    9.538
   3.498   (  -2.006   -0.194   -0.395)    2.053
   3.725   (  -3.923   -0.223   -0.394)    3.949
   3.886   (   1.429    0.224   -0.162)    1.456
   3.955   (   2.261    0.030   -0.690)    2.364
   4.029   (  -1.826    2.654   -1.661)    3.624
   4.174   (   4.597   -2.270    3.250)    6.070
   4.469   (  -1.236    0.743    1.727)    2.250
   4.499   (  -0.086   -0.250    1.689)    1.709
   5.023   (   1.945    0.041   -1.847)    2.682
   5.331   (  -0.909    0.062    1.402)    1.672
   5.849   (  -0.070   -0.072   -1.844)    1.847
   7.906   (  -0.166   -0.318    1.266)    1.316
   8.286   (  -3.109    0.404   -1.041)    3.303
======================= Grid point 119 (40/186) =======================
q-point: ( 0.30  0.10  0.10)
Mass variance parameters: 1.64e-04 1.64e-04 1.64e-04 1.64e-04 0.00e+00 0.00e+00 0.00e+00 0.00e+00 3.39e-05 3.39e-05 
Number of triplets: 500
Frequency     group velocity (x, y, z)     |gv|
   0.671   (   4.395   -3.063    9.427)   10.843
   0.774   (   0.724   -0.225   -0.831)    1.125
   0.875   (   7.024    7.755    1.866)   10.629
   0.952   (  -9.833   -1.225    2.129)   10.135
   1.114   (   3.796   -3.472    0.057)    5.144
   1.726   (  -1.716    0.521   -3.923)    4.314
   1.752   (  -0.032   -0.128   -1.897)    1.901
   1.857   (   0.620    0.435    3.762)    3.837
   2.307   (   3.519    3.521   -1.997)    5.363
   2.443   (   9.136    1.852   -0.864)    9.362
   2.503   (   3.828   -3.745   -1.815)    5.654
   2.585   (   0.776   -4.522   -0.527)    4.618
   2.744   (  -4.871    0.640   -1.246)    5.069
   2.784   (  -4.967    2.017    0.866)    5.430
   2.852   (  -1.106   -1.067    0.516)    1.621
   2.929   (  -1.893   -1.411   -0.171)    2.367
   3.423   (  -2.325    2.513    0.889)    3.537
   3.495   (   3.646   -1.651    0.731)    4.069
   3.672   (  -3.087   -0.760   -0.733)    3.263
   3.905   (   1.118    0.191    0.482)    1.232
   3.979   (  -0.122    1.866   -1.276)    2.264
   3.992   (   0.308    0.912   -0.815)    1.261
   4.260   (   4.282   -2.421    1.892)    5.270
   4.445   (  -1.102    0.910    1.355)    1.969
   4.487   (  -1.429    0.240    2.217)    2.649
   5.050   (   1.395   -0.082   -1.686)    2.190
   5.317   (  -0.705    0.103    1.522)    1.680
   5.849   (   0.008   -0.071   -1.841)    1.843
   7.909   (   0.200   -0.347    1.117)    1.187
   8.240   (  -2.330    0.436   -0.879)    2.529
======================= Grid point 120 (41/186) =======================
q-point: ( 0.40  0.10  0.10)
Mass variance parameters: 1.64e-04 1.64e-04 1.64e-04 1.64e-04 0.00e+00 0.00e+00 0.00e+00 0.00e+00 3.39e-05 3.39e-05 
Number of triplets: 500
Frequency     group velocity (x, y, z)     |gv|
   0.737   (   1.438   -1.292    6.408)    6.694
   0.785   (   0.522   -0.600   -0.154)    0.810
   0.808   (  -8.873   -3.176    2.889)    9.857
   0.920   (   4.239    4.013    0.785)    5.890
   1.184   (   4.588    2.872   -0.766)    5.467
   1.700   (  -0.880    0.612   -2.601)    2.813
   1.753   (  -0.070   -0.389   -2.163)    2.199
   1.868   (   0.426   -0.587    3.442)    3.518
   2.276   (  -4.756   -1.034   -2.503)    5.473
   2.492   (  -8.424   -1.868   -0.566)    8.647
   2.579   (   5.914    0.700   -1.683)    6.188
   2.609   (  -1.100   -4.462    0.805)    4.665
   2.725   (   7.142    3.011   -1.142)    7.835
   2.758   (   2.437    4.882   -0.037)    5.456
   2.872   (   2.490   -1.040   -0.963)    2.865
   2.924   (  -0.028   -1.417   -0.462)    1.491
   3.347   (  -4.252    0.283    2.190)    4.791
   3.545   (   0.894   -0.394    0.843)    1.291
   3.646   (  -1.297   -1.601   -0.992)    2.287
   3.918   (   0.651   -0.110    1.375)    1.525
   3.947   (  -0.876    2.482   -0.879)    2.775
   4.001   (   0.064    0.024   -1.100)    1.102
   4.333   (   3.084   -1.624    0.324)    3.500
   4.418   (  -1.674    1.294    1.009)    2.344
   4.462   (  -1.136   -0.348    3.333)    3.538
   5.062   (   0.049   -0.108   -1.645)    1.650
   5.310   (  -0.132    0.035    1.625)    1.630
   5.850   (   0.104    0.000   -1.837)    1.840
   7.916   (   0.565    0.007    1.018)    1.164
   8.214   (  -0.695   -0.007   -0.770)    1.037
======================= Grid point 121 (42/186) =======================
q-point: (-0.50  0.10  0.10)
Mass variance parameters: 1.64e-04 1.64e-04 1.64e-04 1.64e-04 0.00e+00 0.00e+00 0.00e+00 0.00e+00 3.39e-05 3.39e-05 
Number of triplets: 500
Frequency     group velocity (x, y, z)     |gv|
   0.685   (  -7.270   -2.953    1.772)    8.045
   0.769   (   0.409    1.663    4.616)    4.923
   0.795   (   0.139    0.837    2.490)    2.631
   0.963   (   2.891   -1.011   -0.131)    3.065
   1.224   (   4.652    5.278   -0.452)    7.050
   1.697   (   0.509   -0.729   -1.280)    1.558
   1.754   (  -0.125   -0.199   -2.584)    2.595
   1.856   (  -2.946    0.107    2.373)    3.785
   2.199   (  -7.074   -3.465   -1.497)    8.018
   2.359   (  -8.679   -3.755    0.311)    9.462
   2.588   (  -2.546   -2.172   -2.269)    4.044
   2.658   (   2.850    1.474   -2.777)    4.243
   2.746   (  -0.587    5.499    0.193)    5.534
   2.838   (   8.850    1.612    0.545)    9.012
   2.911   (   4.529    4.543    0.178)    6.417
   2.946   (   1.829   -0.294   -0.692)    1.978
   3.330   (   0.067   -4.057    1.666)    4.387
   3.528   (  -2.507    0.408    0.860)    2.681
   3.655   (   0.706   -2.395   -1.320)    2.824
   3.914   (  -1.156    1.229    0.384)    1.731
   3.933   (   0.624   -0.018    1.001)    1.180
   3.989   (  -1.436    0.127   -0.933)    1.717
   4.337   (  -2.990    2.586    0.500)    3.985
   4.407   (   1.134   -1.543    0.513)    1.982
   4.467   (   0.882   -1.183    3.327)    3.640
   5.051   (  -1.525   -0.023   -1.668)    2.260
   5.314   (   0.559   -0.116    1.628)    1.726
   5.852   (   0.180    0.115   -1.832)    1.844
   7.925   (   0.755    0.652    1.013)    1.422
   8.221   (   1.148   -0.795   -0.766)    1.592
======================= Grid point 122 (43/186) =======================
q-point: (-0.40  0.10  0.10)
Mass variance parameters: 1.64e-04 1.64e-04 1.64e-04 1.64e-04 0.00e+00 0.00e+00 0.00e+00 0.00e+00 3.39e-05 3.39e-05 
Number of triplets: 500
Frequency     group velocity (x, y, z)     |gv|
   0.586   (  -7.450   -0.269    1.131)    7.541
   0.744   (  -1.010    6.060    8.467)   10.461
   0.780   (  -0.541    0.692   -0.401)    0.965
   1.007   (   0.415   -1.597    0.243)    1.668
   1.257   (   4.057    4.453    0.589)    6.052
   1.711   (  -1.763   -1.713   -1.849)    3.076
   1.749   (  -1.296   -0.437   -1.949)    2.381
   1.789   (  -3.686   -1.710    1.535)    4.344
   2.117   (  -6.151   -3.440   -0.458)    7.062
   2.308   (  -0.350   -1.701    0.278)    1.759
   2.550   (  -3.348   -0.211   -4.331)    5.478
   2.662   (  -4.116    1.896    2.080)    4.986
   2.686   (   1.812    2.608   -3.907)    5.035
   2.914   (   3.152    2.073    2.908)    4.763
   2.977   (   2.604    0.095   -1.687)    3.104
   3.009   (   9.995    3.760    0.203)   10.681
   3.326   (  -5.827   -2.092    1.097)    6.287
   3.508   (   1.574    0.209   -0.009)    1.588
   3.699   (   2.533   -3.110   -1.665)    4.343
   3.886   (  -1.458    1.028   -0.545)    1.865
   3.947   (   0.452   -1.118    2.414)    2.698
   3.959   (  -2.198   -0.101   -0.332)    2.225
   4.255   (  -4.757    2.465    1.589)    5.588
   4.436   (   1.226   -1.095    0.081)    1.646
   4.494   (   1.246   -0.915    2.664)    3.080
   5.020   (  -2.393   -0.134   -1.741)    2.963
   5.327   (   0.923   -0.188    1.532)    1.798
   5.854   (   0.206    0.230   -1.828)    1.854
   7.930   (   0.766    1.230    1.108)    1.824
   8.257   (   2.355   -1.509   -0.869)    2.929
======================= Grid point 123 (44/186) =======================
q-point: (-0.30  0.10  0.10)
Mass variance parameters: 1.64e-04 1.64e-04 1.64e-04 1.64e-04 0.00e+00 0.00e+00 0.00e+00 0.00e+00 3.39e-05 3.39e-05 
Number of triplets: 500
Frequency     group velocity (x, y, z)     |gv|
   0.456   (  -7.982    3.297    1.781)    8.818
   0.653   (  -4.022    8.699    8.973)   13.129
   0.771   (  -0.274    0.445   -0.648)    0.833
   0.956   (  -5.347    6.418    3.683)    9.129
   1.285   (   1.544    0.967    0.966)    2.062
   1.624   (  -8.379   -3.331   -1.807)    9.196
   1.742   (  -0.338   -0.397   -1.513)    1.600
   1.806   (   1.375   -3.172    0.517)    3.495
   2.087   (  -0.144   -3.636    0.232)    3.647
   2.363   (   6.710    0.830   -0.313)    6.768
   2.490   (  -4.661   -0.785   -3.005)    5.601
   2.607   (  -1.516    0.761   -1.240)    2.101
   2.700   (   0.949    0.584   -2.244)    2.505
   2.934   (   1.387    2.245    2.907)    3.926
   3.011   (   1.733   -0.114   -2.083)    2.712
   3.125   (   6.551    1.497   -0.150)    6.721
   3.200   (  -9.031    1.239    1.942)    9.320
   3.545   (   2.991    1.662   -1.525)    3.746
   3.771   (   3.686   -2.376   -1.186)    4.543
   3.856   (  -1.552    0.353   -1.073)    1.920
   3.920   (  -2.236    0.140    0.034)    2.240
   3.966   (  -0.118   -2.801    3.464)    4.456
   4.170   (  -4.216    1.487    1.768)    4.807
   4.458   (   0.682   -0.805    0.099)    1.060
   4.511   (   0.620    0.163    2.393)    2.478
   4.986   (  -2.106   -0.498   -1.904)    2.882
   5.342   (   0.837   -0.148    1.411)    1.647
   5.855   (   0.172    0.301   -1.828)    1.861
   7.931   (   0.622    1.469    1.259)    2.033
   8.307   (   2.462   -1.825   -1.029)    3.232
======================= Grid point 124 (45/186) =======================
q-point: (-0.20  0.10  0.10)
Mass variance parameters: 1.64e-04 1.64e-04 1.64e-04 1.64e-04 0.00e+00 0.00e+00 0.00e+00 0.00e+00 3.39e-05 3.39e-05 
Number of triplets: 500
Frequency     group velocity (x, y, z)     |gv|
   0.314   (  -4.730    7.026    4.834)    9.752
   0.493   (  -8.768   10.167    6.320)   14.838
   0.758   (  -1.800    5.873    3.884)    7.267
   0.784   (  -4.810    9.564    7.717)   13.196
   1.283   (  -1.373   -0.759    0.690)    1.714
   1.552   (  -4.138   -4.450   -1.825)    6.345
   1.739   (  -0.164   -0.009   -1.937)    1.944
   1.847   (   0.871   -3.326    0.536)    3.479
   2.161   (   5.402   -4.331    0.563)    6.946
   2.424   (  -5.284   -2.661   -2.276)    6.339
   2.485   (   9.502    2.226   -1.068)    9.817
   2.592   (  -0.078    0.754   -2.899)    2.997
   2.706   (  -0.162   -0.623   -1.707)    1.824
   2.928   (  -0.101    2.150    2.862)    3.581
   2.996   (  -7.358   -1.143   -1.316)    7.562
   3.066   (  -1.619    1.792    1.085)    2.648
   3.212   (   4.454    1.173   -0.130)    4.608
   3.566   (   1.767    3.034   -2.541)    4.334
   3.788   (  -1.297    2.551   -0.411)    2.892
   3.863   (   1.254   -1.015    0.353)    1.651
   3.893   (  -1.151   -0.203    0.713)    1.369
   3.998   (   1.396   -4.971    1.958)    5.522
   4.109   (  -3.007   -0.089    1.673)    3.442
   4.466   (  -0.112   -0.039    0.069)    0.137
   4.514   (   0.265    0.732    2.503)    2.621
   4.966   (  -1.073   -0.758   -2.104)    2.480
   5.353   (   0.464   -0.081    1.312)    1.394
   5.855   (   0.094    0.301   -1.833)    1.860
   7.929   (   0.339    1.352    1.405)    1.979
   8.351   (   1.544   -1.701   -1.180)    2.582
======================= Grid point 125 (46/186) =======================
q-point: (-0.10  0.10  0.10)
Mass variance parameters: 1.64e-04 1.64e-04 1.64e-04 1.64e-04 0.00e+00 0.00e+00 0.00e+00 0.00e+00 3.39e-05 3.39e-05 
Number of triplets: 275
Frequency     group velocity (x, y, z)     |gv|
   0.267   (  -0.000   12.712    4.824)   13.597
   0.268   (  -0.000    6.058   11.290)   12.813
   0.607   (  -0.000   16.922   20.206)   26.357
   0.764   (  -0.000    0.269   -0.575)    0.634
   1.274   (   0.000   -0.877    0.518)    1.018
   1.551   (   0.000   -3.613   -1.927)    4.094
   1.737   (  -0.000    0.087   -2.020)    2.022
   1.875   (   0.000   -2.663    0.311)    2.681
   2.258   (   0.000   -4.284    1.164)    4.440
   2.382   (   0.000   -1.980   -3.089)    3.669
   2.568   (  -0.000    3.728   -0.454)    3.756
   2.582   (  -0.000    0.437   -4.499)    4.520
   2.710   (   0.000   -1.950   -1.040)    2.210
   2.901   (  -0.000    0.245    3.617)    3.625
   2.920   (  -0.000    1.300    0.369)    1.351
   3.058   (  -0.000    0.978   -0.877)    1.313
   3.246   (   0.000   -0.208   -0.538)    0.577
   3.558   (  -0.000    2.998   -2.800)    4.103
   3.754   (  -0.000    2.429   -0.113)    2.431
   3.872   (   0.000   -0.078    1.707)    1.709
   3.887   (   0.000   -0.045    1.465)    1.466
   4.059   (   0.000   -4.574   -1.881)    4.945
   4.081   (   0.000   -0.759    3.242)    3.330
   4.460   (  -0.000    0.701    0.637)    0.947
   4.512   (  -0.000    0.484    2.302)    2.352
   4.963   (   0.000   -0.645   -2.231)    2.322
   5.357   (   0.000   -0.044    1.257)    1.258
   5.853   (  -0.000    0.231   -1.839)    1.853
   7.923   (  -0.000    0.977    1.493)    1.784
   8.374   (   0.000   -1.241   -1.271)    1.776
======================= Grid point 128 (47/186) =======================
q-point: ( 0.20  0.20  0.10)
Mass variance parameters: 1.64e-04 1.64e-04 1.64e-04 1.64e-04 0.00e+00 0.00e+00 0.00e+00 0.00e+00 3.39e-05 3.39e-05 
Number of triplets: 275
Frequency     group velocity (x, y, z)     |gv|
   0.648   (   5.285    0.000    9.546)   10.911
   0.772   (   0.529    0.000   -0.882)    1.028
   0.936   (  -9.646   -0.000    3.173)   10.155
   0.951   (   2.532    0.000   -0.007)    2.532
   1.077   (   8.848    0.000    1.466)    8.968
   1.728   (  -1.732   -0.000   -4.542)    4.862
   1.751   (  -0.191   -0.000   -1.641)    1.652
   1.861   (  -0.238   -0.000    3.863)    3.870
   2.336   (   0.847    0.000   -2.562)    2.699
   2.463   (   4.203    0.000   -2.243)    4.765
   2.467   (  12.502    0.000    1.054)   12.546
   2.551   (  -0.296   -0.000   -1.107)    1.146
   2.742   (  -8.646   -0.000   -1.066)    8.712
   2.815   (   0.541    0.000    0.581)    0.794
   2.838   (  -2.117   -0.000   -0.106)    2.120
   2.916   (  -2.244   -0.000    0.441)    2.287
   3.446   (  -4.836   -0.000    0.858)    4.912
   3.478   (   6.197    0.000    0.592)    6.226
   3.665   (  -3.412   -0.000   -0.407)    3.436
   3.906   (   1.008    0.000    0.675)    1.213
   3.986   (   1.522    0.000   -1.182)    1.927
   4.008   (  -1.751   -0.000   -2.318)    2.905
   4.241   (   4.773    0.000    2.828)    5.548
   4.451   (  -1.159   -0.000    1.897)    2.223
   4.488   (  -1.405   -0.000    1.590)    2.122
   5.049   (   1.348    0.000   -1.673)    2.149
   5.318   (  -0.723   -0.000    1.499)    1.664
   5.848   (   0.040    0.000   -1.843)    1.844
   7.906   (   0.343    0.000    1.133)    1.184
   8.243   (  -2.512   -0.000   -0.897)    2.667
======================= Grid point 129 (48/186) =======================
q-point: ( 0.30  0.20  0.10)
Mass variance parameters: 1.64e-04 1.64e-04 1.64e-04 1.64e-04 0.00e+00 0.00e+00 0.00e+00 0.00e+00 3.39e-05 3.39e-05 
Number of triplets: 500
Frequency     group velocity (x, y, z)     |gv|
   0.725   (   3.524   -0.314    5.973)    6.942
   0.765   (  -6.308   -1.635    0.984)    6.590
   0.786   (  -2.327   -0.274    1.223)    2.643
   0.960   (   0.251    1.581    0.079)    1.602
   1.222   (   8.182    1.914    0.596)    8.425
   1.706   (  -1.014    0.193   -3.654)    3.797
   1.748   (  -0.301   -0.283   -1.798)    1.845
   1.862   (   0.357   -0.286    3.712)    3.740
   2.264   (  -7.086   -0.593   -2.516)    7.543
   2.474   ( -11.297   -0.622    1.144)   11.371
   2.549   (  -1.398   -2.276    0.356)    2.694
   2.599   (   9.826    0.577   -2.187)   10.083
   2.767   (  11.712    2.455   -1.657)   12.081
   2.810   (   0.832    1.952   -2.094)    2.981
   2.859   (   3.865   -0.255    0.241)    3.881
   2.898   (  -0.627   -2.000    0.592)    2.178
   3.350   (  -6.811    0.184    2.176)    7.152
   3.539   (   1.295   -0.318    0.594)    1.460
   3.627   (  -1.692   -0.771   -0.356)    1.894
   3.917   (   0.444   -0.024    1.466)    1.532
   3.978   (  -1.259    1.373   -2.259)    2.928
   4.001   (   0.195    0.039   -1.005)    1.024
   4.314   (   4.150   -0.887    1.609)    4.539
   4.435   (  -1.017    0.911    1.502)    2.030
   4.456   (  -2.535   -0.502    2.242)    3.421
   5.061   (   0.077   -0.067   -1.600)    1.603
   5.310   (  -0.213    0.021    1.607)    1.621
   5.850   (   0.168    0.000   -1.837)    1.845
   7.916   (   0.916    0.004    1.015)    1.367
   8.214   (  -1.125   -0.004   -0.768)    1.362
======================= Grid point 130 (49/186) =======================
q-point: (-0.60  0.20  0.10)
Mass variance parameters: 1.64e-04 1.64e-04 1.64e-04 1.64e-04 0.00e+00 0.00e+00 0.00e+00 0.00e+00 3.39e-05 3.39e-05 
Number of triplets: 500
Frequency     group velocity (x, y, z)     |gv|
   0.669   (  -3.397    0.305    0.734)    3.489
   0.782   (   0.870    0.471    1.762)    2.020
   0.794   (   2.298   -0.987    3.685)    4.454
   0.951   (  -0.570   -0.457   -0.193)    0.756
   1.295   (   4.548    4.374   -0.020)    6.310
   1.693   (  -0.477    0.030   -0.812)    0.942
   1.749   (   0.028   -0.451   -3.149)    3.182
   1.856   (  -2.615   -0.046    2.214)    3.427
   2.161   (  -7.075   -1.956   -1.538)    7.499
   2.312   (  -8.615   -2.610    1.198)    9.081
   2.541   (  -2.273   -3.132   -0.128)    3.872
   2.695   (   3.343    2.496   -4.928)    6.457
   2.812   (  -1.221    3.538   -1.297)    3.961
   2.854   (   6.822    1.388    1.183)    7.061
   2.923   (   2.156   -1.892   -1.249)    3.129
   2.989   (   9.897    4.829    0.577)   11.027
   3.275   (  -2.860   -3.691    2.359)    5.231
   3.527   (  -2.600   -0.461    0.626)    2.714
   3.625   (   0.181   -1.573   -0.547)    1.676
   3.920   (  -0.206   -0.060    2.255)    2.265
   3.949   (  -1.005    1.525   -1.917)    2.648
   3.992   (  -1.171    0.310   -0.665)    1.382
   4.368   (  -0.813    1.658    0.990)    2.095
   4.389   (  -0.345   -0.790    1.074)    1.377
   4.449   (   0.361   -1.319    2.623)    2.958
   5.050   (  -1.504   -0.060   -1.610)    2.204
   5.313   (   0.471   -0.056    1.659)    1.726
   5.853   (   0.263    0.071   -1.828)    1.848
   7.932   (   1.269    0.435    0.959)    1.649
   8.211   (   0.531   -0.523   -0.707)    1.028
======================= Grid point 131 (50/186) =======================
q-point: (-0.50  0.20  0.10)
Mass variance parameters: 1.64e-04 1.64e-04 1.64e-04 1.64e-04 0.00e+00 0.00e+00 0.00e+00 0.00e+00 3.39e-05 3.39e-05 
Number of triplets: 500
Frequency     group velocity (x, y, z)     |gv|
   0.625   (  -0.790    5.351   -1.308)    5.565
   0.782   (   0.002    0.586   -0.102)    0.595
   0.822   (   1.188    3.687    7.137)    8.120
   0.966   (   0.965   -3.949   -1.024)    4.192
   1.312   (   1.335    3.309    0.147)    3.571
   1.689   (  -1.892   -1.289   -0.491)    2.342
   1.737   (  -4.249   -0.983   -0.512)    4.391
   1.779   (  -3.328   -0.041   -0.890)    3.445
   2.080   (  -4.959   -1.859   -0.674)    5.338
   2.281   (   1.943   -1.959    0.621)    2.828
   2.519   (  -3.444   -3.191   -2.429)    5.286
   2.681   (  -4.137    1.633    0.568)    4.484
   2.751   (  -0.159    4.827   -4.041)    6.298
   2.941   (   4.202    1.538    2.189)    4.981
   2.969   (   2.150   -1.014   -1.691)    2.918
   3.074   (   7.849    5.413    0.467)    9.546
   3.287   (  -2.590   -3.534    1.339)    4.581
   3.505   (   1.226   -0.587    0.274)    1.387
   3.653   (   1.511   -2.945   -1.388)    3.589
   3.904   (  -1.296    1.230    0.188)    1.797
   3.936   (  -0.203   -0.455    1.246)    1.342
   3.964   (  -1.921    0.689   -0.065)    2.042
   4.282   (  -5.877    1.499    2.176)    6.443
   4.426   (   1.962   -0.243   -0.164)    1.983
   4.476   (   1.588   -1.574    2.425)    3.298
   5.018   (  -2.593   -0.112   -1.650)    3.075
   5.324   (   0.915   -0.145    1.607)    1.855
   5.857   (   0.288    0.185   -1.818)    1.850
   7.947   (   1.252    1.146    0.993)    1.966
   8.236   (   1.772   -1.372   -0.745)    2.362
======================= Grid point 132 (51/186) =======================
q-point: (-0.40  0.20  0.10)
Mass variance parameters: 1.64e-04 1.64e-04 1.64e-04 1.64e-04 0.00e+00 0.00e+00 0.00e+00 0.00e+00 3.39e-05 3.39e-05 
Number of triplets: 500
Frequency     group velocity (x, y, z)     |gv|
   0.558   (  -0.786   10.294   -2.259)   10.568
   0.770   (  -2.481    7.706    6.479)   10.369
   0.778   (  -0.144    0.471   -0.534)    0.726
   1.005   (   0.918    0.655    1.783)    2.110
   1.298   (  -1.145    0.724    0.491)    1.441
   1.577   ( -10.357   -3.229   -1.499)   10.952
   1.724   (  -0.085   -2.085    1.715)    2.700
   1.778   (   0.952   -0.651   -2.251)    2.529
   2.047   (  -0.390   -1.920    0.221)    1.972
   2.367   (   7.503    0.017   -0.535)    7.522
   2.469   (  -5.733   -2.350   -3.702)    7.218
   2.598   (  -3.981   -0.923    3.554)    5.416
   2.741   (   1.632    4.223   -5.030)    6.767
   2.966   (   1.275    2.164    2.181)    3.326
   3.001   (   0.655   -1.350   -3.084)    3.430
   3.143   (   1.035    1.149    0.873)    1.776
   3.225   (  -2.219    2.172    1.989)    3.687
   3.566   (   4.930    1.124   -1.443)    5.258
   3.715   (   3.299   -4.775   -1.541)    6.005
   3.873   (  -1.314    1.586   -0.723)    2.183
   3.924   (  -2.240    0.179    0.323)    2.271
   3.942   (  -0.365   -0.719    3.352)    3.447
   4.182   (  -5.942    0.445    2.548)    6.481
   4.451   (   1.165   -0.181   -0.044)    1.180
   4.508   (   1.299   -0.604    1.938)    2.410
   4.979   (  -2.499   -0.465   -1.748)    3.085
   5.340   (   0.886   -0.147    1.502)    1.750
   5.859   (   0.235    0.298   -1.814)    1.853
   7.954   (   0.943    1.732    1.104)    2.260
   8.279   (   2.073   -2.089   -0.864)    3.067
======================= Grid point 133 (52/186) =======================
q-point: (-0.30  0.20  0.10)
Mass variance parameters: 1.64e-04 1.64e-04 1.64e-04 1.64e-04 0.00e+00 0.00e+00 0.00e+00 0.00e+00 3.39e-05 3.39e-05 
Number of triplets: 500
Frequency     group velocity (x, y, z)     |gv|
   0.474   (   1.604   13.970   -1.530)   14.144
   0.641   (  -6.225   10.558    3.650)   12.788
   0.773   (  -0.036    0.521   -0.449)    0.689
   0.957   (  -1.816   10.650    7.433)   13.113
   1.270   (  -2.367   -1.023    0.566)    2.640
   1.482   (  -5.328   -5.401   -1.650)    7.764
   1.734   (  -0.095   -1.012   -0.414)    1.097
   1.804   (   0.825   -2.394   -0.326)    2.553
   2.103   (   4.624   -3.825    0.861)    6.062
   2.379   (  -6.427   -3.559   -2.086)    7.637
   2.511   (   9.872    1.392   -1.714)   10.116
   2.576   (  -1.065   -2.619    1.158)    3.055
   2.728   (  -0.211    3.377   -4.799)    5.872
   2.959   (  -0.081    2.294    2.274)    3.231
   2.975   (  -6.447   -1.980   -2.841)    7.318
   3.088   (  -1.698    1.305    2.509)    3.299
   3.244   (   3.612    3.376    0.250)    4.950
   3.609   (   2.522    2.990   -3.082)    4.980
   3.808   (   3.077   -2.041   -0.618)    3.744
   3.848   (   0.439    0.625   -0.590)    0.965
   3.891   (  -1.467    0.063    0.495)    1.549
   3.942   (  -0.741   -2.587    3.667)    4.549
   4.101   (  -4.597   -0.929    2.963)    5.548
   4.465   (   0.511   -0.042   -0.195)    0.549
   4.522   (   0.522    0.422    2.011)    2.120
   4.954   (  -1.360   -0.938   -1.910)    2.525
   5.352   (   0.506   -0.098    1.403)    1.494
   5.859   (   0.125    0.369   -1.817)    1.858
   7.952   (   0.479    1.943    1.244)    2.356
   8.323   (   1.373   -2.374   -1.011)    2.923
======================= Grid point 134 (53/186) =======================
q-point: (-0.20  0.20  0.10)
Mass variance parameters: 1.64e-04 1.64e-04 1.64e-04 1.64e-04 0.00e+00 0.00e+00 0.00e+00 0.00e+00 3.39e-05 3.39e-05 
Number of triplets: 275
Frequency     group velocity (x, y, z)     |gv|
   0.432   (  -0.000   14.943    0.387)   14.948
   0.452   (  -0.000   13.282    1.853)   13.411
   0.769   (  -0.000    0.440   -0.527)    0.686
   0.839   (  -0.000   15.894   13.484)   20.843
   1.257   (   0.000   -1.501    0.477)    1.575
   1.484   (   0.000   -5.830   -1.777)    6.094
   1.737   (   0.000   -0.287   -1.484)    1.511
   1.831   (   0.000   -3.270    0.424)    3.298
   2.192   (   0.000   -4.854    1.406)    5.054
   2.339   (   0.000   -3.983   -2.290)    4.594
   2.581   (   0.000   -1.244   -1.767)    2.161
   2.616   (  -0.000    2.706   -1.001)    2.886
   2.693   (  -0.000    0.278   -4.560)    4.569
   2.901   (   0.000   -0.283    2.041)    2.061
   2.945   (  -0.000    2.142    0.834)    2.298
   3.075   (  -0.000    1.235    0.357)    1.286
   3.255   (  -0.000    1.868   -0.119)    1.872
   3.606   (  -0.000    3.550   -3.418)    4.928
   3.797   (  -0.000    3.421   -0.316)    3.435
   3.871   (   0.000   -0.085    1.299)    1.301
   3.886   (   0.000   -0.068    1.435)    1.437
   3.978   (   0.000   -6.613   -0.232)    6.617
   4.067   (   0.000   -1.293    3.974)    4.179
   4.467   (  -0.000    0.318   -0.351)    0.474
   4.521   (  -0.000    0.791    2.362)    2.491
   4.951   (   0.000   -1.065   -2.055)    2.315
   5.356   (   0.000   -0.069    1.335)    1.337
   5.858   (  -0.000    0.370   -1.824)    1.861
   7.942   (  -0.000    1.778    1.358)    2.237
   8.350   (   0.000   -2.206   -1.129)    2.478
======================= Grid point 139 (54/186) =======================
q-point: ( 0.30  0.30  0.10)
Mass variance parameters: 1.64e-04 1.64e-04 1.64e-04 1.64e-04 0.00e+00 0.00e+00 0.00e+00 0.00e+00 3.39e-05 3.39e-05 
Number of triplets: 275
Frequency     group velocity (x, y, z)     |gv|
   0.676   (  -0.918   -0.000    0.803)    1.220
   0.782   (   2.973    0.000    3.494)    4.588
   0.786   (   0.373    0.000    0.194)    0.420
   0.949   (  -1.676   -0.000    0.474)    1.742
   1.329   (   4.003    0.000    0.099)    4.004
   1.694   (  -0.849   -0.000   -0.768)    1.145
   1.745   (   0.190    0.000   -3.407)    3.412
   1.855   (  -2.267   -0.000    2.220)    3.173
   2.147   (  -6.922   -0.000   -1.608)    7.107
   2.293   (  -8.750   -0.000    1.691)    8.912
   2.517   (  -1.997   -0.000    0.192)    2.006
   2.713   (   3.217    0.000   -5.333)    6.228
   2.834   (   0.381    0.000   -1.551)    1.597
   2.883   (   3.166    0.000    2.684)    4.151
   2.893   (   3.676    0.000   -2.612)    4.510
   3.028   (  13.589    0.000    0.122)   13.590
   3.244   (  -5.863   -0.000    2.906)    6.544
   3.522   (  -2.723   -0.000    0.456)    2.761
   3.614   (   0.136    0.000   -0.143)    0.197
   3.919   (  -0.102   -0.000    2.308)    2.310
   3.960   (  -1.591   -0.000   -2.591)    3.041
   3.996   (  -0.955   -0.000   -0.510)    1.083
   4.375   (   4.082    0.000    1.058)    4.216
   4.390   (  -5.083   -0.000    2.154)    5.521
   4.437   (   0.300    0.000    1.729)    1.755
   5.050   (  -1.483   -0.000   -1.579)    2.166
   5.312   (   0.434    0.000    1.668)    1.723
   5.854   (   0.294    0.000   -1.826)    1.850
   7.936   (   1.485    0.000    0.937)    1.756
   8.207   (   0.276    0.000   -0.684)    0.737
======================= Grid point 140 (55/186) =======================
q-point: (-0.60  0.30  0.10)
Mass variance parameters: 1.64e-04 1.64e-04 1.64e-04 1.64e-04 0.00e+00 0.00e+00 0.00e+00 0.00e+00 3.39e-05 3.39e-05 
Number of triplets: 500
Frequency     group velocity (x, y, z)     |gv|
   0.709   (   4.893    5.319   -2.070)    7.518
   0.791   (   0.445    1.057    0.104)    1.152
   0.832   (   3.575   -2.715    3.634)    5.776
   0.923   (  -1.771   -1.257    0.507)    2.230
   1.344   (  -0.950    1.238   -0.113)    1.564
   1.677   (  -2.450   -0.403    0.125)    2.486
   1.727   (  -5.695   -0.399   -0.096)    5.710
   1.780   (  -2.899    0.140   -1.806)    3.419
   2.064   (  -4.006   -0.496   -1.047)    4.170
   2.260   (   3.543   -0.895    1.127)    3.825
   2.484   (  -3.097   -1.482   -1.231)    3.648
   2.698   (  -5.012    0.656   -0.701)    5.103
   2.804   (  -0.464    2.373   -3.636)    4.367
   2.943   (   2.635   -0.837   -2.823)    3.951
   2.965   (   4.225    0.452    2.582)    4.972
   3.151   (   4.900    5.540    0.891)    7.450
   3.229   (   0.691   -4.733    1.427)    4.992
   3.495   (   0.920   -0.601    0.428)    1.179
   3.627   (   1.066   -0.897   -1.021)    1.727
   3.914   (  -0.558    0.324    2.639)    2.717
   3.933   (  -1.640   -0.074   -1.956)    2.554
   3.974   (  -1.538    0.505    0.188)    1.630
   4.296   (  -6.747    0.463    2.649)    7.263
   4.431   (   2.875    0.864    0.295)    3.017
   4.453   (   1.501   -1.572    1.754)    2.793
   5.017   (  -2.685   -0.044   -1.583)    3.117
   5.323   (   0.904   -0.054    1.651)    1.883
   5.858   (   0.338    0.070   -1.813)    1.845
   7.959   (   1.630    0.487    0.911)    1.930
   8.222   (   1.335   -0.573   -0.659)    1.595
======================= Grid point 141 (56/186) =======================
q-point: (-0.50  0.30  0.10)
Mass variance parameters: 1.64e-04 1.64e-04 1.64e-04 1.64e-04 0.00e+00 0.00e+00 0.00e+00 0.00e+00 3.39e-05 3.39e-05 
Number of triplets: 500
Frequency     group velocity (x, y, z)     |gv|
   0.707   (   2.321   10.104   -3.121)   10.826
   0.785   (  -0.146    0.827   -0.494)    0.974
   0.856   (  -1.245    4.442    4.817)    6.670
   0.980   (   6.079   -4.004   -0.376)    7.289
   1.302   (  -3.394   -0.097    0.030)    3.396
   1.541   ( -11.876   -1.930   -1.188)   12.090
   1.697   (  -0.141   -1.449    3.458)    3.752
   1.777   (   0.682    0.206   -3.636)    3.705
   2.032   (  -0.528   -0.470   -0.272)    0.757
   2.367   (   8.649    0.051   -0.339)    8.656
   2.433   (  -5.610   -2.315   -3.544)    7.028
   2.591   (  -6.275   -0.179    5.266)    8.194
   2.797   (   1.443    3.534   -5.592)    6.771
   2.974   (  -0.221   -1.760   -4.291)    4.643
   2.993   (   0.840    1.163    1.727)    2.245
   3.156   (  -3.179    0.761    2.838)    4.328
   3.253   (   3.587    1.662    1.117)    4.108
   3.572   (   6.755   -0.262   -0.775)    6.804
   3.660   (   1.967   -2.635   -1.854)    3.775
   3.892   (  -1.277    1.129   -0.473)    1.769
   3.918   (  -1.158   -0.733    2.016)    2.438
   3.946   (  -1.265    0.774    0.976)    1.775
   4.185   (  -7.175   -0.014    3.208)    7.859
   4.453   (   1.167    0.406    0.620)    1.382
   4.496   (   2.143   -0.957    1.026)    2.561
   4.974   (  -2.818   -0.270   -1.617)    3.260
   5.338   (   0.925   -0.090    1.576)    1.830
   5.862   (   0.284    0.183   -1.803)    1.835
   7.976   (   1.291    1.278    0.956)    2.052
   8.253   (   1.671   -1.499   -0.709)    2.353
======================= Grid point 142 (57/186) =======================
q-point: (-0.40  0.30  0.10)
Mass variance parameters: 1.64e-04 1.64e-04 1.64e-04 1.64e-04 0.00e+00 0.00e+00 0.00e+00 0.00e+00 3.39e-05 3.39e-05 
Number of triplets: 500
Frequency     group velocity (x, y, z)     |gv|
   0.661   (   2.259   12.092   -2.348)   12.523
   0.769   (  -2.863    6.126    1.055)    6.844
   0.783   (  -0.967    2.490    1.040)    2.867
   1.062   (   3.730    4.621    1.847)    6.219
   1.254   (  -3.238   -1.274    0.282)    3.491
   1.412   (  -6.738   -4.327   -1.477)    8.142
   1.710   (   0.075   -1.985    2.578)    3.255
   1.788   (   0.584   -0.252   -2.692)    2.766
   2.061   (   3.215   -2.182    0.860)    3.979
   2.333   (  -7.643   -2.928   -2.423)    8.535
   2.520   (   9.044   -0.172   -0.815)    9.082
   2.542   (  -0.689   -1.746    3.698)    4.147
   2.782   (  -0.629    4.092   -6.191)    7.448
   2.942   (  -5.850   -2.656   -4.076)    7.608
   2.988   (   0.068    1.723    1.257)    2.134
   3.102   (  -1.482    0.775    3.970)    4.308
   3.297   (   3.482    3.847    0.438)    5.207
   3.643   (   2.591    1.708   -3.829)    4.928
   3.746   (   5.441   -5.027    0.115)    7.409
   3.870   (  -0.423    1.304   -0.450)    1.443
   3.896   (  -1.544    0.514    0.978)    1.898
   3.926   (  -1.414   -0.037    2.582)    2.944
   4.087   (  -5.501   -0.998    4.124)    6.947
   4.465   (   0.612    0.087    0.471)    0.777
   4.524   (   1.035   -0.064    1.004)    1.443
   4.941   (  -1.686   -0.757   -1.710)    2.518
   5.351   (   0.548   -0.078    1.494)    1.593
   5.864   (   0.155    0.295   -1.801)    1.832
   7.980   (   0.662    1.922    1.056)    2.290
   8.289   (   1.158   -2.271   -0.814)    2.676
======================= Grid point 143 (58/186) =======================
q-point: (-0.30  0.30  0.10)
Mass variance parameters: 1.64e-04 1.64e-04 1.64e-04 1.64e-04 0.00e+00 0.00e+00 0.00e+00 0.00e+00 3.39e-05 3.39e-05 
Number of triplets: 275
Frequency     group velocity (x, y, z)     |gv|
   0.623   (  -0.000   11.093    0.228)   11.095
   0.637   (  -0.000   13.878   -0.980)   13.913
   0.776   (  -0.000    0.490   -0.427)    0.650
   1.029   (  -0.000   11.131    5.846)   12.573
   1.235   (   0.000   -1.692    0.448)    1.750
   1.400   (   0.000   -5.968   -1.635)    6.188
   1.724   (   0.000   -1.685    1.085)    2.004
   1.798   (   0.000   -1.263   -1.404)    1.889
   2.129   (   0.000   -4.126    1.645)    4.442
   2.281   (   0.000   -4.057   -2.192)    4.611
   2.546   (   0.000   -3.092    2.649)    4.072
   2.639   (  -0.000    0.724   -1.344)    1.527
   2.721   (  -0.000    3.274   -7.478)    8.164
   2.893   (   0.000   -1.014   -0.701)    1.233
   2.975   (  -0.000    2.058    0.990)    2.284
   3.090   (  -0.000    0.922    2.152)    2.341
   3.297   (  -0.000    3.874    0.182)    3.878
   3.647   (  -0.000    2.248   -4.268)    4.824
   3.826   (   0.000   -0.955   -0.109)    0.961
   3.870   (  -0.000    0.038    0.680)    0.681
   3.885   (   0.000   -0.049    1.386)    1.387
   3.902   (   0.000   -2.341    0.781)    2.468
   4.048   (   0.000   -1.361    5.113)    5.291
   4.469   (  -0.000    0.063    0.098)    0.116
   4.530   (  -0.000    0.460    1.404)    1.478
   4.935   (   0.000   -1.093   -1.831)    2.133
   5.355   (   0.000   -0.066    1.432)    1.434
   5.863   (  -0.000    0.366   -1.807)    1.843
   7.970   (  -0.000    2.140    1.167)    2.438
   8.316   (   0.000   -2.569   -0.930)    2.732
======================= Grid point 150 (59/186) =======================
q-point: (-0.60  0.40  0.10)
Mass variance parameters: 1.64e-04 1.64e-04 1.64e-04 1.64e-04 0.00e+00 0.00e+00 0.00e+00 0.00e+00 3.39e-05 3.39e-05 
Number of triplets: 275
Frequency     group velocity (x, y, z)     |gv|
   0.773   (   0.501    0.000   -1.704)    1.776
   0.821   (  -0.174   -0.000   -0.206)    0.270
   0.890   (  -1.740   -0.000    3.017)    3.483
   0.926   (  11.620    0.000   -1.789)   11.757
   1.300   (  -4.365   -0.000   -0.088)    4.366
   1.527   ( -12.435   -0.000   -1.044)   12.478
   1.687   (  -0.288   -0.000    3.850)    3.861
   1.779   (   0.641    0.000   -3.901)    3.954
   2.030   (  -0.550   -0.000   -0.640)    0.844
   2.368   (   9.527    0.000   -0.179)    9.529
   2.415   (  -5.757   -0.000   -3.279)    6.626
   2.590   (  -7.238   -0.000    5.663)    9.190
   2.825   (   1.465    0.000   -5.524)    5.715
   2.958   (  -0.790   -0.000   -5.115)    5.176
   3.002   (   0.765    0.000    1.745)    1.905
   3.162   (  -4.583   -0.000    3.722)    5.904
   3.266   (   5.699    0.000    0.685)    5.740
   3.567   (   7.254    0.000   -0.150)    7.256
   3.644   (   1.528    0.000   -2.337)    2.792
   3.903   (  -1.818   -0.000   -1.974)    2.683
   3.910   (  -0.393   -0.000    3.861)    3.881
   3.953   (  -1.420   -0.000    0.398)    1.475
   4.184   (  -7.612   -0.000    3.449)    8.357
   4.458   (   0.740    0.000    1.494)    1.667
   4.488   (   2.867    0.000    0.120)    2.869
   4.972   (  -2.940   -0.000   -1.567)    3.331
   5.338   (   0.939    0.000    1.605)    1.859
   5.864   (   0.303    0.000   -1.799)    1.824
   7.985   (   1.460    0.000    0.891)    1.710
   8.242   (   1.480    0.000   -0.641)    1.613
======================= Grid point 152 (60/186) =======================
q-point: (-0.50  0.40  0.10)
Mass variance parameters: 1.64e-04 1.64e-04 1.64e-04 1.64e-04 0.00e+00 0.00e+00 0.00e+00 0.00e+00 3.39e-05 3.39e-05 
Number of triplets: 500
Frequency     group velocity (x, y, z)     |gv|
   0.771   (   0.140    1.881   -1.605)    2.477
   0.799   (  -0.108    3.443   -0.350)    3.463
   0.856   (  -1.442    3.421    3.475)    5.085
   1.093   (   8.255    0.486   -3.598)    9.018
   1.238   (  -3.536   -0.842    0.028)    3.635
   1.370   (  -7.776   -1.643   -1.314)    8.056
   1.689   (   0.071   -0.834    3.767)    3.859
   1.788   (   0.476    0.102   -3.526)    3.559
   2.042   (   1.943   -0.615    0.586)    2.120
   2.303   (  -8.217   -1.156   -2.697)    8.725
   2.515   (  -0.081   -0.183    5.243)    5.247
   2.528   (   7.895   -0.563    0.069)    7.916
   2.834   (   0.041    3.047   -6.188)    6.898
   2.904   (  -6.280   -2.498   -5.506)    8.717
   3.005   (   0.105    0.643    0.620)    0.899
   3.109   (  -1.460    0.257    5.064)    5.276
   3.338   (   3.829    1.739    0.532)    4.238
   3.656   (   2.066    0.400   -4.601)    5.060
   3.693   (   5.705   -2.156    1.042)    6.188
   3.880   (  -0.922    0.305   -0.762)    1.235
   3.900   (  -1.071    0.090    2.903)    3.096
   3.932   (  -1.019    0.490    0.275)    1.164
   4.077   (  -5.886   -0.424    4.901)    7.671
   4.467   (   0.481    0.091    1.295)    1.385
   4.522   (   1.471   -0.139    0.113)    1.482
   4.934   (  -1.909   -0.288   -1.585)    2.498
   5.350   (   0.575   -0.029    1.550)    1.654
   5.867   (   0.174    0.112   -1.792)    1.804
   8.000   (   0.818    0.871    0.916)    1.505
   8.265   (   0.982   -1.005   -0.669)    1.556
======================= Grid point 153 (61/186) =======================
q-point: (-0.40  0.40  0.10)
Mass variance parameters: 1.64e-04 1.64e-04 1.64e-04 1.64e-04 0.00e+00 0.00e+00 0.00e+00 0.00e+00 3.39e-05 3.39e-05 
Number of triplets: 275
Frequency     group velocity (x, y, z)     |gv|
   0.746   (  -0.000    6.007   -1.128)    6.112
   0.785   (  -0.000    1.120   -0.006)    1.120
   0.797   (  -0.000    8.678    1.824)    8.867
   1.140   (  -0.000    4.963   -2.304)    5.472
   1.213   (   0.000   -1.326    0.496)    1.415
   1.329   (   0.000   -3.891   -1.566)    4.194
   1.698   (   0.000   -1.560    3.301)    3.651
   1.791   (  -0.000    0.017   -3.065)    3.065
   2.082   (   0.000   -2.484    1.864)    3.106
   2.235   (   0.000   -2.379   -2.256)    3.279
   2.509   (   0.000   -1.986    5.393)    5.747
   2.641   (   0.000   -0.093   -1.442)    1.445
   2.770   (  -0.000    3.377   -7.010)    7.781
   2.873   (   0.000   -1.737   -3.743)    4.127
   2.999   (  -0.000    1.272    0.485)    1.361
   3.099   (  -0.000    0.438    3.919)    3.943
   3.350   (  -0.000    3.298    0.387)    3.321
   3.666   (  -0.000    0.577   -5.136)    5.169
   3.776   (   0.000   -3.924    1.642)    4.254
   3.872   (  -0.000    0.133    0.046)    0.141
   3.885   (  -0.000    0.005    1.327)    1.327
   3.913   (  -0.000    1.700   -0.177)    1.709
   4.032   (   0.000   -0.858    6.271)    6.330
   4.470   (  -0.000    0.046    0.989)    0.990
   4.534   (  -0.000    0.073    0.372)    0.379
   4.922   (   0.000   -0.691   -1.644)    1.783
   5.355   (   0.000   -0.039    1.510)    1.511
   5.867   (  -0.000    0.224   -1.793)    1.807
   7.998   (  -0.000    1.631    0.981)    1.903
   8.284   (   0.000   -1.897   -0.737)    2.035
======================= Grid point 163 (62/186) =======================
q-point: ( 0.50 -0.50  0.10)
Mass variance parameters: 1.64e-04 1.64e-04 1.64e-04 1.64e-04 0.00e+00 0.00e+00 0.00e+00 0.00e+00 3.39e-05 3.39e-05 
Number of triplets: 155
Frequency     group velocity (x, y, z)     |gv|
   0.775   (   0.000   -0.000   -1.269)    1.269
   0.808   (  -0.000    0.000   -0.233)    0.233
   0.860   (   0.000   -0.000    4.114)    4.114
   1.173   (   0.000   -0.000   -6.579)    6.579
   1.203   (   0.000   -0.000    0.565)    0.565
   1.301   (   0.000   -0.000   -1.556)    1.556
   1.687   (   0.000   -0.000    3.869)    3.869
   1.792   (  -0.000    0.000   -3.443)    3.443
   2.065   (  -0.000    0.000    1.962)    1.962
   2.218   (   0.000   -0.000   -2.270)    2.270
   2.495   (  -0.000    0.000    6.518)    6.518
   2.640   (  -0.000    0.000   -1.451)    1.451
   2.800   (  -0.000    0.000   -5.443)    5.443
   2.855   (   0.000   -0.000   -6.098)    6.098
   3.008   (  -0.000   -0.000    0.117)    0.117
   3.102   (  -0.000    0.000    4.708)    4.708
   3.375   (  -0.000    0.000    0.513)    0.513
   3.669   (   0.000   -0.000   -5.552)    5.552
   3.746   (   0.000   -0.000    2.127)    2.127
   3.873   (  -0.000    0.000   -0.214)    0.214
   3.885   (   0.000   -0.000    1.272)    1.272
   3.926   (  -0.000    0.000   -0.381)    0.381
   4.026   (   0.000   -0.000    6.778)    6.778
   4.471   (  -0.000    0.000    1.431)    1.431
   4.534   (   0.000   -0.000   -0.080)    0.080
   4.917   (  -0.000   -0.000   -1.571)    1.571
   5.354   (   0.000    0.000    1.540)    1.540
   5.869   (   0.000   -0.000   -1.788)    1.788
   8.010   (  -0.000    0.000    0.898)    0.898
   8.269   (   0.000   -0.000   -0.651)    0.651
======================= Grid point 210 (63/186) =======================
q-point: ( 0.00  0.00  0.20)
Mass variance parameters: 1.64e-04 1.64e-04 1.64e-04 1.64e-04 0.00e+00 0.00e+00 0.00e+00 0.00e+00 3.39e-05 3.39e-05 
Number of triplets: 186
Frequency     group velocity (x, y, z)     |gv|
   0.301   (   0.000    0.000    8.810)    8.810
   0.546   (   0.000    0.000   16.264)   16.264
   0.749   (   0.000    0.000   -1.122)    1.122
   0.858   (   0.000    0.000   24.640)   24.640
   1.292   (   0.000    0.000    0.842)    0.842
   1.532   (   0.000    0.000   -3.439)    3.439
   1.686   (   0.000    0.000   -4.192)    4.192
   1.903   (   0.000    0.000    1.073)    1.073
   2.314   (   0.000    0.000   -5.899)    5.899
   2.317   (   0.000    0.000    2.003)    2.003
   2.487   (   0.000    0.000   -7.014)    7.014
   2.531   (   0.000    0.000   -0.436)    0.436
   2.724   (   0.000    0.000    0.129)    0.129
   2.941   (   0.000    0.000    2.034)    2.034
   2.943   (   0.000    0.000    2.516)    2.516
   3.021   (   0.000    0.000   -2.283)    2.283
   3.237   (   0.000    0.000   -0.607)    0.607
   3.481   (   0.000    0.000   -3.920)    3.920
   3.737   (   0.000    0.000    0.242)    0.242
   3.904   (   0.000    0.000    1.853)    1.853
   3.915   (   0.000    0.000    1.807)    1.807
   4.033   (   0.000    0.000   -4.433)    4.433
   4.162   (   0.000    0.000    6.345)    6.345
   4.490   (   0.000    0.000    2.760)    2.760
   4.546   (   0.000    0.000    2.628)    2.628
   4.913   (   0.000    0.000   -4.447)    4.447
   5.387   (   0.000    0.000    2.397)    2.397
   5.809   (   0.000    0.000   -3.454)    3.454
   7.953   (   0.000    0.000    2.945)    2.945
   8.351   (   0.000    0.000   -2.574)    2.574
======================= Grid point 211 (64/186) =======================
q-point: ( 0.10  0.00  0.20)
Mass variance parameters: 1.64e-04 1.64e-04 1.64e-04 1.64e-04 0.00e+00 0.00e+00 0.00e+00 0.00e+00 3.39e-05 3.39e-05 
Number of triplets: 500
Frequency     group velocity (x, y, z)     |gv|
   0.447   (  13.078   -0.914    5.268)   14.129
   0.586   (   6.446    2.590   13.973)   15.604
   0.754   (   0.761    0.088   -0.509)    0.920
   0.894   (   1.519   -6.803   21.905)   22.987
   1.306   (   1.429    0.337    1.214)    1.905
   1.553   (   3.513    1.594   -3.341)    5.103
   1.687   (   0.212    0.090   -4.179)    4.186
   1.894   (  -0.683    1.027    1.247)    1.754
   2.207   (  -6.229    1.498   -0.877)    6.466
   2.392   (   3.823    0.723   -3.639)    5.327
   2.451   (  -6.819    0.638   -1.717)    7.061
   2.490   (  -1.664   -2.445   -5.032)    5.836
   2.723   (   0.348    1.276    0.241)    1.345
   2.956   (   1.208   -0.253    2.819)    3.077
   3.000   (   1.333    2.033   -1.614)    2.918
   3.045   (   7.037   -2.883    0.992)    7.669
   3.201   (  -4.556   -0.277   -0.056)    4.565
   3.485   (  -0.130   -1.211   -3.640)    3.839
   3.758   (   1.708   -1.011   -0.068)    1.986
   3.888   (  -1.884    0.641    1.145)    2.295
   3.914   (   0.127    0.286    1.156)    1.198
   4.026   (  -0.380    0.969   -3.835)    3.974
   4.169   (   1.082   -0.413    6.759)    6.858
   4.497   (   1.031    0.909    2.527)    2.877
   4.545   (  -0.391   -0.644    2.675)    2.779
   4.920   (   1.091    0.185   -4.304)    4.444
   5.384   (  -0.375   -0.020    2.452)    2.480
   5.808   (  -0.074   -0.126   -3.451)    3.454
   7.951   (  -0.371   -0.399    2.856)    2.907
   8.337   (  -1.533    0.528   -2.485)    2.967
======================= Grid point 212 (65/186) =======================
q-point: ( 0.20  0.00  0.20)
Mass variance parameters: 1.64e-04 1.64e-04 1.64e-04 1.64e-04 0.00e+00 0.00e+00 0.00e+00 0.00e+00 3.39e-05 3.39e-05 
Number of triplets: 504
Frequency     group velocity (x, y, z)     |gv|
   0.610   (  10.379    5.642    6.237)   13.359
   0.699   (   6.649   -2.213    6.475)    9.541
   0.771   (   2.121    0.778    2.883)    3.663
   0.985   (   2.948   -7.580   13.728)   15.956
   1.302   (  -2.770   -0.220    2.087)    3.475
   1.618   (   6.067    1.823   -3.423)    7.201
   1.691   (   0.427    0.182   -4.127)    4.153
   1.870   (  -0.682    2.091    1.771)    2.823
   2.135   (  -0.419    2.869   -0.691)    2.980
   2.349   (  -4.771   -0.214   -0.036)    4.776
   2.427   (   1.004   -0.334   -5.564)    5.664
   2.499   (   0.346   -3.185   -4.744)    5.724
   2.719   (   0.686    1.793    0.419)    1.965
   2.965   (  -0.916   -0.725    3.326)    3.525
   2.979   (  -1.867    0.355   -2.173)    2.887
   3.107   (  -7.453   -0.777    0.087)    7.494
   3.213   (  10.281   -1.470    1.788)   10.538
   3.492   (  -0.119   -1.140   -2.593)    2.835
   3.772   (  -1.997   -0.267   -0.211)    2.026
   3.855   (   0.109    1.571   -0.256)    1.596
   3.921   (   1.039    0.106    0.017)    1.044
   4.009   (  -1.130    0.661   -2.415)    2.748
   4.208   (   3.051   -1.424    6.577)    7.388
   4.498   (   0.164    1.985    2.261)    3.014
   4.545   (  -0.321   -0.919    2.642)    2.816
   4.944   (   2.066    0.178   -3.940)    4.453
   5.376   (  -0.680    0.001    2.604)    2.691
   5.808   (  -0.123   -0.204   -3.445)    3.453
   7.947   (  -0.586   -0.683    2.618)    2.768
   8.300   (  -2.549    0.894   -2.244)    3.512
======================= Grid point 213 (66/186) =======================
q-point: ( 0.30  0.00  0.20)
Mass variance parameters: 1.64e-04 1.64e-04 1.64e-04 1.64e-04 0.00e+00 0.00e+00 0.00e+00 0.00e+00 3.39e-05 3.39e-05 
Number of triplets: 500
Frequency     group velocity (x, y, z)     |gv|
   0.712   (   7.760    4.960    3.668)    9.913
   0.765   (   1.830    0.196   -0.504)    1.908
   0.830   (   4.571   -1.252   11.172)   12.136
   1.051   (   0.495   -1.091    5.693)    5.818
   1.226   (  -7.525   -3.238    2.598)    8.594
   1.675   (   1.305    0.827   -4.186)    4.462
   1.699   (   0.528   -0.163   -3.687)    3.729
   1.867   (   3.082    2.484    3.000)    4.967
   2.158   (   5.679    4.043   -1.353)    7.101
   2.326   (   2.160    0.948   -0.479)    2.407
   2.447   (   1.006   -2.839   -5.145)    5.962
   2.544   (   1.942   -4.140   -4.221)    6.223
   2.722   (   1.439    1.888    1.188)    2.655
   2.927   (  -4.683   -1.035    0.552)    4.828
   2.950   (  -2.528   -0.679    0.353)    2.641
   2.979   (  -9.387   -1.565    0.524)    9.531
   3.363   (   7.776    0.466    1.214)    7.884
   3.496   (   0.133   -0.799   -0.568)    0.989
   3.712   (  -3.702    1.384   -0.352)    3.968
   3.871   (   1.991    0.735   -0.754)    2.253
   3.942   (   1.447   -0.191   -0.922)    1.726
   3.984   (  -1.657    0.192   -1.313)    2.123
   4.274   (   3.594   -2.013    5.521)    6.888
   4.477   (  -0.810    2.076    2.065)    3.038
   4.544   (  -0.495   -0.171    2.751)    2.800
   4.978   (   2.352    0.015   -3.561)    4.268
   5.364   (  -0.777    0.048    2.820)    2.925
   5.808   (  -0.128   -0.203   -3.441)    3.450
   7.943   (  -0.556   -0.745    2.312)    2.492
   8.252   (  -2.651    0.959   -1.926)    3.414
======================= Grid point 214 (67/186) =======================
q-point: ( 0.40  0.00  0.20)
Mass variance parameters: 1.64e-04 1.64e-04 1.64e-04 1.64e-04 0.00e+00 0.00e+00 0.00e+00 0.00e+00 3.39e-05 3.39e-05 
Number of triplets: 504
Frequency     group velocity (x, y, z)     |gv|
   0.766   (   0.915   -0.509   -0.416)    1.126
   0.802   (   5.694    4.197    1.192)    7.173
   0.901   (   3.321   -0.750   12.412)   12.871
   1.004   (  -4.663    2.273    3.205)    6.098
   1.154   (  -4.835   -3.993    0.503)    6.291
   1.662   (  -1.284    0.377   -3.676)    3.912
   1.706   (   0.249   -0.271   -3.484)    3.503
   1.913   (   3.156    0.575    4.027)    5.149
   2.212   (   3.822    3.573   -3.542)    6.318
   2.393   (   7.304    1.893   -1.690)    7.733
   2.503   (   3.391   -2.150   -3.103)    5.074
   2.608   (   3.175   -2.635   -3.913)    5.686
   2.734   (   0.832    1.598    2.216)    2.856
   2.811   ( -11.631   -3.787    0.988)   12.272
   2.869   (  -4.021   -1.117   -0.656)    4.224
   2.932   (  -1.492   -0.469   -0.627)    1.685
   3.408   (   0.164    2.664    1.968)    3.316
   3.532   (   3.090   -1.360    1.038)    3.532
   3.660   (  -1.913    0.872   -0.414)    2.143
   3.895   (   1.629    0.509   -0.986)    1.971
   3.954   (  -0.973   -0.277   -0.351)    1.071
   3.968   (   0.591    0.007   -1.579)    1.686
   4.336   (   2.455   -1.977    4.045)    5.128
   4.450   (  -0.841    1.763    1.941)    2.753
   4.533   (  -0.649    0.304    3.314)    3.390
   5.010   (   1.571   -0.082   -3.348)    3.699
   5.353   (  -0.537    0.058    3.030)    3.078
   5.807   (  -0.081   -0.125   -3.441)    3.444
   7.941   (  -0.317   -0.504    2.051)    2.135
   8.212   (  -1.702    0.639   -1.648)    2.454
======================= Grid point 215 (68/186) =======================
q-point: (-0.50  0.00  0.20)
Mass variance parameters: 1.64e-04 1.64e-04 1.64e-04 1.64e-04 0.00e+00 0.00e+00 0.00e+00 0.00e+00 3.39e-05 3.39e-05 
Number of triplets: 260
Frequency     group velocity (x, y, z)     |gv|
   0.772   (  -0.000    0.000   -0.680)    0.680
   0.851   (  -0.000    0.000   -0.666)    0.666
   0.913   (   0.000   -0.000    8.478)    8.478
   0.955   (  -0.000    0.000    9.721)    9.721
   1.129   (   0.000    0.000   -1.888)    1.888
   1.649   (   0.000    0.000   -3.348)    3.348
   1.709   (   0.000    0.000   -3.427)    3.427
   1.937   (   0.000   -0.000    4.411)    4.411
   2.226   (   0.000    0.000   -4.697)    4.697
   2.468   (  -0.000   -0.000   -3.446)    3.446
   2.547   (   0.000    0.000   -1.111)    1.111
   2.662   (  -0.000   -0.000   -2.095)    2.095
   2.694   (   0.000    0.000   -0.007)    0.007
   2.723   (  -0.000   -0.000    2.316)    2.316
   2.853   (   0.000   -0.000   -1.751)    1.751
   2.919   (  -0.000   -0.000   -0.976)    0.976
   3.391   (  -0.000   -0.000    3.384)    3.384
   3.565   (   0.000    0.000    1.022)    1.022
   3.642   (  -0.000   -0.000   -0.302)    0.302
   3.908   (  -0.000    0.000   -1.306)    1.306
   3.943   (  -0.000    0.000    0.314)    0.314
   3.975   (   0.000   -0.000   -1.886)    1.886
   4.366   (   0.000    0.000    3.047)    3.047
   4.435   (  -0.000    0.000    2.092)    2.092
   4.526   (   0.000   -0.000    3.755)    3.755
   5.023   (   0.000    0.000   -3.294)    3.294
   5.348   (   0.000   -0.000    3.124)    3.124
   5.807   (  -0.000   -0.000   -3.442)    3.442
   7.940   (  -0.000    0.000    1.946)    1.946
   8.196   (   0.000   -0.000   -1.536)    1.536
======================= Grid point 222 (69/186) =======================
q-point: ( 0.10  0.10  0.20)
Mass variance parameters: 1.64e-04 1.64e-04 1.64e-04 1.64e-04 0.00e+00 0.00e+00 0.00e+00 0.00e+00 3.39e-05 3.39e-05 
Number of triplets: 280
Frequency     group velocity (x, y, z)     |gv|
   0.641   (  10.235    0.000    3.233)   10.733
   0.702   (   5.301    0.000    4.878)    7.204
   0.797   (   6.072    0.000    4.514)    7.566
   0.902   (   3.103    0.000   19.106)   19.356
   1.301   (  -3.345   -0.000    2.186)    3.996
   1.631   (   5.375    0.000   -3.563)    6.449
   1.693   (   0.379    0.000   -3.938)    3.956
   1.886   (  -0.520   -0.000    1.402)    1.495
   2.157   (  -0.117   -0.000   -1.290)    1.295
   2.346   (  -4.798   -0.000    1.468)    5.017
   2.424   (  -0.293   -0.000   -6.372)    6.379
   2.475   (   0.547    0.000   -4.870)    4.900
   2.733   (   0.577    0.000   -0.120)    0.589
   2.960   (  -0.916   -0.000    3.774)    3.883
   2.981   (  -2.281   -0.000   -1.828)    2.923
   3.101   (  -8.011   -0.000    0.445)    8.023
   3.202   (  11.298    0.000    1.140)   11.355
   3.483   (   0.381    0.000   -2.654)    2.681
   3.768   (  -1.056   -0.000   -0.075)    1.059
   3.868   (  -0.329   -0.000    0.174)    0.372
   3.922   (   0.884    0.000   -0.021)    0.885
   4.015   (  -1.506   -0.000   -4.066)    4.336
   4.197   (   2.891    0.000    7.170)    7.731
   4.520   (   1.133    0.000    2.517)    2.760
   4.531   (  -1.089   -0.000    2.715)    2.925
   4.945   (   1.982    0.000   -4.021)    4.483
   5.376   (  -0.661   -0.000    2.554)    2.638
   5.807   (  -0.102   -0.000   -3.455)    3.457
   7.943   (  -0.527   -0.000    2.694)    2.745
   8.306   (  -2.629   -0.000   -2.324)    3.509
======================= Grid point 223 (70/186) =======================
q-point: ( 0.20  0.10  0.20)
Mass variance parameters: 1.64e-04 1.64e-04 1.64e-04 1.64e-04 0.00e+00 0.00e+00 0.00e+00 0.00e+00 3.39e-05 3.39e-05 
Number of triplets: 500
Frequency     group velocity (x, y, z)     |gv|
   0.742   (   1.970    0.413    0.066)    2.014
   0.754   (   3.955   -1.216    4.419)    6.054
   0.892   (   8.255    8.031   10.262)   15.425
   0.998   (   5.016   -6.253    8.158)   11.437
   1.196   (  -9.932   -1.038    2.901)   10.399
   1.680   (   0.028    0.065   -4.205)    4.205
   1.700   (   0.780    0.166   -3.877)    3.958
   1.895   (   2.303    1.163    2.659)    3.705
   2.205   (   6.378    2.235   -1.867)    7.011
   2.337   (   4.005    0.704    1.101)    4.212
   2.406   (  -1.350   -2.377   -6.007)    6.600
   2.501   (   1.711   -1.716   -3.757)    4.471
   2.743   (   1.026    0.855   -0.361)    1.384
   2.920   (  -4.640   -0.064    2.287)    5.173
   2.945   (  -2.596    0.047   -0.470)    2.639
   2.961   (  -9.508   -0.997    0.953)    9.607
   3.366   (   9.397    0.031    0.851)    9.436
   3.488   (  -0.255   -0.331   -0.886)    0.979
   3.721   (  -4.007    0.155    0.065)    4.011
   3.883   (   1.980    0.649   -0.250)    2.099
   3.940   (   1.403   -0.016   -1.075)    1.768
   3.986   (  -1.905    0.116   -3.435)    3.930
   4.254   (   3.745   -0.810    6.312)    7.384
   4.504   (  -1.175    1.550    2.484)    3.155
   4.535   (  -0.117   -0.887    2.643)    2.790
   4.978   (   2.243    0.012   -3.626)    4.263
   5.364   (  -0.757    0.019    2.738)    2.840
   5.806   (  -0.071   -0.078   -3.455)    3.456
   7.936   (  -0.382   -0.267    2.423)    2.467
   8.261   (  -2.882    0.349   -2.044)    3.550
======================= Grid point 224 (71/186) =======================
q-point: ( 0.30  0.10  0.20)
Mass variance parameters: 1.64e-04 1.64e-04 1.64e-04 1.64e-04 0.00e+00 0.00e+00 0.00e+00 0.00e+00 3.39e-05 3.39e-05 
Number of triplets: 500
Frequency     group velocity (x, y, z)     |gv|
   0.760   (   0.690   -0.346   -0.668)    1.021
   0.809   (   2.087   -1.644    3.854)    4.681
   0.945   (   4.516    5.193    9.419)   11.665
   1.011   (  -9.412   -0.779    5.069)   10.719
   1.123   (   3.180   -0.998    1.293)    3.575
   1.658   (  -2.132   -0.784   -4.487)    5.029
   1.709   (   0.686    0.456   -3.322)    3.423
   1.921   (   1.609    0.554    4.210)    4.541
   2.255   (   0.560    2.496   -4.549)    5.219
   2.411   (   6.880    0.762   -3.090)    7.581
   2.484   (   7.291   -0.502   -0.653)    7.338
   2.558   (   4.379   -3.925   -2.532)    6.402
   2.737   (  -4.532   -1.420    0.485)    4.774
   2.799   (  -6.136    2.103    1.063)    6.573
   2.856   (  -4.322   -1.068   -0.030)    4.452
   2.925   (  -1.340   -0.556   -0.365)    1.496
   3.442   (  -0.589    2.169    1.271)    2.582
   3.509   (   3.728   -1.920    0.827)    4.274
   3.664   (  -2.937   -0.041    0.063)    2.938
   3.908   (   1.841    1.016   -0.311)    2.125
   3.952   (  -0.819   -0.045   -1.943)    2.109
   3.968   (   0.499    0.023   -1.921)    1.985
   4.315   (   3.110   -1.131    4.732)    5.774
   4.474   (  -1.198    1.602    2.182)    2.960
   4.531   (  -0.964   -0.541    3.103)    3.294
   5.009   (   1.555   -0.059   -3.345)    3.689
   5.354   (  -0.554    0.042    2.955)    3.007
   5.806   (   0.010   -0.077   -3.450)    3.451
   7.935   (   0.018   -0.294    2.136)    2.157
   8.219   (  -2.133    0.377   -1.741)    2.779
======================= Grid point 225 (72/186) =======================
q-point: ( 0.40  0.10  0.20)
Mass variance parameters: 1.64e-04 1.64e-04 1.64e-04 1.64e-04 0.00e+00 0.00e+00 0.00e+00 0.00e+00 3.39e-05 3.39e-05 
Number of triplets: 500
Frequency     group velocity (x, y, z)     |gv|
   0.767   (  -0.330   -0.751   -0.702)    1.080
   0.830   (  -3.987   -1.872    1.980)    4.829
   0.887   (  -2.894   -3.443    5.781)    7.325
   0.970   (   0.726    2.032    7.422)    7.729
   1.176   (   5.598    5.384    0.256)    7.771
   1.641   (  -0.715   -1.062   -4.379)    4.562
   1.715   (   0.492    0.629   -2.660)    2.777
   1.934   (  -0.160   -0.400    4.537)    4.557
   2.218   (  -3.822   -1.065   -4.749)    6.188
   2.473   (  -3.176    0.812   -2.211)    3.954
   2.547   (   2.267    0.236   -1.762)    2.881
   2.625   (  -4.336   -5.159    1.101)    6.829
   2.694   (   6.205    2.270   -2.503)    7.065
   2.759   (   2.466    2.344   -0.050)    3.402
   2.856   (   3.435    0.475   -0.776)    3.554
   2.915   (  -0.186   -0.570   -0.571)    0.828
   3.393   (  -3.163    0.209    3.292)    4.570
   3.559   (   0.668   -0.901    0.667)    1.305
   3.637   (  -0.950   -0.608    0.233)    1.152
   3.917   (  -0.123    1.070   -1.833)    2.126
   3.943   (   0.384   -0.045    0.417)    0.568
   3.977   (   0.226    0.194   -1.764)    1.789
   4.361   (   2.048   -0.540    3.166)    3.809
   4.445   (  -1.310    1.352    2.157)    2.863
   4.519   (  -0.943   -0.946    3.649)    3.886
   5.023   (   0.085   -0.039   -3.256)    3.257
   5.349   (  -0.055    0.015    3.116)    3.117
   5.807   (   0.112   -0.000   -3.442)    3.444
   7.940   (   0.475    0.004    1.945)    2.002
   8.196   (  -0.597   -0.004   -1.534)    1.646
======================= Grid point 226 (73/186) =======================
q-point: (-0.50  0.10  0.20)
Mass variance parameters: 1.64e-04 1.64e-04 1.64e-04 1.64e-04 0.00e+00 0.00e+00 0.00e+00 0.00e+00 3.39e-05 3.39e-05 
Number of triplets: 500
Frequency     group velocity (x, y, z)     |gv|
   0.732   (  -7.421   -4.444    3.240)    9.237
   0.774   (  -0.528    0.623   -0.339)    0.885
   0.930   (   1.294    0.612   10.213)   10.313
   0.957   (   0.496   -2.564   -0.339)    2.634
   1.227   (   6.084    5.941    1.131)    8.578
   1.649   (   0.506   -1.289   -4.498)    4.707
   1.715   (   0.208    0.816   -2.174)    2.331
   1.906   (  -4.162   -0.390    3.751)    5.616
   2.162   (  -5.362   -3.386   -3.096)    7.057
   2.363   (  -7.650   -2.200    0.137)    7.962
   2.533   (  -3.023    1.659   -4.285)    5.500
   2.616   (  -0.248   -1.209   -2.353)    2.657
   2.734   (   0.204    1.951   -1.390)    2.404
   2.852   (   8.987    1.041    0.588)    9.066
   2.900   (   3.897    2.906   -1.041)    4.972
   2.945   (   4.191    2.224    0.473)    4.768
   3.368   (  -1.362   -3.089    2.917)    4.462
   3.543   (  -2.656    0.084    0.869)    2.796
   3.641   (   0.593   -1.547   -0.094)    1.660
   3.897   (  -1.435    0.624   -1.848)    2.421
   3.959   (   1.417    0.233    1.104)    1.812
   3.970   (  -0.852    0.366   -1.413)    1.690
   4.367   (  -1.239    2.427    3.428)    4.379
   4.428   (  -0.000   -1.311    1.929)    2.332
   4.522   (   0.164   -1.408    3.316)    3.606
   5.011   (  -1.549    0.061   -3.288)    3.635
   5.352   (   0.508   -0.045    3.113)    3.155
   5.809   (   0.193    0.124   -3.430)    3.438
   7.948   (   0.783    0.547    1.935)    2.158
   8.202   (   1.116   -0.682   -1.525)    2.009
======================= Grid point 227 (74/186) =======================
q-point: (-0.40  0.10  0.20)
Mass variance parameters: 1.64e-04 1.64e-04 1.64e-04 1.64e-04 0.00e+00 0.00e+00 0.00e+00 0.00e+00 3.39e-05 3.39e-05 
Number of triplets: 500
Frequency     group velocity (x, y, z)     |gv|
   0.643   (  -7.648   -3.427    5.196)    9.861
   0.766   (  -0.381    0.364   -0.864)    1.012
   0.878   (  -3.274    4.263    6.257)    8.249
   1.033   (   3.177   -3.307    4.276)    6.270
   1.277   (   4.549    3.711    1.953)    6.187
   1.658   (  -1.765   -1.430   -4.754)    5.269
   1.704   (  -1.375    0.500   -2.865)    3.217
   1.834   (  -4.259   -2.127    3.573)    5.952
   2.104   (  -4.826   -3.561   -1.180)    6.112
   2.310   (  -0.726   -1.233   -0.143)    1.437
   2.473   (  -3.152    0.740   -5.242)    6.161
   2.604   (  -0.642    4.150   -5.005)    6.533
   2.701   (  -2.121   -0.680    1.911)    2.935
   2.934   (   2.510   -0.530   -2.410)    3.520
   2.967   (   3.447    1.757    2.288)    4.495
   3.015   (   9.322    3.935    0.569)   10.135
   3.349   (  -5.081   -1.613    1.735)    5.606
   3.507   (  -0.473    0.642   -0.124)    0.807
   3.680   (   2.564   -3.004   -0.439)    3.973
   3.869   (  -1.628    0.447   -1.393)    2.189
   3.947   (  -1.490    0.573   -0.799)    1.785
   3.981   (   1.378   -0.173    0.926)    1.669
   4.306   (  -3.758    2.517    4.907)    6.673
   4.450   (   0.921   -1.724    1.576)    2.511
   4.538   (   0.640   -1.036    2.652)    2.918
   4.978   (  -2.504    0.013   -3.428)    4.245
   5.363   (   0.806   -0.054    2.952)    3.060
   5.811   (   0.218    0.248   -3.420)    3.436
   7.956   (   0.881    1.033    2.117)    2.515
   8.236   (   2.231   -1.298   -1.719)    3.102
======================= Grid point 228 (75/186) =======================
q-point: (-0.30  0.10  0.20)
Mass variance parameters: 1.64e-04 1.64e-04 1.64e-04 1.64e-04 0.00e+00 0.00e+00 0.00e+00 0.00e+00 3.39e-05 3.39e-05 
Number of triplets: 500
Frequency     group velocity (x, y, z)     |gv|
   0.545   (  -7.391   -2.075    7.894)   11.011
   0.745   (  -3.236    2.663    0.590)    4.232
   0.783   (  -3.922    2.996    3.890)    6.284
   1.064   (   0.450    3.242    9.556)   10.101
   1.307   (   0.967    0.480    1.769)    2.072
   1.585   (  -7.848   -2.871   -3.037)    8.891
   1.688   (  -0.419   -0.167   -4.612)    4.634
   1.835   (   0.908   -2.722    2.788)    4.001
   2.090   (   0.672   -3.256    0.052)    3.325
   2.350   (   4.964    0.009   -1.649)    5.231
   2.427   (  -2.974   -0.545   -4.430)    5.364
   2.554   (  -0.817    4.617   -4.626)    6.586
   2.692   (  -0.659   -1.804    1.096)    2.212
   2.965   (   0.464   -1.224   -2.728)    3.026
   2.984   (   0.893    1.452    2.387)    2.933
   3.122   (   5.825    1.547   -0.185)    6.030
   3.240   (  -7.196    2.215    2.765)    8.021
   3.512   (   1.318    1.691   -2.469)    3.270
   3.757   (   4.149   -2.832   -0.376)    5.037
   3.842   (  -1.363    0.216   -0.741)    1.566
   3.921   (  -1.401    0.139   -0.014)    1.408
   4.000   (   0.472   -0.677    0.260)    0.865
   4.231   (  -3.693    1.738    5.998)    7.255
   4.473   (   0.364   -1.555    1.657)    2.301
   4.551   (   0.451   -0.170    2.374)    2.422
   4.940   (  -2.294   -0.253   -3.724)    4.381
   5.376   (   0.730   -0.001    2.737)    2.832
   5.812   (   0.180    0.326   -3.419)    3.439
   7.961   (   0.759    1.231    2.406)    2.807
   8.282   (   2.321   -1.573   -2.021)    3.456
======================= Grid point 229 (76/186) =======================
q-point: (-0.20  0.10  0.20)
Mass variance parameters: 1.64e-04 1.64e-04 1.64e-04 1.64e-04 0.00e+00 0.00e+00 0.00e+00 0.00e+00 3.39e-05 3.39e-05 
Number of triplets: 500
Frequency     group velocity (x, y, z)     |gv|
   0.454   (  -5.043    0.877    9.311)   10.625
   0.595   (  -9.053    4.873    8.007)   13.031
   0.757   (  -0.426    0.399   -0.671)    0.890
   1.014   (  -0.824    8.683   16.045)   18.263
   1.297   (  -1.919   -0.906    1.095)    2.389
   1.512   (  -4.210   -4.144   -3.067)    6.656
   1.686   (  -0.118   -0.085   -4.538)    4.540
   1.869   (   0.798   -2.418    2.143)    3.328
   2.171   (   6.101   -3.501    0.320)    7.041
   2.374   (  -4.664   -2.027   -3.648)    6.259
   2.448   (   6.059    0.690   -4.031)    7.310
   2.533   (   2.042    3.191   -3.520)    5.171
   2.696   (  -0.757   -2.155    0.472)    2.332
   2.951   (  -3.396   -1.662   -1.479)    4.060
   2.983   (  -0.827    0.170    1.160)    1.435
   3.089   (  -4.453    3.132    1.514)    5.651
   3.214   (   3.672    1.883    0.576)    4.167
   3.514   (   0.827    2.705   -3.715)    4.669
   3.782   (  -1.007    2.276   -0.268)    2.504
   3.869   (   3.181   -2.149    0.428)    3.863
   3.907   (  -0.424   -0.571    0.923)    1.165
   4.005   (  -0.665   -1.862   -1.260)    2.345
   4.178   (  -1.958    0.686    6.676)    6.991
   4.481   (  -0.343   -1.098    1.813)    2.147
   4.555   (   0.237    0.474    2.460)    2.516
   4.915   (  -1.221   -0.481   -4.090)    4.295
   5.384   (   0.403    0.052    2.555)    2.587
   5.812   (   0.096    0.328   -3.428)    3.445
   7.962   (   0.431    1.130    2.684)    2.944
   8.323   (   1.453   -1.468   -2.306)    3.096
======================= Grid point 230 (77/186) =======================
q-point: (-0.10  0.10  0.20)
Mass variance parameters: 1.64e-04 1.64e-04 1.64e-04 1.64e-04 0.00e+00 0.00e+00 0.00e+00 0.00e+00 3.39e-05 3.39e-05 
Number of triplets: 280
Frequency     group velocity (x, y, z)     |gv|
   0.363   (  -0.000    7.941    6.533)   10.284
   0.509   (   0.000   -2.566   16.375)   16.575
   0.751   (  -0.000    0.330   -1.084)    1.133
   0.941   (  -0.000    9.512   20.554)   22.648
   1.285   (   0.000   -0.946    0.795)    1.235
   1.508   (   0.000   -3.383   -3.292)    4.721
   1.685   (   0.000   -0.066   -4.369)    4.369
   1.889   (   0.000   -1.803    1.586)    2.402
   2.286   (   0.000   -3.882    2.283)    4.503
   2.312   (   0.000   -0.676   -5.391)    5.434
   2.485   (  -0.000    0.161   -7.203)    7.205
   2.556   (  -0.000    2.829   -1.022)    3.008
   2.703   (   0.000   -2.617    0.231)    2.627
   2.918   (   0.000   -2.008   -0.310)    2.032
   2.963   (  -0.000    1.455    3.088)    3.414
   3.043   (  -0.000    2.789   -0.844)    2.914
   3.238   (  -0.000    0.392   -0.262)    0.471
   3.501   (  -0.000    2.598   -4.036)    4.800
   3.753   (  -0.000    2.218    0.136)    2.222
   3.900   (   0.000   -0.623    1.611)    1.728
   3.913   (   0.000   -0.235    1.615)    1.632
   4.015   (   0.000   -2.478   -3.419)    4.222
   4.162   (   0.000   -0.018    6.685)    6.685
   4.483   (   0.000   -0.777    2.199)    2.332
   4.553   (  -0.000    0.654    2.581)    2.663
   4.910   (   0.000   -0.430   -4.325)    4.347
   5.387   (  -0.000    0.055    2.453)    2.454
   5.810   (  -0.000    0.252   -3.441)    3.450
   7.958   (  -0.000    0.815    2.853)    2.967
   8.344   (   0.000   -1.072   -2.478)    2.700
======================= Grid point 233 (78/186) =======================
q-point: ( 0.20  0.20  0.20)
Mass variance parameters: 1.64e-04 1.64e-04 1.64e-04 1.64e-04 0.00e+00 0.00e+00 0.00e+00 0.00e+00 3.39e-05 3.39e-05 
Number of triplets: 282
Frequency     group velocity (x, y, z)     |gv|
   0.757   (   0.608    0.000   -0.769)    0.980
   0.794   (   2.057    0.000    5.502)    5.874
   0.990   (   1.275    0.000    7.003)    7.118
   1.002   ( -11.930   -0.000    4.630)   12.797
   1.115   (   9.518    0.000    3.394)   10.105
   1.650   (  -2.502   -0.000   -5.051)    5.637
   1.713   (   0.754    0.000   -3.074)    3.165
   1.925   (   0.841    0.000    4.224)    4.307
   2.274   (  -1.860   -0.000   -5.269)    5.587
   2.416   (   7.194    0.000   -3.412)    7.962
   2.486   (  12.433    0.000    1.152)   12.486
   2.521   (   1.790    0.000   -2.342)    2.948
   2.725   (  -6.937   -0.000   -0.638)    6.967
   2.827   (  -2.474   -0.000    0.926)    2.641
   2.839   (  -5.524   -0.000    0.252)    5.530
   2.920   (  -1.362   -0.000   -0.042)    1.363
   3.463   (  -2.973   -0.000    1.136)    3.183
   3.489   (   6.099    0.000    0.559)    6.125
   3.663   (  -3.223   -0.000    0.376)    3.245
   3.916   (   1.871    0.000    0.387)    1.910
   3.952   (  -0.867   -0.000   -3.178)    3.294
   3.968   (   0.542    0.000   -2.021)    2.093
   4.306   (   3.354    0.000    5.073)    6.082
   4.488   (  -1.332   -0.000    2.381)    2.729
   4.525   (  -1.052   -0.000    2.910)    3.095
   5.008   (   1.541    0.000   -3.332)    3.671
   5.354   (  -0.559   -0.000    2.925)    2.978
   5.805   (   0.045    0.000   -3.454)    3.454
   7.933   (   0.137    0.000    2.168)    2.172
   8.221   (  -2.290   -0.000   -1.774)    2.897
======================= Grid point 234 (79/186) =======================
q-point: ( 0.30  0.20  0.20)
Mass variance parameters: 1.64e-04 1.64e-04 1.64e-04 1.64e-04 0.00e+00 0.00e+00 0.00e+00 0.00e+00 3.39e-05 3.39e-05 
Number of triplets: 500
Frequency     group velocity (x, y, z)     |gv|
   0.756   (  -1.971   -0.592   -0.716)    2.179
   0.817   (  -1.196    0.036    3.214)    3.429
   0.843   (  -5.348   -2.321    4.508)    7.369
   0.993   (  -0.132    0.950    5.509)    5.592
   1.241   (   7.333    2.978    1.929)    8.147
   1.626   (  -0.893   -0.855   -5.681)    5.814
   1.722   (   0.608    0.369   -1.847)    1.979
   1.929   (  -0.381   -0.247    4.741)    4.763
   2.204   (  -5.820   -0.632   -4.886)    7.625
   2.494   (  -7.540    2.281    0.650)    7.904
   2.550   (   3.704   -1.506   -3.068)    5.039
   2.558   (  -0.641   -2.510    0.542)    2.647
   2.727   (   9.840    1.688   -3.232)   10.494
   2.776   (  -0.493    0.293   -2.075)    2.152
   2.864   (   5.982    0.485    0.521)    6.025
   2.907   (  -0.455   -0.505    0.405)    0.791
   3.396   (  -5.189    0.157    3.174)    6.085
   3.546   (   0.848   -0.661    0.100)    1.080
   3.630   (  -1.061   -0.233    0.997)    1.475
   3.931   (  -0.926    0.627   -2.950)    3.155
   3.942   (   1.063   -0.108    0.888)    1.390
   3.980   (   0.501    0.166   -1.560)    1.647
   4.355   (   2.798   -0.274    3.377)    4.394
   4.466   (  -1.064    1.417    2.211)    2.833
   4.503   (  -2.056   -1.225    3.519)    4.256
   5.022   (   0.136   -0.024   -3.194)    3.197
   5.349   (  -0.089    0.009    3.104)    3.106
   5.807   (   0.181   -0.000   -3.442)    3.447
   7.940   (   0.770    0.002    1.942)    2.089
   8.195   (  -0.967   -0.002   -1.532)    1.811
======================= Grid point 235 (80/186) =======================
q-point: (-0.60  0.20  0.20)
Mass variance parameters: 1.64e-04 1.64e-04 1.64e-04 1.64e-04 0.00e+00 0.00e+00 0.00e+00 0.00e+00 3.39e-05 3.39e-05 
Number of triplets: 504
Frequency     group velocity (x, y, z)     |gv|
   0.693   (  -4.888   -1.200    1.852)    5.363
   0.785   (  -0.415    1.016    0.410)    1.172
   0.875   (   2.070   -4.939    2.461)    5.894
   0.975   (  -1.098    1.703    4.985)    5.382
   1.303   (   4.473    4.547    1.206)    6.492
   1.631   (   0.397   -1.180   -5.917)    6.047
   1.726   (   0.220    0.632   -0.709)    0.975
   1.902   (  -4.206   -0.192    3.729)    5.624
   2.123   (  -5.802   -2.195   -3.281)    7.017
   2.339   (  -8.120   -1.159    2.015)    8.446
   2.535   (  -4.214   -1.256   -1.097)    4.532
   2.606   (   2.761    0.252   -5.343)    6.020
   2.771   (   0.397    2.829   -3.355)    4.407
   2.850   (   5.651   -0.947   -2.192)    6.135
   2.920   (   3.437    0.602    1.178)    3.683
   2.998   (  10.169    4.022    0.468)   10.945
   3.327   (  -3.757   -2.599    3.928)    6.025
   3.535   (  -2.382   -0.972    0.287)    2.588
   3.626   (  -0.151   -0.588    0.868)    1.059
   3.906   (  -1.508    0.613   -2.873)    3.302
   3.960   (   1.072   -0.042    1.914)    2.194
   3.978   (  -0.368    0.648   -1.026)    1.268
   4.395   (   2.277    0.872    2.248)    3.317
   4.422   (  -3.133    1.130    3.047)    4.514
   4.496   (  -0.347   -2.269    3.029)    3.801
   5.012   (  -1.498    0.026   -3.190)    3.525
   5.352   (   0.479   -0.021    3.173)    3.209
   5.810   (   0.282    0.076   -3.421)    3.434
   7.955   (   1.216    0.364    1.833)    2.229
   8.194   (   0.586   -0.447   -1.416)    1.597
======================= Grid point 236 (81/186) =======================
q-point: (-0.50  0.20  0.20)
Mass variance parameters: 1.64e-04 1.64e-04 1.64e-04 1.64e-04 0.00e+00 0.00e+00 0.00e+00 0.00e+00 3.39e-05 3.39e-05 
Number of triplets: 500
Frequency     group velocity (x, y, z)     |gv|
   0.635   (  -2.795    2.119    2.341)    4.217
   0.774   (  -0.312    0.761   -0.580)    1.006
   0.927   (  -2.649    1.373    0.463)    3.020
   0.971   (   4.514   -4.370    6.544)    9.072
   1.322   (   1.404    2.752    1.285)    3.346
   1.639   (  -1.798   -1.280   -5.526)    5.951
   1.711   (  -2.312    0.482   -1.993)    3.090
   1.812   (  -5.214   -0.967    4.284)    6.817
   2.062   (  -3.867   -2.446   -1.556)    4.833
   2.294   (   0.870   -0.976    0.966)    1.626
   2.469   (  -4.773   -0.954   -3.921)    6.250
   2.641   (   2.154    0.971   -4.949)    5.485
   2.718   (  -3.771    3.103   -0.385)    4.899
   2.914   (   1.581   -2.175   -3.515)    4.426
   2.992   (   4.437    1.710    2.593)    5.416
   3.085   (   7.139    5.931    0.939)    9.329
   3.316   (  -2.252   -3.179    2.248)    4.498
   3.510   (  -0.308   -0.313    0.174)    0.472
   3.641   (   1.150   -2.340    0.063)    2.608
   3.878   (  -1.483    0.693   -2.332)    2.849
   3.957   (  -1.261    0.822   -0.274)    1.530
   3.979   (   0.937   -0.176    2.153)    2.354
   4.339   (  -4.709    2.114    4.907)    7.122
   4.434   (   1.727   -0.440    1.072)    2.080
   4.516   (   0.767   -2.084    2.367)    3.245
   4.978   (  -2.622    0.033   -3.262)    4.185
   5.363   (   0.830   -0.040    3.081)    3.191
   5.814   (   0.307    0.199   -3.400)    3.420
   7.970   (   1.290    0.961    1.896)    2.486
   8.218   (   1.730   -1.177   -1.486)    2.566
======================= Grid point 237 (82/186) =======================
q-point: (-0.40  0.20  0.20)
Mass variance parameters: 1.64e-04 1.64e-04 1.64e-04 1.64e-04 0.00e+00 0.00e+00 0.00e+00 0.00e+00 3.39e-05 3.39e-05 
Number of triplets: 504
Frequency     group velocity (x, y, z)     |gv|
   0.571   (  -1.890    5.597    3.648)    6.944
   0.763   (  -0.478    0.754   -0.863)    1.241
   0.845   (  -4.939    4.770    2.282)    7.235
   1.070   (   3.996   -2.233    6.389)    7.860
   1.311   (  -1.461   -0.000    1.165)    1.869
   1.545   (  -9.897   -2.698   -2.510)   10.561
   1.687   (  -0.201    0.033   -5.244)    5.248
   1.801   (   0.819   -1.965    4.289)    4.788
   2.050   (   0.651   -2.344    0.077)    2.434
   2.352   (   5.097    0.312   -1.681)    5.376
   2.409   (  -3.904   -1.954   -3.635)    5.681
   2.622   (  -2.140    4.990   -3.683)    6.561
   2.673   (  -0.108   -0.900    0.062)    0.909
   2.938   (  -0.883   -2.652   -4.132)    4.989
   3.007   (   0.206    1.728    2.573)    3.106
   3.152   (   3.819    2.783    0.384)    4.741
   3.268   (  -3.113    1.689    3.025)    4.658
   3.534   (   2.640    1.330   -2.329)    3.763
   3.703   (   4.116   -4.313    0.121)    5.963
   3.853   (  -0.975    0.998   -1.448)    2.011
   3.927   (  -1.699    0.838    0.121)    1.899
   3.990   (  -0.085   -0.696    1.931)    2.055
   4.253   (  -4.757    1.240    6.151)    7.874
   4.459   (   1.096   -0.342    1.028)    1.541
   4.541   (   0.781   -1.276    1.940)    2.449
   4.937   (  -2.591   -0.210   -3.444)    4.315
   5.376   (   0.791    0.001    2.901)    3.007
   5.817   (   0.248    0.322   -3.388)    3.413
   7.980   (   1.026    1.453    2.108)    2.759
   8.258   (   1.986   -1.796   -1.710)    3.177
======================= Grid point 238 (83/186) =======================
q-point: (-0.30  0.20  0.20)
Mass variance parameters: 1.64e-04 1.64e-04 1.64e-04 1.64e-04 0.00e+00 0.00e+00 0.00e+00 0.00e+00 3.39e-05 3.39e-05 
Number of triplets: 500
Frequency     group velocity (x, y, z)     |gv|
   0.512   (   0.930    7.804    5.641)    9.674
   0.688   (  -7.611    7.538    2.972)   11.117
   0.765   (  -0.632    0.891   -0.486)    1.195
   1.105   (   1.258    3.887   10.141)   10.933
   1.282   (  -2.696   -1.326    0.842)    3.120
   1.446   (  -5.465   -5.041   -2.642)    7.890
   1.686   (   0.039    0.197   -5.012)    5.016
   1.833   (   0.862   -2.542    3.576)    4.471
   2.120   (   5.431   -3.544    1.011)    6.564
   2.335   (  -5.633   -3.339   -3.223)    7.298
   2.467   (   7.260    1.646   -3.885)    8.397
   2.573   (   0.031    2.684   -2.530)    3.689
   2.674   (  -1.004   -0.830   -0.588)    1.429
   2.915   (  -4.526   -3.279   -3.928)    6.832
   2.995   (  -0.364    1.145    1.824)    2.184
   3.129   (  -2.429    2.642    2.241)    4.232
   3.254   (   2.652    3.783    1.194)    4.772
   3.551   (   1.334    2.496   -3.829)    4.761
   3.801   (   3.027   -1.186   -0.208)    3.258
   3.842   (   1.950   -0.197   -0.112)    1.963
   3.901   (  -1.079   -0.198    0.605)    1.252
   3.981   (  -2.188   -1.582    0.908)    2.849
   4.186   (  -2.888    0.442    7.288)    7.852
   4.472   (   0.333   -0.237    1.071)    1.146
   4.555   (   0.380   -0.410    1.936)    2.015
   4.908   (  -1.459   -0.588   -3.739)    4.056
   5.385   (   0.449    0.067    2.722)    2.760
   5.817   (   0.130    0.400   -3.392)    3.418
   7.981   (   0.546    1.627    2.376)    2.931
   8.298   (   1.306   -2.046   -1.987)    3.136
======================= Grid point 239 (84/186) =======================
q-point: (-0.20  0.20  0.20)
Mass variance parameters: 1.64e-04 1.64e-04 1.64e-04 1.64e-04 0.00e+00 0.00e+00 0.00e+00 0.00e+00 3.39e-05 3.39e-05 
Number of triplets: 282
Frequency     group velocity (x, y, z)     |gv|
   0.493   (  -0.000   10.184    3.128)   10.653
   0.529   (  -0.000    5.872   10.672)   12.181
   0.757   (  -0.000    0.563   -0.974)    1.125
   1.069   (  -0.000    7.917   14.255)   16.305
   1.267   (   0.000   -1.604    0.672)    1.739
   1.444   (   0.000   -5.508   -2.935)    6.241
   1.685   (  -0.000    0.128   -4.747)    4.749
   1.858   (   0.000   -2.588    2.854)    3.852
   2.226   (   0.000   -4.447    2.743)    5.225
   2.285   (   0.000   -3.256   -4.422)    5.491
   2.505   (  -0.000    2.785   -7.225)    7.743
   2.591   (  -0.000    1.883   -2.037)    2.774
   2.664   (   0.000   -2.729    0.622)    2.799
   2.885   (   0.000   -2.762   -2.480)    3.712
   2.982   (  -0.000    1.319    2.237)    2.596
   3.088   (  -0.000    3.498    1.317)    3.737
   3.257   (  -0.000    2.444    0.376)    2.472
   3.542   (  -0.000    3.027   -4.216)    5.190
   3.792   (  -0.000    3.110   -0.112)    3.112
   3.889   (   0.000   -0.899    1.019)    1.359
   3.908   (   0.000   -0.569    1.049)    1.193
   3.969   (   0.000   -4.015   -1.024)    4.144
   4.162   (  -0.000    0.019    7.560)    7.560
   4.475   (   0.000   -0.304    1.277)    1.313
   4.559   (  -0.000    0.142    2.186)    2.190
   4.901   (   0.000   -0.710   -4.005)    4.067
   5.388   (  -0.000    0.090    2.598)    2.600
   5.815   (  -0.000    0.403   -3.407)    3.431
   7.975   (  -0.000    1.486    2.594)    2.990
   8.323   (   0.000   -1.902   -2.211)    2.916
======================= Grid point 244 (85/186) =======================
q-point: ( 0.30  0.30  0.20)
Mass variance parameters: 1.64e-04 1.64e-04 1.64e-04 1.64e-04 0.00e+00 0.00e+00 0.00e+00 0.00e+00 3.39e-05 3.39e-05 
Number of triplets: 280
Frequency     group velocity (x, y, z)     |gv|
   0.688   (  -3.004   -0.000    0.598)    3.063
   0.800   (   0.406    0.000    1.735)    1.782
   0.828   (   0.133    0.000    1.130)    1.138
   0.987   (  -0.810   -0.000    5.004)    5.070
   1.337   (   3.409    0.000    1.180)    3.607
   1.622   (   0.582    0.000   -6.624)    6.650
   1.730   (   0.166    0.000   -0.124)    0.207
   1.901   (  -4.006   -0.000    3.841)    5.550
   2.107   (  -5.888   -0.000   -3.542)    6.871
   2.331   (  -8.501   -0.000    2.953)    8.999
   2.522   (  -3.345   -0.000    0.248)    3.354
   2.610   (   2.457    0.000   -7.084)    7.498
   2.797   (   1.043    0.000   -2.944)    3.123
   2.837   (   3.691    0.000   -4.035)    5.468
   2.924   (   4.373    0.000    2.331)    4.956
   3.029   (  12.616    0.000    0.000)   12.616
   3.307   (  -5.642   -0.000    4.519)    7.228
   3.527   (  -2.322   -0.000    0.042)    2.323
   3.622   (  -0.322   -0.000    1.273)    1.313
   3.911   (  -1.562   -0.000   -3.299)    3.650
   3.959   (   0.917    0.000    2.242)    2.423
   3.983   (  -0.197   -0.000   -0.926)    0.947
   4.397   (   2.569    0.000    1.695)    3.078
   4.446   (  -3.960   -0.000    4.630)    6.093
   4.469   (   0.135    0.000    1.902)    1.907
   5.012   (  -1.472   -0.000   -3.142)    3.470
   5.352   (   0.466    0.000    3.193)    3.227
   5.811   (   0.316    0.000   -3.418)    3.432
   7.958   (   1.398    0.000    1.791)    2.272
   8.191   (   0.367    0.000   -1.372)    1.420
======================= Grid point 245 (86/186) =======================
q-point: (-0.60  0.30  0.20)
Mass variance parameters: 1.64e-04 1.64e-04 1.64e-04 1.64e-04 0.00e+00 0.00e+00 0.00e+00 0.00e+00 3.39e-05 3.39e-05 
Number of triplets: 500
Frequency     group velocity (x, y, z)     |gv|
   0.681   (   2.037    3.091   -1.242)    3.905
   0.794   (   0.038    2.846    0.295)    2.862
   0.864   (   1.929   -6.593   -0.045)    6.870
   0.971   (  -0.695    0.992    5.701)    5.828
   1.349   (  -1.017    1.013    0.892)    1.690
   1.626   (  -1.751   -0.512   -6.101)    6.368
   1.716   (  -2.831    0.210   -1.493)    3.207
   1.806   (  -5.616   -0.154    4.939)    7.481
   2.038   (  -3.206   -0.949   -2.245)    4.028
   2.285   (   1.980   -0.304    2.024)    2.848
   2.456   (  -5.136   -0.645   -2.499)    5.748
   2.645   (   2.046   -0.007   -5.388)    5.763
   2.763   (  -3.376    2.507   -1.727)    4.546
   2.882   (   1.291   -1.849   -4.320)    4.873
   3.010   (   4.699    0.740    2.724)    5.482
   3.166   (   5.898    5.075    0.665)    7.810
   3.264   (  -0.600   -3.921    3.033)    4.994
   3.502   (   0.100   -0.530    0.264)    0.601
   3.621   (   0.119   -0.619    0.515)    0.814
   3.885   (  -1.550    0.271   -2.976)    3.366
   3.967   (  -0.254    0.529    1.759)    1.854
   3.976   (  -0.179   -0.209    1.031)    1.067
   4.359   (  -5.681    0.600    4.954)    7.561
   4.442   (   2.617    1.386    1.143)    3.174
   4.484   (   0.811   -2.182    1.910)    3.011
   4.979   (  -2.678    0.017   -3.146)    4.131
   5.362   (   0.843   -0.014    3.160)    3.271
   5.816   (   0.361    0.076   -3.388)    3.408
   7.980   (   1.608    0.408    1.741)    2.405
   8.206   (   1.354   -0.491   -1.324)    1.956
======================= Grid point 246 (87/186) =======================
q-point: (-0.50  0.30  0.20)
Mass variance parameters: 1.64e-04 1.64e-04 1.64e-04 1.64e-04 0.00e+00 0.00e+00 0.00e+00 0.00e+00 3.39e-05 3.39e-05 
Number of triplets: 500
Frequency     group velocity (x, y, z)     |gv|
   0.675   (   2.054    7.987   -0.906)    8.297
   0.776   (  -0.216    1.531   -0.439)    1.608
   0.896   (  -2.262    2.162   -0.438)    3.159
   1.011   (   4.974   -5.587    5.039)    9.020
   1.308   (  -3.484   -0.365    0.782)    3.589
   1.514   ( -11.328   -1.554   -2.073)   11.620
   1.689   (   0.033    0.098   -5.887)    5.888
   1.783   (   0.449   -0.768    5.864)    5.931
   2.025   (   0.627   -1.300   -0.632)    1.576
   2.358   (   4.676    0.595   -1.113)    4.843
   2.381   (  -3.556   -1.703   -2.714)    4.787
   2.661   (  -1.676   -0.276    1.982)    2.610
   2.690   (  -1.004    3.970   -6.233)    7.458
   2.896   (  -1.865   -2.964   -4.954)    6.067
   3.028   (  -0.460    1.165    2.641)    2.922
   3.192   (   0.804    2.612    1.510)    3.123
   3.283   (   1.685    0.522    2.479)    3.042
   3.546   (   3.840    0.477   -2.127)    4.416
   3.652   (   3.245   -2.838    0.715)    4.370
   3.863   (  -0.822    0.454   -2.168)    2.363
   3.943   (  -1.559    1.369    0.613)    2.164
   3.979   (  -0.567   -0.949    2.418)    2.658
   4.264   (  -5.655    0.502    6.533)    8.655
   4.465   (   1.550    1.148    0.822)    2.097
   4.517   (   1.256   -2.007    1.410)    2.756
   4.935   (  -2.840   -0.109   -3.213)    4.289
   5.376   (   0.840    0.001    3.033)    3.148
   5.820   (   0.302    0.197   -3.364)    3.384
   7.998   (   1.318    1.073    1.825)    2.494
   8.236   (   1.639   -1.285   -1.416)    2.519
======================= Grid point 247 (88/186) =======================
q-point: (-0.40  0.30  0.20)
Mass variance parameters: 1.64e-04 1.64e-04 1.64e-04 1.64e-04 0.00e+00 0.00e+00 0.00e+00 0.00e+00 3.39e-05 3.39e-05 
Number of triplets: 500
Frequency     group velocity (x, y, z)     |gv|
   0.646   (   2.823   10.074    0.470)   10.472
   0.763   (  -0.506    1.988   -0.517)    2.115
   0.807   (  -4.451    6.540    1.075)    7.984
   1.114   (   3.356   -2.559    4.536)    6.196
   1.261   (  -3.198   -1.554    0.575)    3.602
   1.382   (  -7.061   -3.959   -2.155)    8.377
   1.691   (   0.203    0.346   -5.574)    5.588
   1.803   (   0.755   -1.692    5.225)    5.544
   2.078   (   4.507   -2.449    0.979)    5.222
   2.291   (  -6.757   -2.869   -2.707)    7.824
   2.486   (   8.787    1.061   -2.862)    9.302
   2.608   (  -2.025    2.056    2.117)    3.579
   2.676   (  -0.837    1.439   -5.321)    5.575
   2.864   (  -4.909   -3.940   -5.038)    8.062
   3.010   (  -0.610    0.938    1.574)    1.931
   3.162   (  -1.478    1.992    3.070)    3.947
   3.310   (   2.818    3.906    1.285)    4.985
   3.577   (   1.226    1.132   -3.920)    4.260
   3.758   (   6.330   -3.608    1.048)    7.362
   3.856   (   0.513    0.897   -0.936)    1.394
   3.906   (  -1.801    1.068    0.476)    2.147
   3.961   (  -2.965   -1.254    1.441)    3.527
   4.190   (  -3.386    0.181    8.133)    8.811
   4.475   (   0.721    0.757    0.820)    1.329
   4.544   (   0.692   -1.196    1.243)    1.858
   4.900   (  -1.734   -0.469   -3.383)    3.830
   5.386   (   0.495    0.055    2.888)    2.930
   5.822   (   0.164    0.319   -3.357)    3.376
   8.005   (   0.698    1.612    2.015)    2.674
   8.270   (   1.120   -1.952   -1.614)    2.769
======================= Grid point 248 (89/186) =======================
q-point: (-0.30  0.30  0.20)
Mass variance parameters: 1.64e-04 1.64e-04 1.64e-04 1.64e-04 0.00e+00 0.00e+00 0.00e+00 0.00e+00 3.39e-05 3.39e-05 
Number of triplets: 280
Frequency     group velocity (x, y, z)     |gv|
   0.628   (  -0.000    8.879    0.449)    8.891
   0.658   (  -0.000   11.850    4.057)   12.525
   0.766   (  -0.000    0.757   -0.776)    1.084
   1.140   (  -0.000    1.943    7.441)    7.691
   1.243   (   0.000   -1.732    0.542)    1.815
   1.365   (   0.000   -5.706   -2.533)    6.243
   1.689   (  -0.000    0.409   -5.156)    5.172
   1.823   (   0.000   -2.250    4.436)    4.974
   2.168   (   0.000   -3.725    3.192)    4.906
   2.232   (   0.000   -3.938   -3.951)    5.578
   2.556   (  -0.000    4.231   -5.270)    6.758
   2.606   (  -0.000    0.375   -2.687)    2.713
   2.637   (   0.000   -0.909    0.424)    1.003
   2.841   (   0.000   -3.642   -4.390)    5.705
   2.998   (  -0.000    1.024    1.474)    1.795
   3.133   (  -0.000    2.841    2.789)    3.981
   3.304   (  -0.000    4.154    0.751)    4.221
   3.577   (  -0.000    1.737   -4.274)    4.613
   3.826   (  -0.000    0.966    0.138)    0.976
   3.877   (   0.000   -0.778    0.280)    0.827
   3.899   (   0.000   -0.722    0.294)    0.779
   3.918   (   0.000   -2.458    0.999)    2.653
   4.163   (  -0.000    0.081    8.599)    8.600
   4.476   (  -0.000    0.511    0.801)    0.950
   4.555   (   0.000   -0.663    1.503)    1.642
   4.891   (   0.000   -0.729   -3.602)    3.674
   5.389   (  -0.000    0.092    2.776)    2.777
   5.821   (  -0.000    0.397   -3.368)    3.391
   7.998   (  -0.000    1.794    2.228)    2.861
   8.294   (   0.000   -2.211   -1.833)    2.872
======================= Grid point 255 (90/186) =======================
q-point: (-0.60  0.40  0.20)
Mass variance parameters: 1.64e-04 1.64e-04 1.64e-04 1.64e-04 0.00e+00 0.00e+00 0.00e+00 0.00e+00 3.39e-05 3.39e-05 
Number of triplets: 282
Frequency     group velocity (x, y, z)     |gv|
   0.734   (   1.732    0.000   -2.815)    3.305
   0.812   (  -0.741   -0.000   -0.903)    1.168
   0.894   (   6.842    0.000   -1.790)    7.073
   0.962   (  -0.641   -0.000    5.848)    5.883
   1.305   (  -4.272   -0.000    0.737)    4.335
   1.504   ( -11.796   -0.000   -1.913)   11.950
   1.689   (   0.099    0.000   -6.170)    6.171
   1.778   (   0.237    0.000    6.573)    6.577
   2.016   (   0.648    0.000   -1.101)    1.278
   2.366   (  -6.398   -0.000   -3.124)    7.120
   2.366   (   7.590    0.000    0.026)    7.590
   2.659   (  -0.923   -0.000    0.617)    1.111
   2.724   (  -1.821   -0.000   -5.071)    5.388
   2.871   (  -2.235   -0.000   -5.405)    5.849
   3.037   (  -0.748   -0.000    2.719)    2.820
   3.213   (  -1.762   -0.000    2.328)    2.919
   3.286   (   4.982    0.000    1.848)    5.313
   3.549   (   4.533    0.000   -1.950)    4.935
   3.631   (   2.535    0.000    0.872)    2.680
   3.866   (  -0.861   -0.000   -2.439)    2.587
   3.959   (  -1.302   -0.000    0.476)    1.386
   3.966   (  -0.871   -0.000    2.836)    2.966
   4.268   (  -5.945   -0.000    6.681)    8.943
   4.485   (   0.663    0.000    1.630)    1.760
   4.491   (   2.456    0.000    0.389)    2.487
   4.934   (  -2.937   -0.000   -3.123)    4.287
   5.376   (   0.859    0.000    3.084)    3.202
   5.822   (   0.322    0.000   -3.356)    3.371
   8.006   (   1.460    0.000    1.702)    2.242
   8.227   (   1.476    0.000   -1.289)    1.959
======================= Grid point 257 (91/186) =======================
q-point: (-0.50  0.40  0.20)
Mass variance parameters: 1.64e-04 1.64e-04 1.64e-04 1.64e-04 0.00e+00 0.00e+00 0.00e+00 0.00e+00 3.39e-05 3.39e-05 
Number of triplets: 500
Frequency     group velocity (x, y, z)     |gv|
   0.740   (   0.580    2.413   -2.057)    3.223
   0.793   (   0.032    2.541   -0.569)    2.604
   0.912   (  -0.068    8.292    2.093)    8.552
   1.041   (   4.543   -7.327   -0.724)    8.652
   1.244   (  -3.376   -0.761    0.647)    3.520
   1.343   (  -8.309   -1.441   -1.778)    8.618
   1.694   (   0.308    0.139   -6.143)    6.152
   1.788   (   0.577   -0.535    6.513)    6.560
   2.054   (   3.899   -0.887    0.640)    4.050
   2.262   (  -7.332   -1.124   -2.413)    7.800
   2.497   (   9.100    0.442   -2.079)    9.345
   2.624   (  -2.238    0.406    5.637)    6.078
   2.710   (  -0.176    2.520   -8.929)    9.280
   2.813   (  -5.954   -2.962   -5.511)    8.637
   3.019   (  -0.847    0.362    1.516)    1.774
   3.181   (  -1.301    0.750    3.620)    3.919
   3.352   (   3.551    1.775    1.215)    4.151
   3.584   (   0.718    0.066   -3.974)    4.039
   3.720   (   6.929   -1.521    1.917)    7.349
   3.862   (   0.324    0.119   -1.292)    1.337
   3.926   (  -2.262    1.472    0.675)    2.781
   3.944   (  -2.703   -1.232    1.047)    3.150
   4.192   (  -3.515    0.043    8.668)    9.354
   4.489   (   0.600    1.007    1.303)    1.752
   4.526   (   1.168   -1.157    0.339)    1.679
   4.896   (  -1.923   -0.177   -3.161)    3.704
   5.387   (   0.524    0.021    2.990)    3.035
   5.825   (   0.184    0.121   -3.337)    3.344
   8.022   (   0.829    0.731    1.748)    2.069
   8.249   (   0.968   -0.861   -1.341)    1.865
======================= Grid point 258 (92/186) =======================
q-point: (-0.40  0.40  0.20)
Mass variance parameters: 1.64e-04 1.64e-04 1.64e-04 1.64e-04 0.00e+00 0.00e+00 0.00e+00 0.00e+00 3.39e-05 3.39e-05 
Number of triplets: 282
Frequency     group velocity (x, y, z)     |gv|
   0.724   (  -0.000    4.324   -1.539)    4.589
   0.781   (  -0.000    1.647   -0.480)    1.715
   0.831   (  -0.000   12.417    2.020)   12.581
   1.120   (   0.000   -4.620    0.739)    4.679
   1.222   (   0.000   -1.195    0.549)    1.315
   1.297   (   0.000   -3.790   -2.248)    4.407
   1.695   (  -0.000    0.326   -5.700)    5.709
   1.799   (   0.000   -1.205    5.962)    6.083
   2.127   (   0.000   -2.191    3.582)    4.199
   2.186   (   0.000   -2.415   -3.924)    4.607
   2.600   (  -0.000    1.414    3.771)    4.027
   2.606   (   0.000   -0.160   -2.907)    2.911
   2.653   (  -0.000    3.700   -6.262)    7.274
   2.785   (   0.000   -4.483   -6.189)    7.642
   3.010   (  -0.000    0.571    1.099)    1.239
   3.164   (  -0.000    1.551    3.611)    3.930
   3.360   (  -0.000    3.529    0.906)    3.644
   3.589   (  -0.000    0.122   -4.279)    4.280
   3.810   (   0.000   -2.143    2.490)    3.285
   3.869   (   0.000   -0.290   -0.284)    0.406
   3.889   (   0.000   -0.576   -0.411)    0.708
   3.913   (  -0.000    0.903    0.258)    0.939
   4.164   (  -0.000    0.083    9.389)    9.390
   4.488   (  -0.000    1.000    1.031)    1.437
   4.542   (   0.000   -1.099    0.640)    1.272
   4.883   (   0.000   -0.460   -3.270)    3.302
   5.391   (  -0.000    0.058    2.918)    2.919
   5.825   (  -0.000    0.242   -3.338)    3.346
   8.021   (  -0.000    1.370    1.873)    2.320
   8.266   (   0.000   -1.628   -1.469)    2.193
======================= Grid point 268 (93/186) =======================
q-point: ( 0.50 -0.50  0.20)
Mass variance parameters: 1.64e-04 1.64e-04 1.64e-04 1.64e-04 0.00e+00 0.00e+00 0.00e+00 0.00e+00 3.39e-05 3.39e-05 
Number of triplets: 160
Frequency     group velocity (x, y, z)     |gv|
   0.749   (   0.000   -0.000   -1.867)    1.867
   0.800   (  -0.000    0.000   -0.827)    0.827
   0.956   (  -0.000    0.000    7.608)    7.608
   1.049   (   0.000   -0.000   -7.760)    7.760
   1.213   (   0.000    0.000    0.662)    0.662
   1.269   (   0.000   -0.000   -2.188)    2.188
   1.697   (  -0.000    0.000   -6.033)    6.033
   1.790   (   0.000   -0.000    6.670)    6.670
   2.111   (   0.000   -0.000    3.749)    3.749
   2.169   (   0.000   -0.000   -3.999)    3.999
   2.605   (   0.000   -0.000   -2.943)    2.943
   2.607   (   0.000   -0.000    6.277)    6.277
   2.712   (   0.000   -0.000   -4.892)    4.892
   2.724   (  -0.000    0.000   -9.784)    9.784
   3.014   (   0.000   -0.000    1.013)    1.013
   3.175   (   0.000   -0.000    3.877)    3.877
   3.388   (  -0.000    0.000    1.016)    1.016
   3.587   (  -0.000    0.000   -4.339)    4.339
   3.793   (  -0.000    0.000    3.449)    3.449
   3.868   (  -0.000   -0.000   -0.432)    0.432
   3.885   (   0.000    0.000   -0.761)    0.761
   3.921   (   0.000   -0.000   -0.124)    0.124
   4.165   (   0.000   -0.000    9.676)    9.676
   4.497   (   0.000   -0.000    1.647)    1.647
   4.532   (  -0.000    0.000   -0.157)    0.157
   4.879   (   0.000   -0.000   -3.141)    3.141
   5.391   (   0.000    0.000    2.972)    2.972
   5.827   (  -0.000    0.000   -3.327)    3.327
   8.031   (  -0.000    0.000    1.714)    1.714
   8.254   (   0.000   -0.000   -1.307)    1.307
======================= Grid point 315 (94/186) =======================
q-point: ( 0.00  0.00  0.30)
Mass variance parameters: 1.64e-04 1.64e-04 1.64e-04 1.64e-04 0.00e+00 0.00e+00 0.00e+00 0.00e+00 3.39e-05 3.39e-05 
Number of triplets: 155
Frequency     group velocity (x, y, z)     |gv|
   0.435   (   0.000    0.000    7.723)    7.723
   0.726   (   0.000    0.000   -1.751)    1.751
   0.799   (   0.000    0.000   15.054)   15.054
   1.220   (   0.000    0.000   19.115)   19.115
   1.307   (   0.000    0.000    1.055)    1.055
   1.471   (   0.000    0.000   -3.966)    3.966
   1.611   (   0.000    0.000   -4.094)    4.094
   1.933   (   0.000    0.000    2.737)    2.737
   2.210   (   0.000    0.000   -6.952)    6.952
   2.356   (   0.000    0.000   -9.102)    9.102
   2.356   (   0.000    0.000    2.813)    2.813
   2.520   (   0.000    0.000   -1.084)    1.084
   2.735   (   0.000    0.000    1.427)    1.427
   2.956   (   0.000    0.000   -2.118)    2.118
   2.972   (   0.000    0.000    1.759)    1.759
   2.995   (   0.000    0.000    0.209)    0.209
   3.235   (   0.000    0.000    0.365)    0.365
   3.414   (   0.000    0.000   -4.277)    4.277
   3.747   (   0.000    0.000    1.009)    1.009
   3.930   (   0.000    0.000    1.314)    1.314
   3.941   (   0.000    0.000    1.309)    1.309
   3.956   (   0.000    0.000   -4.916)    4.916
   4.285   (   0.000    0.000    8.522)    8.522
   4.538   (   0.000    0.000    2.978)    2.978
   4.586   (   0.000    0.000    2.120)    2.120
   4.825   (   0.000    0.000   -6.323)    6.323
   5.434   (   0.000    0.000    3.515)    3.515
   5.743   (   0.000    0.000   -4.627)    4.627
   8.010   (   0.000    0.000    4.053)    4.053
   8.301   (   0.000    0.000   -3.663)    3.663
======================= Grid point 316 (95/186) =======================
q-point: ( 0.10  0.00  0.30)
Mass variance parameters: 1.64e-04 1.64e-04 1.64e-04 1.64e-04 0.00e+00 0.00e+00 0.00e+00 0.00e+00 3.39e-05 3.39e-05 
Number of triplets: 500
Frequency     group velocity (x, y, z)     |gv|
   0.529   (   9.247   -1.376    4.900)   10.555
   0.726   (   0.050   -0.152   -0.381)    0.413
   0.827   (   4.555    2.366   13.035)   14.009
   1.225   (  -0.337   -2.038   17.814)   17.934
   1.328   (   2.317    0.431    1.488)    2.787
   1.493   (   3.537    1.377   -3.879)    5.427
   1.614   (   0.491    0.253   -3.906)    3.945
   1.926   (  -0.739    0.483    2.739)    2.877
   2.170   (  -4.334    0.329   -3.996)    5.905
   2.320   (  -1.798    0.663   -7.278)    7.526
   2.383   (   1.406    1.235   -2.269)    2.941
   2.460   (  -6.143   -1.790   -0.829)    6.452
   2.738   (   0.412    0.873    1.705)    1.959
   2.953   (   0.766    2.380   -2.914)    3.839
   3.003   (   1.143   -0.234    1.921)    2.247
   3.060   (   7.378   -2.555    0.516)    7.825
   3.210   (  -3.071   -0.791    1.269)    3.416
   3.421   (   0.387   -1.233   -4.166)    4.362
   3.762   (   1.234   -0.885    0.666)    1.658
   3.905   (  -2.632    1.487    0.658)    3.094
   3.927   (  -0.880    0.084    0.167)    0.900
   3.962   (   0.038   -0.508   -3.471)    3.508
   4.296   (   1.357   -0.398    8.624)    8.739
   4.542   (   0.903    1.176    2.886)    3.245
   4.585   (  -0.342   -0.412    2.054)    2.122
   4.836   (   1.379    0.033   -6.109)    6.263
   5.433   (  -0.281   -0.090    3.578)    3.591
   5.743   (  -0.077   -0.145   -4.624)    4.627
   8.006   (  -0.532   -0.274    3.931)    3.976
   8.288   (  -1.374    0.399   -3.542)    3.820
======================= Grid point 317 (96/186) =======================
q-point: ( 0.20  0.00  0.30)
Mass variance parameters: 1.64e-04 1.64e-04 1.64e-04 1.64e-04 0.00e+00 0.00e+00 0.00e+00 0.00e+00 3.39e-05 3.39e-05 
Number of triplets: 500
Frequency     group velocity (x, y, z)     |gv|
   0.672   (   7.767    0.328    2.093)    8.051
   0.733   (   0.613   -0.444   -0.027)    0.757
   0.899   (   7.110    3.507   10.537)   13.186
   1.228   (  -1.442   -1.564   14.173)   14.332
   1.341   (  -1.396   -0.025    2.774)    3.105
   1.555   (   5.058    1.581   -4.400)    6.888
   1.624   (   1.227    0.295   -3.152)    3.395
   1.907   (  -0.424    1.359    2.774)    3.118
   2.113   (  -0.927    1.695   -2.169)    2.904
   2.287   (  -1.773    0.690   -8.378)    8.592
   2.370   (  -1.263   -0.500   -0.552)    1.466
   2.435   (   0.464   -2.773   -3.093)    4.180
   2.738   (   0.564    0.750    1.946)    2.160
   2.936   (  -1.123    1.254   -2.884)    3.339
   3.014   (  -0.824   -0.333    2.623)    2.769
   3.104   (  -5.361   -0.426   -0.408)    5.394
   3.247   (   8.142   -2.376    2.420)    8.820
   3.444   (   1.458   -1.399   -3.215)    3.797
   3.772   (  -1.632   -0.094    0.398)    1.682
   3.854   (  -0.712    2.250    0.043)    2.361
   3.919   (  -0.053   -0.070   -0.226)    0.242
   3.960   (  -1.173   -1.478   -3.262)    3.769
   4.332   (   2.549   -0.988    8.311)    8.749
   4.540   (   0.067    2.275    2.694)    3.527
   4.584   (  -0.154   -0.578    2.027)    2.113
   4.866   (   2.487   -0.021   -5.596)    6.124
   5.427   (  -0.510   -0.122    3.756)    3.793
   5.742   (  -0.132   -0.232   -4.622)    4.629
   7.998   (  -0.855   -0.472    3.604)    3.734
   8.256   (  -2.278    0.674   -3.213)    3.996
======================= Grid point 318 (97/186) =======================
q-point: ( 0.30  0.00  0.30)
Mass variance parameters: 1.64e-04 1.64e-04 1.64e-04 1.64e-04 0.00e+00 0.00e+00 0.00e+00 0.00e+00 3.39e-05 3.39e-05 
Number of triplets: 500
Frequency     group velocity (x, y, z)     |gv|
   0.745   (   1.135   -0.407    0.339)    1.253
   0.760   (   4.330    1.575    0.117)    4.609
   0.985   (   7.311    4.332    8.294)   11.875
   1.185   (  -4.384    1.903    8.954)   10.149
   1.285   (  -6.267   -2.732    5.081)    8.517
   1.596   (   1.489    1.449   -5.425)    5.809
   1.647   (   0.630   -1.266   -2.106)    2.536
   1.918   (   3.821    2.125    3.102)    5.361
   2.123   (   3.369    3.198   -3.093)    5.581
   2.279   (   1.721   -0.562   -5.677)    5.959
   2.389   (   3.122   -0.975   -1.394)    3.555
   2.477   (   2.114   -3.219   -3.757)    5.380
   2.749   (   1.590    0.592    2.150)    2.739
   2.903   (  -2.488    0.986   -2.190)    3.458
   2.976   (  -4.625   -1.643    1.612)    5.166
   2.990   (  -9.500   -1.219    0.682)    9.602
   3.384   (   7.057   -0.203    1.396)    7.197
   3.484   (   2.562   -1.395   -0.971)    3.075
   3.717   (  -3.425    1.574    0.975)    3.894
   3.857   (   1.554    1.390   -1.094)    2.354
   3.926   (   0.680   -0.264   -0.955)    1.202
   3.950   (  -1.576   -1.986   -2.482)    3.549
   4.380   (   2.415   -1.437    7.178)    7.708
   4.515   (  -0.951    2.333    2.401)    3.480
   4.586   (   0.113    0.036    2.511)    2.514
   4.908   (   2.667   -0.108   -5.115)    5.770
   5.419   (  -0.578   -0.092    4.003)    4.046
   5.742   (  -0.140   -0.229   -4.625)    4.633
   7.988   (  -0.838   -0.519    3.181)    3.330
   8.214   (  -2.357    0.722   -2.780)    3.716
======================= Grid point 319 (98/186) =======================
q-point: ( 0.40  0.00  0.30)
Mass variance parameters: 1.64e-04 1.64e-04 1.64e-04 1.64e-04 0.00e+00 0.00e+00 0.00e+00 0.00e+00 3.39e-05 3.39e-05 
Number of triplets: 500
Frequency     group velocity (x, y, z)     |gv|
   0.758   (   0.355   -0.350   -0.423)    0.654
   0.808   (   3.143    1.187   -0.556)    3.405
   1.055   (   5.576    7.087    4.732)   10.183
   1.088   (  -4.675    0.155    6.960)    8.386
   1.207   (  -6.568   -3.993    7.281)   10.587
   1.594   (  -0.185    0.835   -4.679)    4.757
   1.656   (  -0.367   -1.340   -2.185)    2.589
   1.973   (   3.768    1.154    2.761)    4.812
   2.142   (   1.353    2.002   -4.553)    5.155
   2.348   (   5.745   -0.064   -3.827)    6.903
   2.468   (   5.947    0.268   -1.336)    6.101
   2.545   (   4.492   -2.440   -3.652)    6.283
   2.764   (  -0.140    3.536    1.512)    3.848
   2.832   (  -7.905   -5.367    1.260)    9.638
   2.851   (  -6.893    0.629   -1.020)    6.996
   2.924   (  -2.864   -1.160   -0.551)    3.139
   3.444   (   1.784    1.398    2.350)    3.265
   3.544   (   3.183   -1.412    0.299)    3.494
   3.668   (  -1.534    0.956    1.494)    2.345
   3.870   (   1.261    1.056   -2.180)    2.731
   3.939   (   0.448   -0.439   -1.309)    1.451
   3.940   (  -0.978   -1.266   -1.561)    2.235
   4.419   (   1.136   -1.461    5.548)    5.849
   4.485   (  -0.839    1.871    2.223)    3.025
   4.587   (   0.174    0.304    3.479)    3.496
   4.943   (   1.704   -0.114   -4.855)    5.146
   5.412   (  -0.392   -0.041    4.230)    4.248
   5.741   (  -0.091   -0.140   -4.633)    4.636
   7.981   (  -0.501   -0.354    2.817)    2.883
   8.179   (  -1.507    0.479   -2.402)    2.876
======================= Grid point 320 (99/186) =======================
q-point: (-0.50  0.00  0.30)
Mass variance parameters: 1.64e-04 1.64e-04 1.64e-04 1.64e-04 0.00e+00 0.00e+00 0.00e+00 0.00e+00 3.39e-05 3.39e-05 
Number of triplets: 260
Frequency     group velocity (x, y, z)     |gv|
   0.762   (  -0.000    0.000   -0.523)    0.523
   0.833   (   0.000    0.000   -1.648)    1.648
   1.020   (  -0.000   -0.000    5.881)    5.881
   1.109   (   0.000    0.000   -0.392)    0.392
   1.156   (  -0.000   -0.000   13.019)   13.019
   1.589   (  -0.000   -0.000   -4.112)    4.112
   1.657   (   0.000    0.000   -2.427)    2.427
   1.999   (   0.000   -0.000    2.038)    2.038
   2.144   (  -0.000   -0.000   -4.282)    4.282
   2.403   (  -0.000    0.000   -4.546)    4.546
   2.533   (  -0.000   -0.000   -0.543)    0.543
   2.620   (   0.000    0.000   -2.855)    2.855
   2.700   (   0.000   -0.000    0.605)    0.605
   2.747   (   0.000    0.000    0.414)    0.414
   2.835   (   0.000    0.000   -0.067)    0.067
   2.903   (  -0.000    0.000   -1.014)    1.014
   3.448   (  -0.000   -0.000    3.591)    3.591
   3.575   (   0.000   -0.000    0.087)    0.087
   3.655   (  -0.000    0.000    1.866)    1.866
   3.877   (   0.000    0.000   -2.654)    2.654
   3.936   (  -0.000   -0.000   -0.907)    0.907
   3.945   (   0.000   -0.000   -1.642)    1.642
   4.433   (   0.000    0.000    4.674)    4.674
   4.470   (  -0.000   -0.000    2.177)    2.177
   4.587   (   0.000   -0.000    4.066)    4.066
   4.958   (  -0.000    0.000   -4.784)    4.784
   5.409   (  -0.000    0.000    4.325)    4.325
   5.741   (  -0.000    0.000   -4.637)    4.637
   7.978   (  -0.000    0.000    2.671)    2.671
   8.165   (  -0.000   -0.000   -2.249)    2.249
======================= Grid point 327 (100/186) =======================
q-point: ( 0.10  0.10  0.30)
Mass variance parameters: 1.64e-04 1.64e-04 1.64e-04 1.64e-04 0.00e+00 0.00e+00 0.00e+00 0.00e+00 3.39e-05 3.39e-05 
Number of triplets: 275
Frequency     group velocity (x, y, z)     |gv|
   0.673   (   8.537    0.000    1.396)    8.651
   0.730   (   0.524    0.000    0.000)    0.524
   0.931   (   7.558    0.000   10.322)   12.794
   1.210   (  -0.747   -0.000   17.283)   17.299
   1.341   (  -2.017   -0.000    2.784)    3.438
   1.566   (   4.566    0.000   -4.427)    6.360
   1.626   (   0.891    0.000   -3.410)    3.525
   1.917   (  -0.055   -0.000    2.574)    2.575
   2.125   (  -0.429   -0.000   -2.756)    2.790
   2.293   (  -1.890   -0.000   -9.537)    9.722
   2.367   (  -3.426   -0.000    0.937)    3.552
   2.412   (   1.589    0.000   -2.840)    3.254
   2.743   (   0.178    0.000    1.490)    1.501
   2.945   (  -1.630   -0.000   -2.643)    3.106
   3.013   (  -0.946   -0.000    2.795)    2.951
   3.102   (  -5.775   -0.000   -0.317)    5.783
   3.229   (   9.396    0.000    2.144)    9.637
   3.434   (   1.870    0.000   -3.397)    3.878
   3.770   (  -0.693   -0.000    0.459)    0.831
   3.875   (  -1.252   -0.000    0.750)    1.459
   3.916   (  -0.265   -0.000   -1.134)    1.164
   3.949   (  -1.300   -0.000   -3.526)    3.758
   4.325   (   2.479    0.000    8.377)    8.736
   4.564   (   1.115    0.000    2.838)    3.049
   4.571   (  -1.157   -0.000    2.083)    2.383
   4.866   (   2.460    0.000   -5.681)    6.190
   5.426   (  -0.483   -0.000    3.702)    3.733
   5.741   (  -0.106   -0.000   -4.636)    4.638
   7.995   (  -0.815   -0.000    3.710)    3.798
   8.260   (  -2.339   -0.000   -3.323)    4.063
======================= Grid point 328 (101/186) =======================
q-point: ( 0.20  0.10  0.30)
Mass variance parameters: 1.64e-04 1.64e-04 1.64e-04 1.64e-04 0.00e+00 0.00e+00 0.00e+00 0.00e+00 3.39e-05 3.39e-05 
Number of triplets: 500
Frequency     group velocity (x, y, z)     |gv|
   0.740   (   0.758   -0.182   -0.022)    0.779
   0.771   (   4.382    0.189   -0.467)    4.411
   1.046   (   8.442    3.331    8.278)   12.284
   1.195   (  -2.072   -0.306   13.375)   13.538
   1.255   (  -8.829   -1.226    4.579)   10.022
   1.606   (   0.169    0.129   -5.108)    5.112
   1.637   (   0.558   -0.171   -3.010)    3.066
   1.943   (   3.729    1.106    3.314)    5.110
   2.159   (   3.713    1.607   -4.260)    5.875
   2.273   (   0.681   -0.274   -7.770)    7.804
   2.373   (   4.069   -0.904    0.960)    4.277
   2.445   (   2.245   -1.256   -2.932)    3.901
   2.750   (   0.739   -0.194    1.366)    1.565
   2.916   (  -2.171    0.658   -1.697)    2.833
   2.964   (  -5.192   -0.187    1.715)    5.471
   2.978   (  -9.478   -0.565    0.954)    9.543
   3.380   (   8.819   -0.239    0.911)    8.869
   3.469   (   2.016   -0.610   -1.436)    2.550
   3.730   (  -3.606    0.363    1.043)    3.771
   3.878   (   1.699    1.452   -0.409)    2.272
   3.919   (  -0.251   -1.120   -2.200)    2.482
   3.931   (  -0.617   -0.334   -2.464)    2.562
   4.366   (   2.475   -0.541    7.340)    7.765
   4.543   (  -1.458    1.452    2.109)    2.946
   4.581   (   0.361   -0.635    2.974)    3.062
   4.907   (   2.661   -0.022   -5.170)    5.815
   5.418   (  -0.532   -0.035    3.920)    3.956
   5.740   (  -0.075   -0.088   -4.643)    4.645
   7.983   (  -0.719   -0.186    3.336)    3.418
   8.221   (  -2.532    0.263   -2.942)    3.891
======================= Grid point 329 (102/186) =======================
q-point: ( 0.30  0.10  0.30)
Mass variance parameters: 1.64e-04 1.64e-04 1.64e-04 1.64e-04 0.00e+00 0.00e+00 0.00e+00 0.00e+00 3.39e-05 3.39e-05 
Number of triplets: 500
Frequency     group velocity (x, y, z)     |gv|
   0.752   (   0.475   -0.353   -0.191)    0.622
   0.815   (   1.879    0.053   -1.232)    2.248
   1.083   (  -9.198   -0.682    5.070)   10.525
   1.146   (   6.452    4.886    8.674)   11.863
   1.172   (  -3.573   -0.713    7.494)    8.333
   1.586   (  -2.338   -1.561   -4.262)    5.105
   1.653   (   1.431    0.525   -3.096)    3.451
   1.991   (   2.838    1.159    4.135)    5.148
   2.160   (  -1.611    0.651   -7.042)    7.254
   2.350   (   7.195    0.305   -4.363)    8.420
   2.474   (   6.310    0.673   -0.678)    6.381
   2.515   (   7.044   -1.858   -2.447)    7.685
   2.758   (  -4.190   -3.515    2.063)    5.846
   2.817   (  -5.526    2.509    1.094)    6.167
   2.853   (  -6.904   -0.253   -0.208)    6.912
   2.914   (  -1.402   -0.376   -1.042)    1.786
   3.462   (   1.323    1.326    1.160)    2.203
   3.518   (   3.519   -2.219    0.158)    4.163
   3.678   (  -2.295    0.445    1.679)    2.878
   3.886   (   0.286    1.068   -2.595)    2.821
   3.924   (   0.566   -0.822   -1.098)    1.484
   3.939   (   0.939    0.119   -1.532)    1.801
   4.402   (   1.441   -0.878    5.658)    5.905
   4.510   (  -1.385    1.523    1.997)    2.868
   4.585   (  -0.165   -0.408    3.742)    3.768
   4.943   (   1.776   -0.034   -4.846)    5.161
   5.412   (  -0.350   -0.022    4.163)    4.178
   5.740   (   0.012   -0.087   -4.645)    4.645
   7.977   (  -0.269   -0.206    2.939)    2.958
   8.184   (  -1.830    0.284   -2.529)    3.135
======================= Grid point 330 (103/186) =======================
q-point: ( 0.40  0.10  0.30)
Mass variance parameters: 1.64e-04 1.64e-04 1.64e-04 1.64e-04 0.00e+00 0.00e+00 0.00e+00 0.00e+00 3.39e-05 3.39e-05 
Number of triplets: 500
Frequency     group velocity (x, y, z)     |gv|
   0.757   (  -0.290   -0.604   -0.392)    0.776
   0.830   (  -0.733   -0.362   -1.364)    1.590
   0.968   (  -6.345   -4.842    4.848)    9.339
   1.116   (  -3.203    0.413    6.824)    7.550
   1.215   (   6.922    6.343    6.153)   11.226
   1.570   (  -1.453   -2.260   -4.107)    4.908
   1.670   (   1.633    1.350   -2.521)    3.293
   2.003   (  -0.562    0.596    2.924)    3.037
   2.131   (  -2.415   -1.777   -4.954)    5.791
   2.416   (   0.892    1.854   -4.618)    5.056
   2.531   (  -0.903   -0.046   -0.283)    0.947
   2.632   (   0.835    0.147   -1.488)    1.713
   2.661   (  -1.288   -3.041   -0.156)    3.306
   2.750   (  -0.324   -0.176   -1.013)    1.078
   2.854   (   4.982    1.998    0.492)    5.390
   2.905   (   0.430    0.291   -0.644)    0.827
   3.447   (  -1.842   -0.181    3.259)    3.748
   3.562   (   0.207   -1.584   -0.200)    1.610
   3.657   (  -0.396    0.219    2.174)    2.220
   3.877   (  -0.890    0.007   -2.993)    3.122
   3.942   (   1.598    0.780   -0.490)    1.844
   3.949   (   0.601    0.515   -1.411)    1.618
   4.424   (   0.816   -0.905    4.164)    4.338
   4.482   (  -0.937    1.311    2.212)    2.736
   4.582   (  -0.755   -0.730    4.336)    4.462
   4.958   (   0.141    0.042   -4.742)    4.744
   5.409   (   0.035    0.006    4.323)    4.324
   5.741   (   0.126    0.000   -4.637)    4.638
   7.978   (   0.333    0.001    2.670)    2.691
   8.165   (  -0.447   -0.001   -2.248)    2.292
======================= Grid point 331 (104/186) =======================
q-point: (-0.50  0.10  0.30)
Mass variance parameters: 1.64e-04 1.64e-04 1.64e-04 1.64e-04 0.00e+00 0.00e+00 0.00e+00 0.00e+00 3.39e-05 3.39e-05 
Number of triplets: 500
Frequency     group velocity (x, y, z)     |gv|
   0.753   (  -1.357   -1.717   -0.203)    2.198
   0.790   (  -3.768   -0.511    1.311)    4.022
   0.961   (  -1.751   -6.229    1.621)    6.671
   1.086   (   0.397   -0.075    7.630)    7.640
   1.273   (   5.889    5.168    5.054)    9.324
   1.569   (  -0.834   -2.373   -4.817)    5.434
   1.682   (   1.245    2.044   -1.766)    2.974
   1.963   (  -4.468   -0.249    2.189)    4.982
   2.106   (  -3.241   -3.086   -3.027)    5.403
   2.354   (  -5.561    0.780   -1.895)    5.927
   2.467   (  -5.121    0.170   -3.079)    5.978
   2.575   (  -3.173    1.242   -2.901)    4.475
   2.717   (   1.805   -2.430   -0.343)    3.046
   2.834   (   5.096   -1.854   -2.446)    5.949
   2.905   (   6.169    4.297    1.292)    7.628
   2.952   (   6.258    3.115    0.232)    6.994
   3.421   (  -2.491   -1.933    3.441)    4.667
   3.551   (  -2.555   -0.527    0.039)    2.609
   3.656   (   0.299   -0.638    1.858)    1.987
   3.860   (  -1.412   -0.386   -2.641)    3.020
   3.947   (  -0.132    0.870   -1.215)    1.501
   3.962   (   1.895    1.605   -0.516)    2.536
   4.438   (   0.150    0.891    4.635)    4.722
   4.464   (  -0.532   -0.702    2.394)    2.550
   4.576   (  -0.806   -1.302    3.652)    3.960
   4.946   (  -1.594    0.178   -4.788)    5.050
   5.413   (   0.441    0.048    4.311)    4.334
   5.743   (   0.217    0.139   -4.618)    4.625
   7.986   (   0.827    0.383    2.656)    2.808
   8.172   (   1.068   -0.509   -2.234)    2.527
======================= Grid point 332 (105/186) =======================
q-point: (-0.40  0.10  0.30)
Mass variance parameters: 1.64e-04 1.64e-04 1.64e-04 1.64e-04 0.00e+00 0.00e+00 0.00e+00 0.00e+00 3.39e-05 3.39e-05 
Number of triplets: 500
Frequency     group velocity (x, y, z)     |gv|
   0.722   (  -4.986   -3.226    3.455)    6.870
   0.755   (  -0.582    0.763   -0.252)    0.992
   0.941   (  -4.626   -2.239    3.392)    6.157
   1.146   (   4.589   -3.475    7.468)    9.429
   1.322   (   3.702    2.581    3.818)    5.911
   1.569   (  -1.718   -2.268   -5.715)    6.384
   1.667   (  -2.135    1.492   -1.362)    2.940
   1.893   (  -3.760   -1.244    3.280)    5.142
   2.077   (  -2.917   -3.359   -2.025)    4.888
   2.289   (  -1.827    0.853   -3.392)    3.946
   2.396   (  -3.189    0.080   -3.225)    4.537
   2.527   (  -1.503    3.559   -4.541)    5.961
   2.730   (  -1.342   -1.930    1.799)    2.960
   2.886   (   1.416   -1.704   -3.129)    3.833
   3.002   (   5.449    1.954    1.790)    6.059
   3.026   (   8.106    4.348    0.810)    9.234
   3.381   (  -4.743   -0.806    2.181)    5.282
   3.502   (  -2.652    1.062   -0.531)    2.906
   3.687   (   2.486   -2.514    1.246)    3.749
   3.843   (  -1.203   -0.603   -1.828)    2.270
   3.934   (  -0.648    0.959   -0.691)    1.348
   3.978   (   1.619    1.933   -1.105)    2.753
   4.404   (  -2.440    1.964    6.747)    7.439
   4.483   (   0.797   -2.223    2.271)    3.276
   4.577   (  -0.216   -1.269    2.287)    2.625
   4.910   (  -2.674    0.220   -4.975)    5.652
   5.421   (   0.650    0.117    4.137)    4.189
   5.745   (   0.244    0.280   -4.596)    4.611
   7.997   (   1.063    0.722    2.908)    3.179
   8.202   (   2.042   -0.973   -2.497)    3.369
======================= Grid point 333 (106/186) =======================
q-point: (-0.30  0.10  0.30)
Mass variance parameters: 1.64e-04 1.64e-04 1.64e-04 1.64e-04 0.00e+00 0.00e+00 0.00e+00 0.00e+00 3.39e-05 3.39e-05 
Number of triplets: 500
Frequency     group velocity (x, y, z)     |gv|
   0.659   (  -5.556   -1.402    4.861)    7.515
   0.741   (  -0.604    0.779   -0.343)    1.043
   0.866   (  -6.088   -0.820    7.027)    9.333
   1.230   (   3.181   -1.618    9.221)    9.887
   1.341   (  -0.407   -0.174    2.440)    2.480
   1.526   (  -6.219   -2.452   -4.343)    7.972
   1.619   (  -1.913   -0.373   -2.538)    3.200
   1.887   (   1.079   -1.264    3.456)    3.835
   2.083   (   1.565   -2.516   -1.113)    3.165
   2.282   (   1.013    0.089   -7.102)    7.175
   2.375   (   0.102   -0.016   -1.548)    1.551
   2.481   (  -0.597    3.735   -4.185)    5.641
   2.722   (  -1.101   -1.557    2.348)    3.025
   2.911   (  -0.158   -2.389   -3.479)    4.223
   3.027   (   0.429    1.506    2.581)    3.019
   3.118   (   4.893    1.842   -0.267)    5.235
   3.285   (  -5.645    2.773    2.806)    6.887
   3.469   (  -0.520    2.033   -2.810)    3.507
   3.759   (   3.891   -2.361    0.597)    4.590
   3.832   (  -0.500   -0.599   -0.498)    0.926
   3.920   (  -0.489    0.193   -0.095)    0.534
   3.983   (   0.600    1.675   -1.894)    2.599
   4.350   (  -2.799    1.504    8.146)    8.744
   4.507   (   0.263   -2.212    2.505)    3.352
   4.584   (   0.096   -0.659    1.599)    1.732
   4.867   (  -2.582    0.090   -5.353)    5.944
   5.429   (   0.578    0.198    3.898)    3.945
   5.747   (   0.198    0.371   -4.585)    4.604
   8.007   (   0.972    0.855    3.308)    3.552
   8.243   (   2.105   -1.183   -2.908)    3.780
======================= Grid point 334 (107/186) =======================
q-point: (-0.20  0.10  0.30)
Mass variance parameters: 1.64e-04 1.64e-04 1.64e-04 1.64e-04 0.00e+00 0.00e+00 0.00e+00 0.00e+00 3.39e-05 3.39e-05 
Number of triplets: 500
Frequency     group velocity (x, y, z)     |gv|
   0.561   (  -6.306    2.984    4.649)    8.384
   0.729   (  -0.154    0.448    0.710)    0.854
   0.788   (  -4.619   -2.181   11.264)   12.368
   1.259   (   0.970    1.820   12.810)   12.975
   1.317   (  -2.744   -1.183    1.319)    3.266
   1.458   (  -4.206   -3.587   -3.501)    6.544
   1.609   (  -0.353   -0.416   -3.662)    3.703
   1.915   (   1.022   -0.970    3.490)    3.764
   2.156   (   5.042   -1.840   -2.712)    6.013
   2.303   (   0.773   -1.573   -6.213)    6.456
   2.372   (  -1.093    0.201   -3.163)    3.353
   2.489   (   4.616    2.035   -2.338)    5.560
   2.717   (  -1.073   -1.837    2.088)    2.981
   2.908   (  -2.951   -3.739   -3.122)    5.696
   3.011   (  -0.808    0.916    1.877)    2.240
   3.105   (  -3.706    3.465    0.280)    5.082
   3.234   (   1.805    2.803    1.941)    3.857
   3.450   (   0.121    2.775   -4.041)    4.904
   3.783   (  -0.504    1.978    0.486)    2.099
   3.875   (   3.712   -2.620    0.096)    4.545
   3.920   (   0.222   -0.820    0.628)    1.056
   3.971   (  -0.974    0.707   -2.448)    2.728
   4.306   (  -1.613    0.967    8.730)    8.931
   4.519   (  -0.427   -1.818    2.714)    3.295
   4.588   (   0.162   -0.112    1.584)    1.597
   4.835   (  -1.457   -0.080   -5.845)    6.025
   5.435   (   0.315    0.236    3.691)    3.712
   5.746   (   0.103    0.376   -4.590)    4.607
   8.014   (   0.572    0.780    3.692)    3.817
   8.278   (   1.313   -1.107   -3.298)    3.718
======================= Grid point 335 (108/186) =======================
q-point: (-0.10  0.10  0.30)
Mass variance parameters: 1.64e-04 1.64e-04 1.64e-04 1.64e-04 0.00e+00 0.00e+00 0.00e+00 0.00e+00 3.39e-05 3.39e-05 
Number of triplets: 275
Frequency     group velocity (x, y, z)     |gv|
   0.469   (  -0.000    4.541    6.429)    7.871
   0.729   (  -0.000    0.451   -1.681)    1.740
   0.769   (   0.000   -3.465   15.503)   15.886
   1.247   (  -0.000    3.064   16.090)   16.379
   1.299   (   0.000   -1.105    0.959)    1.463
   1.450   (   0.000   -2.960   -3.736)    4.767
   1.609   (   0.000   -0.297   -3.959)    3.970
   1.928   (   0.000   -0.673    3.182)    3.253
   2.212   (   0.000   -0.036   -6.920)    6.920
   2.330   (   0.000   -3.254    3.201)    4.565
   2.353   (  -0.000    0.021   -9.020)    9.020
   2.533   (  -0.000    1.500   -1.827)    2.364
   2.719   (   0.000   -2.077    1.724)    2.699
   2.901   (   0.000   -4.299   -1.821)    4.669
   2.998   (  -0.000    0.782    1.379)    1.585
   3.038   (  -0.000    5.191    0.173)    5.194
   3.241   (  -0.000    1.147    0.746)    1.368
   3.433   (  -0.000    2.502   -4.302)    4.977
   3.761   (  -0.000    1.994    0.914)    2.194
   3.923   (   0.000   -1.020    1.196)    1.572
   3.935   (   0.000   -0.781    1.063)    1.319
   3.953   (   0.000   -0.444   -4.148)    4.172
   4.289   (  -0.000    0.552    8.680)    8.698
   4.526   (   0.000   -1.443    2.886)    3.227
   4.589   (  -0.000    0.210    1.827)    1.839
   4.825   (   0.000   -0.113   -6.168)    6.169
   5.436   (  -0.000    0.191    3.576)    3.581
   5.745   (  -0.000    0.290   -4.607)    4.616
   8.014   (  -0.000    0.560    3.925)    3.965
   8.295   (   0.000   -0.810   -3.533)    3.624
======================= Grid point 338 (109/186) =======================
q-point: ( 0.20  0.20  0.30)
Mass variance parameters: 1.64e-04 1.64e-04 1.64e-04 1.64e-04 0.00e+00 0.00e+00 0.00e+00 0.00e+00 3.39e-05 3.39e-05 
Number of triplets: 275
Frequency     group velocity (x, y, z)     |gv|
   0.750   (   0.462    0.000   -0.117)    0.476
   0.815   (   1.556    0.000   -1.075)    1.891
   1.076   ( -11.792   -0.000    4.517)   12.628
   1.161   (  -2.488   -0.000   11.298)   11.568
   1.191   (   7.877    0.000    5.953)    9.874
   1.572   (  -2.998   -0.000   -4.353)    5.285
   1.658   (   1.740    0.000   -3.352)    3.777
   2.000   (   2.436    0.000    5.020)    5.580
   2.163   (  -3.180   -0.000   -8.461)    9.039
   2.353   (   8.129    0.000   -4.430)    9.258
   2.485   (   3.742    0.000   -1.864)    4.181
   2.496   (  11.109    0.000   -0.154)   11.111
   2.732   (  -6.049   -0.000    1.658)    6.272
   2.842   (  -3.936   -0.000    0.866)    4.030
   2.845   (  -7.571   -0.000    0.427)    7.583
   2.912   (  -0.977   -0.000   -1.097)    1.469
   3.478   (  -0.689   -0.000    0.680)    0.968
   3.493   (   5.416    0.000    0.003)    5.416
   3.681   (  -2.465   -0.000    1.836)    3.073
   3.895   (  -1.219   -0.000   -3.731)    3.925
   3.918   (   2.341    0.000   -0.012)    2.341
   3.940   (   1.070    0.000   -1.475)    1.822
   4.396   (   1.530    0.000    5.647)    5.851
   4.522   (  -1.656   -0.000    1.645)    2.335
   4.581   (  -0.201   -0.000    4.089)    4.094
   4.942   (   1.798    0.000   -4.827)    5.151
   5.411   (  -0.333   -0.000    4.137)    4.151
   5.739   (   0.051    0.000   -4.649)    4.649
   7.975   (  -0.186   -0.000    2.983)    2.989
   8.186   (  -1.948   -0.000   -2.576)    3.230
======================= Grid point 339 (110/186) =======================
q-point: ( 0.30  0.20  0.30)
Mass variance parameters: 1.64e-04 1.64e-04 1.64e-04 1.64e-04 0.00e+00 0.00e+00 0.00e+00 0.00e+00 3.39e-05 3.39e-05 
Number of triplets: 500
Frequency     group velocity (x, y, z)     |gv|
   0.748   (  -1.187   -0.491   -0.084)    1.287
   0.826   (  -0.167   -0.083   -1.268)    1.281
   0.918   (  -8.173   -1.979    5.087)    9.828
   1.120   (  -2.623    0.167    7.826)    8.256
   1.289   (   6.196    3.342    4.133)    8.163
   1.540   (  -1.691   -1.553   -4.255)    4.835
   1.685   (   2.006    0.610   -2.589)    3.332
   2.014   (  -0.426    0.669    5.401)    5.459
   2.105   (  -4.270   -1.380   -7.065)    8.370
   2.446   (   3.200    1.851   -5.602)    6.712
   2.538   (  -2.153    1.399    0.855)    2.706
   2.580   (  -6.079   -4.464    2.203)    7.857
   2.671   (   8.180    1.318   -3.496)    8.993
   2.743   (  -3.232   -0.549   -1.994)    3.837
   2.875   (   6.568    0.823    0.795)    6.667
   2.910   (   0.917    0.248    0.012)    0.950
   3.445   (  -3.221   -0.022    2.798)    4.266
   3.541   (   0.386   -1.046   -0.620)    1.276
   3.660   (  -0.419    0.154    2.540)    2.579
   3.878   (  -1.109    0.006   -3.362)    3.541
   3.952   (   2.093    0.461    0.113)    2.147
   3.956   (   1.053    0.286   -1.137)    1.576
   4.415   (   0.920   -0.384    3.781)    3.911
   4.498   (  -0.988    0.769    1.513)    1.964
   4.571   (  -1.344   -0.582    5.082)    5.289
   4.958   (   0.225    0.026   -4.675)    4.681
   5.409   (   0.057    0.004    4.321)    4.322
   5.741   (   0.203    0.000   -4.636)    4.640
   7.978   (   0.539    0.000    2.668)    2.722
   8.165   (  -0.723   -0.001   -2.246)    2.360
======================= Grid point 340 (111/186) =======================
q-point: (-0.60  0.20  0.30)
Mass variance parameters: 1.64e-04 1.64e-04 1.64e-04 1.64e-04 0.00e+00 0.00e+00 0.00e+00 0.00e+00 3.39e-05 3.39e-05 
Number of triplets: 500
Frequency     group velocity (x, y, z)     |gv|
   0.719   (  -3.439   -2.358    1.284)    4.363
   0.799   (  -1.853    1.412    0.666)    2.423
   0.886   (  -0.470   -4.631    1.027)    4.767
   1.086   (  -1.276    0.129    6.431)    6.558
   1.339   (   3.870    3.995    3.418)    6.528
   1.536   (  -0.739   -2.191   -4.964)    5.476
   1.706   (   1.240    1.285   -1.656)    2.436
   1.969   (  -4.542    1.101    3.118)    5.618
   2.060   (  -3.968   -3.305   -3.288)    6.122
   2.371   (  -6.676    1.637    1.318)    6.999
   2.470   (  -4.392    0.072   -5.563)    7.088
   2.566   (  -1.300   -2.049   -0.433)    2.465
   2.715   (   1.839    1.847   -3.246)    4.163
   2.801   (   3.827   -2.709   -3.458)    5.826
   2.945   (   5.329    1.838    1.611)    5.863
   3.002   (   9.887    3.311   -0.015)   10.427
   3.394   (  -3.774   -1.726    4.100)    5.834
   3.534   (  -1.990   -1.442   -0.375)    2.486
   3.653   (  -0.515    0.089    2.374)    2.431
   3.858   (  -1.419   -0.023   -3.083)    3.394
   3.961   (   0.395    1.048   -0.713)    1.327
   3.980   (   1.936    0.834    0.462)    2.158
   4.434   (   1.101   -0.754    2.412)    2.757
   4.476   (  -1.131    1.697    2.873)    3.523
   4.553   (  -1.714   -1.813    4.595)    5.229
   4.948   (  -1.495    0.136   -4.679)    4.914
   5.413   (   0.480    0.033    4.376)    4.402
   5.745   (   0.318    0.086   -4.605)    4.617
   7.990   (   1.131    0.254    2.515)    2.769
   8.166   (   0.672   -0.332   -2.087)    2.218
======================= Grid point 341 (112/186) =======================
q-point: (-0.50  0.20  0.30)
Mass variance parameters: 1.64e-04 1.64e-04 1.64e-04 1.64e-04 0.00e+00 0.00e+00 0.00e+00 0.00e+00 3.39e-05 3.39e-05 
Number of triplets: 500
Frequency     group velocity (x, y, z)     |gv|
   0.685   (  -2.853   -1.686    3.234)    4.631
   0.769   (  -0.761    1.357    0.079)    1.558
   0.909   (  -1.286   -2.842   -0.418)    3.148
   1.099   (   2.250   -2.953    6.834)    7.777
   1.354   (   0.721    1.992    2.665)    3.405
   1.537   (  -1.440   -2.101   -6.062)    6.575
   1.685   (  -3.804    0.967   -1.071)    4.068
   1.888   (  -3.406    0.536    4.200)    5.434
   2.031   (  -2.352   -3.340   -1.965)    4.533
   2.305   (  -0.991    1.480   -0.550)    1.864
   2.393   (  -4.289   -0.388   -4.527)    6.248
   2.564   (  -0.259    1.318   -4.387)    4.588
   2.712   (  -0.977   -0.042   -0.221)    1.003
   2.853   (   0.754   -2.950   -3.813)    4.880
   3.030   (   5.684    2.006    2.145)    6.398
   3.099   (   6.888    5.657    0.542)    8.930
   3.360   (  -2.895   -2.250    3.082)    4.790
   3.508   (  -1.745   -0.251   -0.456)    1.821
   3.657   (   0.982   -1.627    1.841)    2.646
   3.838   (  -1.090   -0.176   -2.593)    2.818
   3.952   (  -0.390    1.579   -0.110)    1.630
   3.999   (   1.300    1.051    0.306)    1.700
   4.431   (  -3.038    1.559    5.811)    6.740
   4.459   (   1.353   -0.733    2.044)    2.558
   4.552   (  -0.375   -2.312    2.325)    3.300
   4.913   (  -2.679    0.234   -4.785)    5.489
   5.422   (   0.719    0.097    4.271)    4.332
   5.749   (   0.345    0.224   -4.568)    4.586
   8.007   (   1.348    0.673    2.601)    3.006
   8.189   (   1.665   -0.877   -2.179)    2.880
======================= Grid point 342 (113/186) =======================
q-point: (-0.40  0.20  0.30)
Mass variance parameters: 1.64e-04 1.64e-04 1.64e-04 1.64e-04 0.00e+00 0.00e+00 0.00e+00 0.00e+00 3.39e-05 3.39e-05 
Number of triplets: 500
Frequency     group velocity (x, y, z)     |gv|
   0.650   (  -2.233    0.685    4.929)    5.455
   0.753   (  -0.420    0.958   -0.397)    1.119
   0.871   (  -4.161    1.056    2.284)    4.863
   1.183   (   3.919   -4.954    6.127)    8.801
   1.335   (  -2.516   -0.676    1.645)    3.081
   1.492   (  -7.286   -2.341   -4.356)    8.806
   1.614   (  -2.557   -0.407   -2.225)    3.414
   1.878   (   1.402    0.035    4.678)    4.884
   2.046   (   1.707   -2.824   -0.798)    3.395
   2.290   (  -0.426    1.018   -6.128)    6.226
   2.369   (   0.801   -0.571   -1.008)    1.408
   2.533   (  -1.133    3.505   -5.587)    6.692
   2.699   (  -1.145   -1.383    1.728)    2.492
   2.870   (  -1.510   -3.434   -4.048)    5.519
   3.053   (  -0.188    2.088    3.024)    3.680
   3.156   (   4.093    3.515    0.122)    5.397
   3.317   (  -2.641    1.635    2.984)    4.307
   3.495   (   0.498    1.640   -2.406)    2.954
   3.716   (   4.221   -3.428    1.284)    5.587
   3.830   (  -0.088   -0.063   -1.447)    1.451
   3.930   (  -1.079    1.321    0.305)    1.733
   4.002   (  -0.215    0.921   -0.343)    1.006
   4.370   (  -3.293    1.322    7.946)    8.702
   4.483   (   0.847   -1.106    1.944)    2.392
   4.566   (   0.222   -1.763    1.211)    2.151
   4.869   (  -2.736    0.148   -5.027)    5.725
   5.432   (   0.661    0.198    4.071)    4.129
   5.752   (   0.277    0.365   -4.540)    4.563
   8.021   (   1.156    1.016    2.894)    3.278
   8.225   (   1.852   -1.345   -2.483)    3.377
======================= Grid point 343 (114/186) =======================
q-point: (-0.30  0.20  0.30)
Mass variance parameters: 1.64e-04 1.64e-04 1.64e-04 1.64e-04 0.00e+00 0.00e+00 0.00e+00 0.00e+00 3.39e-05 3.39e-05 
Number of triplets: 500
Frequency     group velocity (x, y, z)     |gv|
   0.606   (  -1.686    3.691    4.506)    6.064
   0.740   (  -0.318    1.110    0.369)    1.212
   0.785   (  -4.624    1.891    6.829)    8.461
   1.257   (   2.001   -2.358    7.390)    8.011
   1.296   (  -3.296   -1.791    0.845)    3.845
   1.401   (  -5.489   -4.262   -2.809)    7.495
   1.604   (  -0.142   -0.405   -3.627)    3.652
   1.904   (   1.267   -0.483    4.864)    5.049
   2.120   (   4.808   -3.175   -1.781)    6.031
   2.278   (  -1.478   -1.958   -3.833)    4.551
   2.391   (   1.041    2.287   -4.720)    5.348
   2.515   (   2.502    1.761   -3.858)    4.924
   2.693   (  -1.206   -1.571    1.944)    2.776
   2.852   (  -4.031   -4.345   -3.680)    6.976
   3.028   (  -0.919    1.416    2.408)    2.941
   3.152   (  -1.156    3.370    0.594)    3.613
   3.283   (   0.962    4.026    2.299)    4.735
   3.490   (   0.555    2.689   -3.763)    4.658
   3.803   (   2.638   -0.131    0.454)    2.680
   3.842   (   2.989   -1.172    0.102)    3.213
   3.910   (  -0.757   -0.434    0.480)    0.996
   3.978   (  -2.326    0.155   -0.990)    2.533
   4.320   (  -1.943    1.043    8.940)    9.208
   4.498   (   0.128   -1.090    2.124)    2.391
   4.580   (   0.216   -1.091    1.013)    1.504
   4.834   (  -1.618   -0.088   -5.415)    5.652
   5.439   (   0.368    0.290    3.871)    3.899
   5.752   (   0.144    0.456   -4.537)    4.562
   8.027   (   0.650    1.131    3.265)    3.516
   8.259   (   1.201   -1.537   -2.862)    3.463
======================= Grid point 344 (115/186) =======================
q-point: (-0.20  0.20  0.30)
Mass variance parameters: 1.64e-04 1.64e-04 1.64e-04 1.64e-04 0.00e+00 0.00e+00 0.00e+00 0.00e+00 3.39e-05 3.39e-05 
Number of triplets: 275
Frequency     group velocity (x, y, z)     |gv|
   0.549   (  -0.000    6.596    3.677)    7.552
   0.734   (   0.000   -0.616   13.837)   13.851
   0.738   (  -0.000    0.771   -1.501)    1.687
   1.277   (  -0.000    0.556   10.160)   10.176
   1.278   (   0.000   -1.862    0.705)    1.991
   1.394   (   0.000   -4.855   -3.144)    5.784
   1.605   (   0.000   -0.236   -3.693)    3.700
   1.917   (   0.000   -0.693    4.401)    4.455
   2.196   (   0.000   -2.561   -6.727)    7.198
   2.279   (   0.000   -3.802    3.856)    5.415
   2.371   (  -0.000    2.816   -8.920)    9.354
   2.550   (  -0.000    0.675   -3.097)    3.170
   2.689   (   0.000   -1.883    2.155)    2.862
   2.841   (   0.000   -4.539   -2.800)    5.333
   3.012   (  -0.000    1.150    1.740)    2.086
   3.108   (  -0.000    4.851    0.828)    4.922
   3.270   (  -0.000    3.076    1.380)    3.371
   3.474   (  -0.000    3.127   -4.206)    5.241
   3.797   (  -0.000    2.922    0.750)    3.017
   3.904   (   0.000   -1.632    0.795)    1.816
   3.920   (   0.000   -1.384    0.502)    1.472
   3.943   (   0.000   -0.984   -2.126)    2.343
   4.299   (  -0.000    0.865    9.057)    9.098
   4.506   (   0.000   -1.230    2.413)    2.708
   4.587   (   0.000   -0.562    1.234)    1.355
   4.822   (   0.000   -0.194   -5.764)    5.767
   5.439   (  -0.000    0.308    3.734)    3.746
   5.750   (  -0.000    0.461   -4.557)    4.580
   8.025   (  -0.000    1.028    3.567)    3.712
   8.279   (   0.000   -1.433   -3.167)    3.476
======================= Grid point 349 (116/186) =======================
q-point: ( 0.30  0.30  0.30)
Mass variance parameters: 1.64e-04 1.64e-04 1.64e-04 1.64e-04 0.00e+00 0.00e+00 0.00e+00 0.00e+00 3.39e-05 3.39e-05 
Number of triplets: 275
Frequency     group velocity (x, y, z)     |gv|
   0.701   (  -3.435   -0.000    1.257)    3.657
   0.820   (  -0.775   -0.000   -1.526)    1.711
   0.842   (  -1.165   -0.000    3.393)    3.587
   1.087   (  -1.703   -0.000    5.746)    5.993
   1.370   (   2.714    0.000    2.922)    3.988
   1.518   (  -0.443   -0.000   -5.162)    5.181
   1.715   (   1.173    0.000   -1.674)    2.044
   1.983   (  -4.325   -0.000    6.231)    7.585
   2.030   (  -4.250   -0.000   -6.112)    7.444
   2.387   (  -8.158   -0.000    3.853)    9.022
   2.469   (  -3.312   -0.000   -7.789)    8.464
   2.547   (  -0.243   -0.000    0.265)    0.359
   2.742   (   1.389    0.000   -3.719)    3.970
   2.770   (   3.551    0.000   -4.085)    5.413
   2.958   (   5.458    0.000    1.845)    5.761
   3.027   (  11.259    0.000   -0.328)   11.264
   3.380   (  -4.662   -0.000    4.353)    6.378
   3.523   (  -1.820   -0.000   -0.523)    1.894
   3.654   (  -0.709   -0.000    2.534)    2.632
   3.858   (  -1.418   -0.000   -3.226)    3.524
   3.970   (   0.689    0.000   -0.496)    0.849
   3.985   (   1.784    0.000    0.919)    2.007
   4.428   (   0.966    0.000    2.092)    2.304
   4.493   (  -0.115   -0.000    0.989)    0.996
   4.536   (  -2.797   -0.000    6.408)    6.992
   4.949   (  -1.456   -0.000   -4.625)    4.849
   5.413   (   0.494    0.000    4.400)    4.428
   5.746   (   0.356    0.000   -4.600)    4.614
   7.992   (   1.260    0.000    2.458)    2.762
   8.163   (   0.508    0.000   -2.028)    2.091
======================= Grid point 350 (117/186) =======================
q-point: (-0.60  0.30  0.30)
Mass variance parameters: 1.64e-04 1.64e-04 1.64e-04 1.64e-04 0.00e+00 0.00e+00 0.00e+00 0.00e+00 3.39e-05 3.39e-05 
Number of triplets: 500
Frequency     group velocity (x, y, z)     |gv|
   0.676   (  -0.135   -0.040    0.794)    0.806
   0.795   (  -0.828    2.231   -0.557)    2.444
   0.861   (   0.892   -3.479    0.643)    3.648
   1.072   (  -0.410   -0.911    5.518)    5.607
   1.375   (  -1.496    0.818    2.216)    2.796
   1.515   (  -0.952   -0.906   -6.418)    6.551
   1.693   (  -4.845    0.306   -1.078)    4.972
   1.903   (  -3.324    1.173    6.262)    7.186
   1.990   (  -1.709   -2.095   -3.513)    4.433
   2.324   (  -0.012    0.995    2.563)    2.749
   2.388   (  -5.534   -0.290   -6.028)    8.189
   2.565   (   1.059   -0.476   -3.785)    3.960
   2.731   (  -1.324    1.994   -2.256)    3.289
   2.812   (   0.564   -2.565   -4.280)    5.021
   3.052   (   5.605    0.899    2.469)    6.190
   3.167   (   7.096    3.382   -0.575)    7.881
   3.326   (  -2.452   -2.061    4.316)    5.375
   3.500   (  -0.719   -0.525   -0.504)    1.023
   3.644   (  -0.249   -0.359    2.225)    2.267
   3.837   (  -1.167   -0.025   -2.981)    3.201
   3.973   (  -0.022    1.076    0.336)    1.128
   4.005   (   0.803   -0.015    1.266)    1.499
   4.434   (  -1.523   -0.373    3.164)    3.532
   4.478   (  -0.121    2.572    3.331)    4.210
   4.516   (  -0.476   -2.808    2.808)    3.999
   4.916   (  -2.682    0.100   -4.651)    5.370
   5.423   (   0.760    0.038    4.353)    4.419
   5.751   (   0.407    0.085   -4.550)    4.569
   8.014   (   1.572    0.286    2.388)    2.873
   8.180   (   1.385   -0.364   -1.960)    2.427
======================= Grid point 351 (118/186) =======================
q-point: (-0.50  0.30  0.30)
Mass variance parameters: 1.64e-04 1.64e-04 1.64e-04 1.64e-04 0.00e+00 0.00e+00 0.00e+00 0.00e+00 3.39e-05 3.39e-05 
Number of triplets: 500
Frequency     group velocity (x, y, z)     |gv|
   0.677   (   0.877    2.517    0.989)    2.843
   0.771   (  -0.425    1.752   -0.411)    1.849
   0.882   (  -0.697    0.250   -0.084)    0.745
   1.106   (   2.350   -5.379    5.339)    7.935
   1.326   (  -4.144   -0.490    1.339)    4.382
   1.465   (  -7.798   -1.406   -4.460)    9.093
   1.609   (  -3.115   -0.309   -2.382)    3.933
   1.887   (   1.244    1.060    6.355)    6.561
   2.008   (   1.831   -2.479   -1.618)    3.481
   2.302   (  -3.521    0.451   -5.334)    6.408
   2.367   (   3.551    0.354    0.233)    3.576
   2.567   (  -0.703    1.219   -6.645)    6.793
   2.694   (  -1.551    0.875    0.414)    1.829
   2.820   (  -2.335   -3.574   -4.417)    6.143
   3.079   (  -0.634    1.555    3.577)    3.951
   3.207   (   2.157    3.354    0.369)    4.005
   3.328   (   0.918    0.046    3.000)    3.138
   3.512   (   1.443    0.702   -2.141)    2.676
   3.675   (   3.721   -2.224    1.969)    4.761
   3.828   (   0.061   -0.167   -2.222)    2.229
   3.953   (  -1.190    1.836    0.801)    2.330
   4.006   (  -1.030   -0.281    0.884)    1.387
   4.383   (  -3.669    0.521    7.642)    8.493
   4.481   (   1.261    0.877    1.362)    2.053
   4.537   (   0.521   -2.386    1.015)    2.645
   4.871   (  -2.885    0.116   -4.753)    5.562
   5.435   (   0.726    0.123    4.210)    4.274
   5.756   (   0.339    0.223   -4.506)    4.524
   8.033   (   1.360    0.753    2.503)    2.946
   8.208   (   1.592   -0.957   -2.083)    2.791
======================= Grid point 352 (119/186) =======================
q-point: (-0.40  0.30  0.30)
Mass variance parameters: 1.64e-04 1.64e-04 1.64e-04 1.64e-04 0.00e+00 0.00e+00 0.00e+00 0.00e+00 3.39e-05 3.39e-05 
Number of triplets: 500
Frequency     group velocity (x, y, z)     |gv|
   0.665   (   0.925    4.522    1.472)    4.845
   0.757   (  -0.063    1.335   -0.611)    1.469
   0.833   (  -2.777    4.754    3.196)    6.366
   1.194   (   2.532   -6.505    4.178)    8.135
   1.272   (  -3.507   -1.586    0.686)    3.910
   1.348   (  -7.138   -3.236   -2.024)    8.094
   1.597   (  -0.044   -0.580   -4.423)    4.461
   1.904   (   1.235    0.449    6.621)    6.750
   2.075   (   4.182   -3.086   -2.070)    5.594
   2.252   (  -3.506   -1.790   -1.777)    4.319
   2.428   (   4.435    2.881   -4.251)    6.785
   2.539   (  -0.245    1.712   -6.258)    6.492
   2.677   (  -0.791   -0.568    1.352)    1.667
   2.790   (  -4.777   -4.532   -3.968)    7.688
   3.048   (  -1.269    1.439    3.280)    3.801
   3.195   (  -0.468    2.688    1.078)    2.934
   3.338   (   1.648    3.676    2.157)    4.570
   3.519   (   0.580    1.442   -3.296)    3.644
   3.776   (   6.252   -2.508    1.226)    6.847
   3.842   (   1.647    0.073   -0.789)    1.828
   3.915   (  -2.097    1.214    0.651)    2.509
   3.975   (  -3.442   -0.657    0.271)    3.515
   4.333   (  -2.117    0.707    9.166)    9.434
   4.492   (   0.612    0.305    1.313)    1.480
   4.559   (   0.407   -1.828    0.565)    1.956
   4.833   (  -1.817   -0.064   -4.985)    5.306
   5.442   (   0.421    0.233    4.046)    4.074
   5.758   (   0.183    0.362   -4.486)    4.504
   8.043   (   0.755    1.129    2.765)    3.081
   8.238   (   1.061   -1.458   -2.352)    2.964
======================= Grid point 353 (120/186) =======================
q-point: (-0.30  0.30  0.30)
Mass variance parameters: 1.64e-04 1.64e-04 1.64e-04 1.64e-04 0.00e+00 0.00e+00 0.00e+00 0.00e+00 3.39e-05 3.39e-05 
Number of triplets: 275
Frequency     group velocity (x, y, z)     |gv|
   0.639   (  -0.000    5.941    0.897)    6.009
   0.750   (  -0.000    1.023   -1.299)    1.653
   0.765   (  -0.000    5.052    8.764)   10.116
   1.251   (   0.000   -1.948    0.391)    1.987
   1.252   (   0.000   -4.120    5.365)    6.764
   1.324   (   0.000   -5.042   -2.390)    5.580
   1.601   (   0.000   -0.437   -4.183)    4.206
   1.912   (   0.000   -0.010    6.140)    6.140
   2.149   (   0.000   -3.769   -6.480)    7.496
   2.231   (   0.000   -3.131    4.466)    5.455
   2.427   (  -0.000    4.960   -8.980)   10.259
   2.552   (   0.000   -0.189   -3.939)    3.943
   2.672   (   0.000   -0.591    2.041)    2.125
   2.774   (   0.000   -5.080   -3.491)    6.164
   3.029   (  -0.000    1.314    2.582)    2.897
   3.168   (  -0.000    3.649    1.278)    3.866
   3.323   (  -0.000    4.293    1.621)    4.589
   3.512   (  -0.000    2.111   -3.797)    4.345
   3.834   (  -0.000    2.207    0.971)    2.411
   3.880   (   0.000   -1.589    0.193)    1.601
   3.899   (   0.000   -1.564   -0.154)    1.571
   3.928   (   0.000   -1.006    0.092)    1.010
   4.311   (  -0.000    0.838    9.461)    9.498
   4.496   (   0.000   -0.125    1.605)    1.610
   4.574   (   0.000   -1.395    0.662)    1.544
   4.819   (   0.000   -0.209   -5.268)    5.272
   5.444   (  -0.000    0.306    3.923)    3.935
   5.757   (  -0.000    0.451   -4.498)    4.521
   8.041   (  -0.000    1.251    3.060)    3.306
   8.257   (   0.000   -1.657   -2.652)    3.127
======================= Grid point 360 (121/186) =======================
q-point: (-0.60  0.40  0.30)
Mass variance parameters: 1.64e-04 1.64e-04 1.64e-04 1.64e-04 0.00e+00 0.00e+00 0.00e+00 0.00e+00 3.39e-05 3.39e-05 
Number of triplets: 275
Frequency     group velocity (x, y, z)     |gv|
   0.697   (   1.729    0.000   -1.319)    2.175
   0.791   (  -0.771   -0.000   -1.673)    1.842
   0.879   (   2.968    0.000    0.316)    2.985
   1.063   (   0.064    0.000    5.666)    5.666
   1.322   (  -4.775   -0.000    1.301)    4.949
   1.455   (  -7.901   -0.000   -4.526)    9.105
   1.606   (  -3.364   -0.000   -2.508)    4.196
   1.897   (   0.956    0.000    7.807)    7.865
   1.987   (   2.067    0.000   -2.805)    3.484
   2.304   (  -5.014   -0.000   -4.827)    6.960
   2.372   (   4.917    0.000    0.740)    4.973
   2.573   (  -0.119   -0.000   -6.807)    6.808
   2.709   (  -2.086   -0.000   -0.369)    2.118
   2.788   (  -2.557   -0.000   -4.748)    5.393
   3.091   (  -0.794   -0.000    3.821)    3.903
   3.234   (   0.327    0.000    0.349)    0.479
   3.326   (   3.385    0.000    3.056)    4.560
   3.516   (   1.951    0.000   -2.055)    2.833
   3.659   (   3.302    0.000    2.263)    4.003
   3.827   (   0.011    0.000   -2.487)    2.487
   3.970   (  -0.987   -0.000    0.931)    1.357
   4.000   (  -1.551   -0.000    1.419)    2.103
   4.386   (  -3.638   -0.000    7.407)    8.252
   4.504   (   1.260    0.000    1.424)    1.902
   4.505   (   0.656    0.000    0.748)    0.995
   4.871   (  -2.947   -0.000   -4.648)    5.504
   5.435   (   0.750    0.000    4.262)    4.328
   5.758   (   0.362    0.000   -4.493)    4.507
   8.039   (   1.460    0.000    2.333)    2.753
   8.201   (   1.470    0.000   -1.910)    2.410
======================= Grid point 362 (122/186) =======================
q-point: (-0.50  0.40  0.30)
Mass variance parameters: 1.64e-04 1.64e-04 1.64e-04 1.64e-04 0.00e+00 0.00e+00 0.00e+00 0.00e+00 3.39e-05 3.39e-05 
Number of triplets: 500
Frequency     group velocity (x, y, z)     |gv|
   0.711   (   0.780    1.569   -1.328)    2.199
   0.778   (  -0.268    1.252   -1.416)    1.909
   0.907   (   1.535    5.064   -0.575)    5.323
   1.097   (   1.833   -6.117    5.197)    8.233
   1.255   (  -3.685   -0.733    0.583)    3.802
   1.317   (  -8.372   -1.148   -1.545)    8.590
   1.590   (  -0.082   -0.304   -5.227)    5.236
   1.912   (   0.996    0.521    8.322)    8.398
   2.042   (   3.954   -1.438   -3.085)    5.217
   2.233   (  -4.416   -0.744   -0.723)    4.536
   2.461   (   6.599    1.397   -2.444)    7.175
   2.558   (  -1.206    0.841   -9.192)    9.309
   2.679   (  -1.097    0.783    0.991)    1.673
   2.734   (  -5.420   -3.032   -4.000)    7.387
   3.063   (  -1.554    0.643    3.960)    4.302
   3.222   (  -0.621    1.027    1.396)    1.841
   3.377   (   2.863    1.636    1.887)    3.799
   3.530   (   0.191    0.240   -2.837)    2.854
   3.750   (   7.130   -1.079    1.708)    7.411
   3.840   (   1.601   -0.171   -1.368)    2.112
   3.937   (  -2.674    1.720    0.871)    3.297
   3.960   (  -3.893   -1.334    0.906)    4.214
   4.339   (  -2.102    0.236    9.286)    9.524
   4.506   (   0.715    1.458    0.754)    1.791
   4.532   (   0.680   -1.970    0.350)    2.114
   4.832   (  -1.958   -0.023   -4.721)    5.111
   5.445   (   0.453    0.089    4.153)    4.178
   5.762   (   0.207    0.137   -4.456)    4.463
   8.056   (   0.847    0.514    2.397)    2.594
   8.222   (   0.947   -0.640   -1.979)    2.286
======================= Grid point 363 (123/186) =======================
q-point: (-0.40  0.40  0.30)
Mass variance parameters: 1.64e-04 1.64e-04 1.64e-04 1.64e-04 0.00e+00 0.00e+00 0.00e+00 0.00e+00 3.39e-05 3.39e-05 
Number of triplets: 275
Frequency     group velocity (x, y, z)     |gv|
   0.702   (  -0.000    2.915   -1.030)    3.092
   0.767   (  -0.000    1.385   -1.357)    1.939
   0.863   (  -0.000    8.524    2.605)    8.913
   1.169   (   0.000   -7.473    4.164)    8.554
   1.228   (   0.000   -1.135    0.182)    1.149
   1.263   (   0.000   -3.422   -1.709)    3.825
   1.593   (   0.000   -0.535   -5.335)    5.362
   1.917   (  -0.000    0.537    7.988)    8.006
   2.102   (   0.000   -2.745   -6.730)    7.268
   2.196   (   0.000   -1.785    4.952)    5.264
   2.500   (  -0.000    5.328   -9.416)   10.819
   2.548   (   0.000   -0.316   -4.286)    4.297
   2.669   (   0.000   -0.101    0.918)    0.923
   2.703   (   0.000   -4.928   -3.068)    5.805
   3.046   (  -0.000    0.981    3.511)    3.646
   3.207   (  -0.000    1.945    1.576)    2.503
   3.380   (  -0.000    3.545    1.511)    3.854
   3.529   (  -0.000    0.432   -3.185)    3.215
   3.851   (  -0.000    0.280    2.467)    2.482
   3.864   (   0.000   -0.749   -0.382)    0.841
   3.879   (   0.000   -1.239   -0.741)    1.444
   3.921   (  -0.000    0.070    0.640)    0.643
   4.321   (  -0.000    0.508    9.747)    9.760
   4.503   (  -0.000    1.045    0.892)    1.374
   4.551   (   0.000   -1.848    0.271)    1.867
   4.817   (   0.000   -0.137   -4.868)    4.870
   5.447   (  -0.000    0.188    4.073)    4.077
   5.762   (  -0.000    0.275   -4.453)    4.462
   8.057   (  -0.000    0.962    2.568)    2.742
   8.236   (   0.000   -1.213   -2.153)    2.472
======================= Grid point 373 (124/186) =======================
q-point: ( 0.50 -0.50  0.30)
Mass variance parameters: 1.64e-04 1.64e-04 1.64e-04 1.64e-04 0.00e+00 0.00e+00 0.00e+00 0.00e+00 3.39e-05 3.39e-05 
Number of triplets: 155
Frequency     group velocity (x, y, z)     |gv|
   0.720   (  -0.000    0.000   -1.461)    1.461
   0.779   (   0.000   -0.000   -1.730)    1.730
   0.952   (  -0.000    0.000   -3.438)    3.438
   1.088   (   0.000   -0.000    7.645)    7.645
   1.222   (   0.000   -0.000    0.302)    0.302
   1.237   (  -0.000    0.000   -1.580)    1.580
   1.589   (  -0.000    0.000   -5.880)    5.880
   1.921   (   0.000   -0.000    9.005)    9.005
   2.081   (  -0.000    0.000   -7.177)    7.177
   2.183   (   0.000   -0.000    5.148)    5.148
   2.546   (   0.000    0.000   -4.367)    4.367
   2.550   (   0.000   -0.000  -10.985)   10.985
   2.651   (  -0.000    0.000   -2.660)    2.660
   2.674   (   0.000   -0.000    1.520)    1.520
   3.053   (  -0.000    0.000    3.922)    3.922
   3.220   (  -0.000    0.000    1.682)    1.682
   3.408   (   0.000   -0.000    1.435)    1.435
   3.530   (  -0.000    0.000   -2.887)    2.887
   3.851   (  -0.000    0.000    3.536)    3.536
   3.859   (   0.000   -0.000   -0.560)    0.560
   3.869   (   0.000   -0.000   -1.064)    1.064
   3.923   (   0.000   -0.000    0.361)    0.361
   4.324   (   0.000    0.000    9.847)    9.847
   4.519   (  -0.000    0.000    0.932)    0.932
   4.529   (   0.000   -0.000   -0.175)    0.175
   4.816   (  -0.000   -0.000   -4.715)    4.715
   5.449   (   0.000    0.000    4.129)    4.129
   5.764   (   0.000   -0.000   -4.437)    4.437
   8.064   (   0.000   -0.000    2.350)    2.350
   8.227   (  -0.000    0.000   -1.933)    1.933
======================= Grid point 420 (125/186) =======================
q-point: ( 0.00  0.00  0.40)
Mass variance parameters: 1.64e-04 1.64e-04 1.64e-04 1.64e-04 0.00e+00 0.00e+00 0.00e+00 0.00e+00 3.39e-05 3.39e-05 
Number of triplets: 186
Frequency     group velocity (x, y, z)     |gv|
   0.548   (   0.000    0.000    6.159)    6.159
   0.690   (   0.000    0.000   -2.790)    2.790
   1.029   (   0.000    0.000   13.377)   13.377
   1.328   (   0.000    0.000    1.565)    1.565
   1.362   (   0.000    0.000   -3.673)    3.673
   1.409   (   0.000    0.000   -3.538)    3.538
   1.664   (   0.000    0.000   12.788)   12.788
   1.991   (   0.000    0.000    4.481)    4.481
   2.083   (   0.000    0.000   -9.271)    9.271
   2.204   (   0.000    0.000   -9.147)    9.147
   2.405   (   0.000    0.000    3.164)    3.164
   2.495   (   0.000    0.000   -2.031)    2.031
   2.772   (   0.000    0.000    3.068)    3.068
   2.900   (   0.000    0.000   -4.139)    4.139
   2.995   (   0.000    0.000    1.035)    1.035
   3.005   (   0.000    0.000    0.412)    0.412
   3.251   (   0.000    0.000    1.725)    1.725
   3.347   (   0.000    0.000   -3.935)    3.935
   3.772   (   0.000    0.000    2.142)    2.142
   3.880   (   0.000    0.000   -4.428)    4.428
   3.947   (   0.000    0.000    0.861)    0.861
   3.955   (   0.000    0.000    0.498)    0.498
   4.429   (   0.000    0.000    9.189)    9.189
   4.581   (   0.000    0.000    2.306)    2.306
   4.610   (   0.000    0.000    0.731)    0.731
   4.711   (   0.000    0.000   -7.823)    7.823
   5.499   (   0.000    0.000    4.510)    4.510
   5.663   (   0.000    0.000   -5.215)    5.215
   8.081   (   0.000    0.000    4.715)    4.715
   8.235   (   0.000    0.000   -4.465)    4.465
======================= Grid point 421 (126/186) =======================
q-point: ( 0.10  0.00  0.40)
Mass variance parameters: 1.64e-04 1.64e-04 1.64e-04 1.64e-04 0.00e+00 0.00e+00 0.00e+00 0.00e+00 3.39e-05 3.39e-05 
Number of triplets: 500
Frequency     group velocity (x, y, z)     |gv|
   0.603   (   5.661   -0.872    4.184)    7.094
   0.703   (   1.295   -0.307   -2.019)    2.418
   1.039   (   2.302    1.918   12.633)   12.984
   1.354   (   2.383    0.880    0.710)    2.638
   1.358   (   0.896    0.682   -2.483)    2.727
   1.437   (   3.669    1.219   -2.984)    4.884
   1.662   (  -0.248   -0.101   12.018)   12.021
   1.981   (  -1.193    0.293    4.057)    4.239
   2.074   (  -1.194   -0.058   -8.277)    8.363
   2.177   (  -3.082    0.081   -8.736)    9.264
   2.385   (  -1.220    0.953    1.425)    2.105
   2.442   (  -5.247   -0.536   -1.462)    5.473
   2.778   (   0.594    0.682    3.176)    3.303
   2.898   (   0.493    1.827   -3.749)    4.199
   3.030   (   2.544   -0.233    1.349)    2.889
   3.060   (   5.383   -1.879   -0.460)    5.720
   3.242   (  -1.087   -1.227    2.616)    3.088
   3.354   (   0.509   -1.323   -4.083)    4.322
   3.781   (   0.670   -0.772    1.794)    2.065
   3.876   (  -0.696    0.236   -3.678)    3.751
   3.928   (  -2.004   -0.038    0.720)    2.130
   3.943   (  -1.233    0.437   -0.085)    1.311
   4.440   (   1.128   -0.403    8.973)    9.053
   4.585   (   0.785    1.111    2.328)    2.697
   4.607   (  -0.361   -0.103    0.488)    0.615
   4.726   (   1.881   -0.113   -7.354)    7.592
   5.499   (  -0.188   -0.150    4.559)    4.566
   5.662   (  -0.089   -0.167   -5.220)    5.224
   8.076   (  -0.733   -0.116    4.573)    4.633
   8.224   (  -1.175    0.238   -4.323)    4.487
======================= Grid point 422 (127/186) =======================
q-point: ( 0.20  0.00  0.40)
Mass variance parameters: 1.64e-04 1.64e-04 1.64e-04 1.64e-04 0.00e+00 0.00e+00 0.00e+00 0.00e+00 3.39e-05 3.39e-05 
Number of triplets: 504
Frequency     group velocity (x, y, z)     |gv|
   0.696   (   5.103   -0.398    1.164)    5.249
   0.726   (   1.285   -0.404   -0.657)    1.498
   1.073   (   4.505    3.793   10.710)   12.222
   1.341   (  -1.031    2.911   -1.668)    3.510
   1.391   (   0.983    0.191    2.545)    2.735
   1.489   (   3.536    1.553   -3.379)    5.131
   1.662   (   0.204   -0.246    9.598)    9.604
   1.954   (  -0.941    1.744    2.343)    3.069
   2.055   (  -0.683    0.150   -5.426)    5.471
   2.139   (  -1.033   -0.781   -8.462)    8.561
   2.368   (  -0.469    0.368    0.226)    0.638
   2.398   (  -0.538   -1.528   -1.658)    2.318
   2.780   (   0.384    0.416    3.092)    3.143
   2.887   (  -0.452    1.436   -3.230)    3.564
   3.050   (  -1.099   -0.306    1.891)    2.208
   3.094   (  -3.413   -0.492   -0.866)    3.556
   3.289   (   6.109   -2.553    2.779)    7.180
   3.390   (   2.985   -1.869   -3.382)    4.883
   3.786   (  -1.238   -0.029    1.389)    1.861
   3.848   (  -1.054    2.095   -1.226)    2.647
   3.912   (  -0.815   -1.682   -0.757)    2.017
   3.920   (  -1.421   -0.402   -1.192)    1.898
   4.465   (   1.476   -0.791    7.889)    8.064
   4.576   (  -0.686    1.816    1.395)    2.391
   4.612   (   1.020    0.064    1.756)    2.032
   4.766   (   3.044   -0.151   -6.651)    7.316
   5.496   (  -0.341   -0.226    4.698)    4.716
   5.662   (  -0.158   -0.263   -5.240)    5.249
   8.061   (  -1.192   -0.204    4.189)    4.360
   8.198   (  -1.939    0.400   -3.940)    4.409
======================= Grid point 423 (128/186) =======================
q-point: ( 0.30  0.00  0.40)
Mass variance parameters: 1.64e-04 1.64e-04 1.64e-04 1.64e-04 0.00e+00 0.00e+00 0.00e+00 0.00e+00 3.39e-05 3.39e-05 
Number of triplets: 500
Frequency     group velocity (x, y, z)     |gv|
   0.744   (   0.974   -0.177    0.017)    0.990
   0.758   (   2.800    0.145   -0.501)    2.849
   1.113   (   4.538    5.949    7.654)   10.704
   1.268   (  -5.114    4.026    1.125)    6.605
   1.378   (  -2.819   -1.379    4.502)    5.488
   1.510   (   0.750    0.761   -4.898)    5.013
   1.670   (  -0.158   -0.972    6.295)    6.371
   1.944   (   1.769    3.421   -2.031)    4.354
   2.067   (   2.455   -0.142   -2.051)    3.202
   2.177   (   4.842   -1.576   -5.961)    7.840
   2.384   (   3.056    0.200    0.340)    3.081
   2.427   (   2.271   -1.868   -2.499)    3.859
   2.788   (   1.147    0.643    2.516)    2.839
   2.866   (  -0.990    1.615   -2.337)    3.008
   2.995   (  -6.869   -1.756    0.766)    7.132
   2.999   (  -8.392   -1.175    0.423)    8.485
   3.409   (   6.380   -1.086    1.658)    6.681
   3.464   (   4.516   -1.900   -1.487)    5.121
   3.743   (  -2.652    1.415    2.231)    3.743
   3.830   (   0.016    1.641   -2.305)    2.829
   3.912   (   0.018   -0.676   -0.766)    1.022
   3.918   (  -0.586   -2.234   -1.217)    2.611
   4.488   (   0.520   -0.903    5.548)    5.645
   4.547   (  -1.343    1.779    1.235)    2.548
   4.632   (   1.739    0.420    3.619)    4.037
   4.815   (   3.016   -0.157   -6.232)    6.925
   5.492   (  -0.385   -0.206    4.891)    4.911
   5.661   (  -0.174   -0.256   -5.275)    5.284
   8.044   (  -1.195   -0.230    3.690)    3.885
   8.163   (  -1.993    0.424   -3.435)    3.994
======================= Grid point 424 (129/186) =======================
q-point: ( 0.40  0.00  0.40)
Mass variance parameters: 1.64e-04 1.64e-04 1.64e-04 1.64e-04 0.00e+00 0.00e+00 0.00e+00 0.00e+00 3.39e-05 3.39e-05 
Number of triplets: 504
Frequency     group velocity (x, y, z)     |gv|
   0.756   (   0.439   -0.006    0.226)    0.494
   0.789   (   1.527    0.153   -1.502)    2.147
   1.120   (   2.345    7.276    3.557)    8.431
   1.159   (  -5.692    0.824    2.398)    6.232
   1.346   (  -2.225   -2.114    7.454)    8.061
   1.515   (   0.403    0.212   -4.979)    4.999
   1.666   (  -0.952   -0.842    4.457)    4.635
   1.943   (   0.631    2.309   -7.210)    7.597
   2.122   (   3.366   -0.514    2.933)    4.494
   2.276   (   5.518   -0.643   -4.965)    7.450
   2.457   (   6.365    0.620   -0.043)    6.396
   2.495   (   5.445   -1.575   -2.487)    6.190
   2.785   (  -2.046    4.132    1.118)    4.745
   2.822   (  -3.631    1.125   -1.342)    4.031
   2.867   (  -8.280   -3.928    1.768)    9.333
   2.912   (  -4.623   -2.232   -0.949)    5.220
   3.482   (   2.822   -0.047    2.378)    3.690
   3.540   (   3.180   -1.362   -0.851)    3.562
   3.706   (  -0.958    0.883    3.060)    3.326
   3.823   (   0.305    0.945   -3.524)    3.661
   3.919   (   0.101   -0.715   -0.772)    1.057
   3.923   (  -0.216   -1.032   -0.818)    1.334
   4.494   (  -0.345   -0.835    3.300)    3.421
   4.516   (  -1.005    1.510    1.408)    2.296
   4.655   (   1.401    0.264    5.231)    5.422
   4.855   (   1.850   -0.114   -6.044)    6.322
   5.487   (  -0.259   -0.118    5.065)    5.073
   5.660   (  -0.115   -0.155   -5.311)    5.315
   8.030   (  -0.736   -0.160    3.258)    3.344
   8.135   (  -1.264    0.279   -2.995)    3.263
======================= Grid point 425 (130/186) =======================
q-point: (-0.50  0.00  0.40)
Mass variance parameters: 1.64e-04 1.64e-04 1.64e-04 1.64e-04 0.00e+00 0.00e+00 0.00e+00 0.00e+00 3.39e-05 3.39e-05 
Number of triplets: 260
Frequency     group velocity (x, y, z)     |gv|
   0.759   (   0.000    0.000    0.273)    0.273
   0.801   (   0.000   -0.000   -2.073)    2.073
   1.099   (  -0.000   -0.000    3.589)    3.589
   1.116   (   0.000    0.000    0.985)    0.985
   1.339   (  -0.000   -0.000    8.820)    8.820
   1.518   (  -0.000    0.000   -4.595)    4.595
   1.660   (   0.000    0.000    3.823)    3.823
   1.939   (  -0.000   -0.000   -8.528)    8.528
   2.152   (   0.000   -0.000    4.279)    4.279
   2.323   (  -0.000    0.000   -5.273)    5.273
   2.531   (  -0.000   -0.000    0.314)    0.314
   2.576   (   0.000   -0.000   -2.452)    2.452
   2.711   (  -0.000   -0.000    0.754)    0.754
   2.740   (   0.000    0.000   -0.928)    0.928
   2.848   (  -0.000    0.000    1.275)    1.275
   2.887   (   0.000    0.000   -1.055)    1.055
   3.503   (  -0.000   -0.000    3.089)    3.089
   3.569   (   0.000   -0.000   -0.872)    0.872
   3.698   (   0.000    0.000    3.295)    3.295
   3.824   (   0.000    0.000   -3.872)    3.872
   3.922   (  -0.000   -0.000   -0.648)    0.648
   3.925   (   0.000    0.000   -0.855)    0.855
   4.495   (  -0.000    0.000    2.523)    2.523
   4.501   (  -0.000   -0.000    1.481)    1.481
   4.666   (   0.000    0.000    5.757)    5.757
   4.870   (  -0.000   -0.000   -5.993)    5.993
   5.486   (   0.000   -0.000    5.135)    5.135
   5.660   (  -0.000    0.000   -5.327)    5.327
   8.025   (   0.000   -0.000    3.085)    3.085
   8.124   (  -0.000    0.000   -2.818)    2.818
======================= Grid point 432 (131/186) =======================
q-point: ( 0.10  0.10  0.40)
Mass variance parameters: 1.64e-04 1.64e-04 1.64e-04 1.64e-04 0.00e+00 0.00e+00 0.00e+00 0.00e+00 3.39e-05 3.39e-05 
Number of triplets: 280
Frequency     group velocity (x, y, z)     |gv|
   0.693   (   5.548    0.000    1.166)    5.669
   0.723   (   1.356    0.000   -0.651)    1.504
   1.102   (   4.795    0.000   10.494)   11.538
   1.364   (   0.047    0.000   -1.162)    1.163
   1.389   (  -0.306   -0.000    3.183)    3.197
   1.500   (   3.013    0.000   -3.540)    4.648
   1.659   (  -0.033   -0.000   10.108)   10.108
   1.968   (   0.035    0.000    3.674)    3.675
   2.055   (  -0.652   -0.000   -7.164)    7.193
   2.133   (  -1.770   -0.000   -8.950)    9.123
   2.375   (  -2.094   -0.000    0.177)    2.102
   2.382   (   0.648    0.000   -0.961)    1.159
   2.781   (  -0.060   -0.000    3.141)    3.142
   2.896   (  -0.922   -0.000   -3.359)    3.483
   3.050   (  -1.152   -0.000    1.820)    2.154
   3.092   (  -3.276   -0.000   -0.884)    3.393
   3.270   (   6.830    0.000    2.838)    7.396
   3.377   (   3.317    0.000   -3.626)    4.914
   3.785   (  -0.461   -0.000    1.457)    1.529
   3.870   (  -0.604   -0.000   -3.594)    3.645
   3.890   (  -1.798   -0.000    1.032)    2.073
   3.921   (  -1.524   -0.000   -0.833)    1.737
   4.460   (   1.473    0.000    8.048)    8.182
   4.592   (  -1.297   -0.000    0.224)    1.316
   4.610   (   1.526    0.000    2.805)    3.193
   4.765   (   3.090    0.000   -6.636)    7.320
   5.494   (  -0.308   -0.000    4.664)    4.674
   5.660   (  -0.127   -0.000   -5.251)    5.253
   8.060   (  -1.177   -0.000    4.316)    4.473
   8.200   (  -1.976   -0.000   -4.068)    4.522
======================= Grid point 433 (132/186) =======================
q-point: ( 0.20  0.10  0.40)
Mass variance parameters: 1.64e-04 1.64e-04 1.64e-04 1.64e-04 0.00e+00 0.00e+00 0.00e+00 0.00e+00 3.39e-05 3.39e-05 
Number of triplets: 500
Frequency     group velocity (x, y, z)     |gv|
   0.742   (   1.007   -0.120    0.224)    1.038
   0.759   (   3.029    0.033   -0.797)    3.133
   1.174   (   5.059    2.482    7.687)    9.531
   1.315   (  -6.158    2.699    3.669)    7.660
   1.356   (  -3.547   -1.776    3.442)    5.252
   1.515   (  -0.295    0.077   -5.896)    5.904
   1.660   (  -0.241   -0.398    7.653)    7.668
   1.994   (   3.370    3.259    0.909)    4.776
   2.052   (  -0.019   -1.820   -7.052)    7.284
   2.162   (   5.691   -0.550   -5.531)    7.955
   2.386   (   3.526    0.061    0.526)    3.565
   2.409   (   2.554   -0.610   -1.516)    3.032
   2.785   (   0.597   -0.441    2.882)    2.975
   2.882   (  -0.657    0.558   -2.520)    2.664
   2.984   (  -7.234    0.006    0.861)    7.285
   2.990   (  -8.663   -0.354    0.461)    8.682
   3.396   (   7.660   -0.580    1.082)    7.758
   3.443   (   4.215   -0.908   -1.723)    4.643
   3.755   (  -2.737    0.376    2.130)    3.488
   3.850   (  -0.968    0.971   -3.234)    3.513
   3.892   (   0.744   -1.095   -0.130)    1.330
   3.910   (   0.227    0.007   -0.914)    0.942
   4.478   (   0.592   -0.410    6.074)    6.117
   4.564   (  -1.783    0.682    0.363)    1.943
   4.635   (   1.697    0.066    3.974)    4.322
   4.814   (   3.091   -0.015   -6.173)    6.904
   5.489   (  -0.315   -0.078    4.839)    4.850
   5.659   (  -0.098   -0.098   -5.287)    5.289
   8.042   (  -1.146   -0.081    3.876)    4.043
   8.167   (  -2.097    0.156   -3.625)    4.191
======================= Grid point 434 (133/186) =======================
q-point: ( 0.30  0.10  0.40)
Mass variance parameters: 1.64e-04 1.64e-04 1.64e-04 1.64e-04 0.00e+00 0.00e+00 0.00e+00 0.00e+00 3.39e-05 3.39e-05 
Number of triplets: 500
Frequency     group velocity (x, y, z)     |gv|
   0.755   (   0.491   -0.108    0.467)    0.686
   0.790   (   1.279    0.043   -1.606)    2.054
   1.154   (  -7.957   -0.212    4.067)    8.939
   1.221   (  -1.129    5.827    2.621)    6.488
   1.321   (  -0.533   -1.720    6.972)    7.201
   1.514   (  -0.010   -0.403   -5.181)    5.197
   1.657   (  -0.230   -0.345    5.402)    5.417
   1.979   (  -1.217    2.672   -8.590)    9.078
   2.105   (   3.186   -1.783    3.407)    4.994
   2.273   (   6.720    0.047   -5.219)    8.509
   2.464   (   5.678    0.329   -0.322)    5.697
   2.484   (   7.600   -0.128   -1.499)    7.747
   2.798   (  -4.562   -2.992    2.624)    6.054
   2.833   (  -3.163    2.670    0.832)    4.221
   2.850   (  -9.117    0.178   -0.160)    9.120
   2.891   (  -1.689   -0.857   -1.834)    2.637
   3.479   (   2.589   -0.069    1.099)    2.814
   3.513   (   3.295   -2.188   -0.693)    4.016
   3.717   (  -1.457    0.580    3.019)    3.402
   3.833   (  -0.627    0.315   -3.722)    3.787
   3.914   (   1.472    0.143   -0.312)    1.512
   3.920   (   1.008    0.208   -0.771)    1.286
   4.482   (  -0.444   -0.718    3.952)    4.041
   4.532   (  -1.629    0.752    0.600)    1.892
   4.658   (   1.190    0.102    5.320)    5.452
   4.855   (   1.977    0.023   -5.978)    6.297
   5.486   (  -0.166   -0.070    5.024)    5.027
   5.659   (   0.000   -0.095   -5.317)    5.318
   8.028   (  -0.633   -0.093    3.405)    3.465
   8.138   (  -1.454    0.166   -3.145)    3.469
======================= Grid point 435 (134/186) =======================
q-point: ( 0.40  0.10  0.40)
Mass variance parameters: 1.64e-04 1.64e-04 1.64e-04 1.64e-04 0.00e+00 0.00e+00 0.00e+00 0.00e+00 3.39e-05 3.39e-05 
Number of triplets: 500
Frequency     group velocity (x, y, z)     |gv|
   0.757   (  -0.254   -0.215    0.446)    0.557
   0.800   (  -0.078   -0.114   -1.964)    1.969
   1.046   (  -6.488   -3.934    4.814)    8.986
   1.157   (  -2.153    2.427   -0.395)    3.268
   1.351   (   3.043    1.560    7.838)    8.552
   1.514   (  -0.396   -0.482   -3.207)    3.267
   1.663   (   0.948    0.303    3.167)    3.320
   1.943   (  -1.775    0.593   -8.998)    9.190
   2.142   (   0.029   -1.232    5.057)    5.205
   2.332   (   1.107    1.074   -5.714)    5.919
   2.535   (   0.210    0.796    0.750)    1.113
   2.591   (   3.212    1.878   -2.636)    4.560
   2.679   (  -5.152   -3.881    1.553)    6.635
   2.729   (  -2.915   -1.352   -1.459)    3.529
   2.867   (   4.711    1.988    0.949)    5.201
   2.894   (   1.763    0.966   -0.730)    2.139
   3.495   (  -0.733   -1.002    2.631)    2.909
   3.553   (   0.016   -1.936   -0.956)    2.160
   3.702   (  -0.251    0.508    3.336)    3.384
   3.823   (  -0.686   -0.063   -3.695)    3.758
   3.930   (   1.026    0.960   -0.575)    1.518
   3.935   (   1.577    1.279   -0.621)    2.123
   4.481   (  -0.346   -1.156    2.657)    2.918
   4.509   (  -0.744    0.440    0.919)    1.261
   4.665   (  -0.233   -0.032    6.009)    6.013
   4.871   (   0.178    0.127   -5.951)    5.955
   5.486   (   0.106    0.006    5.135)    5.136
   5.660   (   0.139    0.002   -5.325)    5.327
   8.025   (   0.151   -0.000    3.084)    3.088
   8.124   (  -0.259    0.000   -2.817)    2.829
======================= Grid point 436 (135/186) =======================
q-point: (-0.50  0.10  0.40)
Mass variance parameters: 1.64e-04 1.64e-04 1.64e-04 1.64e-04 0.00e+00 0.00e+00 0.00e+00 0.00e+00 3.39e-05 3.39e-05 
Number of triplets: 500
Frequency     group velocity (x, y, z)     |gv|
   0.752   (  -0.743   -0.637    0.298)    1.023
   0.787   (  -1.596   -0.035   -1.262)    2.035
   1.017   (  -2.879   -6.950    4.808)    8.928
   1.144   (   1.134   -1.423   -0.250)    1.837
   1.379   (   2.538    2.544    6.596)    7.512
   1.508   (  -0.955   -0.767   -2.787)    3.044
   1.679   (   1.525    1.007    2.580)    3.161
   1.919   (  -1.718   -1.182   -7.247)    7.541
   2.118   (  -3.951   -0.916    4.230)    5.860
   2.293   (  -4.437    1.772   -5.183)    7.049
   2.451   (  -6.502   -0.228    0.748)    6.549
   2.524   (  -4.542    2.412   -3.182)    6.048
   2.725   (   2.287   -4.204    1.188)    4.931
   2.791   (   3.510   -2.961   -2.642)    5.298
   2.926   (   6.847    3.930    1.225)    7.989
   2.951   (   7.034    3.395   -0.300)    7.816
   3.475   (  -2.896   -1.209    3.125)    4.428
   3.543   (  -2.598   -0.887   -1.003)    2.923
   3.697   (  -0.010   -0.239    3.170)    3.179
   3.812   (  -0.945   -0.619   -3.371)    3.556
   3.934   (   0.566    1.481   -0.368)    1.628
   3.949   (   1.736    2.330   -0.972)    3.064
   4.492   (   0.488   -1.791    2.030)    2.751
   4.502   (   0.067    0.256    1.859)    1.877
   4.651   (  -1.738   -0.323    5.789)    6.053
   4.858   (  -1.674    0.280   -6.031)    6.265
   5.489   (   0.373    0.123    5.115)    5.130
   5.663   (   0.256    0.156   -5.301)    5.310
   8.032   (   0.883    0.174    3.066)    3.195
   8.131   (   1.008   -0.294   -2.799)    2.990
======================= Grid point 437 (136/186) =======================
q-point: (-0.40  0.10  0.40)
Mass variance parameters: 1.64e-04 1.64e-04 1.64e-04 1.64e-04 0.00e+00 0.00e+00 0.00e+00 0.00e+00 3.39e-05 3.39e-05 
Number of triplets: 500
Frequency     group velocity (x, y, z)     |gv|
   0.741   (  -1.594   -0.835    0.218)    1.813
   0.758   (  -1.805    0.360   -0.199)    1.851
   1.024   (  -2.995   -6.503    6.673)    9.787
   1.206   (   3.408   -4.804   -0.885)    5.956
   1.394   (   0.791    0.971    4.258)    4.438
   1.494   (  -1.935   -1.443   -3.216)    4.022
   1.684   (  -0.498    0.878    4.328)    4.445
   1.907   (  -0.946   -1.892   -3.102)    3.754
   2.060   (  -3.233   -1.016    1.134)    3.573
   2.203   (  -4.364    2.112   -6.101)    7.792
   2.381   (  -2.607   -0.156    0.761)    2.720
   2.459   (  -2.000    2.740   -3.740)    5.049
   2.760   (  -0.599   -3.053    2.006)    3.702
   2.838   (   0.679   -2.605   -2.847)    3.918
   3.024   (   6.883    2.474    1.036)    7.387
   3.037   (   7.343    4.107    0.345)    8.421
   3.419   (  -4.833    0.235    2.499)    5.446
   3.487   (  -4.072    1.207   -1.368)    4.462
   3.718   (   1.921   -1.966    2.519)    3.728
   3.809   (  -0.220   -1.374   -2.482)    2.845
   3.928   (   0.111    1.706   -0.026)    1.710
   3.955   (   1.348    2.915   -1.498)    3.544
   4.499   (  -0.404    0.473    4.060)    4.108
   4.519   (   1.017   -2.088    1.996)    3.063
   4.623   (  -2.112   -0.815    4.062)    4.650
   4.819   (  -2.891    0.387   -6.217)    6.867
   5.495   (   0.496    0.256    4.975)    5.007
   5.665   (   0.293    0.313   -5.255)    5.272
   8.048   (   1.292    0.325    3.365)    3.619
   8.156   (   1.806   -0.566   -3.104)    3.636
======================= Grid point 438 (137/186) =======================
q-point: (-0.30  0.10  0.40)
Mass variance parameters: 1.64e-04 1.64e-04 1.64e-04 1.64e-04 0.00e+00 0.00e+00 0.00e+00 0.00e+00 3.39e-05 3.39e-05 
Number of triplets: 500
Frequency     group velocity (x, y, z)     |gv|
   0.702   (  -3.870    0.291    1.367)    4.114
   0.734   (  -1.126    0.677   -0.709)    1.493
   1.010   (  -3.514   -4.813   10.117)   11.742
   1.287   (   1.998   -4.897   -3.213)    6.189
   1.381   (  -2.654   -1.183    2.147)    3.613
   1.460   (  -4.634   -2.523   -3.128)    6.134
   1.662   (  -1.088   -0.329    8.281)    8.358
   1.930   (   2.261   -1.506    0.289)    2.732
   2.050   (   0.794   -0.650   -2.368)    2.580
   2.154   (   0.104    1.538   -7.360)    7.520
   2.366   (   0.068   -0.019    0.313)    0.321
   2.423   (  -0.088    2.088   -3.022)    3.674
   2.763   (  -1.078   -2.073    2.706)    3.576
   2.857   (  -0.626   -2.860   -3.202)    4.339
   3.066   (   1.006    1.958    2.167)    3.088
   3.111   (   3.755    2.208   -0.670)    4.407
   3.330   (  -4.509    2.984    2.781)    6.080
   3.423   (  -2.199    2.586   -2.912)    4.472
   3.776   (   3.133   -1.817    1.438)    3.897
   3.822   (   0.744   -1.410   -0.859)    1.810
   3.919   (   0.150    0.746    0.096)    0.767
   3.950   (   0.556    2.692   -1.942)    3.365
   4.479   (  -1.435    1.022    7.292)    7.502
   4.547   (   0.538   -2.271    2.123)    3.155
   4.604   (  -1.066   -1.007    1.352)    1.994
   4.770   (  -2.965    0.386   -6.584)    7.231
   5.500   (   0.426    0.363    4.787)    4.820
   5.667   (   0.236    0.419   -5.211)    5.233
   8.066   (   1.240    0.377    3.838)    4.051
   8.190   (   1.835   -0.695   -3.583)    4.085
======================= Grid point 439 (138/186) =======================
q-point: (-0.20  0.10  0.40)
Mass variance parameters: 1.64e-04 1.64e-04 1.64e-04 1.64e-04 0.00e+00 0.00e+00 0.00e+00 0.00e+00 3.39e-05 3.39e-05 
Number of triplets: 500
Frequency     group velocity (x, y, z)     |gv|
   0.624   (  -4.522    2.143    3.439)    6.072
   0.710   (  -1.143    0.793   -1.855)    2.319
   0.995   (  -2.037   -3.914   12.807)   13.546
   1.329   (   0.153   -2.863   -4.455)    5.298
   1.339   (  -3.414   -1.895    0.864)    4.000
   1.406   (  -3.995   -3.157   -2.689)    5.758
   1.661   (   0.200   -0.484   10.901)   10.913
   1.975   (   1.897   -0.635    3.005)    3.610
   2.071   (   0.972   -0.638   -7.215)    7.308
   2.181   (   3.370    0.874   -7.511)    8.278
   2.368   (  -0.045   -1.230    1.657)    2.064
   2.450   (   4.292    0.466   -2.608)    5.044
   2.758   (  -1.365   -2.042    2.881)    3.786
   2.857   (  -2.204   -3.806   -3.175)    5.425
   3.042   (  -1.627    1.644    2.002)    3.059
   3.098   (  -2.493    3.379   -1.042)    4.327
   3.274   (   0.228    3.258    2.872)    4.349
   3.386   (  -0.286    3.054   -3.928)    4.984
   3.800   (   0.127    1.674    1.573)    2.301
   3.865   (   2.714   -1.353   -1.455)    3.363
   3.927   (   0.603   -0.682    0.196)    0.931
   3.939   (  -0.057    0.540   -1.219)    1.335
   4.450   (  -1.187    0.979    8.856)    8.989
   4.563   (  -0.344   -1.959    2.485)    3.183
   4.603   (  -0.024   -0.737    0.167)    0.756
   4.729   (  -1.845    0.326   -7.182)    7.423
   5.502   (   0.226    0.389    4.629)    4.651
   5.667   (   0.121    0.430   -5.192)    5.211
   8.079   (   0.749    0.336    4.290)    4.368
   8.218   (   1.138   -0.656   -4.038)    4.246
======================= Grid point 440 (139/186) =======================
q-point: (-0.10  0.10  0.40)
Mass variance parameters: 1.64e-04 1.64e-04 1.64e-04 1.64e-04 0.00e+00 0.00e+00 0.00e+00 0.00e+00 3.39e-05 3.39e-05 
Number of triplets: 280
Frequency     group velocity (x, y, z)     |gv|
   0.565   (  -0.000    2.391    5.425)    5.928
   0.695   (  -0.000    0.679   -2.642)    2.728
   1.005   (   0.000   -3.180   13.678)   14.043
   1.318   (   0.000   -1.388    1.408)    1.977
   1.349   (   0.000   -1.862   -4.688)    5.044
   1.392   (   0.000   -2.388   -3.272)    4.051
   1.665   (   0.000   -0.019   12.188)   12.188
   1.990   (   0.000   -0.096    4.318)    4.319
   2.083   (   0.000   -0.295   -9.315)    9.320
   2.206   (  -0.000    0.572   -8.723)    8.742
   2.386   (   0.000   -2.410    3.666)    4.387
   2.496   (  -0.000    0.024   -2.776)    2.776
   2.758   (   0.000   -1.895    2.944)    3.501
   2.861   (   0.000   -4.222   -2.977)    5.166
   3.015   (  -0.000    1.561    0.954)    1.830
   3.039   (  -0.000    4.785   -0.212)    4.790
   3.264   (  -0.000    1.845    2.041)    2.751
   3.365   (  -0.000    2.482   -3.992)    4.701
   3.785   (  -0.000    1.819    2.060)    2.748
   3.886   (  -0.000    0.914   -4.002)    4.105
   3.939   (   0.000   -1.253    0.791)    1.482
   3.947   (   0.000   -1.182    0.378)    1.241
   4.434   (  -0.000    0.700    9.177)    9.204
   4.570   (   0.000   -1.443    2.468)    2.859
   4.608   (   0.000   -0.440    0.390)    0.588
   4.712   (  -0.000    0.243   -7.668)    7.671
   5.502   (  -0.000    0.307    4.548)    4.558
   5.665   (  -0.000    0.334   -5.198)    5.209
   8.083   (  -0.000    0.238    4.564)    4.570
   8.231   (   0.000   -0.482   -4.313)    4.340
======================= Grid point 443 (140/186) =======================
q-point: ( 0.20  0.20  0.40)
Mass variance parameters: 1.64e-04 1.64e-04 1.64e-04 1.64e-04 0.00e+00 0.00e+00 0.00e+00 0.00e+00 3.39e-05 3.39e-05 
Number of triplets: 282
Frequency     group velocity (x, y, z)     |gv|
   0.754   (   0.520    0.000    0.583)    0.782
   0.791   (   1.182    0.000   -1.588)    1.979
   1.151   (  -9.779   -0.000    4.848)   10.914
   1.273   (  -6.226   -0.000    1.129)    6.328
   1.300   (   4.800    0.000    7.187)    8.643
   1.509   (  -0.127   -0.000   -4.509)    4.511
   1.655   (   0.079    0.000    5.478)    5.479
   2.003   (  -3.094   -0.000  -11.200)   11.620
   2.087   (   4.191    0.000    5.729)    7.098
   2.274   (   7.221    0.000   -5.412)    9.024
   2.467   (   5.358    0.000   -0.428)    5.375
   2.484   (   8.719    0.000   -1.024)    8.779
   2.775   (  -5.408   -0.000    3.347)    6.360
   2.850   (  -9.422   -0.000    0.024)    9.422
   2.854   (  -4.149   -0.000    0.552)    4.186
   2.885   (   0.226    0.000   -2.084)    2.096
   3.484   (   1.388    0.000    0.150)    1.396
   3.490   (   4.322    0.000   -0.302)    4.332
   3.721   (  -1.551   -0.000    3.000)    3.377
   3.834   (  -0.935   -0.000   -3.751)    3.866
   3.917   (   2.234    0.000   -0.103)    2.236
   3.923   (   1.253    0.000   -0.700)    1.435
   4.477   (  -0.481   -0.000    4.124)    4.152
   4.537   (  -1.906   -0.000    0.173)    1.914
   4.658   (   1.139    0.000    5.486)    5.603
   4.855   (   2.017    0.000   -5.935)    6.268
   5.486   (  -0.129   -0.000    5.008)    5.010
   5.658   (   0.045    0.000   -5.319)    5.320
   8.028   (  -0.598   -0.000    3.459)    3.510
   8.139   (  -1.523   -0.000   -3.201)    3.544
======================= Grid point 444 (141/186) =======================
q-point: ( 0.30  0.20  0.40)
Mass variance parameters: 1.64e-04 1.64e-04 1.64e-04 1.64e-04 0.00e+00 0.00e+00 0.00e+00 0.00e+00 3.39e-05 3.39e-05 
Number of triplets: 500
Frequency     group velocity (x, y, z)     |gv|
   0.754   (  -0.643   -0.163    0.795)    1.035
   0.799   (  -0.066   -0.068   -1.810)    1.812
   1.007   (  -8.218   -1.526    5.915)   10.239
   1.177   (  -5.174    0.547   -1.507)    5.417
   1.373   (   4.446    1.150    5.708)    7.326
   1.507   (  -0.561   -0.405   -0.815)    1.069
   1.666   (   1.442    0.174    2.228)    2.660
   1.952   (  -3.064    0.434  -10.070)   10.535
   2.126   (   0.306   -0.800    6.621)    6.676
   2.346   (   2.053    0.702   -6.601)    6.949
   2.554   (   2.893    1.718    1.189)    3.569
   2.616   (   3.415    0.726   -1.597)    3.839
   2.626   (  -5.790   -2.584    1.650)    6.551
   2.709   (  -6.581   -1.135   -2.240)    7.044
   2.888   (   5.979    0.843    0.780)    6.088
   2.907   (   2.820    0.630   -0.334)    2.908
   3.483   (  -1.453   -0.464    1.916)    2.449
   3.528   (   0.177   -1.241   -1.010)    1.610
   3.708   (  -0.313    0.253    3.330)    3.355
   3.822   (  -0.802   -0.023   -3.506)    3.597
   3.943   (   1.519    0.625   -0.287)    1.667
   3.951   (   2.363    0.683   -0.348)    2.485
   4.469   (  -0.613   -0.505    2.760)    2.872
   4.512   (  -1.212    0.044    0.130)    1.219
   4.665   (  -0.342   -0.009    6.394)    6.403
   4.873   (   0.278    0.077   -5.886)    5.893
   5.486   (   0.171    0.004    5.135)    5.138
   5.660   (   0.225    0.001   -5.324)    5.328
   8.025   (   0.245   -0.000    3.084)    3.094
   8.124   (  -0.419    0.000   -2.817)    2.848
======================= Grid point 445 (142/186) =======================
q-point: (-0.60  0.20  0.40)
Mass variance parameters: 1.64e-04 1.64e-04 1.64e-04 1.64e-04 0.00e+00 0.00e+00 0.00e+00 0.00e+00 3.39e-05 3.39e-05 
Number of triplets: 504
Frequency     group velocity (x, y, z)     |gv|
   0.738   (  -1.726   -1.163    1.277)    2.442
   0.789   (  -1.164    0.215   -1.536)    1.939
   0.940   (  -3.028   -3.868    5.366)    7.274
   1.124   (  -1.766   -1.302   -2.365)    3.226
   1.412   (   1.984    2.012    4.996)    5.740
   1.496   (  -1.406   -0.866   -0.216)    1.665
   1.691   (   1.696    0.625    0.993)    2.062
   1.910   (  -2.162   -0.242   -8.071)    8.359
   2.102   (  -4.174   -1.131    6.155)    7.522
   2.321   (  -3.824    2.037   -6.591)    7.887
   2.451   (  -6.955    0.217    2.611)    7.432
   2.551   (  -4.352    0.913   -2.029)    4.887
   2.682   (   2.964   -1.306   -0.362)    3.259
   2.746   (   3.060   -3.363   -3.278)    5.605
   2.969   (   6.570    2.184    1.283)    7.042
   2.998   (   8.987    2.816   -0.504)    9.431
   3.454   (  -3.097   -1.509    3.231)    4.723
   3.523   (  -1.969   -1.668   -1.131)    2.818
   3.698   (  -0.720    0.247    3.182)    3.271
   3.807   (  -1.203   -0.132   -3.277)    3.493
   3.957   (   1.229    1.592    0.186)    2.019
   3.978   (   2.166    1.638   -0.583)    2.777
   4.470   (   0.073   -1.237    2.006)    2.357
   4.502   (  -0.198   -0.260    0.431)    0.541
   4.647   (  -1.976   -0.154    6.700)    6.987
   4.862   (  -1.534    0.240   -5.958)    6.157
   5.491   (   0.463    0.079    5.155)    5.176
   5.664   (   0.368    0.097   -5.292)    5.305
   8.035   (   1.023    0.116    2.900)    3.078
   8.127   (   0.780   -0.190   -2.630)    2.750
======================= Grid point 446 (143/186) =======================
q-point: (-0.50  0.20  0.40)
Mass variance parameters: 1.64e-04 1.64e-04 1.64e-04 1.64e-04 0.00e+00 0.00e+00 0.00e+00 0.00e+00 3.39e-05 3.39e-05 
Number of triplets: 500
Frequency     group velocity (x, y, z)     |gv|
   0.723   (  -1.633   -1.626    1.549)    2.777
   0.766   (  -1.240    0.641   -0.864)    1.641
   0.945   (  -1.046   -4.568    5.083)    6.913
   1.141   (   1.386   -4.238   -2.355)    5.043
   1.406   (  -1.397    0.809    3.442)    3.802
   1.473   (  -2.820   -1.505   -1.667)    3.606
   1.692   (  -1.565    0.404    2.810)    3.242
   1.892   (  -0.179   -0.341   -4.617)    4.633
   2.042   (  -3.302   -1.425    4.096)    5.451
   2.234   (  -4.334    2.279   -6.740)    8.331
   2.381   (  -2.171    0.248    2.179)    3.086
   2.496   (  -1.892    2.253   -4.115)    5.058
   2.718   (   0.043   -2.589    1.058)    2.797
   2.794   (   0.357   -3.494   -3.415)    4.899
   3.061   (   6.555    2.634    1.720)    7.271
   3.100   (   7.102    4.580   -0.465)    8.464
   3.412   (  -3.451   -1.180    3.270)    4.899
   3.493   (  -2.687   -0.377   -1.483)    3.092
   3.696   (   0.623   -1.117    2.890)    3.160
   3.794   (  -0.532   -0.700   -2.874)    3.006
   3.956   (   0.441    2.298    0.675)    2.435
   3.992   (   1.349    2.294   -0.989)    2.839
   4.486   (   0.319   -1.800    1.892)    2.631
   4.506   (   0.383   -0.251    1.858)    1.914
   4.612   (  -2.648   -0.626    5.698)    6.314
   4.825   (  -2.784    0.422   -6.107)    6.725
   5.498   (   0.603    0.209    5.058)    5.098
   5.669   (   0.408    0.251   -5.234)    5.256
   8.053   (   1.421    0.309    3.001)    3.335
   8.149   (   1.587   -0.505   -2.735)    3.202
======================= Grid point 447 (144/186) =======================
q-point: (-0.40  0.20  0.40)
Mass variance parameters: 1.64e-04 1.64e-04 1.64e-04 1.64e-04 0.00e+00 0.00e+00 0.00e+00 0.00e+00 3.39e-05 3.39e-05 
Number of triplets: 504
Frequency     group velocity (x, y, z)     |gv|
   0.703   (  -2.106   -0.151    1.804)    2.777
   0.744   (  -0.980    0.813   -0.934)    1.580
   0.952   (  -1.729   -3.349    7.687)    8.561
   1.210   (   2.226   -5.956   -3.826)    7.421
   1.362   (  -4.182   -1.319    1.743)    4.719
   1.424   (  -5.585   -2.505   -2.989)    6.812
   1.652   (  -2.528   -0.975    6.885)    7.399
   1.916   (   2.608   -0.576   -2.282)    3.513
   2.037   (   0.905   -1.063    1.281)    1.895
   2.180   (  -0.225    2.082   -6.495)    6.824
   2.368   (   0.292    0.470    0.863)    1.026
   2.453   (  -1.299    2.238   -4.224)    4.953
   2.727   (  -1.180   -2.885    1.800)    3.599
   2.810   (  -1.626   -3.820   -3.422)    5.380
   3.100   (   0.861    2.803    2.691)    3.980
   3.154   (   3.496    3.668   -0.568)    5.098
   3.364   (  -2.311    1.843    2.952)    4.178
   3.456   (  -1.108    2.007   -2.570)    3.444
   3.742   (   3.534   -2.645    1.942)    4.823
   3.805   (   1.097   -1.168   -1.676)    2.318
   3.939   (  -0.609    2.084    0.929)    2.362
   3.985   (  -0.206    2.309   -1.476)    2.748
   4.488   (  -1.061    0.016    5.498)    5.600
   4.520   (   0.637   -1.367    2.520)    2.936
   4.586   (  -1.438   -1.480    2.067)    2.921
   4.776   (  -2.945    0.497   -6.373)    7.039
   5.505   (   0.527    0.360    4.894)    4.935
   5.673   (   0.330    0.412   -5.176)    5.203
   8.071   (   1.320    0.461    3.348)    3.628
   8.179   (   1.685   -0.780   -3.087)    3.603
======================= Grid point 448 (145/186) =======================
q-point: (-0.30  0.20  0.40)
Mass variance parameters: 1.64e-04 1.64e-04 1.64e-04 1.64e-04 0.00e+00 0.00e+00 0.00e+00 0.00e+00 3.39e-05 3.39e-05 
Number of triplets: 500
Frequency     group velocity (x, y, z)     |gv|
   0.657   (  -2.633    2.384    2.376)    4.273
   0.723   (  -0.901    1.008   -1.661)    2.142
   0.946   (  -1.394   -2.772   11.343)   11.760
   1.274   (   0.898   -5.001   -5.849)    7.747
   1.310   (  -3.870   -2.222    0.937)    4.560
   1.356   (  -4.715   -3.712   -2.325)    6.436
   1.645   (  -0.170   -1.894    8.936)    9.136
   1.964   (   2.378   -0.982   -0.680)    2.661
   2.058   (   0.536   -0.960   -2.669)    2.887
   2.203   (   4.249    1.997   -5.562)    7.279
   2.357   (  -1.855   -0.069    0.859)    2.046
   2.454   (   2.785    0.175   -3.709)    4.642
   2.724   (  -1.550   -2.746    1.940)    3.703
   2.799   (  -3.235   -4.491   -2.943)    6.269
   3.073   (  -1.155    2.626    3.064)    4.197
   3.148   (  -0.512    3.749   -1.047)    3.926
   3.325   (  -0.039    3.968    2.871)    4.898
   3.431   (   0.019    3.218   -3.573)    4.809
   3.816   (   2.838    0.018    1.113)    3.048
   3.843   (   3.358   -1.446   -0.177)    3.660
   3.917   (  -0.871   -0.118    0.542)    1.032
   3.955   (  -2.020    1.349   -1.673)    2.950
   4.464   (  -1.168    1.002    8.567)    8.704
   4.536   (  -0.004   -1.760    2.441)    3.009
   4.586   (  -0.145   -1.576   -0.168)    1.591
   4.735   (  -1.873    0.433   -6.833)    7.098
   5.509   (   0.285    0.473    4.738)    4.770
   5.673   (   0.171    0.520   -5.146)    5.175
   8.085   (   0.781    0.503    3.785)    3.898
   8.207   (   1.070   -0.900   -3.529)    3.796
======================= Grid point 449 (146/186) =======================
q-point: (-0.20  0.20  0.40)
Mass variance parameters: 1.64e-04 1.64e-04 1.64e-04 1.64e-04 0.00e+00 0.00e+00 0.00e+00 0.00e+00 3.39e-05 3.39e-05 
Number of triplets: 282
Frequency     group velocity (x, y, z)     |gv|
   0.609   (  -0.000    3.648    3.633)    5.148
   0.707   (  -0.000    1.097   -2.283)    2.533
   0.956   (   0.000   -3.337   13.312)   13.724
   1.291   (   0.000   -2.324    0.998)    2.530
   1.310   (   0.000   -3.763   -6.185)    7.240
   1.347   (   0.000   -3.925   -2.574)    4.694
   1.657   (   0.000   -1.359   10.325)   10.414
   1.988   (   0.000   -0.386    2.385)    2.416
   2.070   (   0.000   -1.391   -7.088)    7.223
   2.230   (  -0.000    3.024   -8.231)    8.769
   2.348   (   0.000   -2.950    4.519)    5.396
   2.492   (   0.000   -0.658   -4.029)    4.082
   2.726   (   0.000   -2.464    2.275)    3.354
   2.798   (   0.000   -4.798   -2.445)    5.385
   3.044   (  -0.000    2.527    2.334)    3.440
   3.108   (  -0.000    4.955   -0.863)    5.029
   3.302   (  -0.000    3.521    2.475)    4.304
   3.408   (  -0.000    3.445   -3.917)    5.217
   3.818   (  -0.000    2.814    1.897)    3.394
   3.902   (  -0.000    1.279   -2.833)    3.108
   3.915   (   0.000   -2.102    0.585)    2.182
   3.924   (   0.000   -1.985    0.066)    1.986
   4.447   (  -0.000    1.071    9.146)    9.209
   4.547   (   0.000   -1.766    2.501)    3.061
   4.596   (   0.000   -1.251   -0.192)    1.266
   4.717   (  -0.000    0.371   -7.270)    7.280
   5.507   (  -0.000    0.489    4.644)    4.669
   5.671   (  -0.000    0.529   -5.155)    5.182
   8.087   (  -0.000    0.448    4.141)    4.165
   8.222   (   0.000   -0.845   -3.886)    3.977
======================= Grid point 454 (147/186) =======================
q-point: ( 0.30  0.30  0.40)
Mass variance parameters: 1.64e-04 1.64e-04 1.64e-04 1.64e-04 0.00e+00 0.00e+00 0.00e+00 0.00e+00 3.39e-05 3.39e-05 
Number of triplets: 280
Frequency     group velocity (x, y, z)     |gv|
   0.729   (  -2.287   -0.000    1.968)    3.017
   0.791   (  -0.888   -0.000   -1.907)    2.104
   0.913   (  -3.006   -0.000    5.574)    6.333
   1.114   (  -2.741   -0.000   -3.202)    4.215
   1.428   (   1.679    0.000    3.968)    4.309
   1.489   (  -1.634   -0.000    1.113)    1.977
   1.695   (   1.696    0.000    0.419)    1.747
   1.909   (  -2.250   -0.000   -8.682)    8.969
   2.094   (  -4.204   -0.000    7.207)    8.344
   2.337   (  -3.630   -0.000   -8.040)    8.822
   2.454   (  -7.464   -0.000    4.346)    8.637
   2.552   (  -3.585   -0.000   -0.342)    3.601
   2.687   (   2.273    0.000   -2.632)    3.478
   2.711   (   3.405    0.000   -3.153)    4.641
   2.984   (   6.690    0.000    1.427)    6.840
   3.019   (   9.705    0.000   -0.703)    9.730
   3.442   (  -3.338   -0.000    3.194)    4.620
   3.509   (  -1.735   -0.000   -1.178)    2.097
   3.701   (  -0.910   -0.000    3.147)    3.276
   3.806   (  -1.264   -0.000   -3.237)    3.475
   3.970   (   1.523    0.000    0.399)    1.574
   3.990   (   2.186    0.000   -0.262)    2.202
   4.461   (  -0.047   -0.000    1.917)    1.917
   4.499   (  -0.369   -0.000   -0.204)    0.422
   4.646   (  -2.040   -0.000    7.114)    7.401
   4.864   (  -1.484   -0.000   -5.919)    6.102
   5.491   (   0.497    0.000    5.170)    5.194
   5.665   (   0.410    0.000   -5.288)    5.303
   8.035   (   1.083    0.000    2.834)    3.034
   8.126   (   0.687    0.000   -2.563)    2.654
======================= Grid point 455 (148/186) =======================
q-point: (-0.60  0.30  0.40)
Mass variance parameters: 1.64e-04 1.64e-04 1.64e-04 1.64e-04 0.00e+00 0.00e+00 0.00e+00 0.00e+00 3.39e-05 3.39e-05 
Number of triplets: 500
Frequency     group velocity (x, y, z)     |gv|
   0.704   (  -1.095   -0.889    2.321)    2.716
   0.774   (  -1.084    0.363   -1.831)    2.158
   0.902   (   0.168   -1.589    4.523)    4.797
   1.098   (  -0.080   -1.735   -3.159)    3.605
   1.416   (  -2.864    0.500    2.680)    3.954
   1.456   (  -3.165   -0.797   -0.691)    3.336
   1.696   (  -2.289    0.090    2.072)    3.088
   1.892   (   0.210    0.131   -6.509)    6.514
   2.026   (  -3.184   -0.709    6.691)    7.443
   2.259   (  -4.761    1.023   -7.920)    9.297
   2.387   (  -1.590    0.416    3.933)    4.263
   2.515   (  -1.703    0.460   -3.088)    3.557
   2.701   (   0.068    0.237   -0.983)    1.014
   2.748   (   0.273   -2.649   -3.418)    4.333
   3.089   (   6.457    1.181    2.217)    6.929
   3.150   (   7.364    2.217   -1.426)    7.821
   3.394   (  -2.797   -1.020    3.940)    4.938
   3.484   (  -1.495   -0.568   -1.585)    2.252
   3.687   (  -0.386   -0.230    3.039)    3.072
   3.788   (  -0.844   -0.175   -3.052)    3.172
   3.984   (   0.708    1.280    1.001)    1.772
   4.013   (   1.053    0.690   -0.230)    1.280
   4.467   (   0.453   -0.702    1.624)    1.827
   4.501   (   0.351   -0.343   -0.054)    0.494
   4.607   (  -2.936   -0.161    7.194)    7.771
   4.830   (  -2.731    0.179   -6.012)    6.606
   5.500   (   0.667    0.080    5.108)    5.152
   5.672   (   0.478    0.096   -5.220)    5.243
   8.056   (   1.526    0.133    2.750)    3.148
   8.143   (   1.427   -0.208   -2.481)    2.869
======================= Grid point 456 (149/186) =======================
q-point: (-0.50  0.30  0.40)
Mass variance parameters: 1.64e-04 1.64e-04 1.64e-04 1.64e-04 0.00e+00 0.00e+00 0.00e+00 0.00e+00 3.39e-05 3.39e-05 
Number of triplets: 500
Frequency     group velocity (x, y, z)     |gv|
   0.699   (  -0.362   -0.200    1.649)    1.700
   0.755   (  -0.854    0.690   -1.553)    1.902
   0.921   (   0.410   -1.267    5.041)    5.214
   1.134   (   1.626   -4.590   -3.108)    5.776
   1.348   (  -5.411   -0.718    1.324)    5.617
   1.395   (  -6.033   -1.584   -2.937)    6.894
   1.639   (  -3.849   -0.784    5.963)    7.141
   1.911   (   2.002   -0.167   -5.526)    5.879
   2.024   (   1.502   -0.697    5.243)    5.499
   2.205   (  -0.698    1.291   -6.053)    6.228
   2.381   (   1.019    1.211    1.554)    2.218
   2.478   (  -2.340    1.122   -4.473)    5.171
   2.695   (  -1.088   -1.209    0.225)    1.642
   2.756   (  -2.132   -3.686   -3.461)    5.488
   3.136   (   0.747    2.057    3.195)    3.873
   3.203   (   2.375    3.065   -0.874)    3.975
   3.379   (   0.249    0.362    3.284)    3.313
   3.475   (   0.209    0.831   -2.459)    2.604
   3.711   (   3.060   -1.657    2.467)    4.265
   3.791   (   1.004   -0.754   -2.350)    2.664
   3.970   (  -0.898    2.148    1.324)    2.679
   4.009   (  -0.996    0.934   -0.497)    1.453
   4.479   (   0.069   -0.846    3.133)    3.246
   4.511   (   0.547   -0.290    1.473)    1.598
   4.568   (  -2.117   -0.894    4.592)    5.135
   4.782   (  -2.978    0.339   -6.159)    6.850
   5.509   (   0.605    0.221    4.977)    5.019
   5.678   (   0.402    0.251   -5.148)    5.170
   8.077   (   1.413    0.350    2.886)    3.232
   8.170   (   1.534   -0.548   -2.621)    3.086
======================= Grid point 457 (150/186) =======================
q-point: (-0.40  0.30  0.40)
Mass variance parameters: 1.64e-04 1.64e-04 1.64e-04 1.64e-04 0.00e+00 0.00e+00 0.00e+00 0.00e+00 3.39e-05 3.39e-05 
Number of triplets: 500
Frequency     group velocity (x, y, z)     |gv|
   0.686   (  -0.769    1.728    1.224)    2.253
   0.737   (  -0.672    1.006   -1.673)    2.064
   0.926   (  -0.211   -0.148    7.891)    7.895
   1.197   (   1.522   -5.690   -4.683)    7.525
   1.281   (  -4.082   -1.896    0.384)    4.517
   1.310   (  -5.657   -2.767   -2.197)    6.670
   1.614   (  -0.947   -2.286    7.168)    7.583
   1.947   (   1.637   -1.429   -6.470)    6.825
   2.052   (   1.165    0.001    4.347)    4.500
   2.226   (   4.193    1.068   -2.692)    5.096
   2.371   (  -2.198    2.180   -1.414)    3.404
   2.454   (   1.032   -0.211   -4.389)    4.514
   2.688   (  -1.282   -2.250    0.439)    2.626
   2.737   (  -3.594   -4.276   -2.700)    6.204
   3.110   (  -1.136    2.463    3.982)    4.819
   3.197   (  -0.050    2.997   -0.917)    3.135
   3.377   (   0.756    3.325    2.624)    4.302
   3.469   (   0.256    2.176   -2.994)    3.710
   3.796   (   5.547   -2.016    1.208)    6.025
   3.829   (   2.944   -0.924   -0.823)    3.194
   3.929   (  -2.526    1.649    1.169)    3.236
   3.970   (  -3.166    0.688   -0.808)    3.339
   4.474   (  -0.722    0.426    7.721)    7.766
   4.519   (   0.166   -0.585    2.151)    2.236
   4.562   (  -0.231   -1.854    0.019)    1.868
   4.740   (  -1.971    0.358   -6.454)    6.757
   5.515   (   0.342    0.378    4.843)    4.869
   5.680   (   0.218    0.412   -5.103)    5.124
   8.092   (   0.827    0.519    3.195)    3.341
   8.195   (   0.987   -0.841   -2.934)    3.208
======================= Grid point 458 (151/186) =======================
q-point: (-0.30  0.30  0.40)
Mass variance parameters: 1.64e-04 1.64e-04 1.64e-04 1.64e-04 0.00e+00 0.00e+00 0.00e+00 0.00e+00 3.39e-05 3.39e-05 
Number of triplets: 280
Frequency     group velocity (x, y, z)     |gv|
   0.659   (  -0.000    3.338    1.616)    3.709
   0.723   (  -0.000    1.191   -1.950)    2.285
   0.925   (   0.000   -0.806   10.740)   10.770
   1.248   (   0.000   -4.984   -6.325)    8.053
   1.257   (   0.000   -2.415    0.496)    2.466
   1.291   (   0.000   -4.017   -1.681)    4.355
   1.627   (   0.000   -2.745    8.005)    8.463
   1.973   (   0.000   -1.853   -5.026)    5.357
   2.058   (  -0.000    0.015    1.590)    1.590
   2.284   (  -0.000    4.604   -8.434)    9.609
   2.310   (   0.000   -2.423    5.250)    5.782
   2.480   (   0.000   -0.898   -4.912)    4.993
   2.693   (   0.000   -2.331    0.782)    2.459
   2.731   (   0.000   -4.723   -1.970)    5.117
   3.082   (  -0.000    2.726    3.710)    4.603
   3.171   (  -0.000    3.881   -0.972)    4.000
   3.356   (  -0.000    4.140    2.458)    4.814
   3.453   (  -0.000    2.892   -3.432)    4.489
   3.857   (  -0.000    2.703    1.849)    3.275
   3.884   (   0.000   -2.198    0.264)    2.214
   3.895   (   0.000   -2.181   -0.327)    2.205
   3.918   (  -0.000    0.969   -1.275)    1.601
   4.462   (  -0.000    1.009    9.107)    9.163
   4.526   (   0.000   -1.141    2.003)    2.305
   4.574   (   0.000   -1.809   -0.572)    1.898
   4.722   (  -0.000    0.345   -6.796)    6.804
   5.514   (  -0.000    0.480    4.756)    4.780
   5.679   (  -0.000    0.516   -5.103)    5.129
   8.095   (  -0.000    0.565    3.542)    3.587
   8.209   (   0.000   -0.964   -3.283)    3.422
======================= Grid point 465 (152/186) =======================
q-point: (-0.60  0.40  0.40)
Mass variance parameters: 1.64e-04 1.64e-04 1.64e-04 1.64e-04 0.00e+00 0.00e+00 0.00e+00 0.00e+00 3.39e-05 3.39e-05 
Number of triplets: 282
Frequency     group velocity (x, y, z)     |gv|
   0.698   (   0.402    0.000    1.260)    1.323
   0.760   (  -0.797   -0.000   -2.065)    2.214
   0.913   (   1.603    0.000    4.064)    4.369
   1.099   (   1.004    0.000   -2.417)    2.617
   1.343   (  -5.951   -0.000    1.173)    6.065
   1.383   (  -6.090   -0.000   -2.945)    6.764
   1.633   (  -4.378   -0.000    5.644)    7.143
   1.910   (   1.540    0.000   -7.144)    7.308
   2.019   (   1.931    0.000    7.101)    7.359
   2.214   (  -1.014   -0.000   -5.837)    5.924
   2.392   (   1.576    0.000    1.821)    2.409
   2.484   (  -2.781   -0.000   -4.143)    4.990
   2.693   (  -1.057   -0.000   -1.078)    1.510
   2.723   (  -2.349   -0.000   -3.232)    3.996
   3.151   (   0.664    0.000    3.405)    3.469
   3.226   (   1.553    0.000   -1.185)    1.954
   3.380   (   1.662    0.000    3.548)    3.918
   3.480   (   0.921    0.000   -2.459)    2.626
   3.699   (   2.689    0.000    2.685)    3.800
   3.786   (   0.844    0.000   -2.578)    2.712
   3.988   (  -0.857   -0.000    1.268)    1.530
   4.013   (  -1.483   -0.000    0.182)    1.494
   4.473   (   0.452    0.000    2.658)    2.696
   4.508   (   0.761    0.000   -0.270)    0.807
   4.563   (  -2.496   -0.000    6.360)    6.832
   4.785   (  -3.000   -0.000   -6.073)    6.774
   5.511   (   0.634    0.000    5.009)    5.049
   5.679   (   0.429    0.000   -5.137)    5.155
   8.080   (   1.460    0.000    2.687)    3.058
   8.166   (   1.465    0.000   -2.420)    2.829
======================= Grid point 467 (153/186) =======================
q-point: (-0.50  0.40  0.40)
Mass variance parameters: 1.64e-04 1.64e-04 1.64e-04 1.64e-04 0.00e+00 0.00e+00 0.00e+00 0.00e+00 3.39e-05 3.39e-05 
Number of triplets: 500
Frequency     group velocity (x, y, z)     |gv|
   0.702   (   0.185    0.597    0.319)    0.701
   0.749   (  -0.505    0.513   -2.011)    2.136
   0.935   (   1.208    0.938    4.279)    4.544
   1.131   (   1.739   -3.109   -2.402)    4.296
   1.261   (  -4.335   -0.800    0.230)    4.414
   1.284   (  -6.276   -0.961   -2.220)    6.727
   1.590   (  -1.633   -0.997    6.186)    6.475
   1.930   (   0.794   -0.692   -9.479)    9.537
   2.054   (   1.949    0.192    8.102)    8.335
   2.233   (   3.241    0.127   -0.579)    3.295
   2.410   (  -1.280    2.999   -3.583)    4.845
   2.444   (   0.065   -1.541   -4.239)    4.511
   2.669   (  -2.296   -0.279   -1.248)    2.628
   2.688   (  -2.653   -2.552   -2.035)    4.207
   3.135   (  -1.240    1.019    4.429)    4.711
   3.226   (  -0.253    1.148   -0.841)    1.445
   3.411   (   1.891    1.395    2.309)    3.295
   3.489   (   0.231    0.667   -2.408)    2.509
   3.775   (   6.104   -0.898    1.385)    6.324
   3.818   (   2.929   -0.528   -1.371)    3.276
   3.954   (  -2.988    1.585    1.111)    3.560
   3.971   (  -3.818   -0.526    0.330)    3.868
   4.477   (  -0.005    0.047    6.573)    6.573
   4.519   (   0.399    0.362    0.979)    1.117
   4.539   (  -0.708   -1.196    1.578)    2.103
   4.744   (  -2.055    0.137   -6.217)    6.549
   5.518   (   0.376    0.143    4.905)    4.921
   5.684   (   0.246    0.155   -5.076)    5.085
   8.098   (   0.870    0.241    2.762)    2.906
   8.186   (   0.922   -0.365   -2.499)    2.688
======================= Grid point 468 (154/186) =======================
q-point: (-0.40  0.40  0.40)
Mass variance parameters: 1.64e-04 1.64e-04 1.64e-04 1.64e-04 0.00e+00 0.00e+00 0.00e+00 0.00e+00 3.39e-05 3.39e-05 
Number of triplets: 282
Frequency     group velocity (x, y, z)     |gv|
   0.695   (  -0.000    1.741    0.227)    1.756
   0.739   (  -0.000    0.975   -1.958)    2.188
   0.934   (  -0.000    1.686    6.289)    6.511
   1.179   (   0.000   -4.606   -4.475)    6.422
   1.229   (   0.000   -1.456    0.051)    1.457
   1.243   (   0.000   -2.621   -0.838)    2.751
   1.590   (   0.000   -2.223    6.266)    6.649
   1.945   (   0.000   -1.738  -10.007)   10.157
   2.066   (  -0.000    0.733    7.796)    7.831
   2.283   (   0.000   -1.347    5.763)    5.919
   2.347   (  -0.000    4.027   -9.262)   10.099
   2.470   (   0.000   -0.579   -5.355)    5.386
   2.655   (   0.000   -3.206   -0.701)    3.282
   2.681   (   0.000   -1.993   -1.236)    2.345
   3.114   (  -0.000    1.821    4.546)    4.897
   3.213   (  -0.000    2.115   -0.890)    2.295
   3.409   (  -0.000    3.151    2.014)    3.740
   3.483   (  -0.000    1.309   -2.583)    2.895
   3.859   (   0.000   -1.274   -0.151)    1.283
   3.868   (   0.000   -1.651   -0.631)    1.767
   3.888   (  -0.000    1.664    2.112)    2.689
   3.928   (  -0.000    0.373   -0.046)    0.376
   4.473   (  -0.000    0.599    9.071)    9.091
   4.518   (  -0.000    0.052    1.043)    1.044
   4.549   (   0.000   -1.824   -0.519)    1.896
   4.726   (  -0.000    0.200   -6.423)    6.426
   5.520   (  -0.000    0.292    4.843)    4.852
   5.684   (  -0.000    0.313   -5.063)    5.073
   8.102   (  -0.000    0.447    2.963)    2.997
   8.197   (   0.000   -0.695   -2.702)    2.789
======================= Grid point 478 (155/186) =======================
q-point: ( 0.50 -0.50  0.40)
Mass variance parameters: 1.64e-04 1.64e-04 1.64e-04 1.64e-04 0.00e+00 0.00e+00 0.00e+00 0.00e+00 3.39e-05 3.39e-05 
Number of triplets: 160
Frequency     group velocity (x, y, z)     |gv|
   0.706   (   0.000   -0.000   -0.154)    0.154
   0.747   (  -0.000    0.000   -2.142)    2.142
   0.951   (  -0.000    0.000    3.307)    3.307
   1.141   (   0.000   -0.000   -2.554)    2.554
   1.221   (   0.000   -0.000   -0.466)    0.466
   1.223   (  -0.000    0.000   -0.134)    0.134
   1.574   (  -0.000    0.000    5.608)    5.608
   1.932   (  -0.000    0.000  -11.162)   11.162
   2.072   (  -0.000    0.000    9.447)    9.447
   2.274   (   0.000    0.000    5.956)    5.956
   2.379   (   0.000   -0.000  -10.082)   10.082
   2.466   (  -0.000   -0.000   -5.484)    5.484
   2.628   (  -0.000    0.000   -0.217)    0.217
   2.669   (  -0.000    0.000   -1.609)    1.609
   3.128   (   0.000   -0.000    4.793)    4.793
   3.227   (  -0.000    0.000   -0.836)    0.836
   3.433   (  -0.000    0.000    1.676)    1.676
   3.491   (   0.000   -0.000   -2.039)    2.039
   3.851   (   0.000   -0.000   -0.423)    0.423
   3.854   (  -0.000    0.000   -0.699)    0.699
   3.900   (   0.000   -0.000    2.437)    2.437
   3.930   (  -0.000    0.000    0.273)    0.273
   4.477   (   0.000   -0.000    9.057)    9.057
   4.527   (   0.000   -0.000   -0.057)    0.057
   4.527   (  -0.000    0.000    0.183)    0.183
   4.727   (  -0.000    0.000   -6.283)    6.283
   5.522   (   0.000   -0.000    4.876)    4.876
   5.687   (  -0.000    0.000   -5.048)    5.048
   8.105   (  -0.000    0.000    2.707)    2.707
   8.192   (   0.000   -0.000   -2.444)    2.444
======================= Grid point 525 (156/186) =======================
q-point: ( 0.00  0.00 -0.50)
Mass variance parameters: 1.64e-04 1.64e-04 1.64e-04 1.64e-04 0.00e+00 0.00e+00 0.00e+00 0.00e+00 3.39e-05 3.39e-05 
Number of triplets: 93
Frequency     group velocity (x, y, z)     |gv|
   0.633   (   0.000    0.000   -4.362)    4.362
   0.633   (   0.000    0.000    4.362)    4.362
   1.227   (   0.000    0.000  -10.957)   10.957
   1.227   (   0.000    0.000   10.957)   10.957
   1.360   (   0.000    0.000   -2.527)    2.527
   1.360   (   0.000    0.000    2.527)    2.527
   1.896   (   0.000    0.000  -13.789)   13.789
   1.896   (   0.000    0.000   13.789)   13.789
   2.078   (   0.000    0.000   -6.413)    6.413
   2.078   (   0.000    0.000    6.413)    6.413
   2.455   (   0.000    0.000   -2.866)    2.866
   2.455   (   0.000    0.000    2.866)    2.866
   2.831   (   0.000    0.000   -4.157)    4.157
   2.831   (   0.000    0.000    4.157)    4.157
   3.006   (   0.000    0.000   -0.312)    0.312
   3.006   (   0.000    0.000    0.312)    0.312
   3.290   (   0.000    0.000   -3.028)    3.028
   3.290   (   0.000    0.000    3.028)    3.028
   3.816   (   0.000    0.000   -3.376)    3.376
   3.816   (   0.000    0.000    3.376)    3.376
   3.957   (   0.000    0.000   -0.281)    0.281
   3.957   (   0.000    0.000    0.281)    0.281
   4.576   (   0.000    0.000   -8.838)    8.838
   4.576   (   0.000    0.000    8.838)    8.838
   4.608   (   0.000    0.000   -0.939)    0.939
   4.608   (   0.000    0.000    0.939)    0.939
   5.578   (   0.000    0.000   -5.152)    5.152
   5.578   (   0.000    0.000    5.152)    5.152
   8.159   (   0.000    0.000   -4.848)    4.848
   8.159   (   0.000    0.000    4.848)    4.848
======================= Grid point 527 (157/186) =======================
q-point: ( 0.10  0.00 -0.50)
Mass variance parameters: 1.64e-04 1.64e-04 1.64e-04 1.64e-04 0.00e+00 0.00e+00 0.00e+00 0.00e+00 3.39e-05 3.39e-05 
Number of triplets: 300
Frequency     group velocity (x, y, z)     |gv|
   0.661   (   3.015   -0.485   -3.094)    4.347
   0.661   (   3.015   -0.485    3.094)    4.347
   1.227   (   0.982    1.542  -10.479)   10.637
   1.227   (   0.982    1.542   10.479)   10.637
   1.391   (   3.779    0.905   -2.594)    4.672
   1.391   (   3.779    0.905    2.594)    4.672
   1.888   (  -0.808    0.671  -13.691)   13.731
   1.888   (  -0.808    0.671   13.691)   13.731
   2.063   (  -2.006   -0.439   -5.666)    6.027
   2.063   (  -2.006   -0.439    5.666)    6.027
   2.414   (  -3.668    0.332   -1.909)    4.148
   2.414   (  -3.668    0.332    1.909)    4.148
   2.836   (   0.632    1.092   -3.890)    4.089
   2.836   (   0.632    1.092    3.890)    4.089
   3.048   (   3.762   -0.961   -0.946)    3.997
   3.048   (   3.762   -0.961    0.946)    3.997
   3.292   (   0.105   -1.364   -3.528)    3.784
   3.292   (   0.105   -1.364    3.528)    3.784
   3.820   (   0.088   -0.570   -3.006)    3.061
   3.820   (   0.088   -0.570    3.006)    3.061
   3.939   (  -1.883    0.455   -0.518)    2.006
   3.939   (  -1.883    0.455    0.518)    2.006
   4.573   (  -0.368   -0.079   -6.326)    6.337
   4.573   (  -0.368   -0.079    6.326)    6.337
   4.624   (   2.096    0.338   -3.164)    3.810
   4.624   (   2.096    0.338    3.164)    3.810
   5.578   (  -0.123   -0.175   -5.177)    5.181
   5.578   (  -0.123   -0.175    5.177)    5.181
   8.151   (  -0.955    0.061   -4.699)    4.795
   8.151   (  -0.955    0.061    4.699)    4.795
======================= Grid point 529 (158/186) =======================
q-point: ( 0.20  0.00 -0.50)
Mass variance parameters: 1.64e-04 1.64e-04 1.64e-04 1.64e-04 0.00e+00 0.00e+00 0.00e+00 0.00e+00 3.39e-05 3.39e-05 
Number of triplets: 300
Frequency     group velocity (x, y, z)     |gv|
   0.713   (   2.839   -0.378   -0.937)    3.013
   0.713   (   2.839   -0.378    0.937)    3.013
   1.236   (   2.094    3.508   -9.160)   10.030
   1.236   (   2.094    3.508    9.160)   10.030
   1.437   (   2.189    0.949   -3.126)    3.932
   1.437   (   2.189    0.949    3.126)    3.932
   1.860   (  -1.668    1.667  -12.502)   12.722
   1.860   (  -1.668    1.667   12.502)   12.722
   2.044   (  -0.124   -1.236   -4.029)    4.216
   2.044   (  -0.124   -1.236    4.029)    4.216
   2.377   (  -0.591   -0.239   -0.905)    1.107
   2.377   (  -0.591   -0.239    0.905)    1.107
   2.833   (   0.066    0.933   -3.390)    3.517
   2.833   (   0.066    0.933    3.390)    3.517
   3.076   (  -1.966   -0.493   -1.336)    2.428
   3.076   (  -1.966   -0.493    1.336)    2.428
   3.337   (   4.465   -2.317   -3.155)    5.938
   3.337   (   4.465   -2.317    3.155)    5.938
   3.816   (  -1.030    0.431   -2.191)    2.459
   3.816   (  -1.030    0.431    2.191)    2.459
   3.909   (  -1.389   -0.527   -0.388)    1.536
   3.909   (  -1.389   -0.527    0.388)    1.536
   4.564   (  -0.788    0.251   -3.437)    3.535
   4.564   (  -0.788    0.251    3.437)    3.535
   4.664   (   3.192    0.249   -5.248)    6.147
   4.664   (   3.192    0.249    5.248)    6.147
   5.577   (  -0.221   -0.271   -5.248)    5.260
   5.577   (  -0.221   -0.271    5.248)    5.260
   8.131   (  -1.566    0.097   -4.296)    4.574
   8.131   (  -1.566    0.097    4.296)    4.574
======================= Grid point 531 (159/186) =======================
q-point: ( 0.30  0.00 -0.50)
Mass variance parameters: 1.64e-04 1.64e-04 1.64e-04 1.64e-04 0.00e+00 0.00e+00 0.00e+00 0.00e+00 3.39e-05 3.39e-05 
Number of triplets: 300
Frequency     group velocity (x, y, z)     |gv|
   0.749   (   1.652   -0.045   -0.493)    1.724
   0.749   (   1.652   -0.045    0.493)    1.724
   1.225   (   0.075    5.847   -5.694)    8.162
   1.225   (   0.075    5.847    5.694)    8.162
   1.439   (  -1.202   -1.127   -3.961)    4.290
   1.439   (  -1.202   -1.127    3.961)    4.290
   1.823   (  -1.461    1.740  -10.593)   10.834
   1.823   (  -1.461    1.740   10.593)   10.834
   2.096   (   5.457   -1.238   -4.114)    6.946
   2.096   (   5.457   -1.238    4.114)    6.946
   2.397   (   2.631   -0.464   -1.261)    2.954
   2.397   (   2.631   -0.464    1.261)    2.954
   2.828   (   0.234    1.344   -2.420)    2.778
   2.828   (   0.234    1.344    2.420)    2.778
   3.002   (  -7.828   -1.499   -0.128)    7.971
   3.002   (  -7.828   -1.499    0.128)    7.971
   3.437   (   5.681   -1.819   -1.797)    6.230
   3.437   (   5.681   -1.819    1.797)    6.230
   3.786   (  -1.560    1.323   -2.918)    3.564
   3.786   (  -1.560    1.323    2.918)    3.564
   3.907   (  -0.096   -1.316   -0.208)    1.336
   3.907   (  -0.096   -1.316    0.208)    1.336
   4.545   (  -1.206    0.520   -1.618)    2.084
   4.545   (  -1.206    0.520    1.618)    2.084
   4.713   (   3.116    0.087   -6.153)    6.898
   4.713   (   3.116    0.087    6.153)    6.898
   5.575   (  -0.249   -0.258   -5.351)    5.363
   5.575   (  -0.249   -0.258    5.351)    5.363
   8.105   (  -1.592    0.096   -3.769)    4.093
   8.105   (  -1.592    0.096    3.769)    4.093
======================= Grid point 533 (160/186) =======================
q-point: ( 0.40  0.00 -0.50)
Mass variance parameters: 1.64e-04 1.64e-04 1.64e-04 1.64e-04 0.00e+00 0.00e+00 0.00e+00 0.00e+00 3.39e-05 3.39e-05 
Number of triplets: 300
Frequency     group velocity (x, y, z)     |gv|
   0.767   (   0.782    0.103   -1.113)    1.364
   0.767   (   0.782    0.103    1.113)    1.364
   1.165   (  -2.190    4.473   -1.597)    5.231
   1.165   (  -2.190    4.473    1.597)    5.231
   1.437   (  -0.298   -1.572   -4.752)    5.014
   1.437   (  -0.298   -1.572    4.752)    5.014
   1.794   (  -1.010    1.073   -9.982)   10.090
   1.794   (  -1.010    1.073    9.982)   10.090
   2.193   (   4.986   -0.686   -5.109)    7.171
   2.193   (   4.986   -0.686    5.109)    7.171
   2.466   (   6.043   -0.320   -1.146)    6.159
   2.466   (   6.043   -0.320    1.146)    6.159
   2.802   (  -3.187    3.182   -1.116)    4.640
   2.802   (  -3.187    3.182    1.116)    4.640
   2.893   (  -6.215   -3.334   -1.415)    7.193
   2.893   (  -6.215   -3.334    1.415)    7.193
   3.517   (   3.178   -1.022   -1.875)    3.830
   3.517   (   3.178   -1.022    1.875)    3.830
   3.763   (  -0.407    0.817   -3.816)    3.923
   3.763   (  -0.407    0.817    3.816)    3.923
   3.915   (   0.026   -0.771   -0.138)    0.784
   3.915   (   0.026   -0.771    0.138)    0.784
   4.524   (  -1.004    0.435   -0.578)    1.237
   4.524   (  -1.004    0.435    0.578)    1.237
   4.752   (   1.906    0.004   -6.487)    6.761
   4.752   (   1.906    0.004    6.487)    6.761
   5.573   (  -0.167   -0.153   -5.446)    5.451
   5.573   (  -0.167   -0.153    5.446)    5.451
   8.084   (  -0.998    0.059   -3.311)    3.459
   8.084   (  -0.998    0.059    3.311)    3.459
======================= Grid point 535 (161/186) =======================
q-point: (-0.50  0.00 -0.50)
Mass variance parameters: 1.64e-04 1.64e-04 1.64e-04 1.64e-04 0.00e+00 0.00e+00 0.00e+00 0.00e+00 3.39e-05 3.39e-05 
Number of triplets: 156
Frequency     group velocity (x, y, z)     |gv|
   0.772   (   0.000    0.000   -1.386)    1.386
   0.772   (   0.000   -0.000    1.386)    1.386
   1.128   (   0.000    0.000   -0.063)    0.063
   1.128   (  -0.000   -0.000    0.063)    0.063
   1.442   (  -0.000   -0.000   -4.935)    4.935
   1.442   (   0.000    0.000    4.935)    4.935
   1.781   (   0.000    0.000   -9.919)    9.919
   1.781   (  -0.000   -0.000    9.919)    9.919
   2.235   (  -0.000   -0.000   -5.536)    5.536
   2.235   (   0.000    0.000    5.536)    5.536
   2.545   (  -0.000   -0.000   -1.425)    1.425
   2.545   (   0.000    0.000    1.425)    1.425
   2.724   (   0.000   -0.000   -0.877)    0.877
   2.724   (  -0.000    0.000    0.877)    0.877
   2.869   (  -0.000    0.000   -1.199)    1.199
   2.869   (   0.000   -0.000    1.199)    1.199
   3.545   (   0.000   -0.000   -2.064)    2.064
   3.545   (  -0.000    0.000    2.064)    2.064
   3.758   (  -0.000   -0.000   -4.050)    4.050
   3.758   (   0.000    0.000    4.050)    4.050
   3.917   (  -0.000   -0.000   -0.108)    0.108
   3.917   (   0.000    0.000    0.108)    0.108
   4.514   (  -0.000    0.000   -0.017)    0.017
   4.514   (  -0.000    0.000    0.017)    0.017
   4.768   (  -0.000   -0.000   -6.568)    6.568
   4.768   (  -0.000    0.000    6.568)    6.568
   5.572   (  -0.000   -0.000   -5.485)    5.485
   5.572   (  -0.000    0.000    5.485)    5.485
   8.075   (   0.000    0.000   -3.126)    3.126
   8.075   (   0.000   -0.000    3.126)    3.126
======================= Grid point 549 (162/186) =======================
q-point: ( 0.10  0.10 -0.50)
Mass variance parameters: 1.64e-04 1.64e-04 1.64e-04 1.64e-04 0.00e+00 0.00e+00 0.00e+00 0.00e+00 3.39e-05 3.39e-05 
Number of triplets: 165
Frequency     group velocity (x, y, z)     |gv|
   0.710   (   3.052    0.000   -0.944)    3.194
   0.710   (   3.052    0.000    0.944)    3.194
   1.261   (   2.579    0.000   -8.989)    9.352
   1.261   (   2.579    0.000    8.989)    9.352
   1.443   (   1.417    0.000   -3.476)    3.754
   1.443   (   1.417    0.000    3.476)    3.754
   1.873   (  -1.519   -0.000  -13.794)   13.877
   1.873   (  -1.519   -0.000   13.794)   13.877
   2.034   (  -0.284   -0.000   -4.566)    4.575
   2.034   (  -0.284   -0.000    4.566)    4.575
   2.376   (  -0.764   -0.000   -0.048)    0.766
   2.376   (  -0.764   -0.000    0.048)    0.766
   2.838   (  -0.361   -0.000   -3.732)    3.749
   2.838   (  -0.361   -0.000    3.732)    3.749
   3.074   (  -1.797   -0.000   -1.251)    2.190
   3.074   (  -1.797   -0.000    1.251)    2.190
   3.320   (   4.852    0.000   -3.351)    5.897
   3.320   (   4.852    0.000    3.351)    5.897
   3.818   (  -0.453   -0.000   -2.666)    2.704
   3.818   (  -0.453   -0.000    2.666)    2.704
   3.907   (  -1.876   -0.000   -0.970)    2.112
   3.907   (  -1.876   -0.000    0.970)    2.112
   4.565   (  -0.737   -0.000   -4.160)    4.224
   4.565   (  -0.737   -0.000    4.160)    4.224
   4.666   (   3.107    0.000   -4.900)    5.802
   4.666   (   3.107    0.000    4.900)    5.802
   5.575   (  -0.187   -0.000   -5.241)    5.245
   5.575   (  -0.187   -0.000    5.241)    5.245
   8.131   (  -1.576   -0.000   -4.430)    4.702
   8.131   (  -1.576   -0.000    4.430)    4.702
======================= Grid point 551 (163/186) =======================
q-point: ( 0.20  0.10 -0.50)
Mass variance parameters: 1.64e-04 1.64e-04 1.64e-04 1.64e-04 0.00e+00 0.00e+00 0.00e+00 0.00e+00 3.39e-05 3.39e-05 
Number of triplets: 300
Frequency     group velocity (x, y, z)     |gv|
   0.748   (   1.821   -0.036   -0.543)    1.901
   0.748   (   1.821   -0.036    0.543)    1.901
   1.287   (   0.590    2.711   -5.837)    6.463
   1.287   (   0.590    2.711    5.837)    6.463
   1.422   (  -3.097   -1.000   -5.488)    6.380
   1.422   (  -3.097   -1.000    5.488)    6.380
   1.842   (  -1.914    0.853  -12.705)   12.877
   1.842   (  -1.914    0.853   12.705)   12.877
   2.083   (   5.922   -0.580   -4.542)    7.486
   2.083   (   5.922   -0.580    4.542)    7.486
   2.394   (   2.952   -0.059   -0.581)    3.009
   2.394   (   2.952   -0.059    0.581)    3.009
   2.836   (   0.214    0.055   -3.128)    3.136
   2.836   (   0.214    0.055    3.128)    3.136
   2.992   (  -8.125   -0.119   -0.160)    8.127
   2.992   (  -8.125   -0.119    0.160)    8.127
   3.416   (   6.094   -0.899   -1.494)    6.338
   3.416   (   6.094   -0.899    1.494)    6.338
   3.797   (  -1.830    0.347   -3.029)    3.556
   3.797   (  -1.830    0.347    3.029)    3.556
   3.897   (   0.508   -0.212   -0.600)    0.814
   3.897   (   0.508   -0.212    0.600)    0.814
   4.549   (  -1.357    0.056   -2.529)    2.871
   4.549   (  -1.357    0.056    2.529)    2.871
   4.715   (   3.077    0.110   -5.871)    6.629
   4.715   (   3.077    0.110    5.871)    6.629
   5.572   (  -0.168   -0.099   -5.338)    5.342
   5.572   (  -0.168   -0.099    5.338)    5.342
   8.106   (  -1.620    0.037   -3.967)    4.285
   8.106   (  -1.620    0.037    3.967)    4.285
======================= Grid point 553 (164/186) =======================
q-point: ( 0.30  0.10 -0.50)
Mass variance parameters: 1.64e-04 1.64e-04 1.64e-04 1.64e-04 0.00e+00 0.00e+00 0.00e+00 0.00e+00 3.39e-05 3.39e-05 
Number of triplets: 300
Frequency     group velocity (x, y, z)     |gv|
   0.768   (   0.789    0.046   -1.145)    1.392
   0.768   (   0.789    0.046    1.145)    1.392
   1.214   (  -6.160    2.448   -2.938)    7.251
   1.214   (  -6.160    2.448    2.938)    7.251
   1.420   (   1.454   -0.823   -6.088)    6.313
   1.420   (   1.454   -0.823    6.088)    6.313
   1.807   (  -1.826    0.767  -11.306)   11.478
   1.807   (  -1.826    0.767   11.306)   11.478
   2.185   (   5.544   -0.468   -5.516)    7.835
   2.185   (   5.544   -0.468    5.516)    7.835
   2.467   (   6.568    0.284   -0.614)    6.603
   2.467   (   6.568    0.284    0.614)    6.603
   2.832   (  -5.901    0.579   -1.239)    6.057
   2.832   (  -5.901    0.579    1.239)    6.057
   2.860   (  -3.423   -0.839   -1.653)    3.893
   2.860   (  -3.423   -0.839    1.653)    3.893
   3.498   (   3.122   -1.456   -1.116)    3.621
   3.498   (   3.122   -1.456    1.116)    3.621
   3.772   (  -0.900    0.432   -3.693)    3.825
   3.772   (  -0.900    0.432    3.693)    3.825
   3.913   (   1.276    0.320   -0.169)    1.326
   3.913   (   1.276    0.320    0.169)    1.326
   4.526   (  -1.504   -0.077   -1.463)    2.099
   4.526   (  -1.504   -0.077    1.463)    2.099
   4.754   (   1.951    0.135   -6.345)    6.640
   4.754   (   1.951    0.135    6.345)    6.640
   5.571   (  -0.049   -0.093   -5.434)    5.435
   5.571   (  -0.049   -0.093    5.434)    5.435
   8.084   (  -1.041    0.036   -3.468)    3.621
   8.084   (  -1.041    0.036    3.468)    3.621
======================= Grid point 555 (165/186) =======================
q-point: ( 0.40  0.10 -0.50)
Mass variance parameters: 1.64e-04 1.64e-04 1.64e-04 1.64e-04 0.00e+00 0.00e+00 0.00e+00 0.00e+00 3.39e-05 3.39e-05 
Number of triplets: 300
Frequency     group velocity (x, y, z)     |gv|
   0.772   (  -0.140    0.008   -1.401)    1.408
   0.772   (  -0.140    0.008    1.401)    1.408
   1.119   (  -4.592   -1.076   -3.911)    6.127
   1.119   (  -4.592   -1.076    3.911)    6.127
   1.449   (   1.876    0.853   -4.909)    5.324
   1.449   (   1.876    0.853    4.909)    5.324
   1.781   (  -0.996   -0.006  -10.055)   10.104
   1.781   (  -0.996   -0.006   10.055)   10.104
   2.236   (   0.659    0.064   -6.080)    6.116
   2.236   (   0.659    0.064    6.080)    6.116
   2.555   (   1.894    1.476   -1.756)    2.975
   2.555   (   1.894    1.476    1.756)    2.975
   2.705   (  -4.567   -2.476   -1.576)    5.429
   2.705   (  -4.567   -2.476    1.576)    5.429
   2.882   (   3.352    1.503   -0.856)    3.772
   2.882   (   3.352    1.503    0.856)    3.772
   3.531   (  -0.162   -1.755   -1.835)    2.544
   3.531   (  -0.162   -1.755    1.835)    2.544
   3.761   (  -0.383    0.325   -3.852)    3.885
   3.761   (  -0.383    0.325    3.852)    3.885
   3.928   (   1.325    1.289   -0.241)    1.864
   3.928   (   1.325    1.289    0.241)    1.864
   4.509   (  -0.748   -0.564   -0.869)    1.278
   4.509   (  -0.748   -0.564    0.869)    1.278
   4.769   (   0.108    0.180   -6.575)    6.579
   4.769   (   0.108    0.180    6.575)    6.579
   5.572   (   0.138    0.004   -5.484)    5.486
   5.572   (   0.138    0.004    5.484)    5.486
   8.075   (  -0.053   -0.000   -3.127)    3.127
   8.075   (  -0.053   -0.000    3.127)    3.127
======================= Grid point 557 (166/186) =======================
q-point: (-0.50  0.10 -0.50)
Mass variance parameters: 1.64e-04 1.64e-04 1.64e-04 1.64e-04 0.00e+00 0.00e+00 0.00e+00 0.00e+00 3.39e-05 3.39e-05 
Number of triplets: 300
Frequency     group velocity (x, y, z)     |gv|
   0.765   (  -0.872   -0.185   -1.231)    1.519
   0.765   (  -0.872   -0.185    1.231)    1.519
   1.098   (  -1.013   -4.833   -4.679)    6.803
   1.098   (  -1.013   -4.833    4.679)    6.803
   1.460   (   0.667    1.612   -3.682)    4.074
   1.460   (   0.667    1.612    3.682)    4.074
   1.779   (   0.330   -0.903   -8.809)    8.861
   1.779   (   0.330   -0.903    8.809)    8.861
   2.203   (  -4.501    0.627   -5.685)    7.278
   2.203   (  -4.501    0.627    5.685)    7.278
   2.478   (  -5.668    1.463   -2.415)    6.332
   2.478   (  -5.668    1.463    2.415)    6.332
   2.752   (   2.726   -3.916   -2.089)    5.209
   2.752   (   2.726   -3.916    2.089)    5.209
   2.942   (   7.084    3.609   -0.781)    7.988
   2.942   (   7.084    3.609    0.781)    7.988
   3.518   (  -2.816   -0.999   -2.171)    3.693
   3.518   (  -2.816   -0.999    2.171)    3.693
   3.754   (  -0.383   -0.354   -3.684)    3.721
   3.754   (  -0.383   -0.354    3.684)    3.721
   3.936   (   1.202    2.116   -0.546)    2.494
   3.936   (   1.202    2.116    0.546)    2.494
   4.513   (   0.356   -1.152   -0.462)    1.292
   4.513   (   0.356   -1.152    0.462)    1.292
   4.754   (  -1.793    0.246   -6.672)    6.913
   4.754   (  -1.793    0.246    6.672)    6.913
   5.575   (   0.309    0.157   -5.459)    5.470
   5.575   (   0.309    0.157    5.459)    5.470
   8.083   (   0.945   -0.059   -3.107)    3.248
   8.083   (   0.945   -0.059    3.107)    3.248
======================= Grid point 559 (167/186) =======================
q-point: (-0.40  0.10 -0.50)
Mass variance parameters: 1.64e-04 1.64e-04 1.64e-04 1.64e-04 0.00e+00 0.00e+00 0.00e+00 0.00e+00 3.39e-05 3.39e-05 
Number of triplets: 300
Frequency     group velocity (x, y, z)     |gv|
   0.749   (  -1.419   -0.097   -0.695)    1.583
   0.749   (  -1.419   -0.097    0.695)    1.583
   1.136   (   0.011   -6.641   -6.588)    9.355
   1.136   (   0.011   -6.641    6.588)    9.355
   1.449   (  -1.098    0.401   -2.877)    3.106
   1.449   (  -1.098    0.401    2.877)    3.106
   1.800   (   1.053   -1.518   -8.571)    8.768
   1.800   (   1.053   -1.518    8.571)    8.768
   2.114   (  -4.880    1.236   -4.765)    6.932
   2.114   (  -4.880    1.236    4.765)    6.932
   2.408   (  -2.334    1.294   -2.498)    3.655
   2.408   (  -2.334    1.294    2.498)    3.655
   2.796   (   0.037   -3.207   -2.370)    3.987
   2.796   (   0.037   -3.207    2.370)    3.987
   3.036   (   7.263    3.315   -0.407)    7.994
   3.036   (   7.263    3.315    0.407)    7.994
   3.458   (  -4.731    0.971   -2.208)    5.310
   3.458   (  -4.731    0.971    2.208)    5.310
   3.764   (   0.960   -1.658   -2.959)    3.525
   3.764   (   0.960   -1.658    2.959)    3.525
   3.935   (   0.769    2.577   -0.896)    2.834
   3.935   (   0.769    2.577    0.896)    2.834
   4.532   (   0.899   -1.399   -0.550)    1.751
   4.532   (   0.899   -1.399    0.550)    1.751
   4.714   (  -3.067    0.256   -6.591)    7.274
   4.714   (  -3.067    0.256    6.591)    7.274
   5.579   (   0.375    0.318   -5.371)    5.394
   5.579   (   0.375    0.318    5.371)    5.394
   8.103   (   1.548   -0.119   -3.424)    3.759
   8.103   (   1.548   -0.119    3.424)    3.759
======================= Grid point 561 (168/186) =======================
q-point: (-0.30  0.10 -0.50)
Mass variance parameters: 1.64e-04 1.64e-04 1.64e-04 1.64e-04 0.00e+00 0.00e+00 0.00e+00 0.00e+00 3.39e-05 3.39e-05 
Number of triplets: 300
Frequency     group velocity (x, y, z)     |gv|
   0.719   (  -2.280    0.498   -0.993)    2.536
   0.719   (  -2.280    0.498    0.993)    2.536
   1.172   (  -1.013   -5.510   -9.400)   10.943
   1.172   (  -1.013   -5.510    9.400)   10.943
   1.417   (  -3.816   -1.829   -2.410)    4.870
   1.417   (  -3.816   -1.829    2.410)    4.870
   1.832   (   1.387   -2.315  -10.692)   11.027
   1.832   (   1.387   -2.315   10.692)   11.027
   2.066   (   0.259    1.900   -3.831)    4.284
   2.066   (   0.259    1.900    3.831)    4.284
   2.383   (   0.050    0.679   -1.802)    1.926
   2.383   (   0.050    0.679    1.802)    1.926
   2.808   (  -0.917   -2.724   -2.860)    4.054
   2.808   (  -0.917   -2.724    2.860)    4.054
   3.095   (   2.342    2.299   -1.422)    3.576
   3.095   (   2.342    2.299    1.422)    3.576
   3.376   (  -3.501    2.954   -2.893)    5.418
   3.376   (  -3.501    2.954    2.893)    5.418
   3.802   (   2.083   -1.654   -1.600)    3.104
   3.802   (   2.083   -1.654    1.600)    3.104
   3.926   (   0.392    1.978   -0.911)    2.213
   3.926   (   0.392    1.978    0.911)    2.213
   4.555   (   0.829   -1.132   -1.766)    2.255
   4.555   (   0.829   -1.132    1.766)    2.255
   4.662   (  -3.275    0.105   -6.149)    6.968
   4.662   (  -3.275    0.105    6.149)    6.968
   5.582   (   0.309    0.433   -5.264)    5.291
   5.582   (   0.309    0.433    5.264)    5.291
   8.129   (   1.537   -0.157   -3.924)    4.217
   8.129   (   1.537   -0.157    3.924)    4.217
======================= Grid point 563 (169/186) =======================
q-point: (-0.20  0.10 -0.50)
Mass variance parameters: 1.64e-04 1.64e-04 1.64e-04 1.64e-04 0.00e+00 0.00e+00 0.00e+00 0.00e+00 3.39e-05 3.39e-05 
Number of triplets: 300
Frequency     group velocity (x, y, z)     |gv|
   0.674   (  -2.554    1.214   -2.677)    3.893
   0.674   (  -2.554    1.214    2.677)    3.893
   1.188   (  -0.700   -3.883  -10.913)   11.604
   1.188   (  -0.700   -3.883   10.913)   11.604
   1.367   (  -4.011   -2.416   -2.085)    5.126
   1.367   (  -4.011   -2.416    2.085)    5.126
   1.868   (   0.932   -2.315  -12.776)   13.017
   1.868   (   0.932   -2.315   12.776)   13.017
   2.078   (   1.985    1.752   -5.348)    5.968
   2.078   (   1.985    1.752    5.348)    5.968
   2.406   (   2.687   -0.742   -2.737)    3.907
   2.406   (   2.687   -0.742    2.737)    3.907
   2.807   (  -1.713   -3.000   -3.061)    4.615
   2.807   (  -1.713   -3.000    3.061)    4.615
   3.074   (  -2.027    2.754   -1.836)    3.881
   3.074   (  -2.027    2.754    1.836)    3.881
   3.325   (  -0.331    3.272   -3.502)    4.804
   3.325   (  -0.331    3.272    3.502)    4.804
   3.832   (   1.019    0.874   -2.306)    2.668
   3.832   (   1.019    0.874    2.306)    2.668
   3.930   (   0.832   -0.632   -0.270)    1.079
   3.930   (   0.832   -0.632    0.270)    1.079
   4.572   (   0.730   -0.405   -4.164)    4.247
   4.572   (   0.730   -0.405    4.164)    4.247
   4.618   (  -2.435   -0.346   -4.669)    5.278
   4.618   (  -2.435   -0.346    4.669)    5.278
   5.582   (   0.160    0.451   -5.185)    5.207
   5.582   (   0.160    0.451    5.185)    5.207
   8.150   (   0.943   -0.159   -4.401)    4.503
   8.150   (   0.943   -0.159    4.401)    4.503
======================= Grid point 565 (170/186) =======================
q-point: (-0.10  0.10 -0.50)
Mass variance parameters: 1.64e-04 1.64e-04 1.64e-04 1.64e-04 0.00e+00 0.00e+00 0.00e+00 0.00e+00 3.39e-05 3.39e-05 
Number of triplets: 165
Frequency     group velocity (x, y, z)     |gv|
   0.641   (  -0.000    1.209   -4.005)    4.184
   0.641   (  -0.000    1.209    4.005)    4.184
   1.207   (   0.000   -2.762  -11.230)   11.565
   1.207   (   0.000   -2.762   11.230)   11.565
   1.347   (   0.000   -1.821   -2.300)    2.934
   1.347   (   0.000   -1.821    2.300)    2.934
   1.888   (   0.000   -1.370  -13.479)   13.548
   1.888   (   0.000   -1.370   13.479)   13.548
   2.084   (  -0.000    1.050   -6.292)    6.379
   2.084   (  -0.000    1.050    6.292)    6.379
   2.445   (   0.000   -1.320   -3.501)    3.741
   2.445   (   0.000   -1.320    3.501)    3.741
   2.809   (   0.000   -2.845   -3.351)    4.396
   2.809   (   0.000   -2.845    3.351)    4.396
   3.030   (  -0.000    3.158   -0.818)    3.262
   3.030   (  -0.000    3.158    0.818)    3.262
   3.306   (  -0.000    2.304   -3.207)    3.949
   3.306   (  -0.000    2.304    3.207)    3.949
   3.827   (  -0.000    1.566   -3.205)    3.567
   3.827   (  -0.000    1.566    3.205)    3.567
   3.947   (   0.000   -1.327   -0.291)    1.358
   3.947   (   0.000   -1.327    0.291)    1.358
   4.580   (  -0.000    0.551   -8.727)    8.744
   4.580   (  -0.000    0.551    8.727)    8.744
   4.601   (   0.000   -1.046   -1.226)    1.612
   4.601   (   0.000   -1.046    1.226)    1.612
   5.581   (  -0.000    0.352   -5.156)    5.168
   5.581   (  -0.000    0.352    5.156)    5.168
   8.158   (   0.000   -0.122   -4.689)    4.690
   8.158   (   0.000   -0.122    4.689)    4.690
======================= Grid point 571 (171/186) =======================
q-point: ( 0.20  0.20 -0.50)
Mass variance parameters: 1.64e-04 1.64e-04 1.64e-04 1.64e-04 0.00e+00 0.00e+00 0.00e+00 0.00e+00 3.39e-05 3.39e-05 
Number of triplets: 165
Frequency     group velocity (x, y, z)     |gv|
   0.768   (   0.805    0.000   -1.167)    1.418
   0.768   (   0.805    0.000    1.167)    1.418
   1.231   (  -8.213   -0.000   -4.689)    9.458
   1.231   (  -8.213   -0.000    4.689)    9.458
   1.414   (   2.680    0.000   -6.821)    7.328
   1.414   (   2.680    0.000    6.821)    7.328
   1.813   (  -2.213   -0.000  -11.921)   12.125
   1.813   (  -2.213   -0.000   11.921)   12.125
   2.182   (   5.808    0.000   -5.900)    8.279
   2.182   (   5.808    0.000    5.900)    8.279
   2.469   (   6.831    0.000   -0.675)    6.864
   2.469   (   6.831    0.000    0.675)    6.864
   2.829   (  -7.540   -0.000   -2.924)    8.087
   2.829   (  -7.540   -0.000    2.924)    8.087
   2.861   (  -1.814   -0.000   -0.516)    1.886
   2.861   (  -1.814   -0.000    0.516)    1.886
   3.486   (   3.030    0.000   -0.156)    3.034
   3.486   (   3.030    0.000    0.156)    3.034
   3.775   (  -1.008   -0.000   -3.580)    3.719
   3.775   (  -1.008   -0.000    3.580)    3.719
   3.917   (   1.754    0.000   -0.109)    1.758
   3.917   (   1.754    0.000    0.109)    1.758
   4.525   (  -1.692   -0.000   -1.797)    2.468
   4.525   (  -1.692   -0.000    1.797)    2.468
   4.755   (   1.954    0.000   -6.296)    6.593
   4.755   (   1.954    0.000    6.296)    6.593
   5.570   (  -0.004   -0.000   -5.429)    5.429
   5.570   (  -0.004   -0.000    5.429)    5.429
   8.085   (  -1.058   -0.000   -3.526)    3.681
   8.085   (  -1.058   -0.000    3.526)    3.681
======================= Grid point 573 (172/186) =======================
q-point: ( 0.30  0.20 -0.50)
Mass variance parameters: 1.64e-04 1.64e-04 1.64e-04 1.64e-04 0.00e+00 0.00e+00 0.00e+00 0.00e+00 3.39e-05 3.39e-05 
Number of triplets: 300
Frequency     group velocity (x, y, z)     |gv|
   0.772   (  -0.241    0.004   -1.424)    1.445
   0.772   (  -0.241    0.004    1.424)    1.445
   1.106   (  -7.088   -0.624   -5.999)    9.306
   1.106   (  -7.088   -0.624    5.999)    9.306
   1.459   (   2.697    0.485   -4.769)    5.500
   1.459   (   2.697    0.485    4.769)    5.500
   1.781   (  -1.618   -0.004  -10.272)   10.398
   1.781   (  -1.618   -0.004   10.272)   10.398
   2.236   (   1.074    0.041   -6.916)    6.999
   2.236   (   1.074    0.041    6.916)    6.999
   2.579   (   5.440    1.505   -1.947)    5.971
   2.579   (   5.440    1.505    1.947)    5.971
   2.670   (  -8.942   -1.970   -2.685)    9.542
   2.670   (  -8.942   -1.970    2.685)    9.542
   2.899   (   4.639    0.788   -0.611)    4.745
   2.899   (   4.639    0.788    0.611)    4.745
   3.509   (  -0.312   -1.005   -1.351)    1.712
   3.509   (  -0.312   -1.005    1.351)    1.712
   3.765   (  -0.492    0.139   -3.597)    3.634
   3.765   (  -0.492    0.139    3.597)    3.634
   3.944   (   2.054    0.776   -0.370)    2.226
   3.944   (   2.054    0.776    0.370)    2.226
   4.502   (  -1.232   -0.354   -1.341)    1.856
   4.502   (  -1.232   -0.354    1.341)    1.856
   4.771   (   0.165    0.107   -6.584)    6.587
   4.771   (   0.165    0.107    6.584)    6.587
   5.572   (   0.224    0.003   -5.482)    5.487
   5.572   (   0.224    0.003    5.482)    5.487
   8.075   (  -0.085   -0.000   -3.127)    3.128
   8.075   (  -0.085   -0.000    3.127)    3.128
======================= Grid point 575 (173/186) =======================
q-point: (-0.60  0.20 -0.50)
Mass variance parameters: 1.64e-04 1.64e-04 1.64e-04 1.64e-04 0.00e+00 0.00e+00 0.00e+00 0.00e+00 3.39e-05 3.39e-05 
Number of triplets: 300
Frequency     group velocity (x, y, z)     |gv|
   0.762   (  -1.097   -0.205   -1.631)    1.976
   0.762   (  -1.097   -0.205    1.631)    1.976
   1.041   (  -2.852   -3.087   -6.581)    7.808
   1.041   (  -2.852   -3.087    6.581)    7.808
   1.478   (   0.186    0.963   -2.848)    3.012
   1.478   (   0.186    0.963    2.848)    3.012
   1.770   (  -0.007   -0.488   -8.160)    8.175
   1.770   (  -0.007   -0.488    8.160)    8.175
   2.210   (  -4.235    0.373   -6.908)    8.111
   2.210   (  -4.235    0.373    6.908)    8.111
   2.503   (  -5.803    1.951   -3.435)    7.020
   2.503   (  -5.803    1.951    3.435)    7.020
   2.700   (   2.892   -3.277   -2.214)    4.899
   2.700   (   2.892   -3.277    2.214)    4.899
   2.986   (   7.799    2.469   -0.909)    8.231
   2.986   (   7.799    2.469    0.909)    8.231
   3.497   (  -2.373   -1.642   -2.117)    3.579
   3.497   (  -2.373   -1.642    2.117)    3.579
   3.752   (  -0.934    0.065   -3.430)    3.555
   3.752   (  -0.934    0.065    3.430)    3.555
   3.966   (   1.869    1.907   -0.803)    2.788
   3.966   (   1.869    1.907    0.803)    2.788
   4.496   (  -0.202   -1.103   -1.076)    1.554
   4.496   (  -0.202   -1.103    1.076)    1.554
   4.758   (  -1.684    0.254   -6.800)    7.010
   4.758   (  -1.684    0.254    6.800)    7.010
   5.577   (   0.422    0.099   -5.468)    5.485
   5.577   (   0.422    0.099    5.468)    5.485
   8.082   (   0.902   -0.036   -2.932)    3.067
   8.082   (   0.902   -0.036    2.932)    3.067
======================= Grid point 577 (174/186) =======================
q-point: (-0.50  0.20 -0.50)
Mass variance parameters: 1.64e-04 1.64e-04 1.64e-04 1.64e-04 0.00e+00 0.00e+00 0.00e+00 0.00e+00 3.39e-05 3.39e-05 
Number of triplets: 300
Frequency     group velocity (x, y, z)     |gv|
   0.746   (  -1.244   -0.329   -1.400)    1.902
   0.746   (  -1.244   -0.329    1.400)    1.902
   1.052   (  -0.030   -5.193   -7.230)    8.901
   1.052   (  -0.030   -5.193    7.230)    8.901
   1.451   (  -3.139   -0.049   -1.945)    3.693
   1.451   (  -3.139   -0.049    1.945)    3.693
   1.783   (   0.719   -0.932   -7.509)    7.601
   1.783   (   0.719   -0.932    7.509)    7.601
   2.129   (  -4.336    0.880   -6.108)    7.542
   2.129   (  -4.336    0.880    6.108)    7.542
   2.432   (  -2.253    1.934   -3.737)    4.773
   2.432   (  -2.253    1.934    3.737)    4.773
   2.746   (   0.194   -3.593   -2.457)    4.357
   2.746   (   0.194   -3.593    2.457)    4.357
   3.085   (   7.028    3.498   -1.233)    7.946
   3.085   (   7.028    3.498    1.233)    7.946
   3.460   (  -3.297   -0.611   -2.561)    4.219
   3.460   (  -3.297   -0.611    2.561)    4.219
   3.745   (   0.082   -0.916   -3.132)    3.264
   3.745   (   0.082   -0.916    3.132)    3.264
   3.973   (   1.054    2.702   -1.254)    3.160
   3.973   (   1.054    2.702    1.254)    3.160
   4.509   (   0.575   -1.750   -0.907)    2.053
   4.509   (   0.575   -1.750    0.907)    2.053
   4.719   (  -2.945    0.421   -6.912)    7.525
   4.719   (  -2.945    0.421    6.912)    7.525
   5.583   (   0.496    0.257   -5.388)    5.417
   5.583   (   0.496    0.257    5.388)    5.417
   8.102   (   1.503   -0.096   -3.039)    3.391
   8.102   (   1.503   -0.096    3.039)    3.391
======================= Grid point 579 (175/186) =======================
q-point: (-0.40  0.20 -0.50)
Mass variance parameters: 1.64e-04 1.64e-04 1.64e-04 1.64e-04 0.00e+00 0.00e+00 0.00e+00 0.00e+00 3.39e-05 3.39e-05 
Number of triplets: 300
Frequency     group velocity (x, y, z)     |gv|
   0.725   (  -1.562    0.292   -1.274)    2.037
   0.725   (  -1.562    0.292    1.274)    2.037
   1.093   (   0.203   -5.431   -9.027)   10.537
   1.093   (   0.203   -5.431    9.027)   10.537
   1.390   (  -5.385   -1.949   -1.714)    5.978
   1.390   (  -5.385   -1.949    1.714)    5.978
   1.800   (   0.335   -2.136   -9.920)   10.153
   1.800   (   0.335   -2.136    9.920)   10.153
   2.093   (   0.955    1.876   -4.599)    5.058
   2.093   (   0.955    1.876    4.599)    5.058
   2.397   (  -0.763    1.331   -2.696)    3.102
   2.397   (  -0.763    1.331    2.696)    3.102
   2.761   (  -1.463   -3.791   -2.564)    4.805
   2.761   (  -1.463   -3.791    2.564)    4.805
   3.136   (   2.381    3.359   -1.667)    4.442
   3.136   (   2.381    3.359    1.667)    4.442
   3.412   (  -1.996    2.082   -2.865)    4.065
   3.412   (  -1.996    2.082    2.865)    4.065
   3.775   (   2.393   -2.001   -2.027)    3.720
   3.775   (   2.393   -2.001    2.027)    3.720
   3.960   (  -0.321    2.656   -1.552)    3.093
   3.960   (  -0.321    2.656    1.552)    3.093
   4.533   (   0.810   -1.872   -1.083)    2.309
   4.533   (   0.810   -1.872    1.083)    2.309
   4.667   (  -3.201    0.518   -6.867)    7.594
   4.667   (  -3.201    0.518    6.867)    7.594
   5.588   (   0.413    0.427   -5.282)    5.315
   5.588   (   0.413    0.427    5.282)    5.315
   8.126   (   1.502   -0.158   -3.405)    3.725
   8.126   (   1.502   -0.158    3.405)    3.725
======================= Grid point 581 (176/186) =======================
q-point: (-0.30  0.20 -0.50)
Mass variance parameters: 1.64e-04 1.64e-04 1.64e-04 1.64e-04 0.00e+00 0.00e+00 0.00e+00 0.00e+00 3.39e-05 3.39e-05 
Number of triplets: 300
Frequency     group velocity (x, y, z)     |gv|
   0.692   (  -1.788    1.375   -2.081)    3.069
   0.692   (  -1.788    1.375    2.081)    3.069
   1.128   (  -0.097   -4.553  -10.814)   11.733
   1.128   (  -0.097   -4.553   10.814)   11.733
   1.328   (  -4.372   -3.027   -1.357)    5.488
   1.328   (  -4.372   -3.027    1.357)    5.488
   1.827   (   0.497   -3.443  -11.936)   12.432
   1.827   (   0.497   -3.443   11.936)   12.432
   2.110   (   2.468    2.834   -5.570)    6.719
   2.110   (   2.468    2.834    5.570)    6.719
   2.396   (   1.088   -0.566   -3.328)    3.547
   2.396   (   1.088   -0.566    3.328)    3.547
   2.757   (  -2.317   -3.980   -2.246)    5.124
   2.757   (  -2.317   -3.980    2.246)    5.124
   3.119   (  -0.782    3.571   -2.488)    4.422
   3.119   (  -0.782    3.571    2.488)    4.422
   3.375   (  -0.232    3.696   -3.285)    4.951
   3.375   (  -0.232    3.696    3.285)    4.951
   3.834   (   3.298   -0.800   -0.919)    3.516
   3.834   (   3.298   -0.800    0.919)    3.516
   3.931   (  -1.507    0.963   -1.188)    2.147
   3.931   (  -1.507    0.963    1.188)    2.147
   4.558   (   0.869   -1.559   -1.693)    2.460
   4.558   (   0.869   -1.559    1.693)    2.460
   4.619   (  -2.467    0.470   -6.786)    7.236
   4.619   (  -2.467    0.470    6.786)    7.236
   5.589   (   0.217    0.546   -5.198)    5.231
   5.589   (   0.217    0.546    5.198)    5.231
   8.147   (   0.925   -0.197   -3.867)    3.981
   8.147   (   0.925   -0.197    3.867)    3.981
======================= Grid point 583 (177/186) =======================
q-point: (-0.20  0.20 -0.50)
Mass variance parameters: 1.64e-04 1.64e-04 1.64e-04 1.64e-04 0.00e+00 0.00e+00 0.00e+00 0.00e+00 3.39e-05 3.39e-05 
Number of triplets: 165
Frequency     group velocity (x, y, z)     |gv|
   0.664   (  -0.000    1.873   -3.115)    3.635
   0.664   (  -0.000    1.873    3.115)    3.635
   1.157   (   0.000   -4.139  -11.467)   12.191
   1.157   (   0.000   -4.139   11.467)   12.191
   1.313   (   0.000   -3.011   -1.713)    3.464
   1.313   (   0.000   -3.011    1.713)    3.464
   1.855   (   0.000   -3.271  -12.662)   13.078
   1.855   (   0.000   -3.271   12.662)   13.078
   2.111   (  -0.000    2.758   -6.490)    7.051
   2.111   (  -0.000    2.758    6.490)    7.051
   2.422   (   0.000   -1.897   -4.570)    4.948
   2.422   (   0.000   -1.897    4.570)    4.948
   2.761   (   0.000   -3.879   -2.175)    4.447
   2.761   (   0.000   -3.879    2.175)    4.447
   3.083   (  -0.000    4.138   -2.196)    4.685
   3.083   (  -0.000    4.138    2.196)    4.685
   3.349   (  -0.000    3.638   -3.353)    4.948
   3.349   (  -0.000    3.638    3.353)    4.948
   3.856   (  -0.000    2.434   -2.737)    3.663
   3.856   (  -0.000    2.434    2.737)    3.663
   3.922   (   0.000   -2.234   -0.328)    2.258
   3.922   (   0.000   -2.234    0.328)    2.258
   4.581   (   0.000   -1.725   -1.616)    2.364
   4.581   (   0.000   -1.725    1.616)    2.364
   4.590   (  -0.000    0.846   -8.448)    8.490
   4.590   (  -0.000    0.846    8.448)    8.490
   5.587   (  -0.000    0.558   -5.165)    5.195
   5.587   (  -0.000    0.558    5.165)    5.195
   8.156   (   0.000   -0.197   -4.242)    4.246
   8.156   (   0.000   -0.197    4.242)    4.246
======================= Grid point 593 (178/186) =======================
q-point: ( 0.30  0.30 -0.50)
Mass variance parameters: 1.64e-04 1.64e-04 1.64e-04 1.64e-04 0.00e+00 0.00e+00 0.00e+00 0.00e+00 3.39e-05 3.39e-05 
Number of triplets: 165
Frequency     group velocity (x, y, z)     |gv|
   0.760   (  -1.249   -0.000   -1.912)    2.284
   0.760   (  -1.249   -0.000    1.912)    2.284
   1.019   (  -3.421   -0.000   -7.123)    7.902
   1.019   (  -3.421   -0.000    7.123)    7.902
   1.485   (  -0.112   -0.000   -2.473)    2.475
   1.485   (  -0.112   -0.000    2.473)    2.475
   1.766   (  -0.095   -0.000   -7.973)    7.974
   1.766   (  -0.095   -0.000    7.973)    7.974
   2.212   (  -4.157   -0.000   -7.518)    8.591
   2.212   (  -4.157   -0.000    7.518)    8.591
   2.520   (  -6.281   -0.000   -3.516)    7.198
   2.520   (  -6.281   -0.000    3.516)    7.198
   2.674   (   3.379    0.000   -1.099)    3.553
   2.674   (   3.379    0.000    1.099)    3.553
   3.004   (   8.132    0.000   -1.060)    8.201
   3.004   (   8.132    0.000    1.060)    8.201
   3.484   (  -2.250   -0.000   -2.045)    3.041
   3.484   (  -2.250   -0.000    2.045)    3.041
   3.753   (  -1.081   -0.000   -3.316)    3.488
   3.753   (  -1.081   -0.000    3.316)    3.488
   3.980   (   2.067    0.000   -0.775)    2.207
   3.980   (   2.067    0.000    0.775)    2.207
   4.487   (  -0.430   -0.000   -1.238)    1.311
   4.487   (  -0.430   -0.000    1.238)    1.311
   4.760   (  -1.642   -0.000   -6.841)    7.035
   4.760   (  -1.642   -0.000    6.841)    7.035
   5.578   (   0.465    0.000   -5.470)    5.490
   5.578   (   0.465    0.000    5.470)    5.490
   8.082   (   0.885    0.000   -2.862)    2.996
   8.082   (   0.885    0.000    2.862)    2.996
======================= Grid point 595 (179/186) =======================
q-point: (-0.60  0.30 -0.50)
Mass variance parameters: 1.64e-04 1.64e-04 1.64e-04 1.64e-04 0.00e+00 0.00e+00 0.00e+00 0.00e+00 3.39e-05 3.39e-05 
Number of triplets: 300
Frequency     group velocity (x, y, z)     |gv|
   0.741   (  -1.174   -0.241   -2.190)    2.496
   0.741   (  -1.174   -0.241    2.190)    2.496
   1.001   (  -0.053   -1.922   -7.201)    7.453
   1.001   (  -0.053   -1.922    7.201)    7.453
   1.450   (  -4.292   -0.073   -1.189)    4.454
   1.450   (  -4.292   -0.073    1.189)    4.454
   1.774   (   0.467   -0.316   -7.145)    7.167
   1.774   (   0.467   -0.316    7.145)    7.167
   2.137   (  -4.001    0.318   -7.119)    8.173
   2.137   (  -4.001    0.318    7.119)    8.173
   2.455   (  -2.319    1.127   -4.200)    4.928
   2.455   (  -2.319    1.127    4.200)    4.928
   2.707   (   0.271   -1.746   -1.609)    2.389
   2.707   (   0.271   -1.746    1.609)    2.389
   3.123   (   7.070    1.585   -1.908)    7.493
   3.123   (   7.070    1.585    1.908)    7.493
   3.449   (  -2.260   -0.674   -2.793)    3.656
   3.449   (  -2.260   -0.674    2.793)    3.656
   3.738   (  -0.573   -0.214   -3.180)    3.239
   3.738   (  -0.573   -0.214    3.180)    3.239
   4.002   (   1.073    1.195   -1.076)    1.933
   4.002   (   1.073    1.195    1.076)    1.933
   4.490   (   0.399   -0.831   -1.124)    1.453
   4.490   (   0.399   -0.831    1.124)    1.453
   4.724   (  -2.864    0.195   -7.039)    7.602
   4.724   (  -2.864    0.195    7.039)    7.602
   5.586   (   0.569    0.098   -5.398)    5.429
   5.586   (   0.569    0.098    5.398)    5.429
   8.101   (   1.475   -0.037   -2.774)    3.142
   8.101   (   1.475   -0.037    2.774)    3.142
======================= Grid point 597 (180/186) =======================
q-point: (-0.50  0.30 -0.50)
Mass variance parameters: 1.64e-04 1.64e-04 1.64e-04 1.64e-04 0.00e+00 0.00e+00 0.00e+00 0.00e+00 3.39e-05 3.39e-05 
Number of triplets: 300
Frequency     group velocity (x, y, z)     |gv|
   0.727   (  -0.897    0.008   -1.768)    1.983
   0.727   (  -0.897    0.008    1.768)    1.983
   1.031   (   1.134   -3.307   -7.852)    8.596
   1.031   (   1.134   -3.307    7.852)    8.596
   1.367   (  -6.450   -1.201   -1.142)    6.659
   1.367   (  -6.450   -1.201    1.142)    6.659
   1.776   (  -0.786   -1.303   -9.760)    9.877
   1.776   (  -0.786   -1.303    9.760)    9.877
   2.114   (   1.675    1.128   -5.462)    5.823
   2.114   (   1.675    1.128    5.462)    5.823
   2.418   (  -1.519    1.474   -3.049)    3.711
   2.418   (  -1.519    1.474    3.049)    3.711
   2.712   (  -1.621   -3.004   -1.916)    3.915
   2.712   (  -1.621   -3.004    1.916)    3.915
   3.179   (   1.985    2.528   -2.116)    3.848
   3.179   (   1.985    2.528    2.116)    3.848
   3.431   (  -0.147    0.730   -3.037)    3.127
   3.431   (  -0.147    0.730    3.037)    3.127
   3.752   (   2.030   -1.223   -2.520)    3.459
   3.752   (   2.030   -1.223    2.520)    3.459
   3.993   (  -0.846    1.906   -1.332)    2.474
   3.993   (  -0.846    1.906    1.332)    2.474
   4.509   (   0.903   -1.473   -1.125)    2.062
   4.509   (   0.903   -1.473    1.125)    2.062
   4.674   (  -3.126    0.423   -7.114)    7.782
   4.674   (  -3.126    0.423    7.114)    7.782
   5.593   (   0.493    0.261   -5.295)    5.324
   5.593   (   0.493    0.261    5.295)    5.324
   8.125   (   1.473   -0.098   -2.918)    3.270
   8.125   (   1.473   -0.098    2.918)    3.270
======================= Grid point 599 (181/186) =======================
q-point: (-0.40  0.30 -0.50)
Mass variance parameters: 1.64e-04 1.64e-04 1.64e-04 1.64e-04 0.00e+00 0.00e+00 0.00e+00 0.00e+00 3.39e-05 3.39e-05 
Number of triplets: 300
Frequency     group velocity (x, y, z)     |gv|
   0.709   (  -0.975    0.990   -1.660)    2.165
   0.709   (  -0.975    0.990    1.660)    2.165
   1.070   (   0.723   -3.517   -9.433)   10.093
   1.070   (   0.723   -3.517    9.433)   10.093
   1.289   (  -4.784   -2.440   -0.732)    5.420
   1.289   (  -4.784   -2.440    0.732)    5.420
   1.780   (  -0.386   -3.036  -11.757)   12.149
   1.780   (  -0.386   -3.036   11.757)   12.149
   2.150   (   3.451    2.566   -6.110)    7.471
   2.150   (   3.451    2.566    6.110)    7.471
   2.392   (  -0.749    0.082   -3.145)    3.234
   2.392   (  -0.749    0.082    3.145)    3.234
   2.703   (  -2.300   -3.678   -1.508)    4.593
   2.703   (  -2.300   -3.678    1.508)    4.593
   3.166   (  -0.455    2.960   -2.809)    4.106
   3.166   (  -0.455    2.960    2.809)    4.106
   3.422   (   0.310    2.860   -2.866)    4.061
   3.422   (   0.310    2.860    2.866)    4.061
   3.815   (   4.334   -1.665   -1.040)    4.757
   3.815   (   4.334   -1.665    1.040)    4.757
   3.951   (  -2.847    1.655   -1.415)    3.584
   3.951   (  -2.847    1.655    1.415)    3.584
   4.535   (   0.978   -1.624   -1.314)    2.306
   4.535   (   0.978   -1.624    1.314)    2.306
   4.627   (  -2.353    0.592   -7.321)    7.713
   4.627   (  -2.353    0.592    7.321)    7.713
   5.596   (   0.272    0.433   -5.209)    5.234
   5.596   (   0.272    0.433    5.209)    5.234
   8.144   (   0.907   -0.160   -3.244)    3.373
   8.144   (   0.907   -0.160    3.244)    3.373
======================= Grid point 601 (182/186) =======================
q-point: (-0.30  0.30 -0.50)
Mass variance parameters: 1.64e-04 1.64e-04 1.64e-04 1.64e-04 0.00e+00 0.00e+00 0.00e+00 0.00e+00 3.39e-05 3.39e-05 
Number of triplets: 165
Frequency     group velocity (x, y, z)     |gv|
   0.690   (  -0.000    1.763   -2.128)    2.763
   0.690   (  -0.000    1.763    2.128)    2.763
   1.101   (   0.000   -3.752  -10.674)   11.315
   1.101   (   0.000   -3.752   10.674)   11.315
   1.269   (   0.000   -3.082   -1.006)    3.242
   1.269   (   0.000   -3.082    1.006)    3.242
   1.803   (   0.000   -3.964  -12.198)   12.826
   1.803   (   0.000   -3.964   12.198)   12.826
   2.157   (  -0.000    3.640   -7.445)    8.287
   2.157   (  -0.000    3.640    7.445)    8.287
   2.397   (   0.000   -1.663   -5.396)    5.647
   2.397   (   0.000   -1.663    5.396)    5.647
   2.707   (   0.000   -3.879   -1.130)    4.040
   2.707   (   0.000   -3.879    1.130)    4.040
   3.138   (  -0.000    3.667   -2.959)    4.712
   3.138   (  -0.000    3.667    2.959)    4.712
   3.401   (  -0.000    3.650   -3.052)    4.758
   3.401   (  -0.000    3.650    3.052)    4.758
   3.889   (   0.000   -2.417   -0.367)    2.445
   3.889   (   0.000   -2.417    0.367)    2.445
   3.890   (  -0.000    2.332   -2.064)    3.114
   3.890   (  -0.000    2.332    2.064)    3.114
   4.556   (   0.000   -1.774   -1.619)    2.401
   4.556   (   0.000   -1.774    1.619)    2.401
   4.601   (  -0.000    0.797   -8.124)    8.163
   4.601   (  -0.000    0.797    8.124)    8.163
   5.595   (  -0.000    0.545   -5.174)    5.203
   5.595   (  -0.000    0.545    5.174)    5.203
   8.153   (   0.000   -0.198   -3.610)    3.616
   8.153   (   0.000   -0.198    3.610)    3.616
======================= Grid point 615 (183/186) =======================
q-point: (-0.60  0.40 -0.50)
Mass variance parameters: 1.64e-04 1.64e-04 1.64e-04 1.64e-04 0.00e+00 0.00e+00 0.00e+00 0.00e+00 3.39e-05 3.39e-05 
Number of triplets: 165
Frequency     group velocity (x, y, z)     |gv|
   0.727   (  -0.597   -0.000   -2.045)    2.130
   0.727   (  -0.597   -0.000    2.045)    2.130
   1.008   (   1.464    0.000   -7.055)    7.205
   1.008   (   1.464    0.000    7.055)    7.205
   1.359   (  -6.822   -0.000   -0.863)    6.877
   1.359   (  -6.822   -0.000    0.863)    6.877
   1.766   (  -1.249   -0.000   -9.740)    9.819
   1.766   (  -1.249   -0.000    9.740)    9.819
   2.122   (   1.954    0.000   -5.772)    6.094
   2.122   (   1.954    0.000    5.772)    6.094
   2.430   (  -1.836   -0.000   -2.829)    3.373
   2.430   (  -1.836   -0.000    2.829)    3.373
   2.689   (  -1.619   -0.000   -0.836)    1.822
   2.689   (  -1.619   -0.000    0.836)    1.822
   3.198   (   1.682    0.000   -2.365)    2.902
   3.198   (   1.682    0.000    2.365)    2.902
   3.435   (   0.817    0.000   -3.164)    3.268
   3.435   (   0.817    0.000    3.164)    3.268
   3.743   (   1.742    0.000   -2.704)    3.217
   3.743   (   1.742    0.000    2.704)    3.217
   4.007   (  -1.079   -0.000   -0.877)    1.391
   4.007   (  -1.079   -0.000    0.877)    1.391
   4.498   (   0.987    0.000   -0.985)    1.394
   4.498   (   0.987    0.000    0.985)    1.394
   4.677   (  -3.105   -0.000   -7.157)    7.801
   4.677   (  -3.105   -0.000    7.157)    7.801
   5.595   (   0.523    0.000   -5.300)    5.325
   5.595   (   0.523    0.000    5.300)    5.325
   8.124   (   1.462    0.000   -2.708)    3.077
   8.124   (   1.462    0.000    2.708)    3.077
======================= Grid point 619 (184/186) =======================
q-point: (-0.50  0.40 -0.50)
Mass variance parameters: 1.64e-04 1.64e-04 1.64e-04 1.64e-04 0.00e+00 0.00e+00 0.00e+00 0.00e+00 3.39e-05 3.39e-05 
Number of triplets: 300
Frequency     group velocity (x, y, z)     |gv|
   0.719   (  -0.431    0.342   -1.565)    1.659
   0.719   (  -0.431    0.342    1.565)    1.659
   1.036   (   1.344   -1.306   -7.485)    7.716
   1.036   (   1.344   -1.306    7.485)    7.716
   1.265   (  -5.084   -0.922   -0.398)    5.182
   1.265   (  -5.084   -0.922    0.398)    5.182
   1.749   (  -1.073   -1.205  -11.860)   11.969
   1.749   (  -1.073   -1.205   11.860)   11.969
   2.175   (   4.325    0.998   -6.310)    7.715
   2.175   (   4.325    0.998    6.310)    7.715
   2.396   (  -2.159    0.295   -1.785)    2.817
   2.396   (  -2.159    0.295    1.785)    2.817
   2.664   (  -2.074   -1.627   -0.726)    2.734
   2.664   (  -2.074   -1.627    0.726)    2.734
   3.196   (  -0.540    1.149   -2.913)    3.177
   3.196   (  -0.540    1.149    2.913)    3.177
   3.450   (   0.892    1.088   -2.415)    2.795
   3.450   (   0.892    1.088    2.415)    2.795
   3.796   (   4.467   -0.780   -1.335)    4.727
   3.796   (   4.467   -0.780    1.335)    4.727
   3.969   (  -3.346    0.730   -0.627)    3.481
   3.969   (  -3.346    0.730    0.627)    3.481
   4.518   (   1.175   -0.676   -0.785)    1.566
   4.518   (   1.175   -0.676    0.785)    1.566
   4.633   (  -2.336    0.240   -7.350)    7.716
   4.633   (  -2.336    0.240    7.350)    7.716
   5.601   (   0.304    0.163   -5.215)    5.226
   5.601   (   0.304    0.163    5.215)    5.226
   8.143   (   0.896   -0.061   -2.789)    2.930
   8.143   (   0.896   -0.061    2.789)    2.930
======================= Grid point 621 (185/186) =======================
q-point: (-0.40  0.40 -0.50)
Mass variance parameters: 1.64e-04 1.64e-04 1.64e-04 1.64e-04 0.00e+00 0.00e+00 0.00e+00 0.00e+00 3.39e-05 3.39e-05 
Number of triplets: 165
Frequency     group velocity (x, y, z)     |gv|
   0.709   (  -0.000    1.027   -1.518)    1.833
   0.709   (  -0.000    1.027    1.518)    1.833
   1.059   (   0.000   -2.121   -8.684)    8.939
   1.059   (   0.000   -2.121    8.684)    8.939
   1.233   (   0.000   -1.933   -0.439)    1.982
   1.233   (   0.000   -1.933    0.439)    1.982
   1.755   (   0.000   -2.679  -12.297)   12.586
   1.755   (   0.000   -2.679   12.297)   12.586
   2.203   (  -0.000    2.735   -8.716)    9.135
   2.203   (  -0.000    2.735    8.716)    9.135
   2.378   (   0.000   -0.932   -5.893)    5.966
   2.378   (   0.000   -0.932    5.893)    5.966
   2.660   (   0.000   -2.674   -1.070)    2.880
   2.660   (   0.000   -2.674    1.070)    2.880
   3.179   (  -0.000    2.142   -3.194)    3.846
   3.179   (  -0.000    2.142    3.194)    3.846
   3.444   (  -0.000    2.343   -2.315)    3.294
   3.444   (  -0.000    2.343    2.315)    3.294
   3.860   (   0.000   -1.650   -0.292)    1.676
   3.860   (   0.000   -1.650    0.292)    1.676
   3.917   (  -0.000    1.400   -1.295)    1.907
   3.917   (  -0.000    1.400    1.295)    1.907
   4.535   (   0.000   -1.126   -1.039)    1.532
   4.535   (   0.000   -1.126    1.039)    1.532
   4.610   (  -0.000    0.471   -7.874)    7.888
   4.610   (  -0.000    0.471    7.874)    7.888
   5.601   (  -0.000    0.331   -5.181)    5.191
   5.601   (  -0.000    0.331    5.181)    5.191
   8.151   (   0.000   -0.123   -3.001)    3.003
   8.151   (   0.000   -0.123    3.001)    3.003
======================= Grid point 641 (186/186) =======================
q-point: ( 0.50 -0.50 -0.50)
Mass variance parameters: 1.64e-04 1.64e-04 1.64e-04 1.64e-04 0.00e+00 0.00e+00 0.00e+00 0.00e+00 3.39e-05 3.39e-05 
Number of triplets: 93
Frequency     group velocity (x, y, z)     |gv|
   0.717   (   0.000   -0.000   -1.377)    1.377
   0.717   (   0.000   -0.000    1.377)    1.377
   1.044   (   0.000   -0.000   -7.326)    7.326
   1.044   (  -0.000    0.000    7.326)    7.326
   1.219   (  -0.000    0.000   -0.182)    0.182
   1.219   (  -0.000    0.000    0.182)    0.182
   1.736   (   0.000   -0.000  -12.434)   12.434
   1.736   (   0.000   -0.000   12.434)   12.434
   2.223   (   0.000   -0.000   -9.396)    9.396
   2.223   (   0.000   -0.000    9.396)    9.396
   2.372   (   0.000    0.000   -6.060)    6.060
   2.372   (  -0.000   -0.000    6.060)    6.060
   2.640   (  -0.000    0.000   -1.562)    1.562
   2.640   (  -0.000    0.000    1.562)    1.562
   3.194   (  -0.000    0.000   -3.218)    3.218
   3.194   (   0.000   -0.000    3.218)    3.218
   3.461   (   0.000    0.000   -1.773)    1.773
   3.461   (   0.000   -0.000    1.773)    1.773
   3.848   (  -0.000    0.000   -0.063)    0.063
   3.848   (   0.000   -0.000    0.063)    0.063
   3.927   (   0.000   -0.000   -0.821)    0.821
   3.927   (  -0.000    0.000    0.821)    0.821
   4.527   (  -0.000    0.000   -0.070)    0.070
   4.527   (   0.000   -0.000    0.070)    0.070
   4.614   (  -0.000    0.000   -7.781)    7.781
   4.614   (  -0.000    0.000    7.781)    7.781
   5.604   (  -0.000    0.000   -5.183)    5.183
   5.604   (   0.000   -0.000    5.183)    5.183
   8.150   (   0.000    0.000   -2.731)    2.731
   8.150   (   0.000    0.000    2.731)    2.731
=================== End of collection of collisions ===================
----------- Thermal conductivity (W/m-k) with tetrahedron method -----------
#  T(K)        xx         yy         zz         yz         xz         xy
  300.0       0.299      0.378      0.429      0.000      0.000     -0.000

Thermal conductivity related properties were written into 
"kappa-m101010.m101010.hdf5".
