An NVIDIA GPU may be present on this machine, but a CUDA-enabled jaxlib is not installed. Falling back to cpu.
INFO mlfcs.fitting.fitter: Preparing independent FC2 fitting parameterization
INFO mlfcs.interactions.space: Creating reference supercell with matrix [[4, 0, 0], [0, 4, 0], [0, 0, 4]]
INFO mlfcs.interactions.space: 8 primitive atoms, 512 supercell atoms
INFO mlfcs.interactions.space: Resolving the interaction cutoff
INFO mlfcs.interactions.space: Cutoff radius: 12.0000000000 Å
INFO mlfcs.interactions.space: Analyzing crystal symmetries
INFO mlfcs.interactions.space: Space group Fm-3m
INFO mlfcs.interactions.space: 192 symmetry operations
INFO mlfcs.interactions.space: Finding symmetry-inequivalent order-2 interaction clusters
INFO mlfcs.interactions.space: 23 cluster equivalence classes
INFO mlfcs.interactions.space: 76 independent tensor parameters
INFO mlfcs.fitting.fitter: - FC2: 23 orbits, 76 parameters
INFO mlfcs.fitting.fitter: - Joint parameter count: 76
INFO mlfcs.sampling.structures: Generated 100 gaussian perturbation structures
INFO mlfcs.physics.sscha.solver: SSCHA iteration 0/50: cartesian sampling
INFO mlfcs.fitting.fitter: Training-data diagnostics (inputs are not recentered)
INFO mlfcs.fitting.fitter: - Maximum reference force: 0.0000000000e+00 eV/Å
INFO mlfcs.fitting.fitter: - Maximum snapshot net force: 8.3161849167e-15 eV/Å
INFO mlfcs.fitting.fitter: - Maximum center-of-mass displacement: 9.6435329079e-17 Å
INFO mlfcs.fitting.fitter: Constraint system: 2 rows after duplicate removal (72 ASR before compression)
INFO mlfcs.fitting.linear_solvers: Explicit constraint parameterization: 76 -> 74 parameters in 30 blocks, rank=2, nnz=135
INFO mlfcs.fitting.design_operator: - Prepared JAX feature program: 9 signatures, 9 tiles, 1.8 MiB static buffers
INFO mlfcs.fitting.gram_system: Accumulating streamed Gram system: 74 x 74 (0.0 MiB), effective_batch_size=1, backend=SciPy/OpenBLAS CPU
INFO mlfcs.fitting.gram_system: - Physical design kernel groups: 9, 9 bounded tiles
INFO mlfcs.fitting.gram_system: - Compiled FC2 physical design kernel in 0.11 s
INFO mlfcs.fitting.gram_system: - Compiled FC2 physical design kernel in 0.08 s
INFO mlfcs.fitting.gram_system: - Compiled FC2 physical design kernel in 0.08 s
INFO mlfcs.fitting.gram_system: - Compiled FC2 physical design kernel in 0.09 s
INFO mlfcs.fitting.gram_system: - Compiled FC2 physical design kernel in 0.10 s
INFO mlfcs.fitting.gram_system: - Compiled FC2 physical design kernel in 0.08 s
INFO mlfcs.fitting.gram_system: - Compiled FC2 physical design kernel in 0.10 s
INFO mlfcs.fitting.gram_system: - Compiled FC2 physical design kernel in 0.11 s
INFO mlfcs.fitting.gram_system: - Compiled FC2 physical design kernel in 0.10 s
INFO mlfcs.fitting.gram_system: - Gram structures: 1/100, elapsed=0.85 s
INFO mlfcs.fitting.gram_system: - Gram structures: 20/100, elapsed=1.44 s
INFO mlfcs.fitting.gram_system: - Gram structures: 40/100, elapsed=2.06 s
INFO mlfcs.fitting.gram_system: - Gram structures: 60/100, elapsed=2.70 s
INFO mlfcs.fitting.gram_system: - Gram structures: 80/100, elapsed=3.35 s
INFO mlfcs.fitting.gram_system: - Gram structures: 100/100, elapsed=4.01 s
INFO mlfcs.fitting.gram_system: - Streamed Gram system ready in 4.01 s
INFO mlfcs.fitting.gram_system: - Gram phase timing: kernel=3.77 s, transfer=0.02 s, scatter=0.12 s, constraint reduction=0.04 s, BLAS=0.03 s
INFO mlfcs.fitting.fitter: Column-norm preconditioning in constrained coordinates
INFO mlfcs.fitting.fitter: - Inverse column scale: 4.476236e-02 to 3.483818e-01
INFO mlfcs.fitting.fitter: Solving the force-only least-squares problem with streamed Gram
INFO mlfcs.fitting.fitter: - Equations: 153600, unknowns: 74
INFO mlfcs.fitting.fitter: - Maximum joint constraint residual: 4.418124e-18
INFO mlfcs.fitting.fitter: Force fitting summary
INFO mlfcs.fitting.fitter: - Training relative error: 3.646690 %
INFO mlfcs.fitting.fitter: - Validation relative error: 3.646690 %
INFO mlfcs.fitting.fitter: - Training force RMSE: 7.9417922334e-04 eV/Å
INFO mlfcs.fitting.fitter: - Validation force RMSE: 7.9417922334e-04 eV/Å
INFO mlfcs.fitting.fitter: - FC2 force contribution RMS: 2.1763596965e-02 eV/Å
INFO mlfcs.fitting.fitter: - JAX execution guard: 1 prepared program, 9 signatures, 9 tiles, Gram passes=1, prediction passes=0
INFO mlfcs.fitting.fitter: - Solver iterations=19, stop_code=0
INFO mlfcs.fitting.fitter: Expanding fitted Taylor parameters into sparse physical IFCs
INFO mlfcs.fitting.fitter: - Expanded 2008 sparse tensors in 0.05 s
WARNING mlfcs.sampling.harmonic: Imaginary harmonic modes use policy 'absolute'; frequencies below 1.000e-06 THz will not raise an exception
INFO mlfcs.physics.sscha.solver: - Fitting relative force error: 3.646690 %
INFO mlfcs.force_constants.realization: Export view cache miss; constructing new view
WARNING mlfcs.sampling.harmonic: Imaginary harmonic modes use policy 'absolute'; frequencies below 1.000e-06 THz will not raise an exception
INFO mlfcs.sampling.structures: Generated 100 harmonic perturbation structures
INFO mlfcs.sampling.structures: Harmonic sampling: qpoints=64, sampled_modes=1533/1533, minimum_frequency=0.51228946 THz
INFO mlfcs.physics.sscha.solver: SSCHA iteration 1/50: canonical sampling
INFO mlfcs.physics.sscha.solver: q points: 64
INFO mlfcs.physics.sscha.solver: - sampled modes: 1533/1533, imaginary=0, excluded=0
INFO mlfcs.physics.sscha.solver: - maximum sampled atomic displacement: 0.90324385 Å
INFO mlfcs.physics.sscha.solver: maximum displacement limit: disabled
INFO mlfcs.fitting.fitter: Training-data diagnostics (inputs are not recentered)
INFO mlfcs.fitting.fitter: - Maximum reference force: 0.0000000000e+00 eV/Å
INFO mlfcs.fitting.fitter: - Maximum snapshot net force: 2.0665793314e-14 eV/Å
INFO mlfcs.fitting.fitter: - Maximum center-of-mass displacement: 1.1898603332e-03 Å
INFO mlfcs.fitting.fitter: Constraint system: 2 rows after duplicate removal (72 ASR before compression)
INFO mlfcs.fitting.linear_solvers: Explicit constraint parameterization: 76 -> 74 parameters in 30 blocks, rank=2, nnz=135
INFO mlfcs.fitting.design_operator: - Prepared JAX feature program: 9 signatures, 9 tiles, 1.8 MiB static buffers
INFO mlfcs.fitting.gram_system: Accumulating streamed Gram system: 74 x 74 (0.0 MiB), effective_batch_size=1, backend=SciPy/OpenBLAS CPU
INFO mlfcs.fitting.gram_system: - Physical design kernel groups: 9, 9 bounded tiles
INFO mlfcs.fitting.gram_system: - Compiled FC2 physical design kernel in 0.00 s
INFO mlfcs.fitting.gram_system: - Compiled FC2 physical design kernel in 0.00 s
INFO mlfcs.fitting.gram_system: - Compiled FC2 physical design kernel in 0.00 s
INFO mlfcs.fitting.gram_system: - Compiled FC2 physical design kernel in 0.00 s
INFO mlfcs.fitting.gram_system: - Compiled FC2 physical design kernel in 0.00 s
INFO mlfcs.fitting.gram_system: - Compiled FC2 physical design kernel in 0.00 s
INFO mlfcs.fitting.gram_system: - Compiled FC2 physical design kernel in 0.00 s
INFO mlfcs.fitting.gram_system: - Compiled FC2 physical design kernel in 0.02 s
INFO mlfcs.fitting.gram_system: - Compiled FC2 physical design kernel in 0.01 s
INFO mlfcs.fitting.gram_system: - Gram structures: 1/100, elapsed=0.04 s
INFO mlfcs.fitting.gram_system: - Gram structures: 20/100, elapsed=0.71 s
INFO mlfcs.fitting.gram_system: - Gram structures: 40/100, elapsed=1.34 s
INFO mlfcs.fitting.gram_system: - Gram structures: 60/100, elapsed=1.97 s
INFO mlfcs.fitting.gram_system: - Gram structures: 80/100, elapsed=2.61 s
INFO mlfcs.fitting.gram_system: - Gram structures: 100/100, elapsed=3.26 s
INFO mlfcs.fitting.gram_system: - Streamed Gram system ready in 3.26 s
INFO mlfcs.fitting.gram_system: - Gram phase timing: kernel=3.03 s, transfer=0.01 s, scatter=0.12 s, constraint reduction=0.04 s, BLAS=0.03 s
INFO mlfcs.fitting.fitter: Column-norm preconditioning in constrained coordinates
INFO mlfcs.fitting.fitter: - Inverse column scale: 2.358636e-03 to 1.934678e-02
INFO mlfcs.fitting.fitter: Solving the force-only least-squares problem with streamed Gram
INFO mlfcs.fitting.fitter: - Equations: 153600, unknowns: 74
INFO mlfcs.fitting.fitter: - Maximum joint constraint residual: 2.688821e-17
INFO mlfcs.fitting.fitter: Force fitting summary
INFO mlfcs.fitting.fitter: - Training relative error: 40.101698 %
INFO mlfcs.fitting.fitter: - Validation relative error: 40.101698 %
INFO mlfcs.fitting.fitter: - Training force RMSE: 1.1645965082e-01 eV/Å
INFO mlfcs.fitting.fitter: - Validation force RMSE: 1.1645965082e-01 eV/Å
INFO mlfcs.fitting.fitter: - FC2 force contribution RMS: 2.6603677996e-01 eV/Å
INFO mlfcs.fitting.fitter: - JAX execution guard: 1 prepared program, 9 signatures, 9 tiles, Gram passes=1, prediction passes=0
INFO mlfcs.fitting.fitter: - Solver iterations=42, stop_code=0
INFO mlfcs.fitting.fitter: Expanding fitted Taylor parameters into sparse physical IFCs
INFO mlfcs.fitting.fitter: - Expanded 2008 sparse tensors in 0.07 s
INFO mlfcs.physics.sscha.solver: - Fitting relative force error: 40.101698 %
INFO mlfcs.physics.sscha.solver: Relative FC2 change: 1.614941e-01
INFO mlfcs.physics.sscha.solver: - Variational free-energy estimate: -1.6617722067e+00 +/- 5.191e-04 eV/primitive cell
INFO mlfcs.force_constants.realization: Export view cache miss; constructing new view
WARNING mlfcs.sampling.harmonic: Imaginary harmonic modes use policy 'absolute'; frequencies below 1.000e-06 THz will not raise an exception
INFO mlfcs.sampling.structures: Generated 100 harmonic perturbation structures
INFO mlfcs.sampling.structures: Harmonic sampling: qpoints=64, sampled_modes=1533/1533, minimum_frequency=0.52036705 THz
INFO mlfcs.physics.sscha.solver: SSCHA iteration 2/50: canonical sampling
INFO mlfcs.physics.sscha.solver: q points: 64
INFO mlfcs.physics.sscha.solver: - sampled modes: 1533/1533, imaginary=0, excluded=0
INFO mlfcs.physics.sscha.solver: - maximum sampled atomic displacement: 0.87139563 Å
INFO mlfcs.physics.sscha.solver: maximum displacement limit: disabled
INFO mlfcs.fitting.fitter: Training-data diagnostics (inputs are not recentered)
INFO mlfcs.fitting.fitter: - Maximum reference force: 0.0000000000e+00 eV/Å
INFO mlfcs.fitting.fitter: - Maximum snapshot net force: 1.1989774190e-14 eV/Å
INFO mlfcs.fitting.fitter: - Maximum center-of-mass displacement: 9.2278759406e-04 Å
INFO mlfcs.fitting.fitter: Constraint system: 2 rows after duplicate removal (72 ASR before compression)
INFO mlfcs.fitting.linear_solvers: Explicit constraint parameterization: 76 -> 74 parameters in 30 blocks, rank=2, nnz=135
INFO mlfcs.fitting.design_operator: - Prepared JAX feature program: 9 signatures, 9 tiles, 1.8 MiB static buffers
INFO mlfcs.fitting.gram_system: Accumulating streamed Gram system: 74 x 74 (0.0 MiB), effective_batch_size=1, backend=SciPy/OpenBLAS CPU
INFO mlfcs.fitting.gram_system: - Physical design kernel groups: 9, 9 bounded tiles
INFO mlfcs.fitting.gram_system: - Compiled FC2 physical design kernel in 0.00 s
INFO mlfcs.fitting.gram_system: - Compiled FC2 physical design kernel in 0.00 s
INFO mlfcs.fitting.gram_system: - Compiled FC2 physical design kernel in 0.00 s
INFO mlfcs.fitting.gram_system: - Compiled FC2 physical design kernel in 0.00 s
INFO mlfcs.fitting.gram_system: - Compiled FC2 physical design kernel in 0.00 s
INFO mlfcs.fitting.gram_system: - Compiled FC2 physical design kernel in 0.00 s
INFO mlfcs.fitting.gram_system: - Compiled FC2 physical design kernel in 0.00 s
INFO mlfcs.fitting.gram_system: - Compiled FC2 physical design kernel in 0.01 s
INFO mlfcs.fitting.gram_system: - Compiled FC2 physical design kernel in 0.01 s
INFO mlfcs.fitting.gram_system: - Gram structures: 1/100, elapsed=0.04 s
INFO mlfcs.fitting.gram_system: - Gram structures: 20/100, elapsed=0.68 s
INFO mlfcs.fitting.gram_system: - Gram structures: 40/100, elapsed=1.33 s
INFO mlfcs.fitting.gram_system: - Gram structures: 60/100, elapsed=2.00 s
INFO mlfcs.fitting.gram_system: - Gram structures: 80/100, elapsed=2.66 s
INFO mlfcs.fitting.gram_system: - Gram structures: 100/100, elapsed=3.35 s
INFO mlfcs.fitting.gram_system: - Streamed Gram system ready in 3.35 s
INFO mlfcs.fitting.gram_system: - Gram phase timing: kernel=3.12 s, transfer=0.02 s, scatter=0.12 s, constraint reduction=0.04 s, BLAS=0.03 s
INFO mlfcs.fitting.fitter: Column-norm preconditioning in constrained coordinates
INFO mlfcs.fitting.fitter: - Inverse column scale: 2.354118e-03 to 1.956726e-02
INFO mlfcs.fitting.fitter: Solving the force-only least-squares problem with streamed Gram
INFO mlfcs.fitting.fitter: - Equations: 153600, unknowns: 74
INFO mlfcs.fitting.fitter: - Maximum joint constraint residual: 1.436568e-17
INFO mlfcs.fitting.fitter: Force fitting summary
INFO mlfcs.fitting.fitter: - Training relative error: 36.247930 %
INFO mlfcs.fitting.fitter: - Validation relative error: 36.247930 %
INFO mlfcs.fitting.fitter: - Training force RMSE: 9.3552811331e-02 eV/Å
INFO mlfcs.fitting.fitter: - Validation force RMSE: 9.3552811331e-02 eV/Å
INFO mlfcs.fitting.fitter: - FC2 force contribution RMS: 2.4053913046e-01 eV/Å
INFO mlfcs.fitting.fitter: - JAX execution guard: 1 prepared program, 9 signatures, 9 tiles, Gram passes=1, prediction passes=0
INFO mlfcs.fitting.fitter: - Solver iterations=44, stop_code=0
INFO mlfcs.fitting.fitter: Expanding fitted Taylor parameters into sparse physical IFCs
INFO mlfcs.fitting.fitter: - Expanded 2008 sparse tensors in 0.07 s
INFO mlfcs.physics.sscha.solver: - Fitting relative force error: 36.247930 %
INFO mlfcs.physics.sscha.solver: Relative FC2 change: 3.244354e-02
INFO mlfcs.physics.sscha.solver: - Variational free-energy estimate: -1.6343507852e+00 +/- 3.507e-04 eV/primitive cell
INFO mlfcs.force_constants.realization: Export view cache miss; constructing new view
WARNING mlfcs.sampling.harmonic: Imaginary harmonic modes use policy 'absolute'; frequencies below 1.000e-06 THz will not raise an exception
INFO mlfcs.sampling.structures: Generated 100 harmonic perturbation structures
INFO mlfcs.sampling.structures: Harmonic sampling: qpoints=64, sampled_modes=1533/1533, minimum_frequency=0.52282769 THz
INFO mlfcs.physics.sscha.solver: SSCHA iteration 3/50: canonical sampling
INFO mlfcs.physics.sscha.solver: q points: 64
INFO mlfcs.physics.sscha.solver: - sampled modes: 1533/1533, imaginary=0, excluded=0
INFO mlfcs.physics.sscha.solver: - maximum sampled atomic displacement: 0.79330365 Å
INFO mlfcs.physics.sscha.solver: maximum displacement limit: disabled
INFO mlfcs.fitting.fitter: Training-data diagnostics (inputs are not recentered)
INFO mlfcs.fitting.fitter: - Maximum reference force: 0.0000000000e+00 eV/Å
INFO mlfcs.fitting.fitter: - Maximum snapshot net force: 2.3826638051e-14 eV/Å
INFO mlfcs.fitting.fitter: - Maximum center-of-mass displacement: 1.1191663666e-03 Å
INFO mlfcs.fitting.fitter: Constraint system: 2 rows after duplicate removal (72 ASR before compression)
INFO mlfcs.fitting.linear_solvers: Explicit constraint parameterization: 76 -> 74 parameters in 30 blocks, rank=2, nnz=135
INFO mlfcs.fitting.design_operator: - Prepared JAX feature program: 9 signatures, 9 tiles, 1.8 MiB static buffers
INFO mlfcs.fitting.gram_system: Accumulating streamed Gram system: 74 x 74 (0.0 MiB), effective_batch_size=1, backend=SciPy/OpenBLAS CPU
INFO mlfcs.fitting.gram_system: - Physical design kernel groups: 9, 9 bounded tiles
INFO mlfcs.fitting.gram_system: - Compiled FC2 physical design kernel in 0.00 s
INFO mlfcs.fitting.gram_system: - Compiled FC2 physical design kernel in 0.00 s
INFO mlfcs.fitting.gram_system: - Compiled FC2 physical design kernel in 0.00 s
INFO mlfcs.fitting.gram_system: - Compiled FC2 physical design kernel in 0.00 s
INFO mlfcs.fitting.gram_system: - Compiled FC2 physical design kernel in 0.00 s
INFO mlfcs.fitting.gram_system: - Compiled FC2 physical design kernel in 0.00 s
INFO mlfcs.fitting.gram_system: - Compiled FC2 physical design kernel in 0.00 s
INFO mlfcs.fitting.gram_system: - Compiled FC2 physical design kernel in 0.01 s
INFO mlfcs.fitting.gram_system: - Compiled FC2 physical design kernel in 0.01 s
INFO mlfcs.fitting.gram_system: - Gram structures: 1/100, elapsed=0.04 s
INFO mlfcs.fitting.gram_system: - Gram structures: 20/100, elapsed=0.68 s
INFO mlfcs.fitting.gram_system: - Gram structures: 40/100, elapsed=1.34 s
INFO mlfcs.fitting.gram_system: - Gram structures: 60/100, elapsed=2.01 s
INFO mlfcs.fitting.gram_system: - Gram structures: 80/100, elapsed=2.68 s
INFO mlfcs.fitting.gram_system: - Gram structures: 100/100, elapsed=3.34 s
INFO mlfcs.fitting.gram_system: - Streamed Gram system ready in 3.34 s
INFO mlfcs.fitting.gram_system: - Gram phase timing: kernel=3.12 s, transfer=0.01 s, scatter=0.11 s, constraint reduction=0.04 s, BLAS=0.03 s
INFO mlfcs.fitting.fitter: Column-norm preconditioning in constrained coordinates
INFO mlfcs.fitting.fitter: - Inverse column scale: 2.362806e-03 to 1.973972e-02
INFO mlfcs.fitting.fitter: Solving the force-only least-squares problem with streamed Gram
INFO mlfcs.fitting.fitter: - Equations: 153600, unknowns: 74
INFO mlfcs.fitting.fitter: - Maximum joint constraint residual: 1.799776e-17
INFO mlfcs.fitting.fitter: Force fitting summary
INFO mlfcs.fitting.fitter: - Training relative error: 37.188882 %
INFO mlfcs.fitting.fitter: - Validation relative error: 37.188882 %
INFO mlfcs.fitting.fitter: - Training force RMSE: 9.9035517396e-02 eV/Å
INFO mlfcs.fitting.fitter: - Validation force RMSE: 9.9035517396e-02 eV/Å
INFO mlfcs.fitting.fitter: - FC2 force contribution RMS: 2.4720404276e-01 eV/Å
INFO mlfcs.fitting.fitter: - JAX execution guard: 1 prepared program, 9 signatures, 9 tiles, Gram passes=1, prediction passes=0
INFO mlfcs.fitting.fitter: - Solver iterations=42, stop_code=0
INFO mlfcs.fitting.fitter: Expanding fitted Taylor parameters into sparse physical IFCs
INFO mlfcs.fitting.fitter: - Expanded 2008 sparse tensors in 0.07 s
INFO mlfcs.physics.sscha.solver: - Fitting relative force error: 37.188882 %
INFO mlfcs.physics.sscha.solver: Relative FC2 change: 1.710925e-02
INFO mlfcs.physics.sscha.solver: - Variational free-energy estimate: -1.6394052699e+00 +/- 3.916e-04 eV/primitive cell
INFO mlfcs.force_constants.realization: Export view cache miss; constructing new view
WARNING mlfcs.sampling.harmonic: Imaginary harmonic modes use policy 'absolute'; frequencies below 1.000e-06 THz will not raise an exception
INFO mlfcs.sampling.structures: Generated 100 harmonic perturbation structures
INFO mlfcs.sampling.structures: Harmonic sampling: qpoints=64, sampled_modes=1533/1533, minimum_frequency=0.52362310 THz
INFO mlfcs.physics.sscha.solver: SSCHA iteration 4/50: canonical sampling
INFO mlfcs.physics.sscha.solver: q points: 64
INFO mlfcs.physics.sscha.solver: - sampled modes: 1533/1533, imaginary=0, excluded=0
INFO mlfcs.physics.sscha.solver: - maximum sampled atomic displacement: 0.96911175 Å
INFO mlfcs.physics.sscha.solver: maximum displacement limit: disabled
INFO mlfcs.fitting.fitter: Training-data diagnostics (inputs are not recentered)
INFO mlfcs.fitting.fitter: - Maximum reference force: 0.0000000000e+00 eV/Å
INFO mlfcs.fitting.fitter: - Maximum snapshot net force: 1.8215821667e-14 eV/Å
INFO mlfcs.fitting.fitter: - Maximum center-of-mass displacement: 1.0674871726e-03 Å
INFO mlfcs.fitting.fitter: Constraint system: 2 rows after duplicate removal (72 ASR before compression)
INFO mlfcs.fitting.linear_solvers: Explicit constraint parameterization: 76 -> 74 parameters in 30 blocks, rank=2, nnz=135
INFO mlfcs.fitting.design_operator: - Prepared JAX feature program: 9 signatures, 9 tiles, 1.8 MiB static buffers
INFO mlfcs.fitting.gram_system: Accumulating streamed Gram system: 74 x 74 (0.0 MiB), effective_batch_size=1, backend=SciPy/OpenBLAS CPU
INFO mlfcs.fitting.gram_system: - Physical design kernel groups: 9, 9 bounded tiles
INFO mlfcs.fitting.gram_system: - Compiled FC2 physical design kernel in 0.00 s
INFO mlfcs.fitting.gram_system: - Compiled FC2 physical design kernel in 0.00 s
INFO mlfcs.fitting.gram_system: - Compiled FC2 physical design kernel in 0.00 s
INFO mlfcs.fitting.gram_system: - Compiled FC2 physical design kernel in 0.00 s
INFO mlfcs.fitting.gram_system: - Compiled FC2 physical design kernel in 0.00 s
INFO mlfcs.fitting.gram_system: - Compiled FC2 physical design kernel in 0.00 s
INFO mlfcs.fitting.gram_system: - Compiled FC2 physical design kernel in 0.00 s
INFO mlfcs.fitting.gram_system: - Compiled FC2 physical design kernel in 0.02 s
INFO mlfcs.fitting.gram_system: - Compiled FC2 physical design kernel in 0.01 s
INFO mlfcs.fitting.gram_system: - Gram structures: 1/100, elapsed=0.04 s
INFO mlfcs.fitting.gram_system: - Gram structures: 20/100, elapsed=0.69 s
INFO mlfcs.fitting.gram_system: - Gram structures: 40/100, elapsed=1.32 s
INFO mlfcs.fitting.gram_system: - Gram structures: 60/100, elapsed=2.00 s
INFO mlfcs.fitting.gram_system: - Gram structures: 80/100, elapsed=2.63 s
INFO mlfcs.fitting.gram_system: - Gram structures: 100/100, elapsed=3.25 s
INFO mlfcs.fitting.gram_system: - Streamed Gram system ready in 3.25 s
INFO mlfcs.fitting.gram_system: - Gram phase timing: kernel=3.02 s, transfer=0.02 s, scatter=0.12 s, constraint reduction=0.04 s, BLAS=0.03 s
INFO mlfcs.fitting.fitter: Column-norm preconditioning in constrained coordinates
INFO mlfcs.fitting.fitter: - Inverse column scale: 2.358341e-03 to 1.969785e-02
INFO mlfcs.fitting.fitter: Solving the force-only least-squares problem with streamed Gram
INFO mlfcs.fitting.fitter: - Equations: 153600, unknowns: 74
INFO mlfcs.fitting.fitter: - Maximum joint constraint residual: 1.582935e-17
INFO mlfcs.fitting.fitter: Force fitting summary
INFO mlfcs.fitting.fitter: - Training relative error: 37.310478 %
INFO mlfcs.fitting.fitter: - Validation relative error: 37.310478 %
INFO mlfcs.fitting.fitter: - Training force RMSE: 9.8430404397e-02 eV/Å
INFO mlfcs.fitting.fitter: - Validation force RMSE: 9.8430404397e-02 eV/Å
INFO mlfcs.fitting.fitter: - FC2 force contribution RMS: 2.4476413130e-01 eV/Å
INFO mlfcs.fitting.fitter: - JAX execution guard: 1 prepared program, 9 signatures, 9 tiles, Gram passes=1, prediction passes=0
INFO mlfcs.fitting.fitter: - Solver iterations=44, stop_code=0
INFO mlfcs.fitting.fitter: Expanding fitted Taylor parameters into sparse physical IFCs
INFO mlfcs.fitting.fitter: - Expanded 2008 sparse tensors in 0.05 s
INFO mlfcs.physics.sscha.solver: - Fitting relative force error: 37.310478 %
INFO mlfcs.physics.sscha.solver: Relative FC2 change: 1.132061e-02
INFO mlfcs.physics.sscha.solver: - Variational free-energy estimate: -1.6377708050e+00 +/- 4.104e-04 eV/primitive cell
INFO mlfcs.force_constants.realization: Export view cache miss; constructing new view
WARNING mlfcs.sampling.harmonic: Imaginary harmonic modes use policy 'absolute'; frequencies below 1.000e-06 THz will not raise an exception
INFO mlfcs.sampling.structures: Generated 100 harmonic perturbation structures
INFO mlfcs.sampling.structures: Harmonic sampling: qpoints=64, sampled_modes=1533/1533, minimum_frequency=0.52284576 THz
INFO mlfcs.physics.sscha.solver: SSCHA iteration 5/50: canonical sampling
INFO mlfcs.physics.sscha.solver: q points: 64
INFO mlfcs.physics.sscha.solver: - sampled modes: 1533/1533, imaginary=0, excluded=0
INFO mlfcs.physics.sscha.solver: - maximum sampled atomic displacement: 0.89081292 Å
INFO mlfcs.physics.sscha.solver: maximum displacement limit: disabled
INFO mlfcs.fitting.fitter: Training-data diagnostics (inputs are not recentered)
INFO mlfcs.fitting.fitter: - Maximum reference force: 0.0000000000e+00 eV/Å
INFO mlfcs.fitting.fitter: - Maximum snapshot net force: 2.0630982794e-14 eV/Å
INFO mlfcs.fitting.fitter: - Maximum center-of-mass displacement: 9.8773516572e-04 Å
INFO mlfcs.fitting.fitter: Constraint system: 2 rows after duplicate removal (72 ASR before compression)
INFO mlfcs.fitting.linear_solvers: Explicit constraint parameterization: 76 -> 74 parameters in 30 blocks, rank=2, nnz=135
INFO mlfcs.fitting.design_operator: - Prepared JAX feature program: 9 signatures, 9 tiles, 1.8 MiB static buffers
INFO mlfcs.fitting.gram_system: Accumulating streamed Gram system: 74 x 74 (0.0 MiB), effective_batch_size=1, backend=SciPy/OpenBLAS CPU
INFO mlfcs.fitting.gram_system: - Physical design kernel groups: 9, 9 bounded tiles
INFO mlfcs.fitting.gram_system: - Compiled FC2 physical design kernel in 0.00 s
INFO mlfcs.fitting.gram_system: - Compiled FC2 physical design kernel in 0.00 s
INFO mlfcs.fitting.gram_system: - Compiled FC2 physical design kernel in 0.00 s
INFO mlfcs.fitting.gram_system: - Compiled FC2 physical design kernel in 0.00 s
INFO mlfcs.fitting.gram_system: - Compiled FC2 physical design kernel in 0.00 s
INFO mlfcs.fitting.gram_system: - Compiled FC2 physical design kernel in 0.00 s
INFO mlfcs.fitting.gram_system: - Compiled FC2 physical design kernel in 0.01 s
INFO mlfcs.fitting.gram_system: - Compiled FC2 physical design kernel in 0.02 s
INFO mlfcs.fitting.gram_system: - Compiled FC2 physical design kernel in 0.01 s
INFO mlfcs.fitting.gram_system: - Gram structures: 1/100, elapsed=0.04 s
INFO mlfcs.fitting.gram_system: - Gram structures: 20/100, elapsed=0.65 s
INFO mlfcs.fitting.gram_system: - Gram structures: 40/100, elapsed=1.27 s
INFO mlfcs.fitting.gram_system: - Gram structures: 60/100, elapsed=1.89 s
INFO mlfcs.fitting.gram_system: - Gram structures: 80/100, elapsed=2.52 s
INFO mlfcs.fitting.gram_system: - Gram structures: 100/100, elapsed=3.15 s
INFO mlfcs.fitting.gram_system: - Streamed Gram system ready in 3.15 s
INFO mlfcs.fitting.gram_system: - Gram phase timing: kernel=2.93 s, transfer=0.01 s, scatter=0.11 s, constraint reduction=0.04 s, BLAS=0.03 s
INFO mlfcs.fitting.fitter: Column-norm preconditioning in constrained coordinates
INFO mlfcs.fitting.fitter: - Inverse column scale: 2.346777e-03 to 1.957326e-02
INFO mlfcs.fitting.fitter: Solving the force-only least-squares problem with streamed Gram
INFO mlfcs.fitting.fitter: - Equations: 153600, unknowns: 74
INFO mlfcs.fitting.fitter: - Maximum joint constraint residual: 8.565197e-18
INFO mlfcs.fitting.fitter: Force fitting summary
INFO mlfcs.fitting.fitter: - Training relative error: 37.169632 %
INFO mlfcs.fitting.fitter: - Validation relative error: 37.169632 %
INFO mlfcs.fitting.fitter: - Training force RMSE: 9.8262312245e-02 eV/Å
INFO mlfcs.fitting.fitter: - Validation force RMSE: 9.8262312245e-02 eV/Å
INFO mlfcs.fitting.fitter: - FC2 force contribution RMS: 2.4542144157e-01 eV/Å
INFO mlfcs.fitting.fitter: - JAX execution guard: 1 prepared program, 9 signatures, 9 tiles, Gram passes=1, prediction passes=0
INFO mlfcs.fitting.fitter: - Solver iterations=43, stop_code=0
INFO mlfcs.fitting.fitter: Expanding fitted Taylor parameters into sparse physical IFCs
INFO mlfcs.fitting.fitter: - Expanded 2008 sparse tensors in 0.05 s
INFO mlfcs.physics.sscha.solver: - Fitting relative force error: 37.169632 %
INFO mlfcs.physics.sscha.solver: Relative FC2 change: 1.057431e-02
INFO mlfcs.physics.sscha.solver: - Variational free-energy estimate: -1.6391150402e+00 +/- 3.936e-04 eV/primitive cell
INFO mlfcs.force_constants.realization: Export view cache miss; constructing new view
WARNING mlfcs.sampling.harmonic: Imaginary harmonic modes use policy 'absolute'; frequencies below 1.000e-06 THz will not raise an exception
INFO mlfcs.sampling.structures: Generated 100 harmonic perturbation structures
INFO mlfcs.sampling.structures: Harmonic sampling: qpoints=64, sampled_modes=1533/1533, minimum_frequency=0.53379802 THz
INFO mlfcs.physics.sscha.solver: SSCHA iteration 6/50: canonical sampling
INFO mlfcs.physics.sscha.solver: q points: 64
INFO mlfcs.physics.sscha.solver: - sampled modes: 1533/1533, imaginary=0, excluded=0
INFO mlfcs.physics.sscha.solver: - maximum sampled atomic displacement: 0.80413197 Å
INFO mlfcs.physics.sscha.solver: maximum displacement limit: disabled
INFO mlfcs.fitting.fitter: Training-data diagnostics (inputs are not recentered)
INFO mlfcs.fitting.fitter: - Maximum reference force: 0.0000000000e+00 eV/Å
INFO mlfcs.fitting.fitter: - Maximum snapshot net force: 1.8878709229e-14 eV/Å
INFO mlfcs.fitting.fitter: - Maximum center-of-mass displacement: 1.0832082816e-03 Å
INFO mlfcs.fitting.fitter: Constraint system: 2 rows after duplicate removal (72 ASR before compression)
INFO mlfcs.fitting.linear_solvers: Explicit constraint parameterization: 76 -> 74 parameters in 30 blocks, rank=2, nnz=135
INFO mlfcs.fitting.design_operator: - Prepared JAX feature program: 9 signatures, 9 tiles, 1.8 MiB static buffers
INFO mlfcs.fitting.gram_system: Accumulating streamed Gram system: 74 x 74 (0.0 MiB), effective_batch_size=1, backend=SciPy/OpenBLAS CPU
INFO mlfcs.fitting.gram_system: - Physical design kernel groups: 9, 9 bounded tiles
INFO mlfcs.fitting.gram_system: - Compiled FC2 physical design kernel in 0.00 s
INFO mlfcs.fitting.gram_system: - Compiled FC2 physical design kernel in 0.00 s
INFO mlfcs.fitting.gram_system: - Compiled FC2 physical design kernel in 0.00 s
INFO mlfcs.fitting.gram_system: - Compiled FC2 physical design kernel in 0.00 s
INFO mlfcs.fitting.gram_system: - Compiled FC2 physical design kernel in 0.00 s
INFO mlfcs.fitting.gram_system: - Compiled FC2 physical design kernel in 0.00 s
INFO mlfcs.fitting.gram_system: - Compiled FC2 physical design kernel in 0.01 s
INFO mlfcs.fitting.gram_system: - Compiled FC2 physical design kernel in 0.02 s
INFO mlfcs.fitting.gram_system: - Compiled FC2 physical design kernel in 0.01 s
INFO mlfcs.fitting.gram_system: - Gram structures: 1/100, elapsed=0.04 s
INFO mlfcs.fitting.gram_system: - Gram structures: 20/100, elapsed=0.66 s
INFO mlfcs.fitting.gram_system: - Gram structures: 40/100, elapsed=1.29 s
INFO mlfcs.fitting.gram_system: - Gram structures: 60/100, elapsed=1.93 s
INFO mlfcs.fitting.gram_system: - Gram structures: 80/100, elapsed=2.57 s
INFO mlfcs.fitting.gram_system: - Gram structures: 100/100, elapsed=3.20 s
INFO mlfcs.fitting.gram_system: - Streamed Gram system ready in 3.20 s
INFO mlfcs.fitting.gram_system: - Gram phase timing: kernel=2.98 s, transfer=0.01 s, scatter=0.11 s, constraint reduction=0.04 s, BLAS=0.03 s
INFO mlfcs.fitting.fitter: Column-norm preconditioning in constrained coordinates
INFO mlfcs.fitting.fitter: - Inverse column scale: 2.380805e-03 to 1.978352e-02
INFO mlfcs.fitting.fitter: Solving the force-only least-squares problem with streamed Gram
INFO mlfcs.fitting.fitter: - Equations: 153600, unknowns: 74
INFO mlfcs.fitting.fitter: - Maximum joint constraint residual: 1.114018e-17
INFO mlfcs.fitting.fitter: Force fitting summary
INFO mlfcs.fitting.fitter: - Training relative error: 37.599726 %
INFO mlfcs.fitting.fitter: - Validation relative error: 37.599726 %
INFO mlfcs.fitting.fitter: - Training force RMSE: 9.9414587315e-02 eV/Å
INFO mlfcs.fitting.fitter: - Validation force RMSE: 9.9414587315e-02 eV/Å
INFO mlfcs.fitting.fitter: - FC2 force contribution RMS: 2.4500077868e-01 eV/Å
INFO mlfcs.fitting.fitter: - JAX execution guard: 1 prepared program, 9 signatures, 9 tiles, Gram passes=1, prediction passes=0
INFO mlfcs.fitting.fitter: - Solver iterations=42, stop_code=0
INFO mlfcs.fitting.fitter: Expanding fitted Taylor parameters into sparse physical IFCs
INFO mlfcs.fitting.fitter: - Expanded 2008 sparse tensors in 0.04 s
INFO mlfcs.physics.sscha.solver: - Fitting relative force error: 37.599726 %
INFO mlfcs.physics.sscha.solver: Relative FC2 change: 1.147535e-02
INFO mlfcs.physics.sscha.solver: - Variational free-energy estimate: -1.6388223897e+00 +/- 4.127e-04 eV/primitive cell
INFO mlfcs.force_constants.realization: Export view cache miss; constructing new view
WARNING mlfcs.sampling.harmonic: Imaginary harmonic modes use policy 'absolute'; frequencies below 1.000e-06 THz will not raise an exception
INFO mlfcs.sampling.structures: Generated 100 harmonic perturbation structures
INFO mlfcs.sampling.structures: Harmonic sampling: qpoints=64, sampled_modes=1533/1533, minimum_frequency=0.53140830 THz
INFO mlfcs.physics.sscha.solver: SSCHA iteration 7/50: canonical sampling
INFO mlfcs.physics.sscha.solver: q points: 64
INFO mlfcs.physics.sscha.solver: - sampled modes: 1533/1533, imaginary=0, excluded=0
INFO mlfcs.physics.sscha.solver: - maximum sampled atomic displacement: 0.83750098 Å
INFO mlfcs.physics.sscha.solver: maximum displacement limit: disabled
INFO mlfcs.fitting.fitter: Training-data diagnostics (inputs are not recentered)
INFO mlfcs.fitting.fitter: - Maximum reference force: 0.0000000000e+00 eV/Å
INFO mlfcs.fitting.fitter: - Maximum snapshot net force: 1.5312835586e-14 eV/Å
INFO mlfcs.fitting.fitter: - Maximum center-of-mass displacement: 1.1056119940e-03 Å
INFO mlfcs.fitting.fitter: Constraint system: 2 rows after duplicate removal (72 ASR before compression)
INFO mlfcs.fitting.linear_solvers: Explicit constraint parameterization: 76 -> 74 parameters in 30 blocks, rank=2, nnz=135
INFO mlfcs.fitting.design_operator: - Prepared JAX feature program: 9 signatures, 9 tiles, 1.8 MiB static buffers
INFO mlfcs.fitting.gram_system: Accumulating streamed Gram system: 74 x 74 (0.0 MiB), effective_batch_size=1, backend=SciPy/OpenBLAS CPU
INFO mlfcs.fitting.gram_system: - Physical design kernel groups: 9, 9 bounded tiles
INFO mlfcs.fitting.gram_system: - Compiled FC2 physical design kernel in 0.00 s
INFO mlfcs.fitting.gram_system: - Compiled FC2 physical design kernel in 0.00 s
INFO mlfcs.fitting.gram_system: - Compiled FC2 physical design kernel in 0.00 s
INFO mlfcs.fitting.gram_system: - Compiled FC2 physical design kernel in 0.00 s
INFO mlfcs.fitting.gram_system: - Compiled FC2 physical design kernel in 0.00 s
INFO mlfcs.fitting.gram_system: - Compiled FC2 physical design kernel in 0.00 s
INFO mlfcs.fitting.gram_system: - Compiled FC2 physical design kernel in 0.00 s
INFO mlfcs.fitting.gram_system: - Compiled FC2 physical design kernel in 0.02 s
INFO mlfcs.fitting.gram_system: - Compiled FC2 physical design kernel in 0.01 s
INFO mlfcs.fitting.gram_system: - Gram structures: 1/100, elapsed=0.04 s
INFO mlfcs.fitting.gram_system: - Gram structures: 20/100, elapsed=0.70 s
INFO mlfcs.fitting.gram_system: - Gram structures: 40/100, elapsed=1.35 s
INFO mlfcs.fitting.gram_system: - Gram structures: 60/100, elapsed=1.99 s
INFO mlfcs.fitting.gram_system: - Gram structures: 80/100, elapsed=2.65 s
INFO mlfcs.fitting.gram_system: - Gram structures: 100/100, elapsed=3.30 s
INFO mlfcs.fitting.gram_system: - Streamed Gram system ready in 3.30 s
INFO mlfcs.fitting.gram_system: - Gram phase timing: kernel=3.07 s, transfer=0.02 s, scatter=0.12 s, constraint reduction=0.04 s, BLAS=0.03 s
INFO mlfcs.fitting.fitter: Column-norm preconditioning in constrained coordinates
INFO mlfcs.fitting.fitter: - Inverse column scale: 2.396076e-03 to 1.977559e-02
INFO mlfcs.fitting.fitter: Solving the force-only least-squares problem with streamed Gram
INFO mlfcs.fitting.fitter: - Equations: 153600, unknowns: 74
INFO mlfcs.fitting.fitter: - Maximum joint constraint residual: 2.228035e-17
INFO mlfcs.fitting.fitter: Force fitting summary
INFO mlfcs.fitting.fitter: - Training relative error: 37.031734 %
INFO mlfcs.fitting.fitter: - Validation relative error: 37.031734 %
INFO mlfcs.fitting.fitter: - Training force RMSE: 9.7947059665e-02 eV/Å
INFO mlfcs.fitting.fitter: - Validation force RMSE: 9.7947059665e-02 eV/Å
INFO mlfcs.fitting.fitter: - FC2 force contribution RMS: 2.4569074220e-01 eV/Å
INFO mlfcs.fitting.fitter: - JAX execution guard: 1 prepared program, 9 signatures, 9 tiles, Gram passes=1, prediction passes=0
INFO mlfcs.fitting.fitter: - Solver iterations=43, stop_code=0
INFO mlfcs.fitting.fitter: Expanding fitted Taylor parameters into sparse physical IFCs
INFO mlfcs.fitting.fitter: - Expanded 2008 sparse tensors in 0.07 s
INFO mlfcs.physics.sscha.solver: - Fitting relative force error: 37.031734 %
INFO mlfcs.physics.sscha.solver: Relative FC2 change: 1.209867e-02
INFO mlfcs.physics.sscha.solver: - Variational free-energy estimate: -1.6380243283e+00 +/- 3.916e-04 eV/primitive cell
INFO mlfcs.force_constants.realization: Export view cache miss; constructing new view
WARNING mlfcs.sampling.harmonic: Imaginary harmonic modes use policy 'absolute'; frequencies below 1.000e-06 THz will not raise an exception
INFO mlfcs.sampling.structures: Generated 100 harmonic perturbation structures
INFO mlfcs.sampling.structures: Harmonic sampling: qpoints=64, sampled_modes=1533/1533, minimum_frequency=0.53460369 THz
INFO mlfcs.physics.sscha.solver: SSCHA iteration 8/50: canonical sampling
INFO mlfcs.physics.sscha.solver: q points: 64
INFO mlfcs.physics.sscha.solver: - sampled modes: 1533/1533, imaginary=0, excluded=0
INFO mlfcs.physics.sscha.solver: - maximum sampled atomic displacement: 0.84875575 Å
INFO mlfcs.physics.sscha.solver: maximum displacement limit: disabled
INFO mlfcs.fitting.fitter: Training-data diagnostics (inputs are not recentered)
INFO mlfcs.fitting.fitter: - Maximum reference force: 0.0000000000e+00 eV/Å
INFO mlfcs.fitting.fitter: - Maximum snapshot net force: 1.9864236945e-14 eV/Å
INFO mlfcs.fitting.fitter: - Maximum center-of-mass displacement: 1.1941639338e-03 Å
INFO mlfcs.fitting.fitter: Constraint system: 2 rows after duplicate removal (72 ASR before compression)
INFO mlfcs.fitting.linear_solvers: Explicit constraint parameterization: 76 -> 74 parameters in 30 blocks, rank=2, nnz=135
INFO mlfcs.fitting.design_operator: - Prepared JAX feature program: 9 signatures, 9 tiles, 1.8 MiB static buffers
INFO mlfcs.fitting.gram_system: Accumulating streamed Gram system: 74 x 74 (0.0 MiB), effective_batch_size=1, backend=SciPy/OpenBLAS CPU
INFO mlfcs.fitting.gram_system: - Physical design kernel groups: 9, 9 bounded tiles
INFO mlfcs.fitting.gram_system: - Compiled FC2 physical design kernel in 0.00 s
INFO mlfcs.fitting.gram_system: - Compiled FC2 physical design kernel in 0.00 s
INFO mlfcs.fitting.gram_system: - Compiled FC2 physical design kernel in 0.00 s
INFO mlfcs.fitting.gram_system: - Compiled FC2 physical design kernel in 0.00 s
INFO mlfcs.fitting.gram_system: - Compiled FC2 physical design kernel in 0.00 s
INFO mlfcs.fitting.gram_system: - Compiled FC2 physical design kernel in 0.00 s
INFO mlfcs.fitting.gram_system: - Compiled FC2 physical design kernel in 0.00 s
INFO mlfcs.fitting.gram_system: - Compiled FC2 physical design kernel in 0.01 s
INFO mlfcs.fitting.gram_system: - Compiled FC2 physical design kernel in 0.01 s
INFO mlfcs.fitting.gram_system: - Gram structures: 1/100, elapsed=0.04 s
INFO mlfcs.fitting.gram_system: - Gram structures: 20/100, elapsed=0.69 s
INFO mlfcs.fitting.gram_system: - Gram structures: 40/100, elapsed=1.35 s
INFO mlfcs.fitting.gram_system: - Gram structures: 60/100, elapsed=2.00 s
INFO mlfcs.fitting.gram_system: - Gram structures: 80/100, elapsed=2.65 s
INFO mlfcs.fitting.gram_system: - Gram structures: 100/100, elapsed=3.32 s
INFO mlfcs.fitting.gram_system: - Streamed Gram system ready in 3.32 s
INFO mlfcs.fitting.gram_system: - Gram phase timing: kernel=3.08 s, transfer=0.01 s, scatter=0.12 s, constraint reduction=0.04 s, BLAS=0.03 s
INFO mlfcs.fitting.fitter: Column-norm preconditioning in constrained coordinates
INFO mlfcs.fitting.fitter: - Inverse column scale: 2.355775e-03 to 1.957723e-02
INFO mlfcs.fitting.fitter: Solving the force-only least-squares problem with streamed Gram
INFO mlfcs.fitting.fitter: - Equations: 153600, unknowns: 74
INFO mlfcs.fitting.fitter: - Maximum joint constraint residual: 1.463673e-17
INFO mlfcs.fitting.fitter: Force fitting summary
INFO mlfcs.fitting.fitter: - Training relative error: 37.298598 %
INFO mlfcs.fitting.fitter: - Validation relative error: 37.298598 %
INFO mlfcs.fitting.fitter: - Training force RMSE: 9.8699244576e-02 eV/Å
INFO mlfcs.fitting.fitter: - Validation force RMSE: 9.8699244576e-02 eV/Å
INFO mlfcs.fitting.fitter: - FC2 force contribution RMS: 2.4552345839e-01 eV/Å
INFO mlfcs.fitting.fitter: - JAX execution guard: 1 prepared program, 9 signatures, 9 tiles, Gram passes=1, prediction passes=0
INFO mlfcs.fitting.fitter: - Solver iterations=43, stop_code=0
INFO mlfcs.fitting.fitter: Expanding fitted Taylor parameters into sparse physical IFCs
INFO mlfcs.fitting.fitter: - Expanded 2008 sparse tensors in 0.04 s
INFO mlfcs.physics.sscha.solver: - Fitting relative force error: 37.298598 %
INFO mlfcs.physics.sscha.solver: Relative FC2 change: 9.203893e-03
INFO mlfcs.physics.sscha.solver: - Variational free-energy estimate: -1.6376364380e+00 +/- 4.142e-04 eV/primitive cell
INFO mlfcs.force_constants.realization: Export view cache miss; constructing new view
WARNING mlfcs.sampling.harmonic: Imaginary harmonic modes use policy 'absolute'; frequencies below 1.000e-06 THz will not raise an exception
INFO mlfcs.sampling.structures: Generated 100 harmonic perturbation structures
INFO mlfcs.sampling.structures: Harmonic sampling: qpoints=64, sampled_modes=1533/1533, minimum_frequency=0.51912105 THz
INFO mlfcs.physics.sscha.solver: SSCHA iteration 9/50: canonical sampling
INFO mlfcs.physics.sscha.solver: q points: 64
INFO mlfcs.physics.sscha.solver: - sampled modes: 1533/1533, imaginary=0, excluded=0
INFO mlfcs.physics.sscha.solver: - maximum sampled atomic displacement: 0.86738702 Å
INFO mlfcs.physics.sscha.solver: maximum displacement limit: disabled
INFO mlfcs.fitting.fitter: Training-data diagnostics (inputs are not recentered)
INFO mlfcs.fitting.fitter: - Maximum reference force: 0.0000000000e+00 eV/Å
INFO mlfcs.fitting.fitter: - Maximum snapshot net force: 2.0738602251e-14 eV/Å
INFO mlfcs.fitting.fitter: - Maximum center-of-mass displacement: 9.5324484368e-04 Å
INFO mlfcs.fitting.fitter: Constraint system: 2 rows after duplicate removal (72 ASR before compression)
INFO mlfcs.fitting.linear_solvers: Explicit constraint parameterization: 76 -> 74 parameters in 30 blocks, rank=2, nnz=135
INFO mlfcs.fitting.design_operator: - Prepared JAX feature program: 9 signatures, 9 tiles, 1.8 MiB static buffers
INFO mlfcs.fitting.gram_system: Accumulating streamed Gram system: 74 x 74 (0.0 MiB), effective_batch_size=1, backend=SciPy/OpenBLAS CPU
INFO mlfcs.fitting.gram_system: - Physical design kernel groups: 9, 9 bounded tiles
INFO mlfcs.fitting.gram_system: - Compiled FC2 physical design kernel in 0.00 s
INFO mlfcs.fitting.gram_system: - Compiled FC2 physical design kernel in 0.00 s
INFO mlfcs.fitting.gram_system: - Compiled FC2 physical design kernel in 0.00 s
INFO mlfcs.fitting.gram_system: - Compiled FC2 physical design kernel in 0.00 s
INFO mlfcs.fitting.gram_system: - Compiled FC2 physical design kernel in 0.00 s
INFO mlfcs.fitting.gram_system: - Compiled FC2 physical design kernel in 0.00 s
INFO mlfcs.fitting.gram_system: - Compiled FC2 physical design kernel in 0.00 s
INFO mlfcs.fitting.gram_system: - Compiled FC2 physical design kernel in 0.01 s
INFO mlfcs.fitting.gram_system: - Compiled FC2 physical design kernel in 0.01 s
INFO mlfcs.fitting.gram_system: - Gram structures: 1/100, elapsed=0.04 s
INFO mlfcs.fitting.gram_system: - Gram structures: 20/100, elapsed=0.69 s
INFO mlfcs.fitting.gram_system: - Gram structures: 40/100, elapsed=1.35 s
INFO mlfcs.fitting.gram_system: - Gram structures: 60/100, elapsed=2.02 s
INFO mlfcs.fitting.gram_system: - Gram structures: 80/100, elapsed=2.69 s
INFO mlfcs.fitting.gram_system: - Gram structures: 100/100, elapsed=3.35 s
INFO mlfcs.fitting.gram_system: - Streamed Gram system ready in 3.35 s
INFO mlfcs.fitting.gram_system: - Gram phase timing: kernel=3.12 s, transfer=0.01 s, scatter=0.11 s, constraint reduction=0.04 s, BLAS=0.03 s
INFO mlfcs.fitting.fitter: Column-norm preconditioning in constrained coordinates
INFO mlfcs.fitting.fitter: - Inverse column scale: 2.376716e-03 to 1.975119e-02
INFO mlfcs.fitting.fitter: Solving the force-only least-squares problem with streamed Gram
INFO mlfcs.fitting.fitter: - Equations: 153600, unknowns: 74
INFO mlfcs.fitting.fitter: - Maximum joint constraint residual: 2.596664e-17
INFO mlfcs.fitting.fitter: Force fitting summary
INFO mlfcs.fitting.fitter: - Training relative error: 37.251460 %
INFO mlfcs.fitting.fitter: - Validation relative error: 37.251460 %
INFO mlfcs.fitting.fitter: - Training force RMSE: 9.8445321248e-02 eV/Å
INFO mlfcs.fitting.fitter: - Validation force RMSE: 9.8445321248e-02 eV/Å
INFO mlfcs.fitting.fitter: - FC2 force contribution RMS: 2.4525172730e-01 eV/Å
INFO mlfcs.fitting.fitter: - JAX execution guard: 1 prepared program, 9 signatures, 9 tiles, Gram passes=1, prediction passes=0
INFO mlfcs.fitting.fitter: - Solver iterations=43, stop_code=0
INFO mlfcs.fitting.fitter: Expanding fitted Taylor parameters into sparse physical IFCs
INFO mlfcs.fitting.fitter: - Expanded 2008 sparse tensors in 0.05 s
INFO mlfcs.physics.sscha.solver: - Fitting relative force error: 37.251460 %
INFO mlfcs.physics.sscha.solver: Relative FC2 change: 1.018617e-02
INFO mlfcs.physics.sscha.solver: - Variational free-energy estimate: -1.6380076771e+00 +/- 3.679e-04 eV/primitive cell
INFO mlfcs.force_constants.realization: Export view cache miss; constructing new view
WARNING mlfcs.sampling.harmonic: Imaginary harmonic modes use policy 'absolute'; frequencies below 1.000e-06 THz will not raise an exception
INFO mlfcs.sampling.structures: Generated 100 harmonic perturbation structures
INFO mlfcs.sampling.structures: Harmonic sampling: qpoints=64, sampled_modes=1533/1533, minimum_frequency=0.53550108 THz
INFO mlfcs.physics.sscha.solver: SSCHA iteration 10/50: canonical sampling
INFO mlfcs.physics.sscha.solver: q points: 64
INFO mlfcs.physics.sscha.solver: - sampled modes: 1533/1533, imaginary=0, excluded=0
INFO mlfcs.physics.sscha.solver: - maximum sampled atomic displacement: 0.88065689 Å
INFO mlfcs.physics.sscha.solver: maximum displacement limit: disabled
INFO mlfcs.fitting.fitter: Training-data diagnostics (inputs are not recentered)
INFO mlfcs.fitting.fitter: - Maximum reference force: 0.0000000000e+00 eV/Å
INFO mlfcs.fitting.fitter: - Maximum snapshot net force: 2.0211095791e-14 eV/Å
INFO mlfcs.fitting.fitter: - Maximum center-of-mass displacement: 9.0142018096e-04 Å
INFO mlfcs.fitting.fitter: Constraint system: 2 rows after duplicate removal (72 ASR before compression)
INFO mlfcs.fitting.linear_solvers: Explicit constraint parameterization: 76 -> 74 parameters in 30 blocks, rank=2, nnz=135
INFO mlfcs.fitting.design_operator: - Prepared JAX feature program: 9 signatures, 9 tiles, 1.8 MiB static buffers
INFO mlfcs.fitting.gram_system: Accumulating streamed Gram system: 74 x 74 (0.0 MiB), effective_batch_size=1, backend=SciPy/OpenBLAS CPU
INFO mlfcs.fitting.gram_system: - Physical design kernel groups: 9, 9 bounded tiles
INFO mlfcs.fitting.gram_system: - Compiled FC2 physical design kernel in 0.00 s
INFO mlfcs.fitting.gram_system: - Compiled FC2 physical design kernel in 0.00 s
INFO mlfcs.fitting.gram_system: - Compiled FC2 physical design kernel in 0.00 s
INFO mlfcs.fitting.gram_system: - Compiled FC2 physical design kernel in 0.00 s
INFO mlfcs.fitting.gram_system: - Compiled FC2 physical design kernel in 0.00 s
INFO mlfcs.fitting.gram_system: - Compiled FC2 physical design kernel in 0.00 s
INFO mlfcs.fitting.gram_system: - Compiled FC2 physical design kernel in 0.00 s
INFO mlfcs.fitting.gram_system: - Compiled FC2 physical design kernel in 0.02 s
INFO mlfcs.fitting.gram_system: - Compiled FC2 physical design kernel in 0.01 s
INFO mlfcs.fitting.gram_system: - Gram structures: 1/100, elapsed=0.04 s
INFO mlfcs.fitting.gram_system: - Gram structures: 20/100, elapsed=0.69 s
INFO mlfcs.fitting.gram_system: - Gram structures: 40/100, elapsed=1.36 s
INFO mlfcs.fitting.gram_system: - Gram structures: 60/100, elapsed=2.01 s
INFO mlfcs.fitting.gram_system: - Gram structures: 80/100, elapsed=2.67 s
INFO mlfcs.fitting.gram_system: - Gram structures: 100/100, elapsed=3.34 s
INFO mlfcs.fitting.gram_system: - Streamed Gram system ready in 3.34 s
INFO mlfcs.fitting.gram_system: - Gram phase timing: kernel=3.10 s, transfer=0.02 s, scatter=0.12 s, constraint reduction=0.04 s, BLAS=0.03 s
INFO mlfcs.fitting.fitter: Column-norm preconditioning in constrained coordinates
INFO mlfcs.fitting.fitter: - Inverse column scale: 2.348956e-03 to 1.973161e-02
INFO mlfcs.fitting.fitter: Solving the force-only least-squares problem with streamed Gram
INFO mlfcs.fitting.fitter: - Equations: 153600, unknowns: 74
INFO mlfcs.fitting.fitter: - Maximum joint constraint residual: 5.583641e-18
INFO mlfcs.fitting.fitter: Force fitting summary
INFO mlfcs.fitting.fitter: - Training relative error: 37.255499 %
INFO mlfcs.fitting.fitter: - Validation relative error: 37.255499 %
INFO mlfcs.fitting.fitter: - Training force RMSE: 9.7987042443e-02 eV/Å
INFO mlfcs.fitting.fitter: - Validation force RMSE: 9.7987042443e-02 eV/Å
INFO mlfcs.fitting.fitter: - FC2 force contribution RMS: 2.4407931202e-01 eV/Å
INFO mlfcs.fitting.fitter: - JAX execution guard: 1 prepared program, 9 signatures, 9 tiles, Gram passes=1, prediction passes=0
INFO mlfcs.fitting.fitter: - Solver iterations=44, stop_code=0
INFO mlfcs.fitting.fitter: Expanding fitted Taylor parameters into sparse physical IFCs
INFO mlfcs.fitting.fitter: - Expanded 2008 sparse tensors in 0.08 s
INFO mlfcs.physics.sscha.solver: - Fitting relative force error: 37.255499 %
INFO mlfcs.physics.sscha.solver: Relative FC2 change: 1.099729e-02
INFO mlfcs.physics.sscha.solver: - Variational free-energy estimate: -1.6373841506e+00 +/- 4.017e-04 eV/primitive cell
INFO mlfcs.force_constants.realization: Export view cache miss; constructing new view
WARNING mlfcs.sampling.harmonic: Imaginary harmonic modes use policy 'absolute'; frequencies below 1.000e-06 THz will not raise an exception
INFO mlfcs.sampling.structures: Generated 100 harmonic perturbation structures
INFO mlfcs.sampling.structures: Harmonic sampling: qpoints=64, sampled_modes=1533/1533, minimum_frequency=0.52485180 THz
INFO mlfcs.physics.sscha.solver: SSCHA iteration 11/50: canonical sampling
INFO mlfcs.physics.sscha.solver: q points: 64
INFO mlfcs.physics.sscha.solver: - sampled modes: 1533/1533, imaginary=0, excluded=0
INFO mlfcs.physics.sscha.solver: - maximum sampled atomic displacement: 0.82200850 Å
INFO mlfcs.physics.sscha.solver: maximum displacement limit: disabled
INFO mlfcs.fitting.fitter: Training-data diagnostics (inputs are not recentered)
INFO mlfcs.fitting.fitter: - Maximum reference force: 0.0000000000e+00 eV/Å
INFO mlfcs.fitting.fitter: - Maximum snapshot net force: 1.8899325603e-14 eV/Å
INFO mlfcs.fitting.fitter: - Maximum center-of-mass displacement: 1.0126226728e-03 Å
INFO mlfcs.fitting.fitter: Constraint system: 2 rows after duplicate removal (72 ASR before compression)
INFO mlfcs.fitting.linear_solvers: Explicit constraint parameterization: 76 -> 74 parameters in 30 blocks, rank=2, nnz=135
INFO mlfcs.fitting.design_operator: - Prepared JAX feature program: 9 signatures, 9 tiles, 1.8 MiB static buffers
INFO mlfcs.fitting.gram_system: Accumulating streamed Gram system: 74 x 74 (0.0 MiB), effective_batch_size=1, backend=SciPy/OpenBLAS CPU
INFO mlfcs.fitting.gram_system: - Physical design kernel groups: 9, 9 bounded tiles
INFO mlfcs.fitting.gram_system: - Compiled FC2 physical design kernel in 0.00 s
INFO mlfcs.fitting.gram_system: - Compiled FC2 physical design kernel in 0.00 s
INFO mlfcs.fitting.gram_system: - Compiled FC2 physical design kernel in 0.00 s
INFO mlfcs.fitting.gram_system: - Compiled FC2 physical design kernel in 0.00 s
INFO mlfcs.fitting.gram_system: - Compiled FC2 physical design kernel in 0.01 s
INFO mlfcs.fitting.gram_system: - Compiled FC2 physical design kernel in 0.00 s
INFO mlfcs.fitting.gram_system: - Compiled FC2 physical design kernel in 0.05 s
INFO mlfcs.fitting.gram_system: - Compiled FC2 physical design kernel in 0.10 s
INFO mlfcs.fitting.gram_system: - Compiled FC2 physical design kernel in 0.05 s
INFO mlfcs.fitting.gram_system: - Gram structures: 1/100, elapsed=0.25 s
INFO mlfcs.fitting.gram_system: - Gram structures: 20/100, elapsed=4.33 s
INFO mlfcs.fitting.gram_system: - Gram structures: 40/100, elapsed=8.68 s
INFO mlfcs.fitting.gram_system: - Gram structures: 60/100, elapsed=13.02 s
INFO mlfcs.fitting.gram_system: - Gram structures: 80/100, elapsed=15.35 s
INFO mlfcs.fitting.gram_system: - Gram structures: 100/100, elapsed=19.06 s
INFO mlfcs.fitting.gram_system: - Streamed Gram system ready in 19.06 s
INFO mlfcs.fitting.gram_system: - Gram phase timing: kernel=18.24 s, transfer=0.05 s, scatter=0.35 s, constraint reduction=0.12 s, BLAS=0.11 s
INFO mlfcs.fitting.fitter: Column-norm preconditioning in constrained coordinates
INFO mlfcs.fitting.fitter: - Inverse column scale: 2.333394e-03 to 1.938340e-02
INFO mlfcs.fitting.fitter: Solving the force-only least-squares problem with streamed Gram
INFO mlfcs.fitting.fitter: - Equations: 153600, unknowns: 74
INFO mlfcs.fitting.fitter: - Maximum joint constraint residual: 6.776264e-18
INFO mlfcs.fitting.fitter: Force fitting summary
INFO mlfcs.fitting.fitter: - Training relative error: 37.054572 %
INFO mlfcs.fitting.fitter: - Validation relative error: 37.054572 %
INFO mlfcs.fitting.fitter: - Training force RMSE: 9.7872557994e-02 eV/Å
INFO mlfcs.fitting.fitter: - Validation force RMSE: 9.7872557994e-02 eV/Å
INFO mlfcs.fitting.fitter: - FC2 force contribution RMS: 2.4532849560e-01 eV/Å
INFO mlfcs.fitting.fitter: - JAX execution guard: 1 prepared program, 9 signatures, 9 tiles, Gram passes=1, prediction passes=0
INFO mlfcs.fitting.fitter: - Solver iterations=43, stop_code=0
INFO mlfcs.fitting.fitter: Expanding fitted Taylor parameters into sparse physical IFCs
INFO mlfcs.fitting.fitter: - Expanded 2008 sparse tensors in 0.14 s
INFO mlfcs.physics.sscha.solver: - Fitting relative force error: 37.054572 %
INFO mlfcs.physics.sscha.solver: Relative FC2 change: 1.183077e-02
INFO mlfcs.physics.sscha.solver: - Variational free-energy estimate: -1.6378760717e+00 +/- 3.879e-04 eV/primitive cell
INFO mlfcs.force_constants.realization: Export view cache miss; constructing new view
WARNING mlfcs.sampling.harmonic: Imaginary harmonic modes use policy 'absolute'; frequencies below 1.000e-06 THz will not raise an exception
INFO mlfcs.sampling.structures: Generated 100 harmonic perturbation structures
INFO mlfcs.sampling.structures: Harmonic sampling: qpoints=64, sampled_modes=1533/1533, minimum_frequency=0.53165746 THz
INFO mlfcs.physics.sscha.solver: SSCHA iteration 12/50: canonical sampling
INFO mlfcs.physics.sscha.solver: q points: 64
INFO mlfcs.physics.sscha.solver: - sampled modes: 1533/1533, imaginary=0, excluded=0
INFO mlfcs.physics.sscha.solver: - maximum sampled atomic displacement: 0.88213487 Å
INFO mlfcs.physics.sscha.solver: maximum displacement limit: disabled
INFO mlfcs.fitting.fitter: Training-data diagnostics (inputs are not recentered)
INFO mlfcs.fitting.fitter: - Maximum reference force: 0.0000000000e+00 eV/Å
INFO mlfcs.fitting.fitter: - Maximum snapshot net force: 2.6220537002e-14 eV/Å
INFO mlfcs.fitting.fitter: - Maximum center-of-mass displacement: 8.8639945475e-04 Å
INFO mlfcs.fitting.fitter: Constraint system: 2 rows after duplicate removal (72 ASR before compression)
INFO mlfcs.fitting.linear_solvers: Explicit constraint parameterization: 76 -> 74 parameters in 30 blocks, rank=2, nnz=135
INFO mlfcs.fitting.design_operator: - Prepared JAX feature program: 9 signatures, 9 tiles, 1.8 MiB static buffers
INFO mlfcs.fitting.gram_system: Accumulating streamed Gram system: 74 x 74 (0.0 MiB), effective_batch_size=1, backend=SciPy/OpenBLAS CPU
INFO mlfcs.fitting.gram_system: - Physical design kernel groups: 9, 9 bounded tiles
INFO mlfcs.fitting.gram_system: - Compiled FC2 physical design kernel in 0.00 s
INFO mlfcs.fitting.gram_system: - Compiled FC2 physical design kernel in 0.00 s
INFO mlfcs.fitting.gram_system: - Compiled FC2 physical design kernel in 0.01 s
INFO mlfcs.fitting.gram_system: - Compiled FC2 physical design kernel in 0.00 s
INFO mlfcs.fitting.gram_system: - Compiled FC2 physical design kernel in 0.01 s
INFO mlfcs.fitting.gram_system: - Compiled FC2 physical design kernel in 0.00 s
INFO mlfcs.fitting.gram_system: - Compiled FC2 physical design kernel in 0.01 s
INFO mlfcs.fitting.gram_system: - Compiled FC2 physical design kernel in 0.10 s
INFO mlfcs.fitting.gram_system: - Compiled FC2 physical design kernel in 0.06 s
INFO mlfcs.fitting.gram_system: - Gram structures: 1/100, elapsed=0.19 s
INFO mlfcs.fitting.gram_system: - Gram structures: 20/100, elapsed=2.22 s
INFO mlfcs.fitting.gram_system: - Gram structures: 40/100, elapsed=5.00 s
INFO mlfcs.fitting.gram_system: - Gram structures: 60/100, elapsed=9.00 s
INFO mlfcs.fitting.gram_system: - Gram structures: 80/100, elapsed=12.62 s
INFO mlfcs.fitting.gram_system: - Gram structures: 100/100, elapsed=16.54 s
INFO mlfcs.fitting.gram_system: - Streamed Gram system ready in 16.55 s
INFO mlfcs.fitting.gram_system: - Gram phase timing: kernel=15.87 s, transfer=0.04 s, scatter=0.32 s, constraint reduction=0.09 s, BLAS=0.09 s
INFO mlfcs.fitting.fitter: Column-norm preconditioning in constrained coordinates
INFO mlfcs.fitting.fitter: - Inverse column scale: 2.381733e-03 to 1.978748e-02
INFO mlfcs.fitting.fitter: Solving the force-only least-squares problem with streamed Gram
INFO mlfcs.fitting.fitter: - Equations: 153600, unknowns: 74
INFO mlfcs.fitting.fitter: - Maximum joint constraint residual: 3.035766e-18
INFO mlfcs.fitting.fitter: Force fitting summary
INFO mlfcs.fitting.fitter: - Training relative error: 37.425432 %
INFO mlfcs.fitting.fitter: - Validation relative error: 37.425432 %
INFO mlfcs.fitting.fitter: - Training force RMSE: 9.9034626064e-02 eV/Å
INFO mlfcs.fitting.fitter: - Validation force RMSE: 9.9034626064e-02 eV/Å
INFO mlfcs.fitting.fitter: - FC2 force contribution RMS: 2.4538766391e-01 eV/Å
INFO mlfcs.fitting.fitter: - JAX execution guard: 1 prepared program, 9 signatures, 9 tiles, Gram passes=1, prediction passes=0
INFO mlfcs.fitting.fitter: - Solver iterations=42, stop_code=0
INFO mlfcs.fitting.fitter: Expanding fitted Taylor parameters into sparse physical IFCs
INFO mlfcs.fitting.fitter: - Expanded 2008 sparse tensors in 0.10 s
INFO mlfcs.physics.sscha.solver: - Fitting relative force error: 37.425432 %
INFO mlfcs.physics.sscha.solver: Relative FC2 change: 1.167847e-02
INFO mlfcs.physics.sscha.solver: - Variational free-energy estimate: -1.6382973290e+00 +/- 3.800e-04 eV/primitive cell
INFO mlfcs.force_constants.realization: Export view cache miss; constructing new view
WARNING mlfcs.sampling.harmonic: Imaginary harmonic modes use policy 'absolute'; frequencies below 1.000e-06 THz will not raise an exception
INFO mlfcs.sampling.structures: Generated 100 harmonic perturbation structures
INFO mlfcs.sampling.structures: Harmonic sampling: qpoints=64, sampled_modes=1533/1533, minimum_frequency=0.52504444 THz
INFO mlfcs.physics.sscha.solver: SSCHA iteration 13/50: canonical sampling
INFO mlfcs.physics.sscha.solver: q points: 64
INFO mlfcs.physics.sscha.solver: - sampled modes: 1533/1533, imaginary=0, excluded=0
INFO mlfcs.physics.sscha.solver: - maximum sampled atomic displacement: 0.88214746 Å
INFO mlfcs.physics.sscha.solver: maximum displacement limit: disabled
INFO mlfcs.fitting.fitter: Training-data diagnostics (inputs are not recentered)
INFO mlfcs.fitting.fitter: - Maximum reference force: 0.0000000000e+00 eV/Å
INFO mlfcs.fitting.fitter: - Maximum snapshot net force: 1.7059429070e-14 eV/Å
INFO mlfcs.fitting.fitter: - Maximum center-of-mass displacement: 9.4511691196e-04 Å
INFO mlfcs.fitting.fitter: Constraint system: 2 rows after duplicate removal (72 ASR before compression)
INFO mlfcs.fitting.linear_solvers: Explicit constraint parameterization: 76 -> 74 parameters in 30 blocks, rank=2, nnz=135
INFO mlfcs.fitting.design_operator: - Prepared JAX feature program: 9 signatures, 9 tiles, 1.8 MiB static buffers
INFO mlfcs.fitting.gram_system: Accumulating streamed Gram system: 74 x 74 (0.0 MiB), effective_batch_size=1, backend=SciPy/OpenBLAS CPU
INFO mlfcs.fitting.gram_system: - Physical design kernel groups: 9, 9 bounded tiles
INFO mlfcs.fitting.gram_system: - Compiled FC2 physical design kernel in 0.00 s
INFO mlfcs.fitting.gram_system: - Compiled FC2 physical design kernel in 0.00 s
INFO mlfcs.fitting.gram_system: - Compiled FC2 physical design kernel in 0.00 s
INFO mlfcs.fitting.gram_system: - Compiled FC2 physical design kernel in 0.00 s
INFO mlfcs.fitting.gram_system: - Compiled FC2 physical design kernel in 0.00 s
INFO mlfcs.fitting.gram_system: - Compiled FC2 physical design kernel in 0.00 s
INFO mlfcs.fitting.gram_system: - Compiled FC2 physical design kernel in 0.02 s
INFO mlfcs.fitting.gram_system: - Compiled FC2 physical design kernel in 0.12 s
INFO mlfcs.fitting.gram_system: - Compiled FC2 physical design kernel in 0.02 s
INFO mlfcs.fitting.gram_system: - Gram structures: 1/100, elapsed=0.18 s
INFO mlfcs.fitting.gram_system: - Gram structures: 20/100, elapsed=3.77 s
INFO mlfcs.fitting.gram_system: - Gram structures: 40/100, elapsed=7.47 s
INFO mlfcs.fitting.gram_system: - Gram structures: 60/100, elapsed=10.94 s
INFO mlfcs.fitting.gram_system: - Gram structures: 80/100, elapsed=12.47 s
INFO mlfcs.fitting.gram_system: - Gram structures: 100/100, elapsed=16.16 s
INFO mlfcs.fitting.gram_system: - Streamed Gram system ready in 16.16 s
INFO mlfcs.fitting.gram_system: - Gram phase timing: kernel=15.47 s, transfer=0.05 s, scatter=0.31 s, constraint reduction=0.09 s, BLAS=0.08 s
INFO mlfcs.fitting.fitter: Column-norm preconditioning in constrained coordinates
INFO mlfcs.fitting.fitter: - Inverse column scale: 2.365704e-03 to 1.967092e-02
INFO mlfcs.fitting.fitter: Solving the force-only least-squares problem with streamed Gram
INFO mlfcs.fitting.fitter: - Equations: 153600, unknowns: 74
INFO mlfcs.fitting.fitter: - Maximum joint constraint residual: 8.348357e-18
INFO mlfcs.fitting.fitter: Force fitting summary
INFO mlfcs.fitting.fitter: - Training relative error: 37.312563 %
INFO mlfcs.fitting.fitter: - Validation relative error: 37.312563 %
INFO mlfcs.fitting.fitter: - Training force RMSE: 9.8662731303e-02 eV/Å
INFO mlfcs.fitting.fitter: - Validation force RMSE: 9.8662731303e-02 eV/Å
INFO mlfcs.fitting.fitter: - FC2 force contribution RMS: 2.4532592384e-01 eV/Å
INFO mlfcs.fitting.fitter: - JAX execution guard: 1 prepared program, 9 signatures, 9 tiles, Gram passes=1, prediction passes=0
INFO mlfcs.fitting.fitter: - Solver iterations=42, stop_code=0
INFO mlfcs.fitting.fitter: Expanding fitted Taylor parameters into sparse physical IFCs
INFO mlfcs.fitting.fitter: - Expanded 2008 sparse tensors in 0.14 s
INFO mlfcs.physics.sscha.solver: - Fitting relative force error: 37.312563 %
INFO mlfcs.physics.sscha.solver: Relative FC2 change: 1.279783e-02
INFO mlfcs.physics.sscha.solver: - Variational free-energy estimate: -1.6379173208e+00 +/- 3.937e-04 eV/primitive cell
INFO mlfcs.force_constants.realization: Export view cache miss; constructing new view
WARNING mlfcs.sampling.harmonic: Imaginary harmonic modes use policy 'absolute'; frequencies below 1.000e-06 THz will not raise an exception
INFO mlfcs.sampling.structures: Generated 100 harmonic perturbation structures
INFO mlfcs.sampling.structures: Harmonic sampling: qpoints=64, sampled_modes=1533/1533, minimum_frequency=0.53251072 THz
INFO mlfcs.physics.sscha.solver: SSCHA iteration 14/50: canonical sampling
INFO mlfcs.physics.sscha.solver: q points: 64
INFO mlfcs.physics.sscha.solver: - sampled modes: 1533/1533, imaginary=0, excluded=0
INFO mlfcs.physics.sscha.solver: - maximum sampled atomic displacement: 0.84955432 Å
INFO mlfcs.physics.sscha.solver: maximum displacement limit: disabled
INFO mlfcs.fitting.fitter: Training-data diagnostics (inputs are not recentered)
INFO mlfcs.fitting.fitter: - Maximum reference force: 0.0000000000e+00 eV/Å
INFO mlfcs.fitting.fitter: - Maximum snapshot net force: 1.5714963877e-14 eV/Å
INFO mlfcs.fitting.fitter: - Maximum center-of-mass displacement: 8.9453444901e-04 Å
INFO mlfcs.fitting.fitter: Constraint system: 2 rows after duplicate removal (72 ASR before compression)
INFO mlfcs.fitting.linear_solvers: Explicit constraint parameterization: 76 -> 74 parameters in 30 blocks, rank=2, nnz=135
INFO mlfcs.fitting.design_operator: - Prepared JAX feature program: 9 signatures, 9 tiles, 1.8 MiB static buffers
INFO mlfcs.fitting.gram_system: Accumulating streamed Gram system: 74 x 74 (0.0 MiB), effective_batch_size=1, backend=SciPy/OpenBLAS CPU
INFO mlfcs.fitting.gram_system: - Physical design kernel groups: 9, 9 bounded tiles
INFO mlfcs.fitting.gram_system: - Compiled FC2 physical design kernel in 0.00 s
INFO mlfcs.fitting.gram_system: - Compiled FC2 physical design kernel in 0.00 s
INFO mlfcs.fitting.gram_system: - Compiled FC2 physical design kernel in 0.01 s
INFO mlfcs.fitting.gram_system: - Compiled FC2 physical design kernel in 0.01 s
INFO mlfcs.fitting.gram_system: - Compiled FC2 physical design kernel in 0.02 s
INFO mlfcs.fitting.gram_system: - Compiled FC2 physical design kernel in 0.00 s
INFO mlfcs.fitting.gram_system: - Compiled FC2 physical design kernel in 0.02 s
INFO mlfcs.fitting.gram_system: - Compiled FC2 physical design kernel in 0.14 s
INFO mlfcs.fitting.gram_system: - Compiled FC2 physical design kernel in 0.03 s
INFO mlfcs.fitting.gram_system: - Gram structures: 1/100, elapsed=0.25 s
INFO mlfcs.fitting.gram_system: - Gram structures: 20/100, elapsed=1.56 s
INFO mlfcs.fitting.gram_system: - Gram structures: 40/100, elapsed=5.13 s
INFO mlfcs.fitting.gram_system: - Gram structures: 60/100, elapsed=8.72 s
INFO mlfcs.fitting.gram_system: - Gram structures: 80/100, elapsed=12.56 s
INFO mlfcs.fitting.gram_system: - Gram structures: 100/100, elapsed=16.42 s
INFO mlfcs.fitting.gram_system: - Streamed Gram system ready in 16.42 s
INFO mlfcs.fitting.gram_system: - Gram phase timing: kernel=15.73 s, transfer=0.05 s, scatter=0.31 s, constraint reduction=0.10 s, BLAS=0.08 s
INFO mlfcs.fitting.fitter: Column-norm preconditioning in constrained coordinates
INFO mlfcs.fitting.fitter: - Inverse column scale: 2.382106e-03 to 1.984139e-02
INFO mlfcs.fitting.fitter: Solving the force-only least-squares problem with streamed Gram
INFO mlfcs.fitting.fitter: - Equations: 153600, unknowns: 74
INFO mlfcs.fitting.fitter: - Maximum joint constraint residual: 7.372575e-18
INFO mlfcs.fitting.fitter: Force fitting summary
INFO mlfcs.fitting.fitter: - Training relative error: 37.245545 %
INFO mlfcs.fitting.fitter: - Validation relative error: 37.245545 %
INFO mlfcs.fitting.fitter: - Training force RMSE: 9.8180892134e-02 eV/Å
INFO mlfcs.fitting.fitter: - Validation force RMSE: 9.8180892134e-02 eV/Å
INFO mlfcs.fitting.fitter: - FC2 force contribution RMS: 2.4463807553e-01 eV/Å
INFO mlfcs.fitting.fitter: - JAX execution guard: 1 prepared program, 9 signatures, 9 tiles, Gram passes=1, prediction passes=0
INFO mlfcs.fitting.fitter: - Solver iterations=43, stop_code=0
INFO mlfcs.fitting.fitter: Expanding fitted Taylor parameters into sparse physical IFCs
INFO mlfcs.fitting.fitter: - Expanded 2008 sparse tensors in 0.14 s
INFO mlfcs.physics.sscha.solver: - Fitting relative force error: 37.245545 %
INFO mlfcs.physics.sscha.solver: Relative FC2 change: 1.250720e-02
INFO mlfcs.physics.sscha.solver: - Variational free-energy estimate: -1.6388410740e+00 +/- 3.860e-04 eV/primitive cell
INFO mlfcs.force_constants.realization: Export view cache miss; constructing new view
WARNING mlfcs.sampling.harmonic: Imaginary harmonic modes use policy 'absolute'; frequencies below 1.000e-06 THz will not raise an exception
INFO mlfcs.sampling.structures: Generated 100 harmonic perturbation structures
INFO mlfcs.sampling.structures: Harmonic sampling: qpoints=64, sampled_modes=1533/1533, minimum_frequency=0.53561991 THz
INFO mlfcs.physics.sscha.solver: SSCHA iteration 15/50: canonical sampling
INFO mlfcs.physics.sscha.solver: q points: 64
INFO mlfcs.physics.sscha.solver: - sampled modes: 1533/1533, imaginary=0, excluded=0
INFO mlfcs.physics.sscha.solver: - maximum sampled atomic displacement: 0.89177794 Å
INFO mlfcs.physics.sscha.solver: maximum displacement limit: disabled
INFO mlfcs.fitting.fitter: Training-data diagnostics (inputs are not recentered)
INFO mlfcs.fitting.fitter: - Maximum reference force: 0.0000000000e+00 eV/Å
INFO mlfcs.fitting.fitter: - Maximum snapshot net force: 2.5934894549e-14 eV/Å
INFO mlfcs.fitting.fitter: - Maximum center-of-mass displacement: 1.0808920279e-03 Å
INFO mlfcs.fitting.fitter: Constraint system: 2 rows after duplicate removal (72 ASR before compression)
INFO mlfcs.fitting.linear_solvers: Explicit constraint parameterization: 76 -> 74 parameters in 30 blocks, rank=2, nnz=135
INFO mlfcs.fitting.design_operator: - Prepared JAX feature program: 9 signatures, 9 tiles, 1.8 MiB static buffers
INFO mlfcs.fitting.gram_system: Accumulating streamed Gram system: 74 x 74 (0.0 MiB), effective_batch_size=1, backend=SciPy/OpenBLAS CPU
INFO mlfcs.fitting.gram_system: - Physical design kernel groups: 9, 9 bounded tiles
INFO mlfcs.fitting.gram_system: - Compiled FC2 physical design kernel in 0.00 s
INFO mlfcs.fitting.gram_system: - Compiled FC2 physical design kernel in 0.00 s
INFO mlfcs.fitting.gram_system: - Compiled FC2 physical design kernel in 0.01 s
INFO mlfcs.fitting.gram_system: - Compiled FC2 physical design kernel in 0.00 s
INFO mlfcs.fitting.gram_system: - Compiled FC2 physical design kernel in 0.02 s
INFO mlfcs.fitting.gram_system: - Compiled FC2 physical design kernel in 0.00 s
INFO mlfcs.fitting.gram_system: - Compiled FC2 physical design kernel in 0.03 s
INFO mlfcs.fitting.gram_system: - Compiled FC2 physical design kernel in 0.07 s
INFO mlfcs.fitting.gram_system: - Compiled FC2 physical design kernel in 0.02 s
INFO mlfcs.fitting.gram_system: - Gram structures: 1/100, elapsed=0.19 s
INFO mlfcs.fitting.gram_system: - Gram structures: 20/100, elapsed=4.48 s
INFO mlfcs.fitting.gram_system: - Gram structures: 40/100, elapsed=7.76 s
INFO mlfcs.fitting.gram_system: - Gram structures: 60/100, elapsed=10.30 s
INFO mlfcs.fitting.gram_system: - Gram structures: 80/100, elapsed=12.86 s
INFO mlfcs.fitting.gram_system: - Gram structures: 100/100, elapsed=16.66 s
INFO mlfcs.fitting.gram_system: - Streamed Gram system ready in 16.66 s
INFO mlfcs.fitting.gram_system: - Gram phase timing: kernel=15.94 s, transfer=0.04 s, scatter=0.34 s, constraint reduction=0.08 s, BLAS=0.08 s
INFO mlfcs.fitting.fitter: Column-norm preconditioning in constrained coordinates
INFO mlfcs.fitting.fitter: - Inverse column scale: 2.361739e-03 to 1.963985e-02
INFO mlfcs.fitting.fitter: Solving the force-only least-squares problem with streamed Gram
INFO mlfcs.fitting.fitter: - Equations: 153600, unknowns: 74
INFO mlfcs.fitting.fitter: - Maximum joint constraint residual: 1.301043e-17
INFO mlfcs.fitting.fitter: Force fitting summary
INFO mlfcs.fitting.fitter: - Training relative error: 37.074876 %
INFO mlfcs.fitting.fitter: - Validation relative error: 37.074876 %
INFO mlfcs.fitting.fitter: - Training force RMSE: 9.8445580752e-02 eV/Å
INFO mlfcs.fitting.fitter: - Validation force RMSE: 9.8445580752e-02 eV/Å
INFO mlfcs.fitting.fitter: - FC2 force contribution RMS: 2.4660818938e-01 eV/Å
INFO mlfcs.fitting.fitter: - JAX execution guard: 1 prepared program, 9 signatures, 9 tiles, Gram passes=1, prediction passes=0
INFO mlfcs.fitting.fitter: - Solver iterations=43, stop_code=0
INFO mlfcs.fitting.fitter: Expanding fitted Taylor parameters into sparse physical IFCs
INFO mlfcs.fitting.fitter: - Expanded 2008 sparse tensors in 0.17 s
INFO mlfcs.physics.sscha.solver: - Fitting relative force error: 37.074876 %
INFO mlfcs.physics.sscha.solver: Relative FC2 change: 1.231311e-02
INFO mlfcs.physics.sscha.solver: - Variational free-energy estimate: -1.6385848076e+00 +/- 3.903e-04 eV/primitive cell
INFO mlfcs.force_constants.realization: Export view cache miss; constructing new view
WARNING mlfcs.sampling.harmonic: Imaginary harmonic modes use policy 'absolute'; frequencies below 1.000e-06 THz will not raise an exception
INFO mlfcs.sampling.structures: Generated 100 harmonic perturbation structures
INFO mlfcs.sampling.structures: Harmonic sampling: qpoints=64, sampled_modes=1533/1533, minimum_frequency=0.52389823 THz
INFO mlfcs.physics.sscha.solver: SSCHA iteration 16/50: canonical sampling
INFO mlfcs.physics.sscha.solver: q points: 64
INFO mlfcs.physics.sscha.solver: - sampled modes: 1533/1533, imaginary=0, excluded=0
INFO mlfcs.physics.sscha.solver: - maximum sampled atomic displacement: 0.86903020 Å
INFO mlfcs.physics.sscha.solver: maximum displacement limit: disabled
INFO mlfcs.fitting.fitter: Training-data diagnostics (inputs are not recentered)
INFO mlfcs.fitting.fitter: - Maximum reference force: 0.0000000000e+00 eV/Å
INFO mlfcs.fitting.fitter: - Maximum snapshot net force: 1.8092399100e-14 eV/Å
INFO mlfcs.fitting.fitter: - Maximum center-of-mass displacement: 1.0114201249e-03 Å
INFO mlfcs.fitting.fitter: Constraint system: 2 rows after duplicate removal (72 ASR before compression)
INFO mlfcs.fitting.linear_solvers: Explicit constraint parameterization: 76 -> 74 parameters in 30 blocks, rank=2, nnz=135
INFO mlfcs.fitting.design_operator: - Prepared JAX feature program: 9 signatures, 9 tiles, 1.8 MiB static buffers
INFO mlfcs.fitting.gram_system: Accumulating streamed Gram system: 74 x 74 (0.0 MiB), effective_batch_size=1, backend=SciPy/OpenBLAS CPU
INFO mlfcs.fitting.gram_system: - Physical design kernel groups: 9, 9 bounded tiles
INFO mlfcs.fitting.gram_system: - Compiled FC2 physical design kernel in 0.00 s
INFO mlfcs.fitting.gram_system: - Compiled FC2 physical design kernel in 0.00 s
INFO mlfcs.fitting.gram_system: - Compiled FC2 physical design kernel in 0.00 s
INFO mlfcs.fitting.gram_system: - Compiled FC2 physical design kernel in 0.00 s
INFO mlfcs.fitting.gram_system: - Compiled FC2 physical design kernel in 0.01 s
INFO mlfcs.fitting.gram_system: - Compiled FC2 physical design kernel in 0.00 s
INFO mlfcs.fitting.gram_system: - Compiled FC2 physical design kernel in 0.02 s
INFO mlfcs.fitting.gram_system: - Compiled FC2 physical design kernel in 0.08 s
INFO mlfcs.fitting.gram_system: - Compiled FC2 physical design kernel in 0.09 s
INFO mlfcs.fitting.gram_system: - Gram structures: 1/100, elapsed=0.23 s
INFO mlfcs.fitting.gram_system: - Gram structures: 20/100, elapsed=3.55 s
INFO mlfcs.fitting.gram_system: - Gram structures: 40/100, elapsed=7.23 s
INFO mlfcs.fitting.gram_system: - Gram structures: 60/100, elapsed=10.98 s
INFO mlfcs.fitting.gram_system: - Gram structures: 80/100, elapsed=14.67 s
INFO mlfcs.fitting.gram_system: - Gram structures: 100/100, elapsed=16.77 s
INFO mlfcs.fitting.gram_system: - Streamed Gram system ready in 16.77 s
INFO mlfcs.fitting.gram_system: - Gram phase timing: kernel=16.08 s, transfer=0.04 s, scatter=0.32 s, constraint reduction=0.09 s, BLAS=0.09 s
INFO mlfcs.fitting.fitter: Column-norm preconditioning in constrained coordinates
INFO mlfcs.fitting.fitter: - Inverse column scale: 2.365435e-03 to 1.955364e-02
INFO mlfcs.fitting.fitter: Solving the force-only least-squares problem with streamed Gram
INFO mlfcs.fitting.fitter: - Equations: 153600, unknowns: 74
INFO mlfcs.fitting.fitter: - Maximum joint constraint residual: 1.680513e-17
INFO mlfcs.fitting.fitter: Force fitting summary
INFO mlfcs.fitting.fitter: - Training relative error: 36.916968 %
INFO mlfcs.fitting.fitter: - Validation relative error: 36.916968 %
INFO mlfcs.fitting.fitter: - Training force RMSE: 9.7142659272e-02 eV/Å
INFO mlfcs.fitting.fitter: - Validation force RMSE: 9.7142659272e-02 eV/Å
INFO mlfcs.fitting.fitter: - FC2 force contribution RMS: 2.4455068316e-01 eV/Å
INFO mlfcs.fitting.fitter: - JAX execution guard: 1 prepared program, 9 signatures, 9 tiles, Gram passes=1, prediction passes=0
INFO mlfcs.fitting.fitter: - Solver iterations=43, stop_code=0
INFO mlfcs.fitting.fitter: Expanding fitted Taylor parameters into sparse physical IFCs
INFO mlfcs.fitting.fitter: - Expanded 2008 sparse tensors in 0.05 s
INFO mlfcs.physics.sscha.solver: - Fitting relative force error: 36.916968 %
INFO mlfcs.physics.sscha.solver: Relative FC2 change: 9.656266e-03
INFO mlfcs.physics.sscha.solver: - Variational free-energy estimate: -1.6378229429e+00 +/- 3.559e-04 eV/primitive cell
INFO mlfcs.force_constants.realization: Export view cache miss; constructing new view
WARNING mlfcs.sampling.harmonic: Imaginary harmonic modes use policy 'absolute'; frequencies below 1.000e-06 THz will not raise an exception
INFO mlfcs.sampling.structures: Generated 100 harmonic perturbation structures
INFO mlfcs.sampling.structures: Harmonic sampling: qpoints=64, sampled_modes=1533/1533, minimum_frequency=0.52433055 THz
INFO mlfcs.physics.sscha.solver: SSCHA iteration 17/50: canonical sampling
INFO mlfcs.physics.sscha.solver: q points: 64
INFO mlfcs.physics.sscha.solver: - sampled modes: 1533/1533, imaginary=0, excluded=0
INFO mlfcs.physics.sscha.solver: - maximum sampled atomic displacement: 0.81761662 Å
INFO mlfcs.physics.sscha.solver: maximum displacement limit: disabled
INFO mlfcs.fitting.fitter: Training-data diagnostics (inputs are not recentered)
INFO mlfcs.fitting.fitter: - Maximum reference force: 0.0000000000e+00 eV/Å
INFO mlfcs.fitting.fitter: - Maximum snapshot net force: 2.1672555149e-14 eV/Å
INFO mlfcs.fitting.fitter: - Maximum center-of-mass displacement: 1.0335770863e-03 Å
INFO mlfcs.fitting.fitter: Constraint system: 2 rows after duplicate removal (72 ASR before compression)
INFO mlfcs.fitting.linear_solvers: Explicit constraint parameterization: 76 -> 74 parameters in 30 blocks, rank=2, nnz=135
INFO mlfcs.fitting.design_operator: - Prepared JAX feature program: 9 signatures, 9 tiles, 1.8 MiB static buffers
INFO mlfcs.fitting.gram_system: Accumulating streamed Gram system: 74 x 74 (0.0 MiB), effective_batch_size=1, backend=SciPy/OpenBLAS CPU
INFO mlfcs.fitting.gram_system: - Physical design kernel groups: 9, 9 bounded tiles
INFO mlfcs.fitting.gram_system: - Compiled FC2 physical design kernel in 0.00 s
INFO mlfcs.fitting.gram_system: - Compiled FC2 physical design kernel in 0.00 s
INFO mlfcs.fitting.gram_system: - Compiled FC2 physical design kernel in 0.01 s
INFO mlfcs.fitting.gram_system: - Compiled FC2 physical design kernel in 0.01 s
INFO mlfcs.fitting.gram_system: - Compiled FC2 physical design kernel in 0.01 s
INFO mlfcs.fitting.gram_system: - Compiled FC2 physical design kernel in 0.00 s
INFO mlfcs.fitting.gram_system: - Compiled FC2 physical design kernel in 0.03 s
INFO mlfcs.fitting.gram_system: - Compiled FC2 physical design kernel in 0.12 s
INFO mlfcs.fitting.gram_system: - Compiled FC2 physical design kernel in 0.07 s
INFO mlfcs.fitting.gram_system: - Gram structures: 1/100, elapsed=0.26 s
INFO mlfcs.fitting.gram_system: - Gram structures: 20/100, elapsed=4.14 s
INFO mlfcs.fitting.gram_system: - Gram structures: 40/100, elapsed=6.44 s
INFO mlfcs.fitting.gram_system: - Gram structures: 60/100, elapsed=9.62 s
INFO mlfcs.fitting.gram_system: - Gram structures: 80/100, elapsed=13.71 s
INFO mlfcs.fitting.gram_system: - Gram structures: 100/100, elapsed=17.66 s
INFO mlfcs.fitting.gram_system: - Streamed Gram system ready in 17.66 s
INFO mlfcs.fitting.gram_system: - Gram phase timing: kernel=16.98 s, transfer=0.05 s, scatter=0.32 s, constraint reduction=0.09 s, BLAS=0.08 s
INFO mlfcs.fitting.fitter: Column-norm preconditioning in constrained coordinates
INFO mlfcs.fitting.fitter: - Inverse column scale: 2.371680e-03 to 1.965194e-02
INFO mlfcs.fitting.fitter: Solving the force-only least-squares problem with streamed Gram
INFO mlfcs.fitting.fitter: - Equations: 153600, unknowns: 74
INFO mlfcs.fitting.fitter: - Maximum joint constraint residual: 2.656295e-17
INFO mlfcs.fitting.fitter: Force fitting summary
INFO mlfcs.fitting.fitter: - Training relative error: 37.326617 %
INFO mlfcs.fitting.fitter: - Validation relative error: 37.326617 %
INFO mlfcs.fitting.fitter: - Training force RMSE: 9.8417739193e-02 eV/Å
INFO mlfcs.fitting.fitter: - Validation force RMSE: 9.8417739193e-02 eV/Å
INFO mlfcs.fitting.fitter: - FC2 force contribution RMS: 2.4460970285e-01 eV/Å
INFO mlfcs.fitting.fitter: - JAX execution guard: 1 prepared program, 9 signatures, 9 tiles, Gram passes=1, prediction passes=0
INFO mlfcs.fitting.fitter: - Solver iterations=43, stop_code=0
INFO mlfcs.fitting.fitter: Expanding fitted Taylor parameters into sparse physical IFCs
INFO mlfcs.fitting.fitter: - Expanded 2008 sparse tensors in 0.08 s
INFO mlfcs.physics.sscha.solver: - Fitting relative force error: 37.326617 %
INFO mlfcs.physics.sscha.solver: Relative FC2 change: 9.916480e-03
INFO mlfcs.physics.sscha.solver: - Variational free-energy estimate: -1.6392083490e+00 +/- 4.286e-04 eV/primitive cell
INFO mlfcs.force_constants.realization: Export view cache miss; constructing new view
WARNING mlfcs.sampling.harmonic: Imaginary harmonic modes use policy 'absolute'; frequencies below 1.000e-06 THz will not raise an exception
INFO mlfcs.sampling.structures: Generated 100 harmonic perturbation structures
INFO mlfcs.sampling.structures: Harmonic sampling: qpoints=64, sampled_modes=1533/1533, minimum_frequency=0.52712362 THz
INFO mlfcs.physics.sscha.solver: SSCHA iteration 18/50: canonical sampling
INFO mlfcs.physics.sscha.solver: q points: 64
INFO mlfcs.physics.sscha.solver: - sampled modes: 1533/1533, imaginary=0, excluded=0
INFO mlfcs.physics.sscha.solver: - maximum sampled atomic displacement: 0.82933537 Å
INFO mlfcs.physics.sscha.solver: maximum displacement limit: disabled
INFO mlfcs.fitting.fitter: Training-data diagnostics (inputs are not recentered)
INFO mlfcs.fitting.fitter: - Maximum reference force: 0.0000000000e+00 eV/Å
INFO mlfcs.fitting.fitter: - Maximum snapshot net force: 1.7335712369e-14 eV/Å
INFO mlfcs.fitting.fitter: - Maximum center-of-mass displacement: 8.5949500687e-04 Å
INFO mlfcs.fitting.fitter: Constraint system: 2 rows after duplicate removal (72 ASR before compression)
INFO mlfcs.fitting.linear_solvers: Explicit constraint parameterization: 76 -> 74 parameters in 30 blocks, rank=2, nnz=135
INFO mlfcs.fitting.design_operator: - Prepared JAX feature program: 9 signatures, 9 tiles, 1.8 MiB static buffers
INFO mlfcs.fitting.gram_system: Accumulating streamed Gram system: 74 x 74 (0.0 MiB), effective_batch_size=1, backend=SciPy/OpenBLAS CPU
INFO mlfcs.fitting.gram_system: - Physical design kernel groups: 9, 9 bounded tiles
INFO mlfcs.fitting.gram_system: - Compiled FC2 physical design kernel in 0.00 s
INFO mlfcs.fitting.gram_system: - Compiled FC2 physical design kernel in 0.00 s
INFO mlfcs.fitting.gram_system: - Compiled FC2 physical design kernel in 0.01 s
INFO mlfcs.fitting.gram_system: - Compiled FC2 physical design kernel in 0.00 s
INFO mlfcs.fitting.gram_system: - Compiled FC2 physical design kernel in 0.01 s
INFO mlfcs.fitting.gram_system: - Compiled FC2 physical design kernel in 0.00 s
INFO mlfcs.fitting.gram_system: - Compiled FC2 physical design kernel in 0.02 s
INFO mlfcs.fitting.gram_system: - Compiled FC2 physical design kernel in 0.10 s
INFO mlfcs.fitting.gram_system: - Compiled FC2 physical design kernel in 0.06 s
INFO mlfcs.fitting.gram_system: - Gram structures: 1/100, elapsed=0.23 s
INFO mlfcs.fitting.gram_system: - Gram structures: 20/100, elapsed=4.09 s
INFO mlfcs.fitting.gram_system: - Gram structures: 40/100, elapsed=8.13 s
INFO mlfcs.fitting.gram_system: - Gram structures: 60/100, elapsed=11.75 s
INFO mlfcs.fitting.gram_system: - Gram structures: 80/100, elapsed=13.89 s
INFO mlfcs.fitting.gram_system: - Gram structures: 100/100, elapsed=16.87 s
INFO mlfcs.fitting.gram_system: - Streamed Gram system ready in 16.87 s
INFO mlfcs.fitting.gram_system: - Gram phase timing: kernel=16.16 s, transfer=0.04 s, scatter=0.32 s, constraint reduction=0.10 s, BLAS=0.10 s
INFO mlfcs.fitting.fitter: Column-norm preconditioning in constrained coordinates
INFO mlfcs.fitting.fitter: - Inverse column scale: 2.340129e-03 to 1.930939e-02
INFO mlfcs.fitting.fitter: Solving the force-only least-squares problem with streamed Gram
INFO mlfcs.fitting.fitter: - Equations: 153600, unknowns: 74
INFO mlfcs.fitting.fitter: - Maximum joint constraint residual: 6.559423e-18
INFO mlfcs.fitting.fitter: Force fitting summary
INFO mlfcs.fitting.fitter: - Training relative error: 37.328310 %
INFO mlfcs.fitting.fitter: - Validation relative error: 37.328310 %
INFO mlfcs.fitting.fitter: - Training force RMSE: 9.9069596279e-02 eV/Å
INFO mlfcs.fitting.fitter: - Validation force RMSE: 9.9069596279e-02 eV/Å
INFO mlfcs.fitting.fitter: - FC2 force contribution RMS: 2.4621686977e-01 eV/Å
INFO mlfcs.fitting.fitter: - JAX execution guard: 1 prepared program, 9 signatures, 9 tiles, Gram passes=1, prediction passes=0
INFO mlfcs.fitting.fitter: - Solver iterations=43, stop_code=0
INFO mlfcs.fitting.fitter: Expanding fitted Taylor parameters into sparse physical IFCs
INFO mlfcs.fitting.fitter: - Expanded 2008 sparse tensors in 0.12 s
INFO mlfcs.physics.sscha.solver: - Fitting relative force error: 37.328310 %
INFO mlfcs.physics.sscha.solver: Relative FC2 change: 1.060259e-02
INFO mlfcs.physics.sscha.solver: - Variational free-energy estimate: -1.6390881915e+00 +/- 3.672e-04 eV/primitive cell
INFO mlfcs.force_constants.realization: Export view cache miss; constructing new view
WARNING mlfcs.sampling.harmonic: Imaginary harmonic modes use policy 'absolute'; frequencies below 1.000e-06 THz will not raise an exception
INFO mlfcs.sampling.structures: Generated 100 harmonic perturbation structures
INFO mlfcs.sampling.structures: Harmonic sampling: qpoints=64, sampled_modes=1533/1533, minimum_frequency=0.52000708 THz
INFO mlfcs.physics.sscha.solver: SSCHA iteration 19/50: canonical sampling
INFO mlfcs.physics.sscha.solver: q points: 64
INFO mlfcs.physics.sscha.solver: - sampled modes: 1533/1533, imaginary=0, excluded=0
INFO mlfcs.physics.sscha.solver: - maximum sampled atomic displacement: 0.81229271 Å
INFO mlfcs.physics.sscha.solver: maximum displacement limit: disabled
INFO mlfcs.fitting.fitter: Training-data diagnostics (inputs are not recentered)
INFO mlfcs.fitting.fitter: - Maximum reference force: 0.0000000000e+00 eV/Å
INFO mlfcs.fitting.fitter: - Maximum snapshot net force: 1.6697258376e-14 eV/Å
INFO mlfcs.fitting.fitter: - Maximum center-of-mass displacement: 1.1241126015e-03 Å
INFO mlfcs.fitting.fitter: Constraint system: 2 rows after duplicate removal (72 ASR before compression)
INFO mlfcs.fitting.linear_solvers: Explicit constraint parameterization: 76 -> 74 parameters in 30 blocks, rank=2, nnz=135
INFO mlfcs.fitting.design_operator: - Prepared JAX feature program: 9 signatures, 9 tiles, 1.8 MiB static buffers
INFO mlfcs.fitting.gram_system: Accumulating streamed Gram system: 74 x 74 (0.0 MiB), effective_batch_size=1, backend=SciPy/OpenBLAS CPU
INFO mlfcs.fitting.gram_system: - Physical design kernel groups: 9, 9 bounded tiles
INFO mlfcs.fitting.gram_system: - Compiled FC2 physical design kernel in 0.00 s
INFO mlfcs.fitting.gram_system: - Compiled FC2 physical design kernel in 0.00 s
INFO mlfcs.fitting.gram_system: - Compiled FC2 physical design kernel in 0.01 s
INFO mlfcs.fitting.gram_system: - Compiled FC2 physical design kernel in 0.01 s
INFO mlfcs.fitting.gram_system: - Compiled FC2 physical design kernel in 0.02 s
INFO mlfcs.fitting.gram_system: - Compiled FC2 physical design kernel in 0.01 s
INFO mlfcs.fitting.gram_system: - Compiled FC2 physical design kernel in 0.02 s
INFO mlfcs.fitting.gram_system: - Compiled FC2 physical design kernel in 0.15 s
INFO mlfcs.fitting.gram_system: - Compiled FC2 physical design kernel in 0.04 s
INFO mlfcs.fitting.gram_system: - Gram structures: 1/100, elapsed=0.27 s
INFO mlfcs.fitting.gram_system: - Gram structures: 20/100, elapsed=2.56 s
INFO mlfcs.fitting.gram_system: - Gram structures: 40/100, elapsed=6.07 s
INFO mlfcs.fitting.gram_system: - Gram structures: 60/100, elapsed=10.20 s
INFO mlfcs.fitting.gram_system: - Gram structures: 80/100, elapsed=14.76 s
INFO mlfcs.fitting.gram_system: - Gram structures: 100/100, elapsed=19.00 s
INFO mlfcs.fitting.gram_system: - Streamed Gram system ready in 19.00 s
INFO mlfcs.fitting.gram_system: - Gram phase timing: kernel=18.28 s, transfer=0.05 s, scatter=0.35 s, constraint reduction=0.09 s, BLAS=0.10 s
INFO mlfcs.fitting.fitter: Column-norm preconditioning in constrained coordinates
INFO mlfcs.fitting.fitter: - Inverse column scale: 2.332489e-03 to 1.955350e-02
INFO mlfcs.fitting.fitter: Solving the force-only least-squares problem with streamed Gram
INFO mlfcs.fitting.fitter: - Equations: 153600, unknowns: 74
INFO mlfcs.fitting.fitter: - Maximum joint constraint residual: 6.179952e-18
INFO mlfcs.fitting.fitter: Force fitting summary
INFO mlfcs.fitting.fitter: - Training relative error: 37.210598 %
INFO mlfcs.fitting.fitter: - Validation relative error: 37.210598 %
INFO mlfcs.fitting.fitter: - Training force RMSE: 9.8465055695e-02 eV/Å
INFO mlfcs.fitting.fitter: - Validation force RMSE: 9.8465055695e-02 eV/Å
INFO mlfcs.fitting.fitter: - FC2 force contribution RMS: 2.4561363875e-01 eV/Å
INFO mlfcs.fitting.fitter: - JAX execution guard: 1 prepared program, 9 signatures, 9 tiles, Gram passes=1, prediction passes=0
INFO mlfcs.fitting.fitter: - Solver iterations=43, stop_code=0
INFO mlfcs.fitting.fitter: Expanding fitted Taylor parameters into sparse physical IFCs
INFO mlfcs.fitting.fitter: - Expanded 2008 sparse tensors in 0.10 s
INFO mlfcs.physics.sscha.solver: - Fitting relative force error: 37.210598 %
INFO mlfcs.physics.sscha.solver: Relative FC2 change: 1.136953e-02
INFO mlfcs.physics.sscha.solver: - Variational free-energy estimate: -1.6383035544e+00 +/- 3.641e-04 eV/primitive cell
INFO mlfcs.force_constants.realization: Export view cache miss; constructing new view
WARNING mlfcs.sampling.harmonic: Imaginary harmonic modes use policy 'absolute'; frequencies below 1.000e-06 THz will not raise an exception
INFO mlfcs.sampling.structures: Generated 100 harmonic perturbation structures
INFO mlfcs.sampling.structures: Harmonic sampling: qpoints=64, sampled_modes=1533/1533, minimum_frequency=0.53092089 THz
INFO mlfcs.physics.sscha.solver: SSCHA iteration 20/50: canonical sampling
INFO mlfcs.physics.sscha.solver: q points: 64
INFO mlfcs.physics.sscha.solver: - sampled modes: 1533/1533, imaginary=0, excluded=0
INFO mlfcs.physics.sscha.solver: - maximum sampled atomic displacement: 0.85389344 Å
INFO mlfcs.physics.sscha.solver: maximum displacement limit: disabled
INFO mlfcs.fitting.fitter: Training-data diagnostics (inputs are not recentered)
INFO mlfcs.fitting.fitter: - Maximum reference force: 0.0000000000e+00 eV/Å
INFO mlfcs.fitting.fitter: - Maximum snapshot net force: 2.1985013439e-14 eV/Å
INFO mlfcs.fitting.fitter: - Maximum center-of-mass displacement: 1.0716065164e-03 Å
INFO mlfcs.fitting.fitter: Constraint system: 2 rows after duplicate removal (72 ASR before compression)
INFO mlfcs.fitting.linear_solvers: Explicit constraint parameterization: 76 -> 74 parameters in 30 blocks, rank=2, nnz=135
INFO mlfcs.fitting.design_operator: - Prepared JAX feature program: 9 signatures, 9 tiles, 1.8 MiB static buffers
INFO mlfcs.fitting.gram_system: Accumulating streamed Gram system: 74 x 74 (0.0 MiB), effective_batch_size=1, backend=SciPy/OpenBLAS CPU
INFO mlfcs.fitting.gram_system: - Physical design kernel groups: 9, 9 bounded tiles
INFO mlfcs.fitting.gram_system: - Compiled FC2 physical design kernel in 0.00 s
INFO mlfcs.fitting.gram_system: - Compiled FC2 physical design kernel in 0.00 s
INFO mlfcs.fitting.gram_system: - Compiled FC2 physical design kernel in 0.00 s
INFO mlfcs.fitting.gram_system: - Compiled FC2 physical design kernel in 0.01 s
INFO mlfcs.fitting.gram_system: - Compiled FC2 physical design kernel in 0.01 s
INFO mlfcs.fitting.gram_system: - Compiled FC2 physical design kernel in 0.00 s
INFO mlfcs.fitting.gram_system: - Compiled FC2 physical design kernel in 0.02 s
INFO mlfcs.fitting.gram_system: - Compiled FC2 physical design kernel in 0.10 s
INFO mlfcs.fitting.gram_system: - Compiled FC2 physical design kernel in 0.06 s
INFO mlfcs.fitting.gram_system: - Gram structures: 1/100, elapsed=0.23 s
INFO mlfcs.fitting.gram_system: - Gram structures: 20/100, elapsed=3.75 s
INFO mlfcs.fitting.gram_system: - Gram structures: 40/100, elapsed=7.98 s
INFO mlfcs.fitting.gram_system: - Gram structures: 60/100, elapsed=10.22 s
INFO mlfcs.fitting.gram_system: - Gram structures: 80/100, elapsed=13.70 s
INFO mlfcs.fitting.gram_system: - Gram structures: 100/100, elapsed=17.45 s
INFO mlfcs.fitting.gram_system: - Streamed Gram system ready in 17.45 s
INFO mlfcs.fitting.gram_system: - Gram phase timing: kernel=16.81 s, transfer=0.05 s, scatter=0.31 s, constraint reduction=0.09 s, BLAS=0.09 s
INFO mlfcs.fitting.fitter: Column-norm preconditioning in constrained coordinates
INFO mlfcs.fitting.fitter: - Inverse column scale: 2.341761e-03 to 1.951191e-02
INFO mlfcs.fitting.fitter: Solving the force-only least-squares problem with streamed Gram
INFO mlfcs.fitting.fitter: - Equations: 153600, unknowns: 74
INFO mlfcs.fitting.fitter: - Maximum joint constraint residual: 6.288373e-18
INFO mlfcs.fitting.fitter: Force fitting summary
INFO mlfcs.fitting.fitter: - Training relative error: 37.155681 %
INFO mlfcs.fitting.fitter: - Validation relative error: 37.155681 %
INFO mlfcs.fitting.fitter: - Training force RMSE: 9.8449347537e-02 eV/Å
INFO mlfcs.fitting.fitter: - Validation force RMSE: 9.8449347537e-02 eV/Å
INFO mlfcs.fitting.fitter: - FC2 force contribution RMS: 2.4599570825e-01 eV/Å
INFO mlfcs.fitting.fitter: - JAX execution guard: 1 prepared program, 9 signatures, 9 tiles, Gram passes=1, prediction passes=0
INFO mlfcs.fitting.fitter: - Solver iterations=43, stop_code=0
INFO mlfcs.fitting.fitter: Expanding fitted Taylor parameters into sparse physical IFCs
INFO mlfcs.fitting.fitter: - Expanded 2008 sparse tensors in 0.14 s
INFO mlfcs.physics.sscha.solver: - Fitting relative force error: 37.155681 %
INFO mlfcs.physics.sscha.solver: Relative FC2 change: 1.300819e-02
INFO mlfcs.physics.sscha.solver: - Variational free-energy estimate: -1.6381632419e+00 +/- 3.994e-04 eV/primitive cell
INFO mlfcs.force_constants.realization: Export view cache miss; constructing new view
WARNING mlfcs.sampling.harmonic: Imaginary harmonic modes use policy 'absolute'; frequencies below 1.000e-06 THz will not raise an exception
INFO mlfcs.sampling.structures: Generated 100 harmonic perturbation structures
INFO mlfcs.sampling.structures: Harmonic sampling: qpoints=64, sampled_modes=1533/1533, minimum_frequency=0.52362993 THz
INFO mlfcs.physics.sscha.solver: SSCHA iteration 21/50: canonical sampling
INFO mlfcs.physics.sscha.solver: q points: 64
INFO mlfcs.physics.sscha.solver: - sampled modes: 1533/1533, imaginary=0, excluded=0
INFO mlfcs.physics.sscha.solver: - maximum sampled atomic displacement: 0.85667929 Å
INFO mlfcs.physics.sscha.solver: maximum displacement limit: disabled
INFO mlfcs.fitting.fitter: Training-data diagnostics (inputs are not recentered)
INFO mlfcs.fitting.fitter: - Maximum reference force: 0.0000000000e+00 eV/Å
INFO mlfcs.fitting.fitter: - Maximum snapshot net force: 1.7857791811e-14 eV/Å
INFO mlfcs.fitting.fitter: - Maximum center-of-mass displacement: 9.0684857509e-04 Å
INFO mlfcs.fitting.fitter: Constraint system: 2 rows after duplicate removal (72 ASR before compression)
INFO mlfcs.fitting.linear_solvers: Explicit constraint parameterization: 76 -> 74 parameters in 30 blocks, rank=2, nnz=135
INFO mlfcs.fitting.design_operator: - Prepared JAX feature program: 9 signatures, 9 tiles, 1.8 MiB static buffers
INFO mlfcs.fitting.gram_system: Accumulating streamed Gram system: 74 x 74 (0.0 MiB), effective_batch_size=1, backend=SciPy/OpenBLAS CPU
INFO mlfcs.fitting.gram_system: - Physical design kernel groups: 9, 9 bounded tiles
INFO mlfcs.fitting.gram_system: - Compiled FC2 physical design kernel in 0.00 s
INFO mlfcs.fitting.gram_system: - Compiled FC2 physical design kernel in 0.00 s
INFO mlfcs.fitting.gram_system: - Compiled FC2 physical design kernel in 0.00 s
INFO mlfcs.fitting.gram_system: - Compiled FC2 physical design kernel in 0.00 s
INFO mlfcs.fitting.gram_system: - Compiled FC2 physical design kernel in 0.00 s
INFO mlfcs.fitting.gram_system: - Compiled FC2 physical design kernel in 0.00 s
INFO mlfcs.fitting.gram_system: - Compiled FC2 physical design kernel in 0.02 s
INFO mlfcs.fitting.gram_system: - Compiled FC2 physical design kernel in 0.12 s
INFO mlfcs.fitting.gram_system: - Compiled FC2 physical design kernel in 0.07 s
INFO mlfcs.fitting.gram_system: - Gram structures: 1/100, elapsed=0.23 s
INFO mlfcs.fitting.gram_system: - Gram structures: 20/100, elapsed=4.49 s
INFO mlfcs.fitting.gram_system: - Gram structures: 40/100, elapsed=8.47 s
INFO mlfcs.fitting.gram_system: - Gram structures: 60/100, elapsed=12.82 s
INFO mlfcs.fitting.gram_system: - Gram structures: 80/100, elapsed=16.98 s
INFO mlfcs.fitting.gram_system: - Gram structures: 100/100, elapsed=20.02 s
INFO mlfcs.fitting.gram_system: - Streamed Gram system ready in 20.02 s
INFO mlfcs.fitting.gram_system: - Gram phase timing: kernel=19.23 s, transfer=0.05 s, scatter=0.38 s, constraint reduction=0.10 s, BLAS=0.09 s
INFO mlfcs.fitting.fitter: Column-norm preconditioning in constrained coordinates
INFO mlfcs.fitting.fitter: - Inverse column scale: 2.371628e-03 to 1.955833e-02
INFO mlfcs.fitting.fitter: Solving the force-only least-squares problem with streamed Gram
INFO mlfcs.fitting.fitter: - Equations: 153600, unknowns: 74
INFO mlfcs.fitting.fitter: - Maximum joint constraint residual: 2.721347e-17
INFO mlfcs.fitting.fitter: Force fitting summary
INFO mlfcs.fitting.fitter: - Training relative error: 37.124291 %
INFO mlfcs.fitting.fitter: - Validation relative error: 37.124291 %
INFO mlfcs.fitting.fitter: - Training force RMSE: 9.7553094892e-02 eV/Å
INFO mlfcs.fitting.fitter: - Validation force RMSE: 9.7553094892e-02 eV/Å
INFO mlfcs.fitting.fitter: - FC2 force contribution RMS: 2.4399534151e-01 eV/Å
INFO mlfcs.fitting.fitter: - JAX execution guard: 1 prepared program, 9 signatures, 9 tiles, Gram passes=1, prediction passes=0
INFO mlfcs.fitting.fitter: - Solver iterations=44, stop_code=0
INFO mlfcs.fitting.fitter: Expanding fitted Taylor parameters into sparse physical IFCs
INFO mlfcs.fitting.fitter: - Expanded 2008 sparse tensors in 0.12 s
INFO mlfcs.physics.sscha.solver: - Fitting relative force error: 37.124291 %
INFO mlfcs.physics.sscha.solver: Relative FC2 change: 1.239584e-02
INFO mlfcs.physics.sscha.solver: - Variational free-energy estimate: -1.6388769361e+00 +/- 3.223e-04 eV/primitive cell
INFO mlfcs.force_constants.realization: Export view cache miss; constructing new view
WARNING mlfcs.sampling.harmonic: Imaginary harmonic modes use policy 'absolute'; frequencies below 1.000e-06 THz will not raise an exception
INFO mlfcs.sampling.structures: Generated 100 harmonic perturbation structures
INFO mlfcs.sampling.structures: Harmonic sampling: qpoints=64, sampled_modes=1533/1533, minimum_frequency=0.52075830 THz
INFO mlfcs.physics.sscha.solver: SSCHA iteration 22/50: canonical sampling
INFO mlfcs.physics.sscha.solver: q points: 64
INFO mlfcs.physics.sscha.solver: - sampled modes: 1533/1533, imaginary=0, excluded=0
INFO mlfcs.physics.sscha.solver: - maximum sampled atomic displacement: 0.85123567 Å
INFO mlfcs.physics.sscha.solver: maximum displacement limit: disabled
INFO mlfcs.fitting.fitter: Training-data diagnostics (inputs are not recentered)
INFO mlfcs.fitting.fitter: - Maximum reference force: 0.0000000000e+00 eV/Å
INFO mlfcs.fitting.fitter: - Maximum snapshot net force: 1.8666532569e-14 eV/Å
INFO mlfcs.fitting.fitter: - Maximum center-of-mass displacement: 8.9860234254e-04 Å
INFO mlfcs.fitting.fitter: Constraint system: 2 rows after duplicate removal (72 ASR before compression)
INFO mlfcs.fitting.linear_solvers: Explicit constraint parameterization: 76 -> 74 parameters in 30 blocks, rank=2, nnz=135
INFO mlfcs.fitting.design_operator: - Prepared JAX feature program: 9 signatures, 9 tiles, 1.8 MiB static buffers
INFO mlfcs.fitting.gram_system: Accumulating streamed Gram system: 74 x 74 (0.0 MiB), effective_batch_size=1, backend=SciPy/OpenBLAS CPU
INFO mlfcs.fitting.gram_system: - Physical design kernel groups: 9, 9 bounded tiles
INFO mlfcs.fitting.gram_system: - Compiled FC2 physical design kernel in 0.00 s
INFO mlfcs.fitting.gram_system: - Compiled FC2 physical design kernel in 0.00 s
INFO mlfcs.fitting.gram_system: - Compiled FC2 physical design kernel in 0.00 s
INFO mlfcs.fitting.gram_system: - Compiled FC2 physical design kernel in 0.00 s
INFO mlfcs.fitting.gram_system: - Compiled FC2 physical design kernel in 0.01 s
INFO mlfcs.fitting.gram_system: - Compiled FC2 physical design kernel in 0.00 s
INFO mlfcs.fitting.gram_system: - Compiled FC2 physical design kernel in 0.02 s
INFO mlfcs.fitting.gram_system: - Compiled FC2 physical design kernel in 0.12 s
INFO mlfcs.fitting.gram_system: - Compiled FC2 physical design kernel in 0.04 s
INFO mlfcs.fitting.gram_system: - Gram structures: 1/100, elapsed=0.19 s
INFO mlfcs.fitting.gram_system: - Gram structures: 20/100, elapsed=3.59 s
INFO mlfcs.fitting.gram_system: - Gram structures: 40/100, elapsed=6.43 s
INFO mlfcs.fitting.gram_system: - Gram structures: 60/100, elapsed=7.55 s
INFO mlfcs.fitting.gram_system: - Gram structures: 80/100, elapsed=8.22 s
INFO mlfcs.fitting.gram_system: - Gram structures: 100/100, elapsed=9.05 s
INFO mlfcs.fitting.gram_system: - Streamed Gram system ready in 9.05 s
INFO mlfcs.fitting.gram_system: - Gram phase timing: kernel=8.67 s, transfer=0.03 s, scatter=0.20 s, constraint reduction=0.05 s, BLAS=0.05 s
INFO mlfcs.fitting.fitter: Column-norm preconditioning in constrained coordinates
INFO mlfcs.fitting.fitter: - Inverse column scale: 2.332450e-03 to 1.944577e-02
INFO mlfcs.fitting.fitter: Solving the force-only least-squares problem with streamed Gram
INFO mlfcs.fitting.fitter: - Equations: 153600, unknowns: 74
INFO mlfcs.fitting.fitter: - Maximum joint constraint residual: 8.782038e-18
INFO mlfcs.fitting.fitter: Force fitting summary
INFO mlfcs.fitting.fitter: - Training relative error: 37.720507 %
INFO mlfcs.fitting.fitter: - Validation relative error: 37.720507 %
INFO mlfcs.fitting.fitter: - Training force RMSE: 1.0032518518e-01 eV/Å
INFO mlfcs.fitting.fitter: - Validation force RMSE: 1.0032518518e-01 eV/Å
INFO mlfcs.fitting.fitter: - FC2 force contribution RMS: 2.4632261639e-01 eV/Å
INFO mlfcs.fitting.fitter: - JAX execution guard: 1 prepared program, 9 signatures, 9 tiles, Gram passes=1, prediction passes=0
INFO mlfcs.fitting.fitter: - Solver iterations=44, stop_code=0
INFO mlfcs.fitting.fitter: Expanding fitted Taylor parameters into sparse physical IFCs
INFO mlfcs.fitting.fitter: - Expanded 2008 sparse tensors in 0.07 s
INFO mlfcs.physics.sscha.solver: - Fitting relative force error: 37.720507 %
INFO mlfcs.physics.sscha.solver: Relative FC2 change: 1.366481e-02
INFO mlfcs.physics.sscha.solver: - Variational free-energy estimate: -1.6384628373e+00 +/- 3.646e-04 eV/primitive cell
INFO mlfcs.force_constants.realization: Export view cache miss; constructing new view
WARNING mlfcs.sampling.harmonic: Imaginary harmonic modes use policy 'absolute'; frequencies below 1.000e-06 THz will not raise an exception
INFO mlfcs.sampling.structures: Generated 100 harmonic perturbation structures
INFO mlfcs.sampling.structures: Harmonic sampling: qpoints=64, sampled_modes=1533/1533, minimum_frequency=0.52903966 THz
INFO mlfcs.physics.sscha.solver: SSCHA iteration 23/50: canonical sampling
INFO mlfcs.physics.sscha.solver: q points: 64
INFO mlfcs.physics.sscha.solver: - sampled modes: 1533/1533, imaginary=0, excluded=0
INFO mlfcs.physics.sscha.solver: - maximum sampled atomic displacement: 0.87554758 Å
INFO mlfcs.physics.sscha.solver: maximum displacement limit: disabled
INFO mlfcs.fitting.fitter: Training-data diagnostics (inputs are not recentered)
INFO mlfcs.fitting.fitter: - Maximum reference force: 0.0000000000e+00 eV/Å
INFO mlfcs.fitting.fitter: - Maximum snapshot net force: 1.6930104840e-14 eV/Å
INFO mlfcs.fitting.fitter: - Maximum center-of-mass displacement: 9.7670393243e-04 Å
INFO mlfcs.fitting.fitter: Constraint system: 2 rows after duplicate removal (72 ASR before compression)
INFO mlfcs.fitting.linear_solvers: Explicit constraint parameterization: 76 -> 74 parameters in 30 blocks, rank=2, nnz=135
INFO mlfcs.fitting.design_operator: - Prepared JAX feature program: 9 signatures, 9 tiles, 1.8 MiB static buffers
INFO mlfcs.fitting.gram_system: Accumulating streamed Gram system: 74 x 74 (0.0 MiB), effective_batch_size=1, backend=SciPy/OpenBLAS CPU
INFO mlfcs.fitting.gram_system: - Physical design kernel groups: 9, 9 bounded tiles
INFO mlfcs.fitting.gram_system: - Compiled FC2 physical design kernel in 0.00 s
INFO mlfcs.fitting.gram_system: - Compiled FC2 physical design kernel in 0.00 s
INFO mlfcs.fitting.gram_system: - Compiled FC2 physical design kernel in 0.00 s
INFO mlfcs.fitting.gram_system: - Compiled FC2 physical design kernel in 0.00 s
INFO mlfcs.fitting.gram_system: - Compiled FC2 physical design kernel in 0.00 s
INFO mlfcs.fitting.gram_system: - Compiled FC2 physical design kernel in 0.00 s
INFO mlfcs.fitting.gram_system: - Compiled FC2 physical design kernel in 0.00 s
INFO mlfcs.fitting.gram_system: - Compiled FC2 physical design kernel in 0.01 s
INFO mlfcs.fitting.gram_system: - Compiled FC2 physical design kernel in 0.01 s
INFO mlfcs.fitting.gram_system: - Gram structures: 1/100, elapsed=0.04 s
INFO mlfcs.fitting.gram_system: - Gram structures: 20/100, elapsed=0.70 s
INFO mlfcs.fitting.gram_system: - Gram structures: 40/100, elapsed=1.35 s
INFO mlfcs.fitting.gram_system: - Gram structures: 60/100, elapsed=2.02 s
INFO mlfcs.fitting.gram_system: - Gram structures: 80/100, elapsed=2.68 s
INFO mlfcs.fitting.gram_system: - Gram structures: 100/100, elapsed=3.35 s
INFO mlfcs.fitting.gram_system: - Streamed Gram system ready in 3.35 s
INFO mlfcs.fitting.gram_system: - Gram phase timing: kernel=3.13 s, transfer=0.01 s, scatter=0.11 s, constraint reduction=0.04 s, BLAS=0.03 s
INFO mlfcs.fitting.fitter: Column-norm preconditioning in constrained coordinates
INFO mlfcs.fitting.fitter: - Inverse column scale: 2.359498e-03 to 1.963606e-02
INFO mlfcs.fitting.fitter: Solving the force-only least-squares problem with streamed Gram
INFO mlfcs.fitting.fitter: - Equations: 153600, unknowns: 74
INFO mlfcs.fitting.fitter: - Maximum joint constraint residual: 6.071532e-18
INFO mlfcs.fitting.fitter: Force fitting summary
INFO mlfcs.fitting.fitter: - Training relative error: 37.048933 %
INFO mlfcs.fitting.fitter: - Validation relative error: 37.048933 %
INFO mlfcs.fitting.fitter: - Training force RMSE: 9.7553976361e-02 eV/Å
INFO mlfcs.fitting.fitter: - Validation force RMSE: 9.7553976361e-02 eV/Å
INFO mlfcs.fitting.fitter: - FC2 force contribution RMS: 2.4457307615e-01 eV/Å
INFO mlfcs.fitting.fitter: - JAX execution guard: 1 prepared program, 9 signatures, 9 tiles, Gram passes=1, prediction passes=0
INFO mlfcs.fitting.fitter: - Solver iterations=43, stop_code=0
INFO mlfcs.fitting.fitter: Expanding fitted Taylor parameters into sparse physical IFCs
INFO mlfcs.fitting.fitter: - Expanded 2008 sparse tensors in 0.05 s
INFO mlfcs.physics.sscha.solver: - Fitting relative force error: 37.048933 %
INFO mlfcs.physics.sscha.solver: Relative FC2 change: 9.064302e-03
INFO mlfcs.physics.sscha.solver: - Variational free-energy estimate: -1.6373858716e+00 +/- 3.903e-04 eV/primitive cell
INFO mlfcs.force_constants.realization: Export view cache miss; constructing new view
WARNING mlfcs.sampling.harmonic: Imaginary harmonic modes use policy 'absolute'; frequencies below 1.000e-06 THz will not raise an exception
INFO mlfcs.sampling.structures: Generated 100 harmonic perturbation structures
INFO mlfcs.sampling.structures: Harmonic sampling: qpoints=64, sampled_modes=1533/1533, minimum_frequency=0.52667468 THz
INFO mlfcs.physics.sscha.solver: SSCHA iteration 24/50: canonical sampling
INFO mlfcs.physics.sscha.solver: q points: 64
INFO mlfcs.physics.sscha.solver: - sampled modes: 1533/1533, imaginary=0, excluded=0
INFO mlfcs.physics.sscha.solver: - maximum sampled atomic displacement: 0.79758049 Å
INFO mlfcs.physics.sscha.solver: maximum displacement limit: disabled
INFO mlfcs.fitting.fitter: Training-data diagnostics (inputs are not recentered)
INFO mlfcs.fitting.fitter: - Maximum reference force: 0.0000000000e+00 eV/Å
INFO mlfcs.fitting.fitter: - Maximum snapshot net force: 2.4767610034e-14 eV/Å
INFO mlfcs.fitting.fitter: - Maximum center-of-mass displacement: 8.7574390279e-04 Å
INFO mlfcs.fitting.fitter: Constraint system: 2 rows after duplicate removal (72 ASR before compression)
INFO mlfcs.fitting.linear_solvers: Explicit constraint parameterization: 76 -> 74 parameters in 30 blocks, rank=2, nnz=135
INFO mlfcs.fitting.design_operator: - Prepared JAX feature program: 9 signatures, 9 tiles, 1.8 MiB static buffers
INFO mlfcs.fitting.gram_system: Accumulating streamed Gram system: 74 x 74 (0.0 MiB), effective_batch_size=1, backend=SciPy/OpenBLAS CPU
INFO mlfcs.fitting.gram_system: - Physical design kernel groups: 9, 9 bounded tiles
INFO mlfcs.fitting.gram_system: - Compiled FC2 physical design kernel in 0.00 s
INFO mlfcs.fitting.gram_system: - Compiled FC2 physical design kernel in 0.00 s
INFO mlfcs.fitting.gram_system: - Compiled FC2 physical design kernel in 0.00 s
INFO mlfcs.fitting.gram_system: - Compiled FC2 physical design kernel in 0.00 s
INFO mlfcs.fitting.gram_system: - Compiled FC2 physical design kernel in 0.00 s
INFO mlfcs.fitting.gram_system: - Compiled FC2 physical design kernel in 0.00 s
INFO mlfcs.fitting.gram_system: - Compiled FC2 physical design kernel in 0.00 s
INFO mlfcs.fitting.gram_system: - Compiled FC2 physical design kernel in 0.02 s
INFO mlfcs.fitting.gram_system: - Compiled FC2 physical design kernel in 0.01 s
INFO mlfcs.fitting.gram_system: - Gram structures: 1/100, elapsed=0.04 s
INFO mlfcs.fitting.gram_system: - Gram structures: 20/100, elapsed=0.73 s
INFO mlfcs.fitting.gram_system: - Gram structures: 40/100, elapsed=1.44 s
INFO mlfcs.fitting.gram_system: - Gram structures: 60/100, elapsed=2.15 s
INFO mlfcs.fitting.gram_system: - Gram structures: 80/100, elapsed=2.86 s
INFO mlfcs.fitting.gram_system: - Gram structures: 100/100, elapsed=3.54 s
INFO mlfcs.fitting.gram_system: - Streamed Gram system ready in 3.54 s
INFO mlfcs.fitting.gram_system: - Gram phase timing: kernel=3.31 s, transfer=0.02 s, scatter=0.12 s, constraint reduction=0.04 s, BLAS=0.03 s
INFO mlfcs.fitting.fitter: Column-norm preconditioning in constrained coordinates
INFO mlfcs.fitting.fitter: - Inverse column scale: 2.363992e-03 to 1.959959e-02
INFO mlfcs.fitting.fitter: Solving the force-only least-squares problem with streamed Gram
INFO mlfcs.fitting.fitter: - Equations: 153600, unknowns: 74
INFO mlfcs.fitting.fitter: - Maximum joint constraint residual: 2.444876e-17
INFO mlfcs.fitting.fitter: Force fitting summary
INFO mlfcs.fitting.fitter: - Training relative error: 37.192613 %
INFO mlfcs.fitting.fitter: - Validation relative error: 37.192613 %
INFO mlfcs.fitting.fitter: - Training force RMSE: 9.8713375562e-02 eV/Å
INFO mlfcs.fitting.fitter: - Validation force RMSE: 9.8713375562e-02 eV/Å
INFO mlfcs.fitting.fitter: - FC2 force contribution RMS: 2.4637125764e-01 eV/Å
INFO mlfcs.fitting.fitter: - JAX execution guard: 1 prepared program, 9 signatures, 9 tiles, Gram passes=1, prediction passes=0
INFO mlfcs.fitting.fitter: - Solver iterations=44, stop_code=0
INFO mlfcs.fitting.fitter: Expanding fitted Taylor parameters into sparse physical IFCs
INFO mlfcs.fitting.fitter: - Expanded 2008 sparse tensors in 0.07 s
INFO mlfcs.physics.sscha.solver: - Fitting relative force error: 37.192613 %
INFO mlfcs.physics.sscha.solver: Relative FC2 change: 9.074362e-03
INFO mlfcs.physics.sscha.solver: - Variational free-energy estimate: -1.6382687852e+00 +/- 3.823e-04 eV/primitive cell
INFO mlfcs.force_constants.realization: Export view cache miss; constructing new view
WARNING mlfcs.sampling.harmonic: Imaginary harmonic modes use policy 'absolute'; frequencies below 1.000e-06 THz will not raise an exception
INFO mlfcs.sampling.structures: Generated 100 harmonic perturbation structures
INFO mlfcs.sampling.structures: Harmonic sampling: qpoints=64, sampled_modes=1533/1533, minimum_frequency=0.52426148 THz
INFO mlfcs.physics.sscha.solver: SSCHA iteration 25/50: canonical sampling
INFO mlfcs.physics.sscha.solver: q points: 64
INFO mlfcs.physics.sscha.solver: - sampled modes: 1533/1533, imaginary=0, excluded=0
INFO mlfcs.physics.sscha.solver: - maximum sampled atomic displacement: 0.80748916 Å
INFO mlfcs.physics.sscha.solver: maximum displacement limit: disabled
INFO mlfcs.fitting.fitter: Training-data diagnostics (inputs are not recentered)
INFO mlfcs.fitting.fitter: - Maximum reference force: 0.0000000000e+00 eV/Å
INFO mlfcs.fitting.fitter: - Maximum snapshot net force: 1.7606163128e-14 eV/Å
INFO mlfcs.fitting.fitter: - Maximum center-of-mass displacement: 1.0482517933e-03 Å
INFO mlfcs.fitting.fitter: Constraint system: 2 rows after duplicate removal (72 ASR before compression)
INFO mlfcs.fitting.linear_solvers: Explicit constraint parameterization: 76 -> 74 parameters in 30 blocks, rank=2, nnz=135
INFO mlfcs.fitting.design_operator: - Prepared JAX feature program: 9 signatures, 9 tiles, 1.8 MiB static buffers
INFO mlfcs.fitting.gram_system: Accumulating streamed Gram system: 74 x 74 (0.0 MiB), effective_batch_size=1, backend=SciPy/OpenBLAS CPU
INFO mlfcs.fitting.gram_system: - Physical design kernel groups: 9, 9 bounded tiles
INFO mlfcs.fitting.gram_system: - Compiled FC2 physical design kernel in 0.00 s
INFO mlfcs.fitting.gram_system: - Compiled FC2 physical design kernel in 0.00 s
INFO mlfcs.fitting.gram_system: - Compiled FC2 physical design kernel in 0.00 s
INFO mlfcs.fitting.gram_system: - Compiled FC2 physical design kernel in 0.00 s
INFO mlfcs.fitting.gram_system: - Compiled FC2 physical design kernel in 0.00 s
INFO mlfcs.fitting.gram_system: - Compiled FC2 physical design kernel in 0.00 s
INFO mlfcs.fitting.gram_system: - Compiled FC2 physical design kernel in 0.00 s
INFO mlfcs.fitting.gram_system: - Compiled FC2 physical design kernel in 0.02 s
INFO mlfcs.fitting.gram_system: - Compiled FC2 physical design kernel in 0.01 s
INFO mlfcs.fitting.gram_system: - Gram structures: 1/100, elapsed=0.05 s
INFO mlfcs.fitting.gram_system: - Gram structures: 20/100, elapsed=0.84 s
INFO mlfcs.fitting.gram_system: - Gram structures: 40/100, elapsed=1.55 s
INFO mlfcs.fitting.gram_system: - Gram structures: 60/100, elapsed=2.24 s
INFO mlfcs.fitting.gram_system: - Gram structures: 80/100, elapsed=2.96 s
INFO mlfcs.fitting.gram_system: - Gram structures: 100/100, elapsed=3.70 s
INFO mlfcs.fitting.gram_system: - Streamed Gram system ready in 3.70 s
INFO mlfcs.fitting.gram_system: - Gram phase timing: kernel=3.45 s, transfer=0.02 s, scatter=0.13 s, constraint reduction=0.04 s, BLAS=0.03 s
INFO mlfcs.fitting.fitter: Column-norm preconditioning in constrained coordinates
INFO mlfcs.fitting.fitter: - Inverse column scale: 2.333940e-03 to 1.953760e-02
INFO mlfcs.fitting.fitter: Solving the force-only least-squares problem with streamed Gram
INFO mlfcs.fitting.fitter: - Equations: 153600, unknowns: 74
INFO mlfcs.fitting.fitter: - Maximum joint constraint residual: 7.697835e-18
INFO mlfcs.fitting.fitter: Force fitting summary
INFO mlfcs.fitting.fitter: - Training relative error: 37.095550 %
INFO mlfcs.fitting.fitter: - Validation relative error: 37.095550 %
INFO mlfcs.fitting.fitter: - Training force RMSE: 9.7996303441e-02 eV/Å
INFO mlfcs.fitting.fitter: - Validation force RMSE: 9.7996303441e-02 eV/Å
INFO mlfcs.fitting.fitter: - FC2 force contribution RMS: 2.4532411778e-01 eV/Å
INFO mlfcs.fitting.fitter: - JAX execution guard: 1 prepared program, 9 signatures, 9 tiles, Gram passes=1, prediction passes=0
INFO mlfcs.fitting.fitter: - Solver iterations=43, stop_code=0
INFO mlfcs.fitting.fitter: Expanding fitted Taylor parameters into sparse physical IFCs
INFO mlfcs.fitting.fitter: - Expanded 2008 sparse tensors in 0.07 s
INFO mlfcs.physics.sscha.solver: - Fitting relative force error: 37.095550 %
INFO mlfcs.physics.sscha.solver: Relative FC2 change: 1.006609e-02
INFO mlfcs.physics.sscha.solver: - Variational free-energy estimate: -1.6386915265e+00 +/- 3.984e-04 eV/primitive cell
INFO mlfcs.force_constants.realization: Export view cache miss; constructing new view
WARNING mlfcs.sampling.harmonic: Imaginary harmonic modes use policy 'absolute'; frequencies below 1.000e-06 THz will not raise an exception
INFO mlfcs.sampling.structures: Generated 100 harmonic perturbation structures
INFO mlfcs.sampling.structures: Harmonic sampling: qpoints=64, sampled_modes=1533/1533, minimum_frequency=0.51770130 THz
INFO mlfcs.physics.sscha.solver: SSCHA iteration 26/50: canonical sampling
INFO mlfcs.physics.sscha.solver: q points: 64
INFO mlfcs.physics.sscha.solver: - sampled modes: 1533/1533, imaginary=0, excluded=0
INFO mlfcs.physics.sscha.solver: - maximum sampled atomic displacement: 0.85868946 Å
INFO mlfcs.physics.sscha.solver: maximum displacement limit: disabled
INFO mlfcs.fitting.fitter: Training-data diagnostics (inputs are not recentered)
INFO mlfcs.fitting.fitter: - Maximum reference force: 0.0000000000e+00 eV/Å
INFO mlfcs.fitting.fitter: - Maximum snapshot net force: 1.3705859497e-14 eV/Å
INFO mlfcs.fitting.fitter: - Maximum center-of-mass displacement: 9.6205955923e-04 Å
INFO mlfcs.fitting.fitter: Constraint system: 2 rows after duplicate removal (72 ASR before compression)
INFO mlfcs.fitting.linear_solvers: Explicit constraint parameterization: 76 -> 74 parameters in 30 blocks, rank=2, nnz=135
INFO mlfcs.fitting.design_operator: - Prepared JAX feature program: 9 signatures, 9 tiles, 1.8 MiB static buffers
INFO mlfcs.fitting.gram_system: Accumulating streamed Gram system: 74 x 74 (0.0 MiB), effective_batch_size=1, backend=SciPy/OpenBLAS CPU
INFO mlfcs.fitting.gram_system: - Physical design kernel groups: 9, 9 bounded tiles
INFO mlfcs.fitting.gram_system: - Compiled FC2 physical design kernel in 0.00 s
INFO mlfcs.fitting.gram_system: - Compiled FC2 physical design kernel in 0.00 s
INFO mlfcs.fitting.gram_system: - Compiled FC2 physical design kernel in 0.00 s
INFO mlfcs.fitting.gram_system: - Compiled FC2 physical design kernel in 0.00 s
INFO mlfcs.fitting.gram_system: - Compiled FC2 physical design kernel in 0.00 s
INFO mlfcs.fitting.gram_system: - Compiled FC2 physical design kernel in 0.00 s
INFO mlfcs.fitting.gram_system: - Compiled FC2 physical design kernel in 0.00 s
INFO mlfcs.fitting.gram_system: - Compiled FC2 physical design kernel in 0.01 s
INFO mlfcs.fitting.gram_system: - Compiled FC2 physical design kernel in 0.01 s
INFO mlfcs.fitting.gram_system: - Gram structures: 1/100, elapsed=0.04 s
INFO mlfcs.fitting.gram_system: - Gram structures: 20/100, elapsed=0.71 s
INFO mlfcs.fitting.gram_system: - Gram structures: 40/100, elapsed=1.41 s
INFO mlfcs.fitting.gram_system: - Gram structures: 60/100, elapsed=2.14 s
INFO mlfcs.fitting.gram_system: - Gram structures: 80/100, elapsed=2.85 s
INFO mlfcs.fitting.gram_system: - Gram structures: 100/100, elapsed=3.56 s
INFO mlfcs.fitting.gram_system: - Streamed Gram system ready in 3.56 s
INFO mlfcs.fitting.gram_system: - Gram phase timing: kernel=3.33 s, transfer=0.02 s, scatter=0.12 s, constraint reduction=0.04 s, BLAS=0.03 s
INFO mlfcs.fitting.fitter: Column-norm preconditioning in constrained coordinates
INFO mlfcs.fitting.fitter: - Inverse column scale: 2.309326e-03 to 1.923541e-02
INFO mlfcs.fitting.fitter: Solving the force-only least-squares problem with streamed Gram
INFO mlfcs.fitting.fitter: - Equations: 153600, unknowns: 74
INFO mlfcs.fitting.fitter: - Maximum joint constraint residual: 3.523657e-18
INFO mlfcs.fitting.fitter: Force fitting summary
INFO mlfcs.fitting.fitter: - Training relative error: 37.131603 %
INFO mlfcs.fitting.fitter: - Validation relative error: 37.131603 %
INFO mlfcs.fitting.fitter: - Training force RMSE: 9.8433813845e-02 eV/Å
INFO mlfcs.fitting.fitter: - Validation force RMSE: 9.8433813845e-02 eV/Å
INFO mlfcs.fitting.fitter: - FC2 force contribution RMS: 2.4614191859e-01 eV/Å
INFO mlfcs.fitting.fitter: - JAX execution guard: 1 prepared program, 9 signatures, 9 tiles, Gram passes=1, prediction passes=0
INFO mlfcs.fitting.fitter: - Solver iterations=44, stop_code=0
INFO mlfcs.fitting.fitter: Expanding fitted Taylor parameters into sparse physical IFCs
INFO mlfcs.fitting.fitter: - Expanded 2008 sparse tensors in 0.04 s
INFO mlfcs.physics.sscha.solver: - Fitting relative force error: 37.131603 %
INFO mlfcs.physics.sscha.solver: Relative FC2 change: 9.750265e-03
INFO mlfcs.physics.sscha.solver: - Variational free-energy estimate: -1.6392134229e+00 +/- 4.013e-04 eV/primitive cell
INFO mlfcs.force_constants.realization: Export view cache miss; constructing new view
WARNING mlfcs.sampling.harmonic: Imaginary harmonic modes use policy 'absolute'; frequencies below 1.000e-06 THz will not raise an exception
INFO mlfcs.sampling.structures: Generated 100 harmonic perturbation structures
INFO mlfcs.sampling.structures: Harmonic sampling: qpoints=64, sampled_modes=1533/1533, minimum_frequency=0.52191052 THz
INFO mlfcs.physics.sscha.solver: SSCHA iteration 27/50: canonical sampling
INFO mlfcs.physics.sscha.solver: q points: 64
INFO mlfcs.physics.sscha.solver: - sampled modes: 1533/1533, imaginary=0, excluded=0
INFO mlfcs.physics.sscha.solver: - maximum sampled atomic displacement: 0.93959351 Å
INFO mlfcs.physics.sscha.solver: maximum displacement limit: disabled
INFO mlfcs.fitting.fitter: Training-data diagnostics (inputs are not recentered)
INFO mlfcs.fitting.fitter: - Maximum reference force: 0.0000000000e+00 eV/Å
INFO mlfcs.fitting.fitter: - Maximum snapshot net force: 1.8955051551e-14 eV/Å
INFO mlfcs.fitting.fitter: - Maximum center-of-mass displacement: 1.0069210665e-03 Å
INFO mlfcs.fitting.fitter: Constraint system: 2 rows after duplicate removal (72 ASR before compression)
INFO mlfcs.fitting.linear_solvers: Explicit constraint parameterization: 76 -> 74 parameters in 30 blocks, rank=2, nnz=135
INFO mlfcs.fitting.design_operator: - Prepared JAX feature program: 9 signatures, 9 tiles, 1.8 MiB static buffers
INFO mlfcs.fitting.gram_system: Accumulating streamed Gram system: 74 x 74 (0.0 MiB), effective_batch_size=1, backend=SciPy/OpenBLAS CPU
INFO mlfcs.fitting.gram_system: - Physical design kernel groups: 9, 9 bounded tiles
INFO mlfcs.fitting.gram_system: - Compiled FC2 physical design kernel in 0.00 s
INFO mlfcs.fitting.gram_system: - Compiled FC2 physical design kernel in 0.00 s
INFO mlfcs.fitting.gram_system: - Compiled FC2 physical design kernel in 0.00 s
INFO mlfcs.fitting.gram_system: - Compiled FC2 physical design kernel in 0.00 s
INFO mlfcs.fitting.gram_system: - Compiled FC2 physical design kernel in 0.00 s
INFO mlfcs.fitting.gram_system: - Compiled FC2 physical design kernel in 0.00 s
INFO mlfcs.fitting.gram_system: - Compiled FC2 physical design kernel in 0.00 s
INFO mlfcs.fitting.gram_system: - Compiled FC2 physical design kernel in 0.01 s
INFO mlfcs.fitting.gram_system: - Compiled FC2 physical design kernel in 0.01 s
INFO mlfcs.fitting.gram_system: - Gram structures: 1/100, elapsed=0.04 s
INFO mlfcs.fitting.gram_system: - Gram structures: 20/100, elapsed=0.69 s
INFO mlfcs.fitting.gram_system: - Gram structures: 40/100, elapsed=1.37 s
INFO mlfcs.fitting.gram_system: - Gram structures: 60/100, elapsed=2.05 s
INFO mlfcs.fitting.gram_system: - Gram structures: 80/100, elapsed=2.75 s
INFO mlfcs.fitting.gram_system: - Gram structures: 100/100, elapsed=3.44 s
INFO mlfcs.fitting.gram_system: - Streamed Gram system ready in 3.44 s
INFO mlfcs.fitting.gram_system: - Gram phase timing: kernel=3.21 s, transfer=0.01 s, scatter=0.11 s, constraint reduction=0.04 s, BLAS=0.03 s
INFO mlfcs.fitting.fitter: Column-norm preconditioning in constrained coordinates
INFO mlfcs.fitting.fitter: - Inverse column scale: 2.347820e-03 to 1.950754e-02
INFO mlfcs.fitting.fitter: Solving the force-only least-squares problem with streamed Gram
INFO mlfcs.fitting.fitter: - Equations: 153600, unknowns: 74
INFO mlfcs.fitting.fitter: - Maximum joint constraint residual: 1.647987e-17
INFO mlfcs.fitting.fitter: Force fitting summary
INFO mlfcs.fitting.fitter: - Training relative error: 37.395560 %
INFO mlfcs.fitting.fitter: - Validation relative error: 37.395560 %
INFO mlfcs.fitting.fitter: - Training force RMSE: 9.9427733779e-02 eV/Å
INFO mlfcs.fitting.fitter: - Validation force RMSE: 9.9427733779e-02 eV/Å
INFO mlfcs.fitting.fitter: - FC2 force contribution RMS: 2.4659054397e-01 eV/Å
INFO mlfcs.fitting.fitter: - JAX execution guard: 1 prepared program, 9 signatures, 9 tiles, Gram passes=1, prediction passes=0
INFO mlfcs.fitting.fitter: - Solver iterations=42, stop_code=0
INFO mlfcs.fitting.fitter: Expanding fitted Taylor parameters into sparse physical IFCs
INFO mlfcs.fitting.fitter: - Expanded 2008 sparse tensors in 0.06 s
INFO mlfcs.physics.sscha.solver: - Fitting relative force error: 37.395560 %
INFO mlfcs.physics.sscha.solver: Relative FC2 change: 1.158337e-02
INFO mlfcs.physics.sscha.solver: - Variational free-energy estimate: -1.6383984063e+00 +/- 3.390e-04 eV/primitive cell
INFO mlfcs.force_constants.realization: Export view cache miss; constructing new view
WARNING mlfcs.sampling.harmonic: Imaginary harmonic modes use policy 'absolute'; frequencies below 1.000e-06 THz will not raise an exception
INFO mlfcs.sampling.structures: Generated 100 harmonic perturbation structures
INFO mlfcs.sampling.structures: Harmonic sampling: qpoints=64, sampled_modes=1533/1533, minimum_frequency=0.52229310 THz
INFO mlfcs.physics.sscha.solver: SSCHA iteration 28/50: canonical sampling
INFO mlfcs.physics.sscha.solver: q points: 64
INFO mlfcs.physics.sscha.solver: - sampled modes: 1533/1533, imaginary=0, excluded=0
INFO mlfcs.physics.sscha.solver: - maximum sampled atomic displacement: 0.84796343 Å
INFO mlfcs.physics.sscha.solver: maximum displacement limit: disabled
INFO mlfcs.fitting.fitter: Training-data diagnostics (inputs are not recentered)
INFO mlfcs.fitting.fitter: - Maximum reference force: 0.0000000000e+00 eV/Å
INFO mlfcs.fitting.fitter: - Maximum snapshot net force: 2.2627642587e-14 eV/Å
INFO mlfcs.fitting.fitter: - Maximum center-of-mass displacement: 1.2563557555e-03 Å
INFO mlfcs.fitting.fitter: Constraint system: 2 rows after duplicate removal (72 ASR before compression)
INFO mlfcs.fitting.linear_solvers: Explicit constraint parameterization: 76 -> 74 parameters in 30 blocks, rank=2, nnz=135
INFO mlfcs.fitting.design_operator: - Prepared JAX feature program: 9 signatures, 9 tiles, 1.8 MiB static buffers
INFO mlfcs.fitting.gram_system: Accumulating streamed Gram system: 74 x 74 (0.0 MiB), effective_batch_size=1, backend=SciPy/OpenBLAS CPU
INFO mlfcs.fitting.gram_system: - Physical design kernel groups: 9, 9 bounded tiles
INFO mlfcs.fitting.gram_system: - Compiled FC2 physical design kernel in 0.00 s
INFO mlfcs.fitting.gram_system: - Compiled FC2 physical design kernel in 0.00 s
INFO mlfcs.fitting.gram_system: - Compiled FC2 physical design kernel in 0.00 s
INFO mlfcs.fitting.gram_system: - Compiled FC2 physical design kernel in 0.00 s
INFO mlfcs.fitting.gram_system: - Compiled FC2 physical design kernel in 0.00 s
INFO mlfcs.fitting.gram_system: - Compiled FC2 physical design kernel in 0.00 s
INFO mlfcs.fitting.gram_system: - Compiled FC2 physical design kernel in 0.00 s
INFO mlfcs.fitting.gram_system: - Compiled FC2 physical design kernel in 0.02 s
INFO mlfcs.fitting.gram_system: - Compiled FC2 physical design kernel in 0.01 s
INFO mlfcs.fitting.gram_system: - Gram structures: 1/100, elapsed=0.04 s
INFO mlfcs.fitting.gram_system: - Gram structures: 20/100, elapsed=0.76 s
INFO mlfcs.fitting.gram_system: - Gram structures: 40/100, elapsed=1.51 s
INFO mlfcs.fitting.gram_system: - Gram structures: 60/100, elapsed=2.23 s
INFO mlfcs.fitting.gram_system: - Gram structures: 80/100, elapsed=2.93 s
INFO mlfcs.fitting.gram_system: - Gram structures: 100/100, elapsed=3.69 s
INFO mlfcs.fitting.gram_system: - Streamed Gram system ready in 3.69 s
INFO mlfcs.fitting.gram_system: - Gram phase timing: kernel=3.44 s, transfer=0.02 s, scatter=0.13 s, constraint reduction=0.04 s, BLAS=0.03 s
INFO mlfcs.fitting.fitter: Column-norm preconditioning in constrained coordinates
INFO mlfcs.fitting.fitter: - Inverse column scale: 2.345888e-03 to 1.964332e-02
INFO mlfcs.fitting.fitter: Solving the force-only least-squares problem with streamed Gram
INFO mlfcs.fitting.fitter: - Equations: 153600, unknowns: 74
INFO mlfcs.fitting.fitter: - Maximum joint constraint residual: 1.268517e-17
INFO mlfcs.fitting.fitter: Force fitting summary
INFO mlfcs.fitting.fitter: - Training relative error: 37.197782 %
INFO mlfcs.fitting.fitter: - Validation relative error: 37.197782 %
INFO mlfcs.fitting.fitter: - Training force RMSE: 9.8193036360e-02 eV/Å
INFO mlfcs.fitting.fitter: - Validation force RMSE: 9.8193036360e-02 eV/Å
INFO mlfcs.fitting.fitter: - FC2 force contribution RMS: 2.4503305512e-01 eV/Å
INFO mlfcs.fitting.fitter: - JAX execution guard: 1 prepared program, 9 signatures, 9 tiles, Gram passes=1, prediction passes=0
INFO mlfcs.fitting.fitter: - Solver iterations=44, stop_code=0
INFO mlfcs.fitting.fitter: Expanding fitted Taylor parameters into sparse physical IFCs
INFO mlfcs.fitting.fitter: - Expanded 2008 sparse tensors in 0.05 s
INFO mlfcs.physics.sscha.solver: - Fitting relative force error: 37.197782 %
INFO mlfcs.physics.sscha.solver: Relative FC2 change: 9.624640e-03
INFO mlfcs.physics.sscha.solver: - Variational free-energy estimate: -1.6384840975e+00 +/- 3.773e-04 eV/primitive cell
INFO mlfcs.force_constants.realization: Export view cache miss; constructing new view
WARNING mlfcs.sampling.harmonic: Imaginary harmonic modes use policy 'absolute'; frequencies below 1.000e-06 THz will not raise an exception
INFO mlfcs.sampling.structures: Generated 100 harmonic perturbation structures
INFO mlfcs.sampling.structures: Harmonic sampling: qpoints=64, sampled_modes=1533/1533, minimum_frequency=0.52355752 THz
INFO mlfcs.physics.sscha.solver: SSCHA iteration 29/50: canonical sampling
INFO mlfcs.physics.sscha.solver: q points: 64
INFO mlfcs.physics.sscha.solver: - sampled modes: 1533/1533, imaginary=0, excluded=0
INFO mlfcs.physics.sscha.solver: - maximum sampled atomic displacement: 0.88651255 Å
INFO mlfcs.physics.sscha.solver: maximum displacement limit: disabled
INFO mlfcs.fitting.fitter: Training-data diagnostics (inputs are not recentered)
INFO mlfcs.fitting.fitter: - Maximum reference force: 0.0000000000e+00 eV/Å
INFO mlfcs.fitting.fitter: - Maximum snapshot net force: 1.5528667855e-14 eV/Å
INFO mlfcs.fitting.fitter: - Maximum center-of-mass displacement: 7.9530312125e-04 Å
INFO mlfcs.fitting.fitter: Constraint system: 2 rows after duplicate removal (72 ASR before compression)
INFO mlfcs.fitting.linear_solvers: Explicit constraint parameterization: 76 -> 74 parameters in 30 blocks, rank=2, nnz=135
INFO mlfcs.fitting.design_operator: - Prepared JAX feature program: 9 signatures, 9 tiles, 1.8 MiB static buffers
INFO mlfcs.fitting.gram_system: Accumulating streamed Gram system: 74 x 74 (0.0 MiB), effective_batch_size=1, backend=SciPy/OpenBLAS CPU
INFO mlfcs.fitting.gram_system: - Physical design kernel groups: 9, 9 bounded tiles
INFO mlfcs.fitting.gram_system: - Compiled FC2 physical design kernel in 0.00 s
INFO mlfcs.fitting.gram_system: - Compiled FC2 physical design kernel in 0.00 s
INFO mlfcs.fitting.gram_system: - Compiled FC2 physical design kernel in 0.00 s
INFO mlfcs.fitting.gram_system: - Compiled FC2 physical design kernel in 0.00 s
INFO mlfcs.fitting.gram_system: - Compiled FC2 physical design kernel in 0.00 s
INFO mlfcs.fitting.gram_system: - Compiled FC2 physical design kernel in 0.00 s
INFO mlfcs.fitting.gram_system: - Compiled FC2 physical design kernel in 0.00 s
INFO mlfcs.fitting.gram_system: - Compiled FC2 physical design kernel in 0.01 s
INFO mlfcs.fitting.gram_system: - Compiled FC2 physical design kernel in 0.01 s
INFO mlfcs.fitting.gram_system: - Gram structures: 1/100, elapsed=0.04 s
INFO mlfcs.fitting.gram_system: - Gram structures: 20/100, elapsed=0.70 s
INFO mlfcs.fitting.gram_system: - Gram structures: 40/100, elapsed=1.46 s
INFO mlfcs.fitting.gram_system: - Gram structures: 60/100, elapsed=2.20 s
INFO mlfcs.fitting.gram_system: - Gram structures: 80/100, elapsed=2.89 s
INFO mlfcs.fitting.gram_system: - Gram structures: 100/100, elapsed=3.62 s
INFO mlfcs.fitting.gram_system: - Streamed Gram system ready in 3.62 s
INFO mlfcs.fitting.gram_system: - Gram phase timing: kernel=3.38 s, transfer=0.02 s, scatter=0.12 s, constraint reduction=0.04 s, BLAS=0.03 s
INFO mlfcs.fitting.fitter: Column-norm preconditioning in constrained coordinates
INFO mlfcs.fitting.fitter: - Inverse column scale: 2.359290e-03 to 1.955390e-02
INFO mlfcs.fitting.fitter: Solving the force-only least-squares problem with streamed Gram
INFO mlfcs.fitting.fitter: - Equations: 153600, unknowns: 74
INFO mlfcs.fitting.fitter: - Maximum joint constraint residual: 8.998878e-18
INFO mlfcs.fitting.fitter: Force fitting summary
INFO mlfcs.fitting.fitter: - Training relative error: 37.074772 %
INFO mlfcs.fitting.fitter: - Validation relative error: 37.074772 %
INFO mlfcs.fitting.fitter: - Training force RMSE: 9.7241046973e-02 eV/Å
INFO mlfcs.fitting.fitter: - Validation force RMSE: 9.7241046973e-02 eV/Å
INFO mlfcs.fitting.fitter: - FC2 force contribution RMS: 2.4359159314e-01 eV/Å
INFO mlfcs.fitting.fitter: - JAX execution guard: 1 prepared program, 9 signatures, 9 tiles, Gram passes=1, prediction passes=0
INFO mlfcs.fitting.fitter: - Solver iterations=43, stop_code=0
INFO mlfcs.fitting.fitter: Expanding fitted Taylor parameters into sparse physical IFCs
INFO mlfcs.fitting.fitter: - Expanded 2008 sparse tensors in 0.04 s
INFO mlfcs.physics.sscha.solver: - Fitting relative force error: 37.074772 %
INFO mlfcs.physics.sscha.solver: Relative FC2 change: 1.001235e-02
INFO mlfcs.physics.sscha.solver: - Variational free-energy estimate: -1.6392928928e+00 +/- 3.896e-04 eV/primitive cell
INFO mlfcs.force_constants.realization: Export view cache miss; constructing new view
WARNING mlfcs.sampling.harmonic: Imaginary harmonic modes use policy 'absolute'; frequencies below 1.000e-06 THz will not raise an exception
INFO mlfcs.sampling.structures: Generated 100 harmonic perturbation structures
INFO mlfcs.sampling.structures: Harmonic sampling: qpoints=64, sampled_modes=1533/1533, minimum_frequency=0.52783684 THz
INFO mlfcs.physics.sscha.solver: SSCHA iteration 30/50: canonical sampling
INFO mlfcs.physics.sscha.solver: q points: 64
INFO mlfcs.physics.sscha.solver: - sampled modes: 1533/1533, imaginary=0, excluded=0
INFO mlfcs.physics.sscha.solver: - maximum sampled atomic displacement: 0.87666593 Å
INFO mlfcs.physics.sscha.solver: maximum displacement limit: disabled
INFO mlfcs.fitting.fitter: Training-data diagnostics (inputs are not recentered)
INFO mlfcs.fitting.fitter: - Maximum reference force: 0.0000000000e+00 eV/Å
INFO mlfcs.fitting.fitter: - Maximum snapshot net force: 1.8832035333e-14 eV/Å
INFO mlfcs.fitting.fitter: - Maximum center-of-mass displacement: 9.4216501788e-04 Å
INFO mlfcs.fitting.fitter: Constraint system: 2 rows after duplicate removal (72 ASR before compression)
INFO mlfcs.fitting.linear_solvers: Explicit constraint parameterization: 76 -> 74 parameters in 30 blocks, rank=2, nnz=135
INFO mlfcs.fitting.design_operator: - Prepared JAX feature program: 9 signatures, 9 tiles, 1.8 MiB static buffers
INFO mlfcs.fitting.gram_system: Accumulating streamed Gram system: 74 x 74 (0.0 MiB), effective_batch_size=1, backend=SciPy/OpenBLAS CPU
INFO mlfcs.fitting.gram_system: - Physical design kernel groups: 9, 9 bounded tiles
INFO mlfcs.fitting.gram_system: - Compiled FC2 physical design kernel in 0.00 s
INFO mlfcs.fitting.gram_system: - Compiled FC2 physical design kernel in 0.00 s
INFO mlfcs.fitting.gram_system: - Compiled FC2 physical design kernel in 0.00 s
INFO mlfcs.fitting.gram_system: - Compiled FC2 physical design kernel in 0.00 s
INFO mlfcs.fitting.gram_system: - Compiled FC2 physical design kernel in 0.00 s
INFO mlfcs.fitting.gram_system: - Compiled FC2 physical design kernel in 0.00 s
INFO mlfcs.fitting.gram_system: - Compiled FC2 physical design kernel in 0.00 s
INFO mlfcs.fitting.gram_system: - Compiled FC2 physical design kernel in 0.02 s
INFO mlfcs.fitting.gram_system: - Compiled FC2 physical design kernel in 0.01 s
INFO mlfcs.fitting.gram_system: - Gram structures: 1/100, elapsed=0.05 s
INFO mlfcs.fitting.gram_system: - Gram structures: 20/100, elapsed=0.88 s
INFO mlfcs.fitting.gram_system: - Gram structures: 40/100, elapsed=1.78 s
INFO mlfcs.fitting.gram_system: - Gram structures: 60/100, elapsed=2.80 s
INFO mlfcs.fitting.gram_system: - Gram structures: 80/100, elapsed=3.52 s
INFO mlfcs.fitting.gram_system: - Gram structures: 100/100, elapsed=4.21 s
INFO mlfcs.fitting.gram_system: - Streamed Gram system ready in 4.22 s
INFO mlfcs.fitting.gram_system: - Gram phase timing: kernel=3.94 s, transfer=0.02 s, scatter=0.14 s, constraint reduction=0.04 s, BLAS=0.04 s
INFO mlfcs.fitting.fitter: Column-norm preconditioning in constrained coordinates
INFO mlfcs.fitting.fitter: - Inverse column scale: 2.375403e-03 to 1.971616e-02
INFO mlfcs.fitting.fitter: Solving the force-only least-squares problem with streamed Gram
INFO mlfcs.fitting.fitter: - Equations: 153600, unknowns: 74
INFO mlfcs.fitting.fitter: - Maximum joint constraint residual: 1.127570e-17
INFO mlfcs.fitting.fitter: Force fitting summary
INFO mlfcs.fitting.fitter: - Training relative error: 37.467304 %
INFO mlfcs.fitting.fitter: - Validation relative error: 37.467304 %
INFO mlfcs.fitting.fitter: - Training force RMSE: 9.9448498791e-02 eV/Å
INFO mlfcs.fitting.fitter: - Validation force RMSE: 9.9448498791e-02 eV/Å
INFO mlfcs.fitting.fitter: - FC2 force contribution RMS: 2.4609289675e-01 eV/Å
INFO mlfcs.fitting.fitter: - JAX execution guard: 1 prepared program, 9 signatures, 9 tiles, Gram passes=1, prediction passes=0
INFO mlfcs.fitting.fitter: - Solver iterations=43, stop_code=0
INFO mlfcs.fitting.fitter: Expanding fitted Taylor parameters into sparse physical IFCs
INFO mlfcs.fitting.fitter: - Expanded 2008 sparse tensors in 0.06 s
INFO mlfcs.physics.sscha.solver: - Fitting relative force error: 37.467304 %
INFO mlfcs.physics.sscha.solver: Relative FC2 change: 1.239710e-02
INFO mlfcs.physics.sscha.solver: - Variational free-energy estimate: -1.6386588220e+00 +/- 4.109e-04 eV/primitive cell
INFO mlfcs.force_constants.realization: Export view cache miss; constructing new view
WARNING mlfcs.sampling.harmonic: Imaginary harmonic modes use policy 'absolute'; frequencies below 1.000e-06 THz will not raise an exception
INFO mlfcs.sampling.structures: Generated 100 harmonic perturbation structures
INFO mlfcs.sampling.structures: Harmonic sampling: qpoints=64, sampled_modes=1533/1533, minimum_frequency=0.52192276 THz
INFO mlfcs.physics.sscha.solver: SSCHA iteration 31/50: canonical sampling
INFO mlfcs.physics.sscha.solver: q points: 64
INFO mlfcs.physics.sscha.solver: - sampled modes: 1533/1533, imaginary=0, excluded=0
INFO mlfcs.physics.sscha.solver: - maximum sampled atomic displacement: 0.79845091 Å
INFO mlfcs.physics.sscha.solver: maximum displacement limit: disabled
INFO mlfcs.fitting.fitter: Training-data diagnostics (inputs are not recentered)
INFO mlfcs.fitting.fitter: - Maximum reference force: 0.0000000000e+00 eV/Å
INFO mlfcs.fitting.fitter: - Maximum snapshot net force: 2.3923841079e-14 eV/Å
INFO mlfcs.fitting.fitter: - Maximum center-of-mass displacement: 8.5947241573e-04 Å
INFO mlfcs.fitting.fitter: Constraint system: 2 rows after duplicate removal (72 ASR before compression)
INFO mlfcs.fitting.linear_solvers: Explicit constraint parameterization: 76 -> 74 parameters in 30 blocks, rank=2, nnz=135
INFO mlfcs.fitting.design_operator: - Prepared JAX feature program: 9 signatures, 9 tiles, 1.8 MiB static buffers
INFO mlfcs.fitting.gram_system: Accumulating streamed Gram system: 74 x 74 (0.0 MiB), effective_batch_size=1, backend=SciPy/OpenBLAS CPU
INFO mlfcs.fitting.gram_system: - Physical design kernel groups: 9, 9 bounded tiles
INFO mlfcs.fitting.gram_system: - Compiled FC2 physical design kernel in 0.00 s
INFO mlfcs.fitting.gram_system: - Compiled FC2 physical design kernel in 0.00 s
INFO mlfcs.fitting.gram_system: - Compiled FC2 physical design kernel in 0.00 s
INFO mlfcs.fitting.gram_system: - Compiled FC2 physical design kernel in 0.00 s
INFO mlfcs.fitting.gram_system: - Compiled FC2 physical design kernel in 0.00 s
INFO mlfcs.fitting.gram_system: - Compiled FC2 physical design kernel in 0.00 s
INFO mlfcs.fitting.gram_system: - Compiled FC2 physical design kernel in 0.00 s
INFO mlfcs.fitting.gram_system: - Compiled FC2 physical design kernel in 0.02 s
INFO mlfcs.fitting.gram_system: - Compiled FC2 physical design kernel in 0.01 s
INFO mlfcs.fitting.gram_system: - Gram structures: 1/100, elapsed=0.04 s
INFO mlfcs.fitting.gram_system: - Gram structures: 20/100, elapsed=0.74 s
INFO mlfcs.fitting.gram_system: - Gram structures: 40/100, elapsed=1.55 s
INFO mlfcs.fitting.gram_system: - Gram structures: 60/100, elapsed=2.19 s
INFO mlfcs.fitting.gram_system: - Gram structures: 80/100, elapsed=2.85 s
INFO mlfcs.fitting.gram_system: - Gram structures: 100/100, elapsed=3.53 s
INFO mlfcs.fitting.gram_system: - Streamed Gram system ready in 3.53 s
INFO mlfcs.fitting.gram_system: - Gram phase timing: kernel=3.30 s, transfer=0.01 s, scatter=0.12 s, constraint reduction=0.04 s, BLAS=0.03 s
INFO mlfcs.fitting.fitter: Column-norm preconditioning in constrained coordinates
INFO mlfcs.fitting.fitter: - Inverse column scale: 2.346274e-03 to 1.954705e-02
INFO mlfcs.fitting.fitter: Solving the force-only least-squares problem with streamed Gram
INFO mlfcs.fitting.fitter: - Equations: 153600, unknowns: 74
INFO mlfcs.fitting.fitter: - Maximum joint constraint residual: 8.890458e-18
INFO mlfcs.fitting.fitter: Force fitting summary
INFO mlfcs.fitting.fitter: - Training relative error: 37.164484 %
INFO mlfcs.fitting.fitter: - Validation relative error: 37.164484 %
INFO mlfcs.fitting.fitter: - Training force RMSE: 9.8608487481e-02 eV/Å
INFO mlfcs.fitting.fitter: - Validation force RMSE: 9.8608487481e-02 eV/Å
INFO mlfcs.fitting.fitter: - FC2 force contribution RMS: 2.4632563662e-01 eV/Å
INFO mlfcs.fitting.fitter: - JAX execution guard: 1 prepared program, 9 signatures, 9 tiles, Gram passes=1, prediction passes=0
INFO mlfcs.fitting.fitter: - Solver iterations=43, stop_code=0
INFO mlfcs.fitting.fitter: Expanding fitted Taylor parameters into sparse physical IFCs
INFO mlfcs.fitting.fitter: - Expanded 2008 sparse tensors in 0.06 s
INFO mlfcs.physics.sscha.solver: - Fitting relative force error: 37.164484 %
INFO mlfcs.physics.sscha.solver: Relative FC2 change: 1.116938e-02
INFO mlfcs.physics.sscha.solver: - Variational free-energy estimate: -1.6379433910e+00 +/- 3.904e-04 eV/primitive cell
INFO mlfcs.force_constants.realization: Export view cache miss; constructing new view
WARNING mlfcs.sampling.harmonic: Imaginary harmonic modes use policy 'absolute'; frequencies below 1.000e-06 THz will not raise an exception
INFO mlfcs.sampling.structures: Generated 100 harmonic perturbation structures
INFO mlfcs.sampling.structures: Harmonic sampling: qpoints=64, sampled_modes=1533/1533, minimum_frequency=0.53198696 THz
INFO mlfcs.physics.sscha.solver: SSCHA iteration 32/50: canonical sampling
INFO mlfcs.physics.sscha.solver: q points: 64
INFO mlfcs.physics.sscha.solver: - sampled modes: 1533/1533, imaginary=0, excluded=0
INFO mlfcs.physics.sscha.solver: - maximum sampled atomic displacement: 0.82628818 Å
INFO mlfcs.physics.sscha.solver: maximum displacement limit: disabled
INFO mlfcs.fitting.fitter: Training-data diagnostics (inputs are not recentered)
INFO mlfcs.fitting.fitter: - Maximum reference force: 0.0000000000e+00 eV/Å
INFO mlfcs.fitting.fitter: - Maximum snapshot net force: 2.1276961548e-14 eV/Å
INFO mlfcs.fitting.fitter: - Maximum center-of-mass displacement: 1.0809501903e-03 Å
INFO mlfcs.fitting.fitter: Constraint system: 2 rows after duplicate removal (72 ASR before compression)
INFO mlfcs.fitting.linear_solvers: Explicit constraint parameterization: 76 -> 74 parameters in 30 blocks, rank=2, nnz=135
INFO mlfcs.fitting.design_operator: - Prepared JAX feature program: 9 signatures, 9 tiles, 1.8 MiB static buffers
INFO mlfcs.fitting.gram_system: Accumulating streamed Gram system: 74 x 74 (0.0 MiB), effective_batch_size=1, backend=SciPy/OpenBLAS CPU
INFO mlfcs.fitting.gram_system: - Physical design kernel groups: 9, 9 bounded tiles
INFO mlfcs.fitting.gram_system: - Compiled FC2 physical design kernel in 0.00 s
INFO mlfcs.fitting.gram_system: - Compiled FC2 physical design kernel in 0.00 s
INFO mlfcs.fitting.gram_system: - Compiled FC2 physical design kernel in 0.00 s
INFO mlfcs.fitting.gram_system: - Compiled FC2 physical design kernel in 0.00 s
INFO mlfcs.fitting.gram_system: - Compiled FC2 physical design kernel in 0.00 s
INFO mlfcs.fitting.gram_system: - Compiled FC2 physical design kernel in 0.00 s
INFO mlfcs.fitting.gram_system: - Compiled FC2 physical design kernel in 0.00 s
INFO mlfcs.fitting.gram_system: - Compiled FC2 physical design kernel in 0.02 s
INFO mlfcs.fitting.gram_system: - Compiled FC2 physical design kernel in 0.01 s
INFO mlfcs.fitting.gram_system: - Gram structures: 1/100, elapsed=0.04 s
INFO mlfcs.fitting.gram_system: - Gram structures: 20/100, elapsed=0.74 s
INFO mlfcs.fitting.gram_system: - Gram structures: 40/100, elapsed=1.41 s
INFO mlfcs.fitting.gram_system: - Gram structures: 60/100, elapsed=2.17 s
INFO mlfcs.fitting.gram_system: - Gram structures: 80/100, elapsed=2.83 s
INFO mlfcs.fitting.gram_system: - Gram structures: 100/100, elapsed=3.50 s
INFO mlfcs.fitting.gram_system: - Streamed Gram system ready in 3.50 s
INFO mlfcs.fitting.gram_system: - Gram phase timing: kernel=3.28 s, transfer=0.01 s, scatter=0.11 s, constraint reduction=0.04 s, BLAS=0.03 s
INFO mlfcs.fitting.fitter: Column-norm preconditioning in constrained coordinates
INFO mlfcs.fitting.fitter: - Inverse column scale: 2.374293e-03 to 1.978126e-02
INFO mlfcs.fitting.fitter: Solving the force-only least-squares problem with streamed Gram
INFO mlfcs.fitting.fitter: - Equations: 153600, unknowns: 74
INFO mlfcs.fitting.fitter: - Maximum joint constraint residual: 3.469447e-18
INFO mlfcs.fitting.fitter: Force fitting summary
INFO mlfcs.fitting.fitter: - Training relative error: 36.941613 %
INFO mlfcs.fitting.fitter: - Validation relative error: 36.941613 %
INFO mlfcs.fitting.fitter: - Training force RMSE: 9.7708494912e-02 eV/Å
INFO mlfcs.fitting.fitter: - Validation force RMSE: 9.7708494912e-02 eV/Å
INFO mlfcs.fitting.fitter: - FC2 force contribution RMS: 2.4578514008e-01 eV/Å
INFO mlfcs.fitting.fitter: - JAX execution guard: 1 prepared program, 9 signatures, 9 tiles, Gram passes=1, prediction passes=0
INFO mlfcs.fitting.fitter: - Solver iterations=43, stop_code=0
INFO mlfcs.fitting.fitter: Expanding fitted Taylor parameters into sparse physical IFCs
INFO mlfcs.fitting.fitter: - Expanded 2008 sparse tensors in 0.07 s
INFO mlfcs.physics.sscha.solver: - Fitting relative force error: 36.941613 %
INFO mlfcs.physics.sscha.solver: Relative FC2 change: 1.041675e-02
INFO mlfcs.physics.sscha.solver: - Variational free-energy estimate: -1.6381574047e+00 +/- 2.923e-04 eV/primitive cell
INFO mlfcs.force_constants.realization: Export view cache miss; constructing new view
WARNING mlfcs.sampling.harmonic: Imaginary harmonic modes use policy 'absolute'; frequencies below 1.000e-06 THz will not raise an exception
INFO mlfcs.sampling.structures: Generated 100 harmonic perturbation structures
INFO mlfcs.sampling.structures: Harmonic sampling: qpoints=64, sampled_modes=1533/1533, minimum_frequency=0.53386830 THz
INFO mlfcs.physics.sscha.solver: SSCHA iteration 33/50: canonical sampling
INFO mlfcs.physics.sscha.solver: q points: 64
INFO mlfcs.physics.sscha.solver: - sampled modes: 1533/1533, imaginary=0, excluded=0
INFO mlfcs.physics.sscha.solver: - maximum sampled atomic displacement: 0.85639036 Å
INFO mlfcs.physics.sscha.solver: maximum displacement limit: disabled
INFO mlfcs.fitting.fitter: Training-data diagnostics (inputs are not recentered)
INFO mlfcs.fitting.fitter: - Maximum reference force: 0.0000000000e+00 eV/Å
INFO mlfcs.fitting.fitter: - Maximum snapshot net force: 1.9538417457e-14 eV/Å
INFO mlfcs.fitting.fitter: - Maximum center-of-mass displacement: 8.2649538505e-04 Å
INFO mlfcs.fitting.fitter: Constraint system: 2 rows after duplicate removal (72 ASR before compression)
INFO mlfcs.fitting.linear_solvers: Explicit constraint parameterization: 76 -> 74 parameters in 30 blocks, rank=2, nnz=135
INFO mlfcs.fitting.design_operator: - Prepared JAX feature program: 9 signatures, 9 tiles, 1.8 MiB static buffers
INFO mlfcs.fitting.gram_system: Accumulating streamed Gram system: 74 x 74 (0.0 MiB), effective_batch_size=1, backend=SciPy/OpenBLAS CPU
INFO mlfcs.fitting.gram_system: - Physical design kernel groups: 9, 9 bounded tiles
INFO mlfcs.fitting.gram_system: - Compiled FC2 physical design kernel in 0.00 s
INFO mlfcs.fitting.gram_system: - Compiled FC2 physical design kernel in 0.00 s
INFO mlfcs.fitting.gram_system: - Compiled FC2 physical design kernel in 0.00 s
INFO mlfcs.fitting.gram_system: - Compiled FC2 physical design kernel in 0.00 s
INFO mlfcs.fitting.gram_system: - Compiled FC2 physical design kernel in 0.00 s
INFO mlfcs.fitting.gram_system: - Compiled FC2 physical design kernel in 0.00 s
INFO mlfcs.fitting.gram_system: - Compiled FC2 physical design kernel in 0.01 s
INFO mlfcs.fitting.gram_system: - Compiled FC2 physical design kernel in 0.03 s
INFO mlfcs.fitting.gram_system: - Compiled FC2 physical design kernel in 0.01 s
INFO mlfcs.fitting.gram_system: - Gram structures: 1/100, elapsed=0.05 s
INFO mlfcs.fitting.gram_system: - Gram structures: 20/100, elapsed=1.08 s
INFO mlfcs.fitting.gram_system: - Gram structures: 40/100, elapsed=2.15 s
INFO mlfcs.fitting.gram_system: - Gram structures: 60/100, elapsed=3.19 s
INFO mlfcs.fitting.gram_system: - Gram structures: 80/100, elapsed=4.23 s
INFO mlfcs.fitting.gram_system: - Gram structures: 100/100, elapsed=5.24 s
INFO mlfcs.fitting.gram_system: - Streamed Gram system ready in 5.24 s
INFO mlfcs.fitting.gram_system: - Gram phase timing: kernel=4.91 s, transfer=0.02 s, scatter=0.17 s, constraint reduction=0.05 s, BLAS=0.03 s
INFO mlfcs.fitting.fitter: Column-norm preconditioning in constrained coordinates
INFO mlfcs.fitting.fitter: - Inverse column scale: 2.363375e-03 to 1.968488e-02
INFO mlfcs.fitting.fitter: Solving the force-only least-squares problem with streamed Gram
INFO mlfcs.fitting.fitter: - Equations: 153600, unknowns: 74
INFO mlfcs.fitting.fitter: - Maximum joint constraint residual: 6.179952e-18
INFO mlfcs.fitting.fitter: Force fitting summary
INFO mlfcs.fitting.fitter: - Training relative error: 37.017092 %
INFO mlfcs.fitting.fitter: - Validation relative error: 37.017092 %
INFO mlfcs.fitting.fitter: - Training force RMSE: 9.7699785369e-02 eV/Å
INFO mlfcs.fitting.fitter: - Validation force RMSE: 9.7699785369e-02 eV/Å
INFO mlfcs.fitting.fitter: - FC2 force contribution RMS: 2.4518282051e-01 eV/Å
INFO mlfcs.fitting.fitter: - JAX execution guard: 1 prepared program, 9 signatures, 9 tiles, Gram passes=1, prediction passes=0
INFO mlfcs.fitting.fitter: - Solver iterations=42, stop_code=0
INFO mlfcs.fitting.fitter: Expanding fitted Taylor parameters into sparse physical IFCs
INFO mlfcs.fitting.fitter: - Expanded 2008 sparse tensors in 0.08 s
INFO mlfcs.physics.sscha.solver: - Fitting relative force error: 37.017092 %
INFO mlfcs.physics.sscha.solver: Relative FC2 change: 1.005424e-02
INFO mlfcs.physics.sscha.solver: - Variational free-energy estimate: -1.6392233757e+00 +/- 4.405e-04 eV/primitive cell
INFO mlfcs.force_constants.realization: Export view cache miss; constructing new view
WARNING mlfcs.sampling.harmonic: Imaginary harmonic modes use policy 'absolute'; frequencies below 1.000e-06 THz will not raise an exception
INFO mlfcs.sampling.structures: Generated 100 harmonic perturbation structures
INFO mlfcs.sampling.structures: Harmonic sampling: qpoints=64, sampled_modes=1533/1533, minimum_frequency=0.52136547 THz
INFO mlfcs.physics.sscha.solver: SSCHA iteration 34/50: canonical sampling
INFO mlfcs.physics.sscha.solver: q points: 64
INFO mlfcs.physics.sscha.solver: - sampled modes: 1533/1533, imaginary=0, excluded=0
INFO mlfcs.physics.sscha.solver: - maximum sampled atomic displacement: 0.94709060 Å
INFO mlfcs.physics.sscha.solver: maximum displacement limit: disabled
INFO mlfcs.fitting.fitter: Training-data diagnostics (inputs are not recentered)
INFO mlfcs.fitting.fitter: - Maximum reference force: 0.0000000000e+00 eV/Å
INFO mlfcs.fitting.fitter: - Maximum snapshot net force: 1.9424757197e-14 eV/Å
INFO mlfcs.fitting.fitter: - Maximum center-of-mass displacement: 9.0315164132e-04 Å
INFO mlfcs.fitting.fitter: Constraint system: 2 rows after duplicate removal (72 ASR before compression)
INFO mlfcs.fitting.linear_solvers: Explicit constraint parameterization: 76 -> 74 parameters in 30 blocks, rank=2, nnz=135
INFO mlfcs.fitting.design_operator: - Prepared JAX feature program: 9 signatures, 9 tiles, 1.8 MiB static buffers
INFO mlfcs.fitting.gram_system: Accumulating streamed Gram system: 74 x 74 (0.0 MiB), effective_batch_size=1, backend=SciPy/OpenBLAS CPU
INFO mlfcs.fitting.gram_system: - Physical design kernel groups: 9, 9 bounded tiles
INFO mlfcs.fitting.gram_system: - Compiled FC2 physical design kernel in 0.00 s
INFO mlfcs.fitting.gram_system: - Compiled FC2 physical design kernel in 0.00 s
INFO mlfcs.fitting.gram_system: - Compiled FC2 physical design kernel in 0.00 s
INFO mlfcs.fitting.gram_system: - Compiled FC2 physical design kernel in 0.00 s
INFO mlfcs.fitting.gram_system: - Compiled FC2 physical design kernel in 0.00 s
INFO mlfcs.fitting.gram_system: - Compiled FC2 physical design kernel in 0.00 s
INFO mlfcs.fitting.gram_system: - Compiled FC2 physical design kernel in 0.01 s
INFO mlfcs.fitting.gram_system: - Compiled FC2 physical design kernel in 0.03 s
INFO mlfcs.fitting.gram_system: - Compiled FC2 physical design kernel in 0.01 s
INFO mlfcs.fitting.gram_system: - Gram structures: 1/100, elapsed=0.05 s
INFO mlfcs.fitting.gram_system: - Gram structures: 20/100, elapsed=1.07 s
INFO mlfcs.fitting.gram_system: - Gram structures: 40/100, elapsed=2.10 s
INFO mlfcs.fitting.gram_system: - Gram structures: 60/100, elapsed=3.15 s
INFO mlfcs.fitting.gram_system: - Gram structures: 80/100, elapsed=4.22 s
INFO mlfcs.fitting.gram_system: - Gram structures: 100/100, elapsed=5.27 s
INFO mlfcs.fitting.gram_system: - Streamed Gram system ready in 5.27 s
INFO mlfcs.fitting.gram_system: - Gram phase timing: kernel=4.93 s, transfer=0.03 s, scatter=0.18 s, constraint reduction=0.05 s, BLAS=0.04 s
INFO mlfcs.fitting.fitter: Column-norm preconditioning in constrained coordinates
INFO mlfcs.fitting.fitter: - Inverse column scale: 2.346329e-03 to 1.954948e-02
INFO mlfcs.fitting.fitter: Solving the force-only least-squares problem with streamed Gram
INFO mlfcs.fitting.fitter: - Equations: 153600, unknowns: 74
INFO mlfcs.fitting.fitter: - Maximum joint constraint residual: 2.146720e-17
INFO mlfcs.fitting.fitter: Force fitting summary
INFO mlfcs.fitting.fitter: - Training relative error: 37.034284 %
INFO mlfcs.fitting.fitter: - Validation relative error: 37.034284 %
INFO mlfcs.fitting.fitter: - Training force RMSE: 9.8446936280e-02 eV/Å
INFO mlfcs.fitting.fitter: - Validation force RMSE: 9.8446936280e-02 eV/Å
INFO mlfcs.fitting.fitter: - FC2 force contribution RMS: 2.4692492886e-01 eV/Å
INFO mlfcs.fitting.fitter: - JAX execution guard: 1 prepared program, 9 signatures, 9 tiles, Gram passes=1, prediction passes=0
INFO mlfcs.fitting.fitter: - Solver iterations=44, stop_code=0
INFO mlfcs.fitting.fitter: Expanding fitted Taylor parameters into sparse physical IFCs
INFO mlfcs.fitting.fitter: - Expanded 2008 sparse tensors in 0.07 s
INFO mlfcs.physics.sscha.solver: - Fitting relative force error: 37.034284 %
INFO mlfcs.physics.sscha.solver: Relative FC2 change: 1.170159e-02
INFO mlfcs.physics.sscha.solver: - Variational free-energy estimate: -1.6395921402e+00 +/- 3.625e-04 eV/primitive cell
INFO mlfcs.force_constants.realization: Export view cache miss; constructing new view
WARNING mlfcs.sampling.harmonic: Imaginary harmonic modes use policy 'absolute'; frequencies below 1.000e-06 THz will not raise an exception
INFO mlfcs.sampling.structures: Generated 100 harmonic perturbation structures
INFO mlfcs.sampling.structures: Harmonic sampling: qpoints=64, sampled_modes=1533/1533, minimum_frequency=0.52094741 THz
INFO mlfcs.physics.sscha.solver: SSCHA iteration 35/50: canonical sampling
INFO mlfcs.physics.sscha.solver: q points: 64
INFO mlfcs.physics.sscha.solver: - sampled modes: 1533/1533, imaginary=0, excluded=0
INFO mlfcs.physics.sscha.solver: - maximum sampled atomic displacement: 0.90558578 Å
INFO mlfcs.physics.sscha.solver: maximum displacement limit: disabled
INFO mlfcs.fitting.fitter: Training-data diagnostics (inputs are not recentered)
INFO mlfcs.fitting.fitter: - Maximum reference force: 0.0000000000e+00 eV/Å
INFO mlfcs.fitting.fitter: - Maximum snapshot net force: 1.8103322861e-14 eV/Å
INFO mlfcs.fitting.fitter: - Maximum center-of-mass displacement: 1.0713171706e-03 Å
INFO mlfcs.fitting.fitter: Constraint system: 2 rows after duplicate removal (72 ASR before compression)
INFO mlfcs.fitting.linear_solvers: Explicit constraint parameterization: 76 -> 74 parameters in 30 blocks, rank=2, nnz=135
INFO mlfcs.fitting.design_operator: - Prepared JAX feature program: 9 signatures, 9 tiles, 1.8 MiB static buffers
INFO mlfcs.fitting.gram_system: Accumulating streamed Gram system: 74 x 74 (0.0 MiB), effective_batch_size=1, backend=SciPy/OpenBLAS CPU
INFO mlfcs.fitting.gram_system: - Physical design kernel groups: 9, 9 bounded tiles
INFO mlfcs.fitting.gram_system: - Compiled FC2 physical design kernel in 0.00 s
INFO mlfcs.fitting.gram_system: - Compiled FC2 physical design kernel in 0.00 s
INFO mlfcs.fitting.gram_system: - Compiled FC2 physical design kernel in 0.00 s
INFO mlfcs.fitting.gram_system: - Compiled FC2 physical design kernel in 0.00 s
INFO mlfcs.fitting.gram_system: - Compiled FC2 physical design kernel in 0.00 s
INFO mlfcs.fitting.gram_system: - Compiled FC2 physical design kernel in 0.00 s
INFO mlfcs.fitting.gram_system: - Compiled FC2 physical design kernel in 0.00 s
INFO mlfcs.fitting.gram_system: - Compiled FC2 physical design kernel in 0.02 s
INFO mlfcs.fitting.gram_system: - Compiled FC2 physical design kernel in 0.01 s
INFO mlfcs.fitting.gram_system: - Gram structures: 1/100, elapsed=0.05 s
INFO mlfcs.fitting.gram_system: - Gram structures: 20/100, elapsed=1.09 s
INFO mlfcs.fitting.gram_system: - Gram structures: 40/100, elapsed=2.14 s
INFO mlfcs.fitting.gram_system: - Gram structures: 60/100, elapsed=3.20 s
INFO mlfcs.fitting.gram_system: - Gram structures: 80/100, elapsed=4.29 s
INFO mlfcs.fitting.gram_system: - Gram structures: 100/100, elapsed=5.33 s
INFO mlfcs.fitting.gram_system: - Streamed Gram system ready in 5.33 s
INFO mlfcs.fitting.gram_system: - Gram phase timing: kernel=4.99 s, transfer=0.03 s, scatter=0.18 s, constraint reduction=0.05 s, BLAS=0.03 s
INFO mlfcs.fitting.fitter: Column-norm preconditioning in constrained coordinates
INFO mlfcs.fitting.fitter: - Inverse column scale: 2.371800e-03 to 1.965008e-02
INFO mlfcs.fitting.fitter: Solving the force-only least-squares problem with streamed Gram
INFO mlfcs.fitting.fitter: - Equations: 153600, unknowns: 74
INFO mlfcs.fitting.fitter: - Maximum joint constraint residual: 1.219727e-17
INFO mlfcs.fitting.fitter: Force fitting summary
INFO mlfcs.fitting.fitter: - Training relative error: 37.403560 %
INFO mlfcs.fitting.fitter: - Validation relative error: 37.403560 %
INFO mlfcs.fitting.fitter: - Training force RMSE: 9.9170373653e-02 eV/Å
INFO mlfcs.fitting.fitter: - Validation force RMSE: 9.9170373653e-02 eV/Å
INFO mlfcs.fitting.fitter: - FC2 force contribution RMS: 2.4589110799e-01 eV/Å
INFO mlfcs.fitting.fitter: - JAX execution guard: 1 prepared program, 9 signatures, 9 tiles, Gram passes=1, prediction passes=0
INFO mlfcs.fitting.fitter: - Solver iterations=43, stop_code=0
INFO mlfcs.fitting.fitter: Expanding fitted Taylor parameters into sparse physical IFCs
INFO mlfcs.fitting.fitter: - Expanded 2008 sparse tensors in 0.06 s
INFO mlfcs.physics.sscha.solver: - Fitting relative force error: 37.403560 %
INFO mlfcs.physics.sscha.solver: Relative FC2 change: 1.084813e-02
INFO mlfcs.physics.sscha.solver: - Variational free-energy estimate: -1.6384952762e+00 +/- 3.756e-04 eV/primitive cell
INFO mlfcs.force_constants.realization: Export view cache miss; constructing new view
WARNING mlfcs.sampling.harmonic: Imaginary harmonic modes use policy 'absolute'; frequencies below 1.000e-06 THz will not raise an exception
INFO mlfcs.sampling.structures: Generated 100 harmonic perturbation structures
INFO mlfcs.sampling.structures: Harmonic sampling: qpoints=64, sampled_modes=1533/1533, minimum_frequency=0.52231983 THz
INFO mlfcs.physics.sscha.solver: SSCHA iteration 36/50: canonical sampling
INFO mlfcs.physics.sscha.solver: q points: 64
INFO mlfcs.physics.sscha.solver: - sampled modes: 1533/1533, imaginary=0, excluded=0
INFO mlfcs.physics.sscha.solver: - maximum sampled atomic displacement: 0.84948666 Å
INFO mlfcs.physics.sscha.solver: maximum displacement limit: disabled
INFO mlfcs.fitting.fitter: Training-data diagnostics (inputs are not recentered)
INFO mlfcs.fitting.fitter: - Maximum reference force: 0.0000000000e+00 eV/Å
INFO mlfcs.fitting.fitter: - Maximum snapshot net force: 2.1766990547e-14 eV/Å
INFO mlfcs.fitting.fitter: - Maximum center-of-mass displacement: 8.9080285766e-04 Å
INFO mlfcs.fitting.fitter: Constraint system: 2 rows after duplicate removal (72 ASR before compression)
INFO mlfcs.fitting.linear_solvers: Explicit constraint parameterization: 76 -> 74 parameters in 30 blocks, rank=2, nnz=135
INFO mlfcs.fitting.design_operator: - Prepared JAX feature program: 9 signatures, 9 tiles, 1.8 MiB static buffers
INFO mlfcs.fitting.gram_system: Accumulating streamed Gram system: 74 x 74 (0.0 MiB), effective_batch_size=1, backend=SciPy/OpenBLAS CPU
INFO mlfcs.fitting.gram_system: - Physical design kernel groups: 9, 9 bounded tiles
INFO mlfcs.fitting.gram_system: - Compiled FC2 physical design kernel in 0.00 s
INFO mlfcs.fitting.gram_system: - Compiled FC2 physical design kernel in 0.00 s
INFO mlfcs.fitting.gram_system: - Compiled FC2 physical design kernel in 0.00 s
INFO mlfcs.fitting.gram_system: - Compiled FC2 physical design kernel in 0.00 s
INFO mlfcs.fitting.gram_system: - Compiled FC2 physical design kernel in 0.00 s
INFO mlfcs.fitting.gram_system: - Compiled FC2 physical design kernel in 0.00 s
INFO mlfcs.fitting.gram_system: - Compiled FC2 physical design kernel in 0.01 s
INFO mlfcs.fitting.gram_system: - Compiled FC2 physical design kernel in 0.03 s
INFO mlfcs.fitting.gram_system: - Compiled FC2 physical design kernel in 0.01 s
INFO mlfcs.fitting.gram_system: - Gram structures: 1/100, elapsed=0.06 s
INFO mlfcs.fitting.gram_system: - Gram structures: 20/100, elapsed=1.07 s
INFO mlfcs.fitting.gram_system: - Gram structures: 40/100, elapsed=2.20 s
INFO mlfcs.fitting.gram_system: - Gram structures: 60/100, elapsed=3.26 s
INFO mlfcs.fitting.gram_system: - Gram structures: 80/100, elapsed=4.30 s
INFO mlfcs.fitting.gram_system: - Gram structures: 100/100, elapsed=5.37 s
INFO mlfcs.fitting.gram_system: - Streamed Gram system ready in 5.37 s
INFO mlfcs.fitting.gram_system: - Gram phase timing: kernel=5.01 s, transfer=0.03 s, scatter=0.18 s, constraint reduction=0.06 s, BLAS=0.04 s
INFO mlfcs.fitting.fitter: Column-norm preconditioning in constrained coordinates
INFO mlfcs.fitting.fitter: - Inverse column scale: 2.347034e-03 to 1.953532e-02
INFO mlfcs.fitting.fitter: Solving the force-only least-squares problem with streamed Gram
INFO mlfcs.fitting.fitter: - Equations: 153600, unknowns: 74
INFO mlfcs.fitting.fitter: - Maximum joint constraint residual: 2.818926e-18
INFO mlfcs.fitting.fitter: Force fitting summary
INFO mlfcs.fitting.fitter: - Training relative error: 37.447921 %
INFO mlfcs.fitting.fitter: - Validation relative error: 37.447921 %
INFO mlfcs.fitting.fitter: - Training force RMSE: 9.9391431554e-02 eV/Å
INFO mlfcs.fitting.fitter: - Validation force RMSE: 9.9391431554e-02 eV/Å
INFO mlfcs.fitting.fitter: - FC2 force contribution RMS: 2.4609976274e-01 eV/Å
INFO mlfcs.fitting.fitter: - JAX execution guard: 1 prepared program, 9 signatures, 9 tiles, Gram passes=1, prediction passes=0
INFO mlfcs.fitting.fitter: - Solver iterations=44, stop_code=0
INFO mlfcs.fitting.fitter: Expanding fitted Taylor parameters into sparse physical IFCs
INFO mlfcs.fitting.fitter: - Expanded 2008 sparse tensors in 0.09 s
INFO mlfcs.physics.sscha.solver: - Fitting relative force error: 37.447921 %
INFO mlfcs.physics.sscha.solver: Relative FC2 change: 9.803378e-03
INFO mlfcs.physics.sscha.solver: - Variational free-energy estimate: -1.6383307957e+00 +/- 3.534e-04 eV/primitive cell
INFO mlfcs.force_constants.realization: Export view cache miss; constructing new view
WARNING mlfcs.sampling.harmonic: Imaginary harmonic modes use policy 'absolute'; frequencies below 1.000e-06 THz will not raise an exception
INFO mlfcs.sampling.structures: Generated 100 harmonic perturbation structures
INFO mlfcs.sampling.structures: Harmonic sampling: qpoints=64, sampled_modes=1533/1533, minimum_frequency=0.51888871 THz
INFO mlfcs.physics.sscha.solver: SSCHA iteration 37/50: canonical sampling
INFO mlfcs.physics.sscha.solver: q points: 64
INFO mlfcs.physics.sscha.solver: - sampled modes: 1533/1533, imaginary=0, excluded=0
INFO mlfcs.physics.sscha.solver: - maximum sampled atomic displacement: 0.84289737 Å
INFO mlfcs.physics.sscha.solver: maximum displacement limit: disabled
INFO mlfcs.fitting.fitter: Training-data diagnostics (inputs are not recentered)
INFO mlfcs.fitting.fitter: - Maximum reference force: 0.0000000000e+00 eV/Å
INFO mlfcs.fitting.fitter: - Maximum snapshot net force: 1.9508892408e-14 eV/Å
INFO mlfcs.fitting.fitter: - Maximum center-of-mass displacement: 9.4792098423e-04 Å
INFO mlfcs.fitting.fitter: Constraint system: 2 rows after duplicate removal (72 ASR before compression)
INFO mlfcs.fitting.linear_solvers: Explicit constraint parameterization: 76 -> 74 parameters in 30 blocks, rank=2, nnz=135
INFO mlfcs.fitting.design_operator: - Prepared JAX feature program: 9 signatures, 9 tiles, 1.8 MiB static buffers
INFO mlfcs.fitting.gram_system: Accumulating streamed Gram system: 74 x 74 (0.0 MiB), effective_batch_size=1, backend=SciPy/OpenBLAS CPU
INFO mlfcs.fitting.gram_system: - Physical design kernel groups: 9, 9 bounded tiles
INFO mlfcs.fitting.gram_system: - Compiled FC2 physical design kernel in 0.00 s
INFO mlfcs.fitting.gram_system: - Compiled FC2 physical design kernel in 0.00 s
INFO mlfcs.fitting.gram_system: - Compiled FC2 physical design kernel in 0.00 s
INFO mlfcs.fitting.gram_system: - Compiled FC2 physical design kernel in 0.00 s
INFO mlfcs.fitting.gram_system: - Compiled FC2 physical design kernel in 0.00 s
INFO mlfcs.fitting.gram_system: - Compiled FC2 physical design kernel in 0.00 s
INFO mlfcs.fitting.gram_system: - Compiled FC2 physical design kernel in 0.00 s
INFO mlfcs.fitting.gram_system: - Compiled FC2 physical design kernel in 0.03 s
INFO mlfcs.fitting.gram_system: - Compiled FC2 physical design kernel in 0.01 s
INFO mlfcs.fitting.gram_system: - Gram structures: 1/100, elapsed=0.05 s
INFO mlfcs.fitting.gram_system: - Gram structures: 20/100, elapsed=1.00 s
INFO mlfcs.fitting.gram_system: - Gram structures: 40/100, elapsed=2.05 s
INFO mlfcs.fitting.gram_system: - Gram structures: 60/100, elapsed=3.04 s
INFO mlfcs.fitting.gram_system: - Gram structures: 80/100, elapsed=4.05 s
INFO mlfcs.fitting.gram_system: - Gram structures: 100/100, elapsed=5.06 s
INFO mlfcs.fitting.gram_system: - Streamed Gram system ready in 5.06 s
INFO mlfcs.fitting.gram_system: - Gram phase timing: kernel=4.73 s, transfer=0.02 s, scatter=0.17 s, constraint reduction=0.05 s, BLAS=0.04 s
INFO mlfcs.fitting.fitter: Column-norm preconditioning in constrained coordinates
INFO mlfcs.fitting.fitter: - Inverse column scale: 2.355470e-03 to 1.960026e-02
INFO mlfcs.fitting.fitter: Solving the force-only least-squares problem with streamed Gram
INFO mlfcs.fitting.fitter: - Equations: 153600, unknowns: 74
INFO mlfcs.fitting.fitter: - Maximum joint constraint residual: 1.452831e-17
INFO mlfcs.fitting.fitter: Force fitting summary
INFO mlfcs.fitting.fitter: - Training relative error: 37.090548 %
INFO mlfcs.fitting.fitter: - Validation relative error: 37.090548 %
INFO mlfcs.fitting.fitter: - Training force RMSE: 9.7390050157e-02 eV/Å
INFO mlfcs.fitting.fitter: - Validation force RMSE: 9.7390050157e-02 eV/Å
INFO mlfcs.fitting.fitter: - FC2 force contribution RMS: 2.4384454627e-01 eV/Å
INFO mlfcs.fitting.fitter: - JAX execution guard: 1 prepared program, 9 signatures, 9 tiles, Gram passes=1, prediction passes=0
INFO mlfcs.fitting.fitter: - Solver iterations=43, stop_code=0
INFO mlfcs.fitting.fitter: Expanding fitted Taylor parameters into sparse physical IFCs
INFO mlfcs.fitting.fitter: - Expanded 2008 sparse tensors in 0.06 s
INFO mlfcs.physics.sscha.solver: - Fitting relative force error: 37.090548 %
INFO mlfcs.physics.sscha.solver: Relative FC2 change: 1.294168e-02
INFO mlfcs.physics.sscha.solver: - Variational free-energy estimate: -1.6390091283e+00 +/- 3.738e-04 eV/primitive cell
INFO mlfcs.force_constants.realization: Export view cache miss; constructing new view
WARNING mlfcs.sampling.harmonic: Imaginary harmonic modes use policy 'absolute'; frequencies below 1.000e-06 THz will not raise an exception
INFO mlfcs.sampling.structures: Generated 100 harmonic perturbation structures
INFO mlfcs.sampling.structures: Harmonic sampling: qpoints=64, sampled_modes=1533/1533, minimum_frequency=0.52471478 THz
INFO mlfcs.physics.sscha.solver: SSCHA iteration 38/50: canonical sampling
INFO mlfcs.physics.sscha.solver: q points: 64
INFO mlfcs.physics.sscha.solver: - sampled modes: 1533/1533, imaginary=0, excluded=0
INFO mlfcs.physics.sscha.solver: - maximum sampled atomic displacement: 0.81699678 Å
INFO mlfcs.physics.sscha.solver: maximum displacement limit: disabled
INFO mlfcs.fitting.fitter: Training-data diagnostics (inputs are not recentered)
INFO mlfcs.fitting.fitter: - Maximum reference force: 0.0000000000e+00 eV/Å
INFO mlfcs.fitting.fitter: - Maximum snapshot net force: 2.2308801815e-14 eV/Å
INFO mlfcs.fitting.fitter: - Maximum center-of-mass displacement: 8.3926594639e-04 Å
INFO mlfcs.fitting.fitter: Constraint system: 2 rows after duplicate removal (72 ASR before compression)
INFO mlfcs.fitting.linear_solvers: Explicit constraint parameterization: 76 -> 74 parameters in 30 blocks, rank=2, nnz=135
INFO mlfcs.fitting.design_operator: - Prepared JAX feature program: 9 signatures, 9 tiles, 1.8 MiB static buffers
INFO mlfcs.fitting.gram_system: Accumulating streamed Gram system: 74 x 74 (0.0 MiB), effective_batch_size=1, backend=SciPy/OpenBLAS CPU
INFO mlfcs.fitting.gram_system: - Physical design kernel groups: 9, 9 bounded tiles
INFO mlfcs.fitting.gram_system: - Compiled FC2 physical design kernel in 0.00 s
INFO mlfcs.fitting.gram_system: - Compiled FC2 physical design kernel in 0.00 s
INFO mlfcs.fitting.gram_system: - Compiled FC2 physical design kernel in 0.00 s
INFO mlfcs.fitting.gram_system: - Compiled FC2 physical design kernel in 0.00 s
INFO mlfcs.fitting.gram_system: - Compiled FC2 physical design kernel in 0.00 s
INFO mlfcs.fitting.gram_system: - Compiled FC2 physical design kernel in 0.00 s
INFO mlfcs.fitting.gram_system: - Compiled FC2 physical design kernel in 0.01 s
INFO mlfcs.fitting.gram_system: - Compiled FC2 physical design kernel in 0.02 s
INFO mlfcs.fitting.gram_system: - Compiled FC2 physical design kernel in 0.01 s
INFO mlfcs.fitting.gram_system: - Gram structures: 1/100, elapsed=0.05 s
INFO mlfcs.fitting.gram_system: - Gram structures: 20/100, elapsed=0.97 s
INFO mlfcs.fitting.gram_system: - Gram structures: 40/100, elapsed=2.01 s
INFO mlfcs.fitting.gram_system: - Gram structures: 60/100, elapsed=3.02 s
INFO mlfcs.fitting.gram_system: - Gram structures: 80/100, elapsed=4.00 s
INFO mlfcs.fitting.gram_system: - Gram structures: 100/100, elapsed=5.08 s
INFO mlfcs.fitting.gram_system: - Streamed Gram system ready in 5.08 s
INFO mlfcs.fitting.gram_system: - Gram phase timing: kernel=4.75 s, transfer=0.02 s, scatter=0.17 s, constraint reduction=0.05 s, BLAS=0.04 s
INFO mlfcs.fitting.fitter: Column-norm preconditioning in constrained coordinates
INFO mlfcs.fitting.fitter: - Inverse column scale: 2.354797e-03 to 1.954079e-02
INFO mlfcs.fitting.fitter: Solving the force-only least-squares problem with streamed Gram
INFO mlfcs.fitting.fitter: - Equations: 153600, unknowns: 74
INFO mlfcs.fitting.fitter: - Maximum joint constraint residual: 1.295622e-17
INFO mlfcs.fitting.fitter: Force fitting summary
INFO mlfcs.fitting.fitter: - Training relative error: 37.241128 %
INFO mlfcs.fitting.fitter: - Validation relative error: 37.241128 %
INFO mlfcs.fitting.fitter: - Training force RMSE: 9.8750489527e-02 eV/Å
INFO mlfcs.fitting.fitter: - Validation force RMSE: 9.8750489527e-02 eV/Å
INFO mlfcs.fitting.fitter: - FC2 force contribution RMS: 2.4609122696e-01 eV/Å
INFO mlfcs.fitting.fitter: - JAX execution guard: 1 prepared program, 9 signatures, 9 tiles, Gram passes=1, prediction passes=0
INFO mlfcs.fitting.fitter: - Solver iterations=43, stop_code=0
INFO mlfcs.fitting.fitter: Expanding fitted Taylor parameters into sparse physical IFCs
INFO mlfcs.fitting.fitter: - Expanded 2008 sparse tensors in 0.08 s
INFO mlfcs.physics.sscha.solver: - Fitting relative force error: 37.241128 %
INFO mlfcs.physics.sscha.solver: Relative FC2 change: 1.228346e-02
INFO mlfcs.physics.sscha.solver: - Variational free-energy estimate: -1.6395652894e+00 +/- 3.557e-04 eV/primitive cell
INFO mlfcs.force_constants.realization: Export view cache miss; constructing new view
WARNING mlfcs.sampling.harmonic: Imaginary harmonic modes use policy 'absolute'; frequencies below 1.000e-06 THz will not raise an exception
INFO mlfcs.sampling.structures: Generated 100 harmonic perturbation structures
INFO mlfcs.sampling.structures: Harmonic sampling: qpoints=64, sampled_modes=1533/1533, minimum_frequency=0.51905989 THz
INFO mlfcs.physics.sscha.solver: SSCHA iteration 39/50: canonical sampling
INFO mlfcs.physics.sscha.solver: q points: 64
INFO mlfcs.physics.sscha.solver: - sampled modes: 1533/1533, imaginary=0, excluded=0
INFO mlfcs.physics.sscha.solver: - maximum sampled atomic displacement: 0.82138772 Å
INFO mlfcs.physics.sscha.solver: maximum displacement limit: disabled
INFO mlfcs.fitting.fitter: Training-data diagnostics (inputs are not recentered)
INFO mlfcs.fitting.fitter: - Maximum reference force: 0.0000000000e+00 eV/Å
INFO mlfcs.fitting.fitter: - Maximum snapshot net force: 2.0911759018e-14 eV/Å
INFO mlfcs.fitting.fitter: - Maximum center-of-mass displacement: 1.0161476713e-03 Å
INFO mlfcs.fitting.fitter: Constraint system: 2 rows after duplicate removal (72 ASR before compression)
INFO mlfcs.fitting.linear_solvers: Explicit constraint parameterization: 76 -> 74 parameters in 30 blocks, rank=2, nnz=135
INFO mlfcs.fitting.design_operator: - Prepared JAX feature program: 9 signatures, 9 tiles, 1.8 MiB static buffers
INFO mlfcs.fitting.gram_system: Accumulating streamed Gram system: 74 x 74 (0.0 MiB), effective_batch_size=1, backend=SciPy/OpenBLAS CPU
INFO mlfcs.fitting.gram_system: - Physical design kernel groups: 9, 9 bounded tiles
INFO mlfcs.fitting.gram_system: - Compiled FC2 physical design kernel in 0.00 s
INFO mlfcs.fitting.gram_system: - Compiled FC2 physical design kernel in 0.00 s
INFO mlfcs.fitting.gram_system: - Compiled FC2 physical design kernel in 0.00 s
INFO mlfcs.fitting.gram_system: - Compiled FC2 physical design kernel in 0.00 s
INFO mlfcs.fitting.gram_system: - Compiled FC2 physical design kernel in 0.00 s
INFO mlfcs.fitting.gram_system: - Compiled FC2 physical design kernel in 0.00 s
INFO mlfcs.fitting.gram_system: - Compiled FC2 physical design kernel in 0.01 s
INFO mlfcs.fitting.gram_system: - Compiled FC2 physical design kernel in 0.02 s
INFO mlfcs.fitting.gram_system: - Compiled FC2 physical design kernel in 0.02 s
INFO mlfcs.fitting.gram_system: - Gram structures: 1/100, elapsed=0.06 s
INFO mlfcs.fitting.gram_system: - Gram structures: 20/100, elapsed=1.06 s
INFO mlfcs.fitting.gram_system: - Gram structures: 40/100, elapsed=2.07 s
INFO mlfcs.fitting.gram_system: - Gram structures: 60/100, elapsed=3.08 s
INFO mlfcs.fitting.gram_system: - Gram structures: 80/100, elapsed=4.04 s
INFO mlfcs.fitting.gram_system: - Gram structures: 100/100, elapsed=5.03 s
INFO mlfcs.fitting.gram_system: - Streamed Gram system ready in 5.03 s
INFO mlfcs.fitting.gram_system: - Gram phase timing: kernel=4.70 s, transfer=0.02 s, scatter=0.17 s, constraint reduction=0.05 s, BLAS=0.04 s
INFO mlfcs.fitting.fitter: Column-norm preconditioning in constrained coordinates
INFO mlfcs.fitting.fitter: - Inverse column scale: 2.336875e-03 to 1.943992e-02
INFO mlfcs.fitting.fitter: Solving the force-only least-squares problem with streamed Gram
INFO mlfcs.fitting.fitter: - Equations: 153600, unknowns: 74
INFO mlfcs.fitting.fitter: - Maximum joint constraint residual: 1.875670e-17
INFO mlfcs.fitting.fitter: Force fitting summary
INFO mlfcs.fitting.fitter: - Training relative error: 37.140547 %
INFO mlfcs.fitting.fitter: - Validation relative error: 37.140547 %
INFO mlfcs.fitting.fitter: - Training force RMSE: 9.8331932205e-02 eV/Å
INFO mlfcs.fitting.fitter: - Validation force RMSE: 9.8331932205e-02 eV/Å
INFO mlfcs.fitting.fitter: - FC2 force contribution RMS: 2.4581847185e-01 eV/Å
INFO mlfcs.fitting.fitter: - JAX execution guard: 1 prepared program, 9 signatures, 9 tiles, Gram passes=1, prediction passes=0
INFO mlfcs.fitting.fitter: - Solver iterations=43, stop_code=0
INFO mlfcs.fitting.fitter: Expanding fitted Taylor parameters into sparse physical IFCs
INFO mlfcs.fitting.fitter: - Expanded 2008 sparse tensors in 0.08 s
INFO mlfcs.physics.sscha.solver: - Fitting relative force error: 37.140547 %
INFO mlfcs.physics.sscha.solver: Relative FC2 change: 1.103877e-02
INFO mlfcs.physics.sscha.solver: - Variational free-energy estimate: -1.6383630075e+00 +/- 3.703e-04 eV/primitive cell
INFO mlfcs.force_constants.realization: Export view cache miss; constructing new view
WARNING mlfcs.sampling.harmonic: Imaginary harmonic modes use policy 'absolute'; frequencies below 1.000e-06 THz will not raise an exception
INFO mlfcs.sampling.structures: Generated 100 harmonic perturbation structures
INFO mlfcs.sampling.structures: Harmonic sampling: qpoints=64, sampled_modes=1533/1533, minimum_frequency=0.52623592 THz
INFO mlfcs.physics.sscha.solver: SSCHA iteration 40/50: canonical sampling
INFO mlfcs.physics.sscha.solver: q points: 64
INFO mlfcs.physics.sscha.solver: - sampled modes: 1533/1533, imaginary=0, excluded=0
INFO mlfcs.physics.sscha.solver: - maximum sampled atomic displacement: 0.98606386 Å
INFO mlfcs.physics.sscha.solver: maximum displacement limit: disabled
INFO mlfcs.fitting.fitter: Training-data diagnostics (inputs are not recentered)
INFO mlfcs.fitting.fitter: - Maximum reference force: 0.0000000000e+00 eV/Å
INFO mlfcs.fitting.fitter: - Maximum snapshot net force: 1.8762096770e-14 eV/Å
INFO mlfcs.fitting.fitter: - Maximum center-of-mass displacement: 8.1247812409e-04 Å
INFO mlfcs.fitting.fitter: Constraint system: 2 rows after duplicate removal (72 ASR before compression)
INFO mlfcs.fitting.linear_solvers: Explicit constraint parameterization: 76 -> 74 parameters in 30 blocks, rank=2, nnz=135
INFO mlfcs.fitting.design_operator: - Prepared JAX feature program: 9 signatures, 9 tiles, 1.8 MiB static buffers
INFO mlfcs.fitting.gram_system: Accumulating streamed Gram system: 74 x 74 (0.0 MiB), effective_batch_size=1, backend=SciPy/OpenBLAS CPU
INFO mlfcs.fitting.gram_system: - Physical design kernel groups: 9, 9 bounded tiles
INFO mlfcs.fitting.gram_system: - Compiled FC2 physical design kernel in 0.00 s
INFO mlfcs.fitting.gram_system: - Compiled FC2 physical design kernel in 0.00 s
INFO mlfcs.fitting.gram_system: - Compiled FC2 physical design kernel in 0.00 s
INFO mlfcs.fitting.gram_system: - Compiled FC2 physical design kernel in 0.00 s
INFO mlfcs.fitting.gram_system: - Compiled FC2 physical design kernel in 0.00 s
INFO mlfcs.fitting.gram_system: - Compiled FC2 physical design kernel in 0.00 s
INFO mlfcs.fitting.gram_system: - Compiled FC2 physical design kernel in 0.01 s
INFO mlfcs.fitting.gram_system: - Compiled FC2 physical design kernel in 0.02 s
INFO mlfcs.fitting.gram_system: - Compiled FC2 physical design kernel in 0.01 s
INFO mlfcs.fitting.gram_system: - Gram structures: 1/100, elapsed=0.05 s
INFO mlfcs.fitting.gram_system: - Gram structures: 20/100, elapsed=1.03 s
INFO mlfcs.fitting.gram_system: - Gram structures: 40/100, elapsed=2.07 s
INFO mlfcs.fitting.gram_system: - Gram structures: 60/100, elapsed=3.11 s
INFO mlfcs.fitting.gram_system: - Gram structures: 80/100, elapsed=4.32 s
INFO mlfcs.fitting.gram_system: - Gram structures: 100/100, elapsed=5.59 s
INFO mlfcs.fitting.gram_system: - Streamed Gram system ready in 5.59 s
INFO mlfcs.fitting.gram_system: - Gram phase timing: kernel=5.22 s, transfer=0.03 s, scatter=0.19 s, constraint reduction=0.06 s, BLAS=0.04 s
INFO mlfcs.fitting.fitter: Column-norm preconditioning in constrained coordinates
INFO mlfcs.fitting.fitter: - Inverse column scale: 2.374389e-03 to 1.969606e-02
INFO mlfcs.fitting.fitter: Solving the force-only least-squares problem with streamed Gram
INFO mlfcs.fitting.fitter: - Equations: 153600, unknowns: 74
INFO mlfcs.fitting.fitter: - Maximum joint constraint residual: 8.023096e-18
INFO mlfcs.fitting.fitter: Force fitting summary
INFO mlfcs.fitting.fitter: - Training relative error: 36.814304 %
INFO mlfcs.fitting.fitter: - Validation relative error: 36.814304 %
INFO mlfcs.fitting.fitter: - Training force RMSE: 9.6972515005e-02 eV/Å
INFO mlfcs.fitting.fitter: - Validation force RMSE: 9.6972515005e-02 eV/Å
INFO mlfcs.fitting.fitter: - FC2 force contribution RMS: 2.4491038637e-01 eV/Å
INFO mlfcs.fitting.fitter: - JAX execution guard: 1 prepared program, 9 signatures, 9 tiles, Gram passes=1, prediction passes=0
INFO mlfcs.fitting.fitter: - Solver iterations=42, stop_code=0
INFO mlfcs.fitting.fitter: Expanding fitted Taylor parameters into sparse physical IFCs
INFO mlfcs.fitting.fitter: - Expanded 2008 sparse tensors in 0.07 s
INFO mlfcs.physics.sscha.solver: - Fitting relative force error: 36.814304 %
INFO mlfcs.physics.sscha.solver: Relative FC2 change: 1.179453e-02
INFO mlfcs.physics.sscha.solver: - Variational free-energy estimate: -1.6387373148e+00 +/- 3.346e-04 eV/primitive cell
INFO mlfcs.force_constants.realization: Export view cache miss; constructing new view
WARNING mlfcs.sampling.harmonic: Imaginary harmonic modes use policy 'absolute'; frequencies below 1.000e-06 THz will not raise an exception
INFO mlfcs.sampling.structures: Generated 100 harmonic perturbation structures
INFO mlfcs.sampling.structures: Harmonic sampling: qpoints=64, sampled_modes=1533/1533, minimum_frequency=0.52817897 THz
INFO mlfcs.physics.sscha.solver: SSCHA iteration 41/50: canonical sampling
INFO mlfcs.physics.sscha.solver: q points: 64
INFO mlfcs.physics.sscha.solver: - sampled modes: 1533/1533, imaginary=0, excluded=0
INFO mlfcs.physics.sscha.solver: - maximum sampled atomic displacement: 0.84572001 Å
INFO mlfcs.physics.sscha.solver: maximum displacement limit: disabled
INFO mlfcs.fitting.fitter: Training-data diagnostics (inputs are not recentered)
INFO mlfcs.fitting.fitter: - Maximum reference force: 0.0000000000e+00 eV/Å
INFO mlfcs.fitting.fitter: - Maximum snapshot net force: 1.4823699218e-14 eV/Å
INFO mlfcs.fitting.fitter: - Maximum center-of-mass displacement: 8.8784444227e-04 Å
INFO mlfcs.fitting.fitter: Constraint system: 2 rows after duplicate removal (72 ASR before compression)
INFO mlfcs.fitting.linear_solvers: Explicit constraint parameterization: 76 -> 74 parameters in 30 blocks, rank=2, nnz=135
INFO mlfcs.fitting.design_operator: - Prepared JAX feature program: 9 signatures, 9 tiles, 1.8 MiB static buffers
INFO mlfcs.fitting.gram_system: Accumulating streamed Gram system: 74 x 74 (0.0 MiB), effective_batch_size=1, backend=SciPy/OpenBLAS CPU
INFO mlfcs.fitting.gram_system: - Physical design kernel groups: 9, 9 bounded tiles
INFO mlfcs.fitting.gram_system: - Compiled FC2 physical design kernel in 0.00 s
INFO mlfcs.fitting.gram_system: - Compiled FC2 physical design kernel in 0.00 s
INFO mlfcs.fitting.gram_system: - Compiled FC2 physical design kernel in 0.00 s
INFO mlfcs.fitting.gram_system: - Compiled FC2 physical design kernel in 0.00 s
INFO mlfcs.fitting.gram_system: - Compiled FC2 physical design kernel in 0.01 s
INFO mlfcs.fitting.gram_system: - Compiled FC2 physical design kernel in 0.00 s
INFO mlfcs.fitting.gram_system: - Compiled FC2 physical design kernel in 0.01 s
INFO mlfcs.fitting.gram_system: - Compiled FC2 physical design kernel in 0.02 s
INFO mlfcs.fitting.gram_system: - Compiled FC2 physical design kernel in 0.02 s
INFO mlfcs.fitting.gram_system: - Gram structures: 1/100, elapsed=0.07 s
INFO mlfcs.fitting.gram_system: - Gram structures: 20/100, elapsed=1.10 s
INFO mlfcs.fitting.gram_system: - Gram structures: 40/100, elapsed=2.07 s
INFO mlfcs.fitting.gram_system: - Gram structures: 60/100, elapsed=3.05 s
INFO mlfcs.fitting.gram_system: - Gram structures: 80/100, elapsed=4.06 s
INFO mlfcs.fitting.gram_system: - Gram structures: 100/100, elapsed=5.04 s
INFO mlfcs.fitting.gram_system: - Streamed Gram system ready in 5.04 s
INFO mlfcs.fitting.gram_system: - Gram phase timing: kernel=4.72 s, transfer=0.02 s, scatter=0.17 s, constraint reduction=0.04 s, BLAS=0.03 s
INFO mlfcs.fitting.fitter: Column-norm preconditioning in constrained coordinates
INFO mlfcs.fitting.fitter: - Inverse column scale: 2.357393e-03 to 1.966681e-02
INFO mlfcs.fitting.fitter: Solving the force-only least-squares problem with streamed Gram
INFO mlfcs.fitting.fitter: - Equations: 153600, unknowns: 74
INFO mlfcs.fitting.fitter: - Maximum joint constraint residual: 3.144186e-18
INFO mlfcs.fitting.fitter: Force fitting summary
INFO mlfcs.fitting.fitter: - Training relative error: 36.976072 %
INFO mlfcs.fitting.fitter: - Validation relative error: 36.976072 %
INFO mlfcs.fitting.fitter: - Training force RMSE: 9.6738936804e-02 eV/Å
INFO mlfcs.fitting.fitter: - Validation force RMSE: 9.6738936804e-02 eV/Å
INFO mlfcs.fitting.fitter: - FC2 force contribution RMS: 2.4308357689e-01 eV/Å
INFO mlfcs.fitting.fitter: - JAX execution guard: 1 prepared program, 9 signatures, 9 tiles, Gram passes=1, prediction passes=0
INFO mlfcs.fitting.fitter: - Solver iterations=43, stop_code=0
INFO mlfcs.fitting.fitter: Expanding fitted Taylor parameters into sparse physical IFCs
INFO mlfcs.fitting.fitter: - Expanded 2008 sparse tensors in 0.06 s
INFO mlfcs.physics.sscha.solver: - Fitting relative force error: 36.976072 %
INFO mlfcs.physics.sscha.solver: Relative FC2 change: 1.306273e-02
INFO mlfcs.physics.sscha.solver: - Variational free-energy estimate: -1.6394786631e+00 +/- 3.996e-04 eV/primitive cell
INFO mlfcs.force_constants.realization: Export view cache miss; constructing new view
WARNING mlfcs.sampling.harmonic: Imaginary harmonic modes use policy 'absolute'; frequencies below 1.000e-06 THz will not raise an exception
INFO mlfcs.sampling.structures: Generated 100 harmonic perturbation structures
INFO mlfcs.sampling.structures: Harmonic sampling: qpoints=64, sampled_modes=1533/1533, minimum_frequency=0.52970944 THz
INFO mlfcs.physics.sscha.solver: SSCHA iteration 42/50: canonical sampling
INFO mlfcs.physics.sscha.solver: q points: 64
INFO mlfcs.physics.sscha.solver: - sampled modes: 1533/1533, imaginary=0, excluded=0
INFO mlfcs.physics.sscha.solver: - maximum sampled atomic displacement: 0.81773752 Å
INFO mlfcs.physics.sscha.solver: maximum displacement limit: disabled
INFO mlfcs.fitting.fitter: Training-data diagnostics (inputs are not recentered)
INFO mlfcs.fitting.fitter: - Maximum reference force: 0.0000000000e+00 eV/Å
INFO mlfcs.fitting.fitter: - Maximum snapshot net force: 2.0633577798e-14 eV/Å
INFO mlfcs.fitting.fitter: - Maximum center-of-mass displacement: 1.0980943235e-03 Å
INFO mlfcs.fitting.fitter: Constraint system: 2 rows after duplicate removal (72 ASR before compression)
INFO mlfcs.fitting.linear_solvers: Explicit constraint parameterization: 76 -> 74 parameters in 30 blocks, rank=2, nnz=135
INFO mlfcs.fitting.design_operator: - Prepared JAX feature program: 9 signatures, 9 tiles, 1.8 MiB static buffers
INFO mlfcs.fitting.gram_system: Accumulating streamed Gram system: 74 x 74 (0.0 MiB), effective_batch_size=1, backend=SciPy/OpenBLAS CPU
INFO mlfcs.fitting.gram_system: - Physical design kernel groups: 9, 9 bounded tiles
INFO mlfcs.fitting.gram_system: - Compiled FC2 physical design kernel in 0.00 s
INFO mlfcs.fitting.gram_system: - Compiled FC2 physical design kernel in 0.00 s
INFO mlfcs.fitting.gram_system: - Compiled FC2 physical design kernel in 0.00 s
INFO mlfcs.fitting.gram_system: - Compiled FC2 physical design kernel in 0.00 s
INFO mlfcs.fitting.gram_system: - Compiled FC2 physical design kernel in 0.00 s
INFO mlfcs.fitting.gram_system: - Compiled FC2 physical design kernel in 0.00 s
INFO mlfcs.fitting.gram_system: - Compiled FC2 physical design kernel in 0.01 s
INFO mlfcs.fitting.gram_system: - Compiled FC2 physical design kernel in 0.03 s
INFO mlfcs.fitting.gram_system: - Compiled FC2 physical design kernel in 0.02 s
INFO mlfcs.fitting.gram_system: - Gram structures: 1/100, elapsed=0.06 s
INFO mlfcs.fitting.gram_system: - Gram structures: 20/100, elapsed=0.97 s
INFO mlfcs.fitting.gram_system: - Gram structures: 40/100, elapsed=1.93 s
INFO mlfcs.fitting.gram_system: - Gram structures: 60/100, elapsed=2.93 s
INFO mlfcs.fitting.gram_system: - Gram structures: 80/100, elapsed=3.93 s
INFO mlfcs.fitting.gram_system: - Gram structures: 100/100, elapsed=4.94 s
INFO mlfcs.fitting.gram_system: - Streamed Gram system ready in 4.94 s
INFO mlfcs.fitting.gram_system: - Gram phase timing: kernel=4.60 s, transfer=0.02 s, scatter=0.17 s, constraint reduction=0.06 s, BLAS=0.04 s
INFO mlfcs.fitting.fitter: Column-norm preconditioning in constrained coordinates
INFO mlfcs.fitting.fitter: - Inverse column scale: 2.347604e-03 to 1.954564e-02
INFO mlfcs.fitting.fitter: Solving the force-only least-squares problem with streamed Gram
INFO mlfcs.fitting.fitter: - Equations: 153600, unknowns: 74
INFO mlfcs.fitting.fitter: - Maximum joint constraint residual: 5.908902e-18
INFO mlfcs.fitting.fitter: Force fitting summary
INFO mlfcs.fitting.fitter: - Training relative error: 37.417774 %
INFO mlfcs.fitting.fitter: - Validation relative error: 37.417774 %
INFO mlfcs.fitting.fitter: - Training force RMSE: 9.8907312641e-02 eV/Å
INFO mlfcs.fitting.fitter: - Validation force RMSE: 9.8907312641e-02 eV/Å
INFO mlfcs.fitting.fitter: - FC2 force contribution RMS: 2.4513053350e-01 eV/Å
INFO mlfcs.fitting.fitter: - JAX execution guard: 1 prepared program, 9 signatures, 9 tiles, Gram passes=1, prediction passes=0
INFO mlfcs.fitting.fitter: - Solver iterations=44, stop_code=0
INFO mlfcs.fitting.fitter: Expanding fitted Taylor parameters into sparse physical IFCs
INFO mlfcs.fitting.fitter: - Expanded 2008 sparse tensors in 0.06 s
INFO mlfcs.physics.sscha.solver: - Fitting relative force error: 37.417774 %
INFO mlfcs.physics.sscha.solver: Relative FC2 change: 1.252293e-02
INFO mlfcs.physics.sscha.solver: - Variational free-energy estimate: -1.6401033790e+00 +/- 3.716e-04 eV/primitive cell
INFO mlfcs.force_constants.realization: Export view cache miss; constructing new view
WARNING mlfcs.sampling.harmonic: Imaginary harmonic modes use policy 'absolute'; frequencies below 1.000e-06 THz will not raise an exception
INFO mlfcs.sampling.structures: Generated 100 harmonic perturbation structures
INFO mlfcs.sampling.structures: Harmonic sampling: qpoints=64, sampled_modes=1533/1533, minimum_frequency=0.53260835 THz
INFO mlfcs.physics.sscha.solver: SSCHA iteration 43/50: canonical sampling
INFO mlfcs.physics.sscha.solver: q points: 64
INFO mlfcs.physics.sscha.solver: - sampled modes: 1533/1533, imaginary=0, excluded=0
INFO mlfcs.physics.sscha.solver: - maximum sampled atomic displacement: 0.87811655 Å
INFO mlfcs.physics.sscha.solver: maximum displacement limit: disabled
INFO mlfcs.fitting.fitter: Training-data diagnostics (inputs are not recentered)
INFO mlfcs.fitting.fitter: - Maximum reference force: 0.0000000000e+00 eV/Å
INFO mlfcs.fitting.fitter: - Maximum snapshot net force: 1.8200971344e-14 eV/Å
INFO mlfcs.fitting.fitter: - Maximum center-of-mass displacement: 1.1288347451e-03 Å
INFO mlfcs.fitting.fitter: Constraint system: 2 rows after duplicate removal (72 ASR before compression)
INFO mlfcs.fitting.linear_solvers: Explicit constraint parameterization: 76 -> 74 parameters in 30 blocks, rank=2, nnz=135
INFO mlfcs.fitting.design_operator: - Prepared JAX feature program: 9 signatures, 9 tiles, 1.8 MiB static buffers
INFO mlfcs.fitting.gram_system: Accumulating streamed Gram system: 74 x 74 (0.0 MiB), effective_batch_size=1, backend=SciPy/OpenBLAS CPU
INFO mlfcs.fitting.gram_system: - Physical design kernel groups: 9, 9 bounded tiles
INFO mlfcs.fitting.gram_system: - Compiled FC2 physical design kernel in 0.00 s
INFO mlfcs.fitting.gram_system: - Compiled FC2 physical design kernel in 0.00 s
INFO mlfcs.fitting.gram_system: - Compiled FC2 physical design kernel in 0.00 s
INFO mlfcs.fitting.gram_system: - Compiled FC2 physical design kernel in 0.00 s
INFO mlfcs.fitting.gram_system: - Compiled FC2 physical design kernel in 0.00 s
INFO mlfcs.fitting.gram_system: - Compiled FC2 physical design kernel in 0.00 s
INFO mlfcs.fitting.gram_system: - Compiled FC2 physical design kernel in 0.01 s
INFO mlfcs.fitting.gram_system: - Compiled FC2 physical design kernel in 0.03 s
INFO mlfcs.fitting.gram_system: - Compiled FC2 physical design kernel in 0.01 s
INFO mlfcs.fitting.gram_system: - Gram structures: 1/100, elapsed=0.06 s
INFO mlfcs.fitting.gram_system: - Gram structures: 20/100, elapsed=1.01 s
INFO mlfcs.fitting.gram_system: - Gram structures: 40/100, elapsed=1.96 s
INFO mlfcs.fitting.gram_system: - Gram structures: 60/100, elapsed=2.93 s
INFO mlfcs.fitting.gram_system: - Gram structures: 80/100, elapsed=3.90 s
INFO mlfcs.fitting.gram_system: - Gram structures: 100/100, elapsed=4.87 s
INFO mlfcs.fitting.gram_system: - Streamed Gram system ready in 4.87 s
INFO mlfcs.fitting.gram_system: - Gram phase timing: kernel=4.54 s, transfer=0.02 s, scatter=0.16 s, constraint reduction=0.05 s, BLAS=0.04 s
INFO mlfcs.fitting.fitter: Column-norm preconditioning in constrained coordinates
INFO mlfcs.fitting.fitter: - Inverse column scale: 2.369934e-03 to 1.966837e-02
INFO mlfcs.fitting.fitter: Solving the force-only least-squares problem with streamed Gram
INFO mlfcs.fitting.fitter: - Equations: 153600, unknowns: 74
INFO mlfcs.fitting.fitter: - Maximum joint constraint residual: 1.902775e-17
INFO mlfcs.fitting.fitter: Force fitting summary
INFO mlfcs.fitting.fitter: - Training relative error: 37.176757 %
INFO mlfcs.fitting.fitter: - Validation relative error: 37.176757 %
INFO mlfcs.fitting.fitter: - Training force RMSE: 9.8169348945e-02 eV/Å
INFO mlfcs.fitting.fitter: - Validation force RMSE: 9.8169348945e-02 eV/Å
INFO mlfcs.fitting.fitter: - FC2 force contribution RMS: 2.4513473074e-01 eV/Å
INFO mlfcs.fitting.fitter: - JAX execution guard: 1 prepared program, 9 signatures, 9 tiles, Gram passes=1, prediction passes=0
INFO mlfcs.fitting.fitter: - Solver iterations=43, stop_code=0
INFO mlfcs.fitting.fitter: Expanding fitted Taylor parameters into sparse physical IFCs
INFO mlfcs.fitting.fitter: - Expanded 2008 sparse tensors in 0.08 s
INFO mlfcs.physics.sscha.solver: - Fitting relative force error: 37.176757 %
INFO mlfcs.physics.sscha.solver: Relative FC2 change: 1.124323e-02
INFO mlfcs.physics.sscha.solver: - Variational free-energy estimate: -1.6376469080e+00 +/- 3.706e-04 eV/primitive cell
INFO mlfcs.force_constants.realization: Export view cache miss; constructing new view
WARNING mlfcs.sampling.harmonic: Imaginary harmonic modes use policy 'absolute'; frequencies below 1.000e-06 THz will not raise an exception
INFO mlfcs.sampling.structures: Generated 100 harmonic perturbation structures
INFO mlfcs.sampling.structures: Harmonic sampling: qpoints=64, sampled_modes=1533/1533, minimum_frequency=0.53573735 THz
INFO mlfcs.physics.sscha.solver: SSCHA iteration 44/50: canonical sampling
INFO mlfcs.physics.sscha.solver: q points: 64
INFO mlfcs.physics.sscha.solver: - sampled modes: 1533/1533, imaginary=0, excluded=0
INFO mlfcs.physics.sscha.solver: - maximum sampled atomic displacement: 0.79306698 Å
INFO mlfcs.physics.sscha.solver: maximum displacement limit: disabled
INFO mlfcs.fitting.fitter: Training-data diagnostics (inputs are not recentered)
INFO mlfcs.fitting.fitter: - Maximum reference force: 0.0000000000e+00 eV/Å
INFO mlfcs.fitting.fitter: - Maximum snapshot net force: 1.6644971778e-14 eV/Å
INFO mlfcs.fitting.fitter: - Maximum center-of-mass displacement: 1.0785376782e-03 Å
INFO mlfcs.fitting.fitter: Constraint system: 2 rows after duplicate removal (72 ASR before compression)
INFO mlfcs.fitting.linear_solvers: Explicit constraint parameterization: 76 -> 74 parameters in 30 blocks, rank=2, nnz=135
INFO mlfcs.fitting.design_operator: - Prepared JAX feature program: 9 signatures, 9 tiles, 1.8 MiB static buffers
INFO mlfcs.fitting.gram_system: Accumulating streamed Gram system: 74 x 74 (0.0 MiB), effective_batch_size=1, backend=SciPy/OpenBLAS CPU
INFO mlfcs.fitting.gram_system: - Physical design kernel groups: 9, 9 bounded tiles
INFO mlfcs.fitting.gram_system: - Compiled FC2 physical design kernel in 0.00 s
INFO mlfcs.fitting.gram_system: - Compiled FC2 physical design kernel in 0.00 s
INFO mlfcs.fitting.gram_system: - Compiled FC2 physical design kernel in 0.00 s
INFO mlfcs.fitting.gram_system: - Compiled FC2 physical design kernel in 0.00 s
INFO mlfcs.fitting.gram_system: - Compiled FC2 physical design kernel in 0.00 s
INFO mlfcs.fitting.gram_system: - Compiled FC2 physical design kernel in 0.00 s
INFO mlfcs.fitting.gram_system: - Compiled FC2 physical design kernel in 0.00 s
INFO mlfcs.fitting.gram_system: - Compiled FC2 physical design kernel in 0.03 s
INFO mlfcs.fitting.gram_system: - Compiled FC2 physical design kernel in 0.01 s
INFO mlfcs.fitting.gram_system: - Gram structures: 1/100, elapsed=0.05 s
INFO mlfcs.fitting.gram_system: - Gram structures: 20/100, elapsed=1.03 s
INFO mlfcs.fitting.gram_system: - Gram structures: 40/100, elapsed=1.99 s
INFO mlfcs.fitting.gram_system: - Gram structures: 60/100, elapsed=2.99 s
INFO mlfcs.fitting.gram_system: - Gram structures: 80/100, elapsed=3.99 s
INFO mlfcs.fitting.gram_system: - Gram structures: 100/100, elapsed=5.01 s
INFO mlfcs.fitting.gram_system: - Streamed Gram system ready in 5.01 s
INFO mlfcs.fitting.gram_system: - Gram phase timing: kernel=4.68 s, transfer=0.02 s, scatter=0.17 s, constraint reduction=0.05 s, BLAS=0.04 s
INFO mlfcs.fitting.fitter: Column-norm preconditioning in constrained coordinates
INFO mlfcs.fitting.fitter: - Inverse column scale: 2.370460e-03 to 1.970002e-02
INFO mlfcs.fitting.fitter: Solving the force-only least-squares problem with streamed Gram
INFO mlfcs.fitting.fitter: - Equations: 153600, unknowns: 74
INFO mlfcs.fitting.fitter: - Maximum joint constraint residual: 1.165517e-17
INFO mlfcs.fitting.fitter: Force fitting summary
INFO mlfcs.fitting.fitter: - Training relative error: 36.964006 %
INFO mlfcs.fitting.fitter: - Validation relative error: 36.964006 %
INFO mlfcs.fitting.fitter: - Training force RMSE: 9.7221465032e-02 eV/Å
INFO mlfcs.fitting.fitter: - Validation force RMSE: 9.7221465032e-02 eV/Å
INFO mlfcs.fitting.fitter: - FC2 force contribution RMS: 2.4438844138e-01 eV/Å
INFO mlfcs.fitting.fitter: - JAX execution guard: 1 prepared program, 9 signatures, 9 tiles, Gram passes=1, prediction passes=0
INFO mlfcs.fitting.fitter: - Solver iterations=43, stop_code=0
INFO mlfcs.fitting.fitter: Expanding fitted Taylor parameters into sparse physical IFCs
INFO mlfcs.fitting.fitter: - Expanded 2008 sparse tensors in 0.05 s
INFO mlfcs.physics.sscha.solver: - Fitting relative force error: 36.964006 %
INFO mlfcs.physics.sscha.solver: Relative FC2 change: 1.040437e-02
INFO mlfcs.physics.sscha.solver: - Variational free-energy estimate: -1.6378599585e+00 +/- 3.593e-04 eV/primitive cell
INFO mlfcs.force_constants.realization: Export view cache miss; constructing new view
WARNING mlfcs.sampling.harmonic: Imaginary harmonic modes use policy 'absolute'; frequencies below 1.000e-06 THz will not raise an exception
INFO mlfcs.sampling.structures: Generated 100 harmonic perturbation structures
INFO mlfcs.sampling.structures: Harmonic sampling: qpoints=64, sampled_modes=1533/1533, minimum_frequency=0.52226148 THz
INFO mlfcs.physics.sscha.solver: SSCHA iteration 45/50: canonical sampling
INFO mlfcs.physics.sscha.solver: q points: 64
INFO mlfcs.physics.sscha.solver: - sampled modes: 1533/1533, imaginary=0, excluded=0
INFO mlfcs.physics.sscha.solver: - maximum sampled atomic displacement: 0.87728017 Å
INFO mlfcs.physics.sscha.solver: maximum displacement limit: disabled
INFO mlfcs.fitting.fitter: Training-data diagnostics (inputs are not recentered)
INFO mlfcs.fitting.fitter: - Maximum reference force: 0.0000000000e+00 eV/Å
INFO mlfcs.fitting.fitter: - Maximum snapshot net force: 1.5311078211e-14 eV/Å
INFO mlfcs.fitting.fitter: - Maximum center-of-mass displacement: 8.8022158568e-04 Å
INFO mlfcs.fitting.fitter: Constraint system: 2 rows after duplicate removal (72 ASR before compression)
INFO mlfcs.fitting.linear_solvers: Explicit constraint parameterization: 76 -> 74 parameters in 30 blocks, rank=2, nnz=135
INFO mlfcs.fitting.design_operator: - Prepared JAX feature program: 9 signatures, 9 tiles, 1.8 MiB static buffers
INFO mlfcs.fitting.gram_system: Accumulating streamed Gram system: 74 x 74 (0.0 MiB), effective_batch_size=1, backend=SciPy/OpenBLAS CPU
INFO mlfcs.fitting.gram_system: - Physical design kernel groups: 9, 9 bounded tiles
INFO mlfcs.fitting.gram_system: - Compiled FC2 physical design kernel in 0.00 s
INFO mlfcs.fitting.gram_system: - Compiled FC2 physical design kernel in 0.00 s
INFO mlfcs.fitting.gram_system: - Compiled FC2 physical design kernel in 0.00 s
INFO mlfcs.fitting.gram_system: - Compiled FC2 physical design kernel in 0.00 s
INFO mlfcs.fitting.gram_system: - Compiled FC2 physical design kernel in 0.01 s
INFO mlfcs.fitting.gram_system: - Compiled FC2 physical design kernel in 0.00 s
INFO mlfcs.fitting.gram_system: - Compiled FC2 physical design kernel in 0.01 s
INFO mlfcs.fitting.gram_system: - Compiled FC2 physical design kernel in 0.02 s
INFO mlfcs.fitting.gram_system: - Compiled FC2 physical design kernel in 0.02 s
INFO mlfcs.fitting.gram_system: - Gram structures: 1/100, elapsed=0.07 s
INFO mlfcs.fitting.gram_system: - Gram structures: 20/100, elapsed=1.07 s
INFO mlfcs.fitting.gram_system: - Gram structures: 40/100, elapsed=2.08 s
INFO mlfcs.fitting.gram_system: - Gram structures: 60/100, elapsed=3.09 s
INFO mlfcs.fitting.gram_system: - Gram structures: 80/100, elapsed=4.16 s
INFO mlfcs.fitting.gram_system: - Gram structures: 100/100, elapsed=5.24 s
INFO mlfcs.fitting.gram_system: - Streamed Gram system ready in 5.24 s
INFO mlfcs.fitting.gram_system: - Gram phase timing: kernel=4.89 s, transfer=0.03 s, scatter=0.18 s, constraint reduction=0.05 s, BLAS=0.04 s
INFO mlfcs.fitting.fitter: Column-norm preconditioning in constrained coordinates
INFO mlfcs.fitting.fitter: - Inverse column scale: 2.371254e-03 to 1.968385e-02
INFO mlfcs.fitting.fitter: Solving the force-only least-squares problem with streamed Gram
INFO mlfcs.fitting.fitter: - Equations: 153600, unknowns: 74
INFO mlfcs.fitting.fitter: - Maximum joint constraint residual: 9.324139e-18
INFO mlfcs.fitting.fitter: Force fitting summary
INFO mlfcs.fitting.fitter: - Training relative error: 37.308238 %
INFO mlfcs.fitting.fitter: - Validation relative error: 37.308238 %
INFO mlfcs.fitting.fitter: - Training force RMSE: 9.8294010064e-02 eV/Å
INFO mlfcs.fitting.fitter: - Validation force RMSE: 9.8294010064e-02 eV/Å
INFO mlfcs.fitting.fitter: - FC2 force contribution RMS: 2.4444201032e-01 eV/Å
INFO mlfcs.fitting.fitter: - JAX execution guard: 1 prepared program, 9 signatures, 9 tiles, Gram passes=1, prediction passes=0
INFO mlfcs.fitting.fitter: - Solver iterations=43, stop_code=0
INFO mlfcs.fitting.fitter: Expanding fitted Taylor parameters into sparse physical IFCs
INFO mlfcs.fitting.fitter: - Expanded 2008 sparse tensors in 0.08 s
INFO mlfcs.physics.sscha.solver: - Fitting relative force error: 37.308238 %
INFO mlfcs.physics.sscha.solver: Relative FC2 change: 1.074766e-02
INFO mlfcs.physics.sscha.solver: - Variational free-energy estimate: -1.6391925762e+00 +/- 3.921e-04 eV/primitive cell
INFO mlfcs.force_constants.realization: Export view cache miss; constructing new view
WARNING mlfcs.sampling.harmonic: Imaginary harmonic modes use policy 'absolute'; frequencies below 1.000e-06 THz will not raise an exception
INFO mlfcs.sampling.structures: Generated 100 harmonic perturbation structures
INFO mlfcs.sampling.structures: Harmonic sampling: qpoints=64, sampled_modes=1533/1533, minimum_frequency=0.52360092 THz
INFO mlfcs.physics.sscha.solver: SSCHA iteration 46/50: canonical sampling
INFO mlfcs.physics.sscha.solver: q points: 64
INFO mlfcs.physics.sscha.solver: - sampled modes: 1533/1533, imaginary=0, excluded=0
INFO mlfcs.physics.sscha.solver: - maximum sampled atomic displacement: 0.83059198 Å
INFO mlfcs.physics.sscha.solver: maximum displacement limit: disabled
INFO mlfcs.fitting.fitter: Training-data diagnostics (inputs are not recentered)
INFO mlfcs.fitting.fitter: - Maximum reference force: 0.0000000000e+00 eV/Å
INFO mlfcs.fitting.fitter: - Maximum snapshot net force: 1.9336315731e-14 eV/Å
INFO mlfcs.fitting.fitter: - Maximum center-of-mass displacement: 1.0448523549e-03 Å
INFO mlfcs.fitting.fitter: Constraint system: 2 rows after duplicate removal (72 ASR before compression)
INFO mlfcs.fitting.linear_solvers: Explicit constraint parameterization: 76 -> 74 parameters in 30 blocks, rank=2, nnz=135
INFO mlfcs.fitting.design_operator: - Prepared JAX feature program: 9 signatures, 9 tiles, 1.8 MiB static buffers
INFO mlfcs.fitting.gram_system: Accumulating streamed Gram system: 74 x 74 (0.0 MiB), effective_batch_size=1, backend=SciPy/OpenBLAS CPU
INFO mlfcs.fitting.gram_system: - Physical design kernel groups: 9, 9 bounded tiles
INFO mlfcs.fitting.gram_system: - Compiled FC2 physical design kernel in 0.00 s
INFO mlfcs.fitting.gram_system: - Compiled FC2 physical design kernel in 0.00 s
INFO mlfcs.fitting.gram_system: - Compiled FC2 physical design kernel in 0.00 s
INFO mlfcs.fitting.gram_system: - Compiled FC2 physical design kernel in 0.00 s
INFO mlfcs.fitting.gram_system: - Compiled FC2 physical design kernel in 0.00 s
INFO mlfcs.fitting.gram_system: - Compiled FC2 physical design kernel in 0.00 s
INFO mlfcs.fitting.gram_system: - Compiled FC2 physical design kernel in 0.00 s
INFO mlfcs.fitting.gram_system: - Compiled FC2 physical design kernel in 0.02 s
INFO mlfcs.fitting.gram_system: - Compiled FC2 physical design kernel in 0.01 s
INFO mlfcs.fitting.gram_system: - Gram structures: 1/100, elapsed=0.04 s
INFO mlfcs.fitting.gram_system: - Gram structures: 20/100, elapsed=0.75 s
INFO mlfcs.fitting.gram_system: - Gram structures: 40/100, elapsed=1.46 s
INFO mlfcs.fitting.gram_system: - Gram structures: 60/100, elapsed=2.26 s
INFO mlfcs.fitting.gram_system: - Gram structures: 80/100, elapsed=3.05 s
INFO mlfcs.fitting.gram_system: - Gram structures: 100/100, elapsed=3.82 s
INFO mlfcs.fitting.gram_system: - Streamed Gram system ready in 3.82 s
INFO mlfcs.fitting.gram_system: - Gram phase timing: kernel=3.57 s, transfer=0.02 s, scatter=0.13 s, constraint reduction=0.04 s, BLAS=0.03 s
INFO mlfcs.fitting.fitter: Column-norm preconditioning in constrained coordinates
INFO mlfcs.fitting.fitter: - Inverse column scale: 2.401020e-03 to 1.976746e-02
INFO mlfcs.fitting.fitter: Solving the force-only least-squares problem with streamed Gram
INFO mlfcs.fitting.fitter: - Equations: 153600, unknowns: 74
INFO mlfcs.fitting.fitter: - Maximum joint constraint residual: 4.168757e-17
INFO mlfcs.fitting.fitter: Force fitting summary
INFO mlfcs.fitting.fitter: - Training relative error: 37.165488 %
INFO mlfcs.fitting.fitter: - Validation relative error: 37.165488 %
INFO mlfcs.fitting.fitter: - Training force RMSE: 9.8823413422e-02 eV/Å
INFO mlfcs.fitting.fitter: - Validation force RMSE: 9.8823413422e-02 eV/Å
INFO mlfcs.fitting.fitter: - FC2 force contribution RMS: 2.4685478875e-01 eV/Å
INFO mlfcs.fitting.fitter: - JAX execution guard: 1 prepared program, 9 signatures, 9 tiles, Gram passes=1, prediction passes=0
INFO mlfcs.fitting.fitter: - Solver iterations=43, stop_code=0
INFO mlfcs.fitting.fitter: Expanding fitted Taylor parameters into sparse physical IFCs
INFO mlfcs.fitting.fitter: - Expanded 2008 sparse tensors in 0.05 s
INFO mlfcs.physics.sscha.solver: - Fitting relative force error: 37.165488 %
INFO mlfcs.physics.sscha.solver: Relative FC2 change: 1.087157e-02
INFO mlfcs.physics.sscha.solver: - Variational free-energy estimate: -1.6388007199e+00 +/- 4.403e-04 eV/primitive cell
INFO mlfcs.force_constants.realization: Export view cache miss; constructing new view
WARNING mlfcs.sampling.harmonic: Imaginary harmonic modes use policy 'absolute'; frequencies below 1.000e-06 THz will not raise an exception
INFO mlfcs.sampling.structures: Generated 100 harmonic perturbation structures
INFO mlfcs.sampling.structures: Harmonic sampling: qpoints=64, sampled_modes=1533/1533, minimum_frequency=0.52339082 THz
INFO mlfcs.physics.sscha.solver: SSCHA iteration 47/50: canonical sampling
INFO mlfcs.physics.sscha.solver: q points: 64
INFO mlfcs.physics.sscha.solver: - sampled modes: 1533/1533, imaginary=0, excluded=0
INFO mlfcs.physics.sscha.solver: - maximum sampled atomic displacement: 0.88155887 Å
INFO mlfcs.physics.sscha.solver: maximum displacement limit: disabled
INFO mlfcs.fitting.fitter: Training-data diagnostics (inputs are not recentered)
INFO mlfcs.fitting.fitter: - Maximum reference force: 0.0000000000e+00 eV/Å
INFO mlfcs.fitting.fitter: - Maximum snapshot net force: 1.8648958657e-14 eV/Å
INFO mlfcs.fitting.fitter: - Maximum center-of-mass displacement: 9.9266353604e-04 Å
INFO mlfcs.fitting.fitter: Constraint system: 2 rows after duplicate removal (72 ASR before compression)
INFO mlfcs.fitting.linear_solvers: Explicit constraint parameterization: 76 -> 74 parameters in 30 blocks, rank=2, nnz=135
INFO mlfcs.fitting.design_operator: - Prepared JAX feature program: 9 signatures, 9 tiles, 1.8 MiB static buffers
INFO mlfcs.fitting.gram_system: Accumulating streamed Gram system: 74 x 74 (0.0 MiB), effective_batch_size=1, backend=SciPy/OpenBLAS CPU
INFO mlfcs.fitting.gram_system: - Physical design kernel groups: 9, 9 bounded tiles
INFO mlfcs.fitting.gram_system: - Compiled FC2 physical design kernel in 0.00 s
INFO mlfcs.fitting.gram_system: - Compiled FC2 physical design kernel in 0.00 s
INFO mlfcs.fitting.gram_system: - Compiled FC2 physical design kernel in 0.00 s
INFO mlfcs.fitting.gram_system: - Compiled FC2 physical design kernel in 0.00 s
INFO mlfcs.fitting.gram_system: - Compiled FC2 physical design kernel in 0.00 s
INFO mlfcs.fitting.gram_system: - Compiled FC2 physical design kernel in 0.00 s
INFO mlfcs.fitting.gram_system: - Compiled FC2 physical design kernel in 0.00 s
INFO mlfcs.fitting.gram_system: - Compiled FC2 physical design kernel in 0.02 s
INFO mlfcs.fitting.gram_system: - Compiled FC2 physical design kernel in 0.01 s
INFO mlfcs.fitting.gram_system: - Gram structures: 1/100, elapsed=0.04 s
INFO mlfcs.fitting.gram_system: - Gram structures: 20/100, elapsed=0.73 s
INFO mlfcs.fitting.gram_system: - Gram structures: 40/100, elapsed=1.43 s
INFO mlfcs.fitting.gram_system: - Gram structures: 60/100, elapsed=2.18 s
INFO mlfcs.fitting.gram_system: - Gram structures: 80/100, elapsed=2.92 s
INFO mlfcs.fitting.gram_system: - Gram structures: 100/100, elapsed=3.66 s
INFO mlfcs.fitting.gram_system: - Streamed Gram system ready in 3.66 s
INFO mlfcs.fitting.gram_system: - Gram phase timing: kernel=3.42 s, transfer=0.02 s, scatter=0.12 s, constraint reduction=0.04 s, BLAS=0.03 s
INFO mlfcs.fitting.fitter: Column-norm preconditioning in constrained coordinates
INFO mlfcs.fitting.fitter: - Inverse column scale: 2.361812e-03 to 1.975271e-02
INFO mlfcs.fitting.fitter: Solving the force-only least-squares problem with streamed Gram
INFO mlfcs.fitting.fitter: - Equations: 153600, unknowns: 74
INFO mlfcs.fitting.fitter: - Maximum joint constraint residual: 8.023096e-18
INFO mlfcs.fitting.fitter: Force fitting summary
INFO mlfcs.fitting.fitter: - Training relative error: 37.064678 %
INFO mlfcs.fitting.fitter: - Validation relative error: 37.064678 %
INFO mlfcs.fitting.fitter: - Training force RMSE: 9.7582848470e-02 eV/Å
INFO mlfcs.fitting.fitter: - Validation force RMSE: 9.7582848470e-02 eV/Å
INFO mlfcs.fitting.fitter: - FC2 force contribution RMS: 2.4452500155e-01 eV/Å
INFO mlfcs.fitting.fitter: - JAX execution guard: 1 prepared program, 9 signatures, 9 tiles, Gram passes=1, prediction passes=0
INFO mlfcs.fitting.fitter: - Solver iterations=43, stop_code=0
INFO mlfcs.fitting.fitter: Expanding fitted Taylor parameters into sparse physical IFCs
INFO mlfcs.fitting.fitter: - Expanded 2008 sparse tensors in 0.06 s
INFO mlfcs.physics.sscha.solver: - Fitting relative force error: 37.064678 %
INFO mlfcs.physics.sscha.solver: Relative FC2 change: 1.026572e-02
INFO mlfcs.physics.sscha.solver: - Variational free-energy estimate: -1.6374407016e+00 +/- 3.646e-04 eV/primitive cell
INFO mlfcs.force_constants.realization: Export view cache miss; constructing new view
WARNING mlfcs.sampling.harmonic: Imaginary harmonic modes use policy 'absolute'; frequencies below 1.000e-06 THz will not raise an exception
INFO mlfcs.sampling.structures: Generated 100 harmonic perturbation structures
INFO mlfcs.sampling.structures: Harmonic sampling: qpoints=64, sampled_modes=1533/1533, minimum_frequency=0.52707235 THz
INFO mlfcs.physics.sscha.solver: SSCHA iteration 48/50: canonical sampling
INFO mlfcs.physics.sscha.solver: q points: 64
INFO mlfcs.physics.sscha.solver: - sampled modes: 1533/1533, imaginary=0, excluded=0
INFO mlfcs.physics.sscha.solver: - maximum sampled atomic displacement: 0.93759744 Å
INFO mlfcs.physics.sscha.solver: maximum displacement limit: disabled
INFO mlfcs.fitting.fitter: Training-data diagnostics (inputs are not recentered)
INFO mlfcs.fitting.fitter: - Maximum reference force: 0.0000000000e+00 eV/Å
INFO mlfcs.fitting.fitter: - Maximum snapshot net force: 2.2534741416e-14 eV/Å
INFO mlfcs.fitting.fitter: - Maximum center-of-mass displacement: 1.1108138518e-03 Å
INFO mlfcs.fitting.fitter: Constraint system: 2 rows after duplicate removal (72 ASR before compression)
INFO mlfcs.fitting.linear_solvers: Explicit constraint parameterization: 76 -> 74 parameters in 30 blocks, rank=2, nnz=135
INFO mlfcs.fitting.design_operator: - Prepared JAX feature program: 9 signatures, 9 tiles, 1.8 MiB static buffers
INFO mlfcs.fitting.gram_system: Accumulating streamed Gram system: 74 x 74 (0.0 MiB), effective_batch_size=1, backend=SciPy/OpenBLAS CPU
INFO mlfcs.fitting.gram_system: - Physical design kernel groups: 9, 9 bounded tiles
INFO mlfcs.fitting.gram_system: - Compiled FC2 physical design kernel in 0.00 s
INFO mlfcs.fitting.gram_system: - Compiled FC2 physical design kernel in 0.00 s
INFO mlfcs.fitting.gram_system: - Compiled FC2 physical design kernel in 0.00 s
INFO mlfcs.fitting.gram_system: - Compiled FC2 physical design kernel in 0.00 s
INFO mlfcs.fitting.gram_system: - Compiled FC2 physical design kernel in 0.00 s
INFO mlfcs.fitting.gram_system: - Compiled FC2 physical design kernel in 0.00 s
INFO mlfcs.fitting.gram_system: - Compiled FC2 physical design kernel in 0.00 s
INFO mlfcs.fitting.gram_system: - Compiled FC2 physical design kernel in 0.02 s
INFO mlfcs.fitting.gram_system: - Compiled FC2 physical design kernel in 0.01 s
INFO mlfcs.fitting.gram_system: - Gram structures: 1/100, elapsed=0.05 s
INFO mlfcs.fitting.gram_system: - Gram structures: 20/100, elapsed=0.78 s
INFO mlfcs.fitting.gram_system: - Gram structures: 40/100, elapsed=1.56 s
INFO mlfcs.fitting.gram_system: - Gram structures: 60/100, elapsed=2.30 s
INFO mlfcs.fitting.gram_system: - Gram structures: 80/100, elapsed=3.08 s
INFO mlfcs.fitting.gram_system: - Gram structures: 100/100, elapsed=3.86 s
INFO mlfcs.fitting.gram_system: - Streamed Gram system ready in 3.86 s
INFO mlfcs.fitting.gram_system: - Gram phase timing: kernel=3.61 s, transfer=0.02 s, scatter=0.13 s, constraint reduction=0.04 s, BLAS=0.03 s
INFO mlfcs.fitting.fitter: Column-norm preconditioning in constrained coordinates
INFO mlfcs.fitting.fitter: - Inverse column scale: 2.360022e-03 to 1.956973e-02
INFO mlfcs.fitting.fitter: Solving the force-only least-squares problem with streamed Gram
INFO mlfcs.fitting.fitter: - Equations: 153600, unknowns: 74
INFO mlfcs.fitting.fitter: - Maximum joint constraint residual: 2.271404e-17
INFO mlfcs.fitting.fitter: Force fitting summary
INFO mlfcs.fitting.fitter: - Training relative error: 36.937700 %
INFO mlfcs.fitting.fitter: - Validation relative error: 36.937700 %
INFO mlfcs.fitting.fitter: - Training force RMSE: 9.6698522943e-02 eV/Å
INFO mlfcs.fitting.fitter: - Validation force RMSE: 9.6698522943e-02 eV/Å
INFO mlfcs.fitting.fitter: - FC2 force contribution RMS: 2.4327439705e-01 eV/Å
INFO mlfcs.fitting.fitter: - JAX execution guard: 1 prepared program, 9 signatures, 9 tiles, Gram passes=1, prediction passes=0
INFO mlfcs.fitting.fitter: - Solver iterations=44, stop_code=0
INFO mlfcs.fitting.fitter: Expanding fitted Taylor parameters into sparse physical IFCs
INFO mlfcs.fitting.fitter: - Expanded 2008 sparse tensors in 0.07 s
INFO mlfcs.physics.sscha.solver: - Fitting relative force error: 36.937700 %
INFO mlfcs.physics.sscha.solver: Relative FC2 change: 1.214835e-02
INFO mlfcs.physics.sscha.solver: - Variational free-energy estimate: -1.6383762955e+00 +/- 3.687e-04 eV/primitive cell
INFO mlfcs.force_constants.realization: Export view cache miss; constructing new view
WARNING mlfcs.sampling.harmonic: Imaginary harmonic modes use policy 'absolute'; frequencies below 1.000e-06 THz will not raise an exception
INFO mlfcs.sampling.structures: Generated 100 harmonic perturbation structures
INFO mlfcs.sampling.structures: Harmonic sampling: qpoints=64, sampled_modes=1533/1533, minimum_frequency=0.52683438 THz
INFO mlfcs.physics.sscha.solver: SSCHA iteration 49/50: canonical sampling
INFO mlfcs.physics.sscha.solver: q points: 64
INFO mlfcs.physics.sscha.solver: - sampled modes: 1533/1533, imaginary=0, excluded=0
INFO mlfcs.physics.sscha.solver: - maximum sampled atomic displacement: 0.84803288 Å
INFO mlfcs.physics.sscha.solver: maximum displacement limit: disabled
INFO mlfcs.fitting.fitter: Training-data diagnostics (inputs are not recentered)
INFO mlfcs.fitting.fitter: - Maximum reference force: 0.0000000000e+00 eV/Å
INFO mlfcs.fitting.fitter: - Maximum snapshot net force: 1.7922925084e-14 eV/Å
INFO mlfcs.fitting.fitter: - Maximum center-of-mass displacement: 9.9655338127e-04 Å
INFO mlfcs.fitting.fitter: Constraint system: 2 rows after duplicate removal (72 ASR before compression)
INFO mlfcs.fitting.linear_solvers: Explicit constraint parameterization: 76 -> 74 parameters in 30 blocks, rank=2, nnz=135
INFO mlfcs.fitting.design_operator: - Prepared JAX feature program: 9 signatures, 9 tiles, 1.8 MiB static buffers
INFO mlfcs.fitting.gram_system: Accumulating streamed Gram system: 74 x 74 (0.0 MiB), effective_batch_size=1, backend=SciPy/OpenBLAS CPU
INFO mlfcs.fitting.gram_system: - Physical design kernel groups: 9, 9 bounded tiles
INFO mlfcs.fitting.gram_system: - Compiled FC2 physical design kernel in 0.00 s
INFO mlfcs.fitting.gram_system: - Compiled FC2 physical design kernel in 0.00 s
INFO mlfcs.fitting.gram_system: - Compiled FC2 physical design kernel in 0.00 s
INFO mlfcs.fitting.gram_system: - Compiled FC2 physical design kernel in 0.00 s
INFO mlfcs.fitting.gram_system: - Compiled FC2 physical design kernel in 0.00 s
INFO mlfcs.fitting.gram_system: - Compiled FC2 physical design kernel in 0.00 s
INFO mlfcs.fitting.gram_system: - Compiled FC2 physical design kernel in 0.00 s
INFO mlfcs.fitting.gram_system: - Compiled FC2 physical design kernel in 0.02 s
INFO mlfcs.fitting.gram_system: - Compiled FC2 physical design kernel in 0.01 s
INFO mlfcs.fitting.gram_system: - Gram structures: 1/100, elapsed=0.04 s
INFO mlfcs.fitting.gram_system: - Gram structures: 20/100, elapsed=0.70 s
INFO mlfcs.fitting.gram_system: - Gram structures: 40/100, elapsed=1.38 s
INFO mlfcs.fitting.gram_system: - Gram structures: 60/100, elapsed=2.07 s
INFO mlfcs.fitting.gram_system: - Gram structures: 80/100, elapsed=2.76 s
INFO mlfcs.fitting.gram_system: - Gram structures: 100/100, elapsed=3.44 s
INFO mlfcs.fitting.gram_system: - Streamed Gram system ready in 3.44 s
INFO mlfcs.fitting.gram_system: - Gram phase timing: kernel=3.21 s, transfer=0.01 s, scatter=0.12 s, constraint reduction=0.04 s, BLAS=0.03 s
INFO mlfcs.fitting.fitter: Column-norm preconditioning in constrained coordinates
INFO mlfcs.fitting.fitter: - Inverse column scale: 2.357574e-03 to 1.968331e-02
INFO mlfcs.fitting.fitter: Solving the force-only least-squares problem with streamed Gram
INFO mlfcs.fitting.fitter: - Equations: 153600, unknowns: 74
INFO mlfcs.fitting.fitter: - Maximum joint constraint residual: 2.471981e-17
INFO mlfcs.fitting.fitter: Force fitting summary
INFO mlfcs.fitting.fitter: - Training relative error: 37.122914 %
INFO mlfcs.fitting.fitter: - Validation relative error: 37.122914 %
INFO mlfcs.fitting.fitter: - Training force RMSE: 9.7817152443e-02 eV/Å
INFO mlfcs.fitting.fitter: - Validation force RMSE: 9.7817152443e-02 eV/Å
INFO mlfcs.fitting.fitter: - FC2 force contribution RMS: 2.4466631259e-01 eV/Å
INFO mlfcs.fitting.fitter: - JAX execution guard: 1 prepared program, 9 signatures, 9 tiles, Gram passes=1, prediction passes=0
INFO mlfcs.fitting.fitter: - Solver iterations=43, stop_code=0
INFO mlfcs.fitting.fitter: Expanding fitted Taylor parameters into sparse physical IFCs
INFO mlfcs.fitting.fitter: - Expanded 2008 sparse tensors in 0.06 s
INFO mlfcs.physics.sscha.solver: - Fitting relative force error: 37.122914 %
INFO mlfcs.physics.sscha.solver: Relative FC2 change: 1.189614e-02
INFO mlfcs.physics.sscha.solver: - Variational free-energy estimate: -1.6396166444e+00 +/- 3.677e-04 eV/primitive cell
INFO mlfcs.force_constants.realization: Export view cache miss; constructing new view
INFO mlfcs.force_constants.realization: Export view cache hit; reusing existing view
INFO mlfcs.force_constants.realization: Export view cache miss; constructing new view
