/home/gwins/codespace/mlfcs-new/tutorial/K4As4Pt2/kappa/run.py:48: PrimitiveMatrixAutoDefaultWarning: primitive_matrix defaulted to 'auto' and was resolved to a non-identity matrix:
  [ 0.50000,  0.00000,  0.00000]
  [ 0.00000,  0.50000,  0.00000]
  [ 0.00000,  0.00000,  0.33333]
This differs from phonopy v3, whose default was the identity matrix. Pass primitive_matrix='P' (or --pa P on the command line) to restore the v3 behaviour.
  ph3 = Phono3py(unitcell, np.eye(3, dtype=int), primitive_matrix="auto", log_level=1)
/home/gwins/codespace/mlfcs-new/tutorial/K4As4Pt2/kappa/run.py:55: DeprecationWarning: output_filename parameter is deprecated.
  ph3.run_thermal_conductivity(
-------------------- Lattice thermal conductivity (RTA) --------------------
Running heat capacity calculations...
Running velocity calculations...
Running isotope scattering calculations with tetrahedron method...
======================= Grid point 0 (1/186) =======================
q-point: ( 0.00  0.00  0.00)
Mass variance parameters: 1.64e-04 1.64e-04 1.64e-04 1.64e-04 0.00e+00 0.00e+00 0.00e+00 0.00e+00 3.39e-05 3.39e-05 
Number of triplets: 186
Frequency     group velocity (x, y, z)     |gv|
  -0.000   (   0.000    0.000    0.000)    0.000
  -0.000   (   0.000    0.000    0.000)    0.000
   0.000   (   0.000    0.000    0.000)    0.000
   0.770   (   0.000    0.000    0.000)    0.000
   1.328   (   0.000    0.000    0.000)    0.000
   1.561   (   0.000    0.000    0.000)    0.000
   1.750   (   0.000    0.000    0.000)    0.000
   1.868   (   0.000    0.000    0.000)    0.000
   2.295   (   0.000    0.000    0.000)    0.000
   2.426   (   0.000    0.000    0.000)    0.000
   2.562   (   0.000    0.000    0.000)    0.000
   2.614   (   0.000    0.000    0.000)    0.000
   2.701   (   0.000    0.000    0.000)    0.000
   2.879   (   0.000    0.000    0.000)    0.000
   2.915   (   0.000    0.000    0.000)    0.000
   3.038   (   0.000    0.000    0.000)    0.000
   3.224   (   0.000    0.000    0.000)    0.000
   3.556   (   0.000    0.000    0.000)    0.000
   3.754   (   0.000    0.000    0.000)    0.000
   3.854   (   0.000    0.000    0.000)    0.000
   3.867   (   0.000    0.000    0.000)    0.000
   4.059   (   0.000    0.000    0.000)    0.000
   4.116   (   0.000    0.000    0.000)    0.000
   4.441   (   0.000    0.000    0.000)    0.000
   4.504   (   0.000    0.000    0.000)    0.000
   4.989   (   0.000    0.000    0.000)    0.000
   5.343   (   0.000    0.000    0.000)    0.000
   5.864   (   0.000    0.000    0.000)    0.000
   7.906   (   0.000    0.000    0.000)    0.000
   8.402   (   0.000    0.000    0.000)    0.000
======================= Grid point 1 (2/186) =======================
q-point: ( 0.10  0.00  0.00)
Mass variance parameters: 1.64e-04 1.64e-04 1.64e-04 1.64e-04 0.00e+00 0.00e+00 0.00e+00 0.00e+00 3.39e-05 3.39e-05 
Number of triplets: 300
Frequency     group velocity (x, y, z)     |gv|
   0.191   (   7.186  -11.187    0.000)   13.296
   0.251   (  17.095    3.071    0.000)   17.368
   0.444   (  20.110  -15.440    0.000)   25.353
   0.771   (   0.171   -0.093    0.000)    0.195
   1.326   (  -0.428    0.482    0.000)    0.645
   1.584   (   3.818    1.500    0.000)    4.102
   1.751   (   0.191    0.152    0.000)    0.244
   1.855   (  -0.999    1.471    0.000)    1.778
   2.218   (  -5.334    2.675    0.000)    5.967
   2.472   (  -8.195   -1.504    0.000)    8.332
   2.482   (   3.462    0.934    0.000)    3.586
   2.610   (  -0.599   -0.593    0.000)    0.842
   2.703   (   0.394    0.590    0.000)    0.710
   2.879   (  -0.336   -0.847    0.000)    0.912
   3.020   (  10.737   -0.242    0.000)   10.739
   3.027   (  -1.619   -0.440    0.000)    1.678
   3.180   (  -5.317   -0.267    0.000)    5.323
   3.552   (  -1.141   -1.299    0.000)    1.729
   3.779   (   1.824   -1.066    0.000)    2.113
   3.859   (   0.700    0.001    0.000)    0.700
   3.880   (   1.671    0.012    0.000)    1.671
   4.040   (  -1.300    2.745    0.000)    3.037
   4.109   (   0.193    0.440    0.000)    0.481
   4.456   (   1.069   -1.115    0.000)    1.544
   4.497   (  -0.716    0.257    0.000)    0.760
   4.995   (   0.904    0.318    0.000)    0.958
   5.339   (  -0.406    0.064    0.000)    0.411
   5.864   (  -0.095   -0.121    0.000)    0.154
   7.906   (  -0.188   -0.496    0.000)    0.531
   8.387   (  -1.640    0.628    0.000)    1.756
======================= Grid point 2 (3/186) =======================
q-point: ( 0.20  0.00  0.00)
Mass variance parameters: 1.64e-04 1.64e-04 1.64e-04 1.64e-04 0.00e+00 0.00e+00 0.00e+00 0.00e+00 3.39e-05 3.39e-05 
Number of triplets: 312
Frequency     group velocity (x, y, z)     |gv|
   0.372   (   6.619  -10.139    0.000)   12.108
   0.472   (  14.899    4.790    0.000)   15.650
   0.776   (   0.290   -0.179    0.000)    0.341
   0.802   (  13.456  -11.512    0.000)   17.708
   1.286   (  -5.145   -0.209    0.000)    5.149
   1.662   (   7.638    1.897    0.000)    7.870
   1.753   (   0.321    0.641    0.000)    0.717
   1.818   (  -1.928    2.269    0.000)    2.977
   2.152   (   0.653    4.091    0.000)    4.143
   2.352   (  -6.734   -2.255    0.000)    7.102
   2.533   (   2.920    0.742    0.000)    3.013
   2.607   (  -0.602   -1.524    0.000)    1.639
   2.703   (   0.516    1.674    0.000)    1.752
   2.874   (  -1.619   -1.605    0.000)    2.280
   2.998   (  -2.624   -0.895    0.000)    2.772
   3.078   (  -8.536   -1.851    0.000)    8.735
   3.198   (  11.405    0.079    0.000)   11.405
   3.537   (  -1.949   -1.064    0.000)    2.220
   3.788   (  -2.105   -0.740    0.000)    2.231
   3.874   (   1.111    0.004    0.000)    1.111
   3.915   (   2.702   -0.005    0.000)    2.702
   3.999   (   0.460    6.049    0.000)    6.067
   4.132   (   2.051   -2.603    0.000)    3.313
   4.477   (   0.532   -0.653    0.000)    0.842
   4.479   (  -1.268    0.435    0.000)    1.340
   5.013   (   1.756    0.357    0.000)    1.792
   5.330   (  -0.748    0.156    0.000)    0.764
   5.863   (  -0.154   -0.196    0.000)    0.250
   7.907   (  -0.287   -0.843    0.000)    0.891
   8.346   (  -2.731    1.062    0.000)    2.930
======================= Grid point 3 (4/186) =======================
q-point: ( 0.30  0.00  0.00)
Mass variance parameters: 1.64e-04 1.64e-04 1.64e-04 1.64e-04 0.00e+00 0.00e+00 0.00e+00 0.00e+00 3.39e-05 3.39e-05 
Number of triplets: 300
Frequency     group velocity (x, y, z)     |gv|
   0.529   (   5.370   -8.053    0.000)    9.680
   0.636   (  11.543    6.612    0.000)   13.302
   0.782   (   0.344   -0.278    0.000)    0.442
   0.995   (   3.846   -3.670    0.000)    5.316
   1.187   (  -7.703   -4.116    0.000)    8.734
   1.743   (  -0.523    3.178    0.000)    3.221
   1.764   (   5.753    0.894    0.000)    5.822
   1.776   (  -1.524    0.182    0.000)    1.534
   2.188   (   7.412    4.219    0.000)    8.529
   2.326   (   2.694    0.232    0.000)    2.704
   2.571   (   1.072   -3.633    0.000)    3.788
   2.614   (  -0.372   -2.651    0.000)    2.677
   2.695   (   0.634    3.064    0.000)    3.129
   2.854   (  -1.836   -1.396    0.000)    2.306
   2.945   ( -10.933   -2.954    0.000)   11.325
   2.963   (  -2.717   -1.181    0.000)    2.963
   3.351   (   8.175    1.136    0.000)    8.254
   3.505   (  -2.507   -0.342    0.000)    2.530
   3.739   (  -3.695    0.139    0.000)    3.698
   3.891   (   1.086    0.008    0.000)    1.086
   3.959   (   2.773   -0.044    0.000)    2.773
   3.966   (   0.070    4.890    0.000)    4.890
   4.205   (   4.344   -3.303    0.000)    5.457
   4.455   (  -1.451    0.466    0.000)    1.523
   4.476   (  -0.821    0.515    0.000)    0.969
   5.042   (   2.116    0.106    0.000)    2.118
   5.315   (  -0.893    0.246    0.000)    0.926
   5.862   (  -0.156   -0.196    0.000)    0.250
   7.909   (  -0.250   -0.911    0.000)    0.945
   8.294   (  -2.844    1.138    0.000)    3.063
======================= Grid point 4 (5/186) =======================
q-point: ( 0.40  0.00  0.00)
Mass variance parameters: 1.64e-04 1.64e-04 1.64e-04 1.64e-04 0.00e+00 0.00e+00 0.00e+00 0.00e+00 3.39e-05 3.39e-05 
Number of triplets: 312
Frequency     group velocity (x, y, z)     |gv|
   0.639   (   3.066   -4.505    0.000)    5.450
   0.744   (   9.065    6.959    0.000)   11.428
   0.790   (   0.336   -0.376    0.000)    0.504
   0.953   (  -8.199   -1.293    0.000)    8.300
   1.165   (  -0.798   -4.073    0.000)    4.151
   1.701   (  -1.335    2.792    0.000)    3.095
   1.769   (  -0.213   -0.398    0.000)    0.451
   1.819   (   1.926   -0.866    0.000)    2.112
   2.284   (   7.316    4.224    0.000)    8.448
   2.412   (   9.357    3.754    0.000)   10.082
   2.610   (  -1.478   -6.244    0.000)    6.417
   2.631   (  -0.345   -3.410    0.000)    3.427
   2.681   (   0.722    3.849    0.000)    3.916
   2.789   ( -11.635   -3.975    0.000)   12.295
   2.861   (   1.876   -1.487    0.000)    2.394
   2.935   (  -1.785   -0.919    0.000)    2.008
   3.377   (  -2.357    3.584    0.000)    4.290
   3.512   (   2.782   -1.093    0.000)    2.989
   3.690   (  -2.217    0.184    0.000)    2.225
   3.905   (   0.659    0.007    0.000)    0.659
   3.939   (  -0.122    2.514    0.000)    2.517
   3.995   (   1.798   -0.053    0.000)    1.799
   4.297   (   4.451   -3.114    0.000)    5.432
   4.432   (  -1.028    0.310    0.000)    1.073
   4.444   (  -2.292    1.748    0.000)    2.882
   5.072   (   1.510   -0.099    0.000)    1.513
   5.301   (  -0.665    0.223    0.000)    0.702
   5.861   (  -0.097   -0.121    0.000)    0.155
   7.912   (  -0.124   -0.611    0.000)    0.624
   8.250   (  -1.829    0.756    0.000)    1.979
======================= Grid point 5 (6/186) =======================
q-point: (-0.50  0.00  0.00)
Mass variance parameters: 1.64e-04 1.64e-04 1.64e-04 1.64e-04 0.00e+00 0.00e+00 0.00e+00 0.00e+00 3.39e-05 3.39e-05 
Number of triplets: 156
Frequency     group velocity (x, y, z)     |gv|
   0.679   (   0.000    0.000    0.000)    0.000
   0.795   (   0.000   -0.000    0.000)    0.000
   0.826   (  -0.000   -0.000    0.000)    0.000
   0.849   (   0.000    0.000    0.000)    0.000
   1.174   (  -0.000    0.000    0.000)    0.000
   1.679   (  -0.000    0.000    0.000)    0.000
   1.769   (  -0.000   -0.000    0.000)    0.000
   1.838   (  -0.000   -0.000    0.000)    0.000
   2.327   (  -0.000   -0.000    0.000)    0.000
   2.513   (  -0.000   -0.000    0.000)    0.000
   2.592   (   0.000    0.000    0.000)    0.000
   2.643   (   0.000   -0.000    0.000)    0.000
   2.670   (   0.000    0.000    0.000)    0.000
   2.695   (   0.000    0.000    0.000)    0.000
   2.900   (  -0.000   -0.000    0.000)    0.000
   2.924   (  -0.000   -0.000    0.000)    0.000
   3.328   (   0.000    0.000    0.000)    0.000
   3.543   (  -0.000   -0.000    0.000)    0.000
   3.672   (  -0.000   -0.000    0.000)    0.000
   3.910   (  -0.000    0.000    0.000)    0.000
   3.929   (   0.000    0.000    0.000)    0.000
   4.010   (  -0.000   -0.000    0.000)    0.000
   4.371   (   0.000   -0.000    0.000)    0.000
   4.392   (  -0.000    0.000    0.000)    0.000
   4.422   (   0.000   -0.000    0.000)    0.000
   5.085   (  -0.000   -0.000    0.000)    0.000
   5.294   (  -0.000   -0.000    0.000)    0.000
   5.861   (  -0.000   -0.000    0.000)    0.000
   7.913   (   0.000    0.000    0.000)    0.000
   8.233   (  -0.000    0.000    0.000)    0.000
======================= Grid point 12 (7/186) =======================
q-point: ( 0.10  0.10  0.00)
Mass variance parameters: 1.64e-04 1.64e-04 1.64e-04 1.64e-04 0.00e+00 0.00e+00 0.00e+00 0.00e+00 3.39e-05 3.39e-05 
Number of triplets: 180
Frequency     group velocity (x, y, z)     |gv|
   0.291   (   9.219    0.000    0.000)    9.219
   0.554   (  17.370    0.000    0.000)   17.370
   0.677   (  16.106    0.000    0.000)   16.106
   0.774   (   0.288    0.000    0.000)    0.288
   1.285   (  -5.835   -0.000    0.000)    5.835
   1.675   (   7.099    0.000    0.000)    7.099
   1.756   (   0.331    0.000    0.000)    0.331
   1.837   (  -1.976   -0.000    0.000)    1.976
   2.186   (   0.924    0.000    0.000)    0.924
   2.329   (  -6.771   -0.000    0.000)    6.771
   2.540   (   1.748    0.000    0.000)    1.748
   2.592   (  -1.268   -0.000    0.000)    1.268
   2.719   (   1.293    0.000    0.000)    1.293
   2.862   (  -1.329   -0.000    0.000)    1.329
   2.991   (  -2.773   -0.000    0.000)    2.773
   3.064   (  -8.687   -0.000    0.000)    8.687
   3.199   (  11.324    0.000    0.000)   11.324
   3.529   (  -1.369   -0.000    0.000)    1.369
   3.782   (  -1.626   -0.000    0.000)    1.626
   3.874   (   1.113    0.000    0.000)    1.113
   3.915   (   2.687    0.000    0.000)    2.687
   4.066   (   3.195    0.000    0.000)    3.195
   4.091   (  -1.789   -0.000    0.000)    1.789
   4.472   (   1.105    0.000    0.000)    1.105
   4.482   (  -1.303   -0.000    0.000)    1.303
   5.016   (   1.622    0.000    0.000)    1.622
   5.331   (  -0.731   -0.000    0.000)    0.731
   5.862   (  -0.134   -0.000    0.000)    0.134
   7.901   (  -0.211   -0.000    0.000)    0.211
   8.354   (  -2.826   -0.000    0.000)    2.826
======================= Grid point 13 (8/186) =======================
q-point: ( 0.20  0.10  0.00)
Mass variance parameters: 1.64e-04 1.64e-04 1.64e-04 1.64e-04 0.00e+00 0.00e+00 0.00e+00 0.00e+00 3.39e-05 3.39e-05 
Number of triplets: 300
Frequency     group velocity (x, y, z)     |gv|
   0.442   (   8.196   -3.678    0.000)    8.983
   0.757   (  13.704    9.754    0.000)   16.821
   0.780   (   0.319   -0.100    0.000)    0.334
   0.908   (   8.866   -8.384    0.000)   12.202
   1.151   ( -11.103   -1.216    0.000)   11.169
   1.761   (   0.408    0.093    0.000)    0.419
   1.772   (   4.418    0.334    0.000)    4.431
   1.795   (  -2.759    1.426    0.000)    3.106
   2.245   (   7.601    3.395    0.000)    8.325
   2.312   (   4.618   -1.847    0.000)    4.974
   2.537   (  -2.212   -1.215    0.000)    2.524
   2.576   (  -1.445   -1.742    0.000)    2.263
   2.739   (   2.061    2.067    0.000)    2.919
   2.843   (  -1.125   -0.308    0.000)    1.166
   2.915   ( -11.040   -1.235    0.000)   11.109
   2.947   (  -3.109   -0.845    0.000)    3.222
   3.360   (   9.320    0.302    0.000)    9.325
   3.501   (  -2.637   -0.170    0.000)    2.643
   3.734   (  -4.040   -0.354    0.000)    4.056
   3.891   (   1.091    0.006    0.000)    1.091
   3.958   (   2.753   -0.019    0.000)    2.753
   4.040   (  -1.255    4.627    0.000)    4.794
   4.154   (   4.728   -3.579    0.000)    5.930
   4.459   (  -1.558    0.177    0.000)    1.568
   4.481   (  -0.104    0.170    0.000)    0.199
   5.043   (   1.890    0.037    0.000)    1.890
   5.318   (  -0.884    0.097    0.000)    0.890
   5.860   (  -0.101   -0.075    0.000)    0.126
   7.900   (  -0.032   -0.328    0.000)    0.329
   8.305   (  -3.120    0.414    0.000)    3.147
======================= Grid point 14 (9/186) =======================
q-point: ( 0.30  0.10  0.00)
Mass variance parameters: 1.64e-04 1.64e-04 1.64e-04 1.64e-04 0.00e+00 0.00e+00 0.00e+00 0.00e+00 3.39e-05 3.39e-05 
Number of triplets: 300
Frequency     group velocity (x, y, z)     |gv|
   0.581   (   6.370   -3.432    0.000)    7.236
   0.785   (   0.291   -0.240    0.000)    0.377
   0.854   (   7.188    8.057    0.000)   10.798
   0.932   ( -10.400   -1.277    0.000)   10.478
   1.109   (   4.624   -4.329    0.000)    6.334
   1.738   (  -2.892    2.022    0.000)    3.528
   1.767   (   0.433    0.185    0.000)    0.471
   1.806   (   0.831   -0.913    0.000)    1.235
   2.342   (   5.612    4.097    0.000)    6.948
   2.451   (  10.368    1.749    0.000)   10.515
   2.526   (   0.230   -5.460    0.000)    5.464
   2.572   (  -1.473   -3.506    0.000)    3.802
   2.748   ( -10.544   -1.764    0.000)   10.690
   2.750   (   2.211    4.573    0.000)    5.079
   2.845   (   0.881   -0.894    0.000)    1.255
   2.914   (  -2.143   -1.890    0.000)    2.857
   3.419   (  -3.486    2.438    0.000)    4.254
   3.494   (   3.775   -1.414    0.000)    4.031
   3.680   (  -3.247   -1.058    0.000)    3.415
   3.905   (   0.664    0.014    0.000)    0.664
   3.991   (  -0.951    4.139    0.000)    4.247
   3.995   (   1.811   -0.042    0.000)    1.812
   4.252   (   4.804   -3.146    0.000)    5.742
   4.435   (  -1.239    0.190    0.000)    1.253
   4.463   (  -1.740    0.965    0.000)    1.990
   5.070   (   1.399   -0.122    0.000)    1.405
   5.304   (  -0.745    0.163    0.000)    0.763
   5.860   (  -0.009   -0.075    0.000)    0.075
   7.905   (   0.288   -0.355    0.000)    0.457
   8.258   (  -2.343    0.444    0.000)    2.384
======================= Grid point 15 (10/186) =======================
q-point: ( 0.40  0.10  0.00)
Mass variance parameters: 1.64e-04 1.64e-04 1.64e-04 1.64e-04 0.00e+00 0.00e+00 0.00e+00 0.00e+00 3.39e-05 3.39e-05 
Number of triplets: 300
Frequency     group velocity (x, y, z)     |gv|
   0.674   (   3.602   -0.595    0.000)    3.651
   0.773   (  -9.985   -3.835    0.000)   10.697
   0.792   (   0.238   -0.360    0.000)    0.432
   0.908   (   4.720    4.428    0.000)    6.472
   1.190   (   4.579    2.139    0.000)    5.054
   1.687   (  -1.997    0.973    0.000)    2.222
   1.772   (   0.472    0.381    0.000)    0.607
   1.828   (   0.837   -1.256    0.000)    1.510
   2.318   (  -5.393   -1.091    0.000)    5.503
   2.488   (  -9.652   -2.860    0.000)   10.067
   2.578   (  -1.631   -4.825    0.000)    5.093
   2.602   (   8.465    1.243    0.000)    8.556
   2.724   (   8.159    3.553    0.000)    8.899
   2.741   (   1.507    5.803    0.000)    5.996
   2.888   (   2.620   -1.651    0.000)    3.097
   2.912   (   0.145   -1.751    0.000)    1.757
   3.330   (  -4.693    0.274    0.000)    4.701
   3.540   (   0.655   -0.396    0.000)    0.765
   3.655   (  -1.283   -1.917    0.000)    2.307
   3.910   (   0.002    0.018    0.000)    0.018
   3.955   (  -0.418    3.143    0.000)    3.170
   4.010   (   0.050   -0.017    0.000)    0.053
   4.341   (   4.022   -2.700    0.000)    4.844
   4.414   (  -3.334    1.680    0.000)    3.734
   4.422   (  -0.289   -0.001    0.000)    0.289
   5.083   (   0.071   -0.154    0.000)    0.169
   5.295   (  -0.199    0.065    0.000)    0.209
   5.861   (   0.109    0.000    0.000)    0.109
   7.913   (   0.577    0.009    0.000)    0.577
   8.232   (  -0.708   -0.009    0.000)    0.708
======================= Grid point 16 (11/186) =======================
q-point: (-0.50  0.10  0.00)
Mass variance parameters: 1.64e-04 1.64e-04 1.64e-04 1.64e-04 0.00e+00 0.00e+00 0.00e+00 0.00e+00 3.39e-05 3.39e-05 
Number of triplets: 300
Frequency     group velocity (x, y, z)     |gv|
   0.673   (  -6.547   -3.154    0.000)    7.267
   0.696   (   0.544    3.485    0.000)    3.527
   0.794   (  -0.154    0.150    0.000)    0.215
   0.960   (   3.895   -0.366    0.000)    3.913
   1.230   (   4.142    5.226    0.000)    6.669
   1.670   (  -0.399   -1.504    0.000)    1.556
   1.776   (   0.559    0.607    0.000)    0.825
   1.827   (  -2.315    0.132    0.000)    2.319
   2.229   (  -7.881   -3.498    0.000)    8.623
   2.353   (  -8.781   -4.451    0.000)    9.845
   2.586   (  -2.006   -5.450    0.000)    5.807
   2.689   (   3.622    5.010    0.000)    6.182
   2.723   (   1.494    5.597    0.000)    5.793
   2.840   (   8.356    2.447    0.000)    8.707
   2.899   (   1.567    4.615    0.000)    4.874
   2.937   (   1.910   -0.603    0.000)    2.003
   3.321   (   1.026   -4.451    0.000)    4.568
   3.522   (  -2.508    0.232    0.000)    2.519
   3.668   (   0.889   -2.658    0.000)    2.803
   3.905   (  -0.657    0.012    0.000)    0.658
   3.934   (  -0.241    1.570    0.000)    1.589
   3.996   (  -1.776    0.036    0.000)    1.776
   4.335   (  -4.675    2.190    0.000)    5.163
   4.417   (   3.093   -2.091    0.000)    3.733
   4.427   (   0.765   -0.312    0.000)    0.826
   5.072   (  -1.557   -0.030    0.000)    1.557
   5.298   (   0.531   -0.169    0.000)    0.557
   5.863   (   0.205    0.121    0.000)    0.238
   7.921   (   0.691    0.665    0.000)    0.960
   8.239   (   1.135   -0.809    0.000)    1.394
======================= Grid point 17 (12/186) =======================
q-point: (-0.40  0.10  0.00)
Mass variance parameters: 1.64e-04 1.64e-04 1.64e-04 1.64e-04 0.00e+00 0.00e+00 0.00e+00 0.00e+00 3.39e-05 3.39e-05 
Number of triplets: 300
Frequency     group velocity (x, y, z)     |gv|
   0.594   (  -5.604    0.660    0.000)    5.643
   0.644   (  -2.022    8.014    0.000)    8.265
   0.787   (  -0.383    0.391    0.000)    0.548
   1.011   (   0.576   -1.002    0.000)    1.156
   1.254   (   4.178    5.095    0.000)    6.589
   1.692   (   0.553   -3.671    0.000)    3.712
   1.749   (  -7.847   -1.149    0.000)    7.931
   1.782   (   0.813    0.638    0.000)    1.034
   2.135   (  -6.822   -3.320    0.000)    7.587
   2.308   (  -0.039   -2.112    0.000)    2.113
   2.590   (  -2.122   -5.034    0.000)    5.463
   2.629   (  -5.183    4.323    0.000)    6.749
   2.714   (   1.929    4.736    0.000)    5.114
   2.880   (   2.771    2.197    0.000)    3.536
   2.974   (   2.582    0.260    0.000)    2.595
   2.994   (  10.367    4.266    0.000)   11.210
   3.327   (  -5.850   -2.383    0.000)    6.317
   3.508   (   2.220   -0.008    0.000)    2.221
   3.717   (   2.764   -3.091    0.000)    4.146
   3.891   (  -1.083    0.004    0.000)    1.083
   3.926   (  -0.406   -0.589    0.000)    0.715
   3.959   (  -2.799    0.044    0.000)    2.800
   4.241   (  -5.307    1.917    0.000)    5.643
   4.447   (   1.277   -0.580    0.000)    1.402
   4.467   (   1.987   -0.807    0.000)    2.145
   5.041   (  -2.422   -0.148    0.000)    2.427
   5.311   (   0.891   -0.287    0.000)    0.936
   5.865   (   0.243    0.241    0.000)    0.342
   7.924   (   0.655    1.258    0.000)    1.418
   8.275   (   2.345   -1.539    0.000)    2.805
======================= Grid point 18 (13/186) =======================
q-point: (-0.30  0.10  0.00)
Mass variance parameters: 1.64e-04 1.64e-04 1.64e-04 1.64e-04 0.00e+00 0.00e+00 0.00e+00 0.00e+00 3.39e-05 3.39e-05 
Number of triplets: 300
Frequency     group velocity (x, y, z)     |gv|
   0.481   (  -6.102    5.993    0.000)    8.553
   0.531   (  -3.362   11.921    0.000)   12.386
   0.779   (  -0.303    0.306    0.000)    0.430
   0.940   (  -7.569    7.712    0.000)   10.806
   1.293   (   2.936    0.874    0.000)    3.063
   1.626   (  -9.034   -3.124    0.000)    9.559
   1.725   (   0.192   -3.472    0.000)    3.477
   1.796   (   1.249   -0.478    0.000)    1.338
   2.094   (  -0.866   -3.773    0.000)    3.871
   2.373   (   7.391    0.623    0.000)    7.417
   2.527   (  -5.732   -0.070    0.000)    5.733
   2.593   (  -1.449   -3.973    0.000)    4.229
   2.714   (   1.643    3.666    0.000)    4.017
   2.904   (   2.054    2.650    0.000)    3.353
   3.010   (   2.419    0.643    0.000)    2.503
   3.106   (   6.187    1.786    0.000)    6.440
   3.201   (  -9.310    0.862    0.000)    9.349
   3.556   (   3.529    1.558    0.000)    3.857
   3.787   (   3.466   -1.761    0.000)    3.888
   3.874   (  -1.108   -0.001    0.000)    1.108
   3.915   (  -2.740    0.004    0.000)    2.740
   3.926   (  -1.087   -3.403    0.000)    3.572
   4.155   (  -4.435    0.770    0.000)    4.501
   4.471   (   1.177   -0.706    0.000)    1.373
   4.487   (   0.712    0.754    0.000)    1.036
   5.007   (  -2.107   -0.556    0.000)    2.179
   5.327   (   0.790   -0.250    0.000)    0.828
   5.867   (   0.208    0.315    0.000)    0.377
   7.924   (   0.507    1.513    0.000)    1.595
   8.325   (   2.458   -1.867    0.000)    3.087
======================= Grid point 19 (14/186) =======================
q-point: (-0.20  0.10  0.00)
Mass variance parameters: 1.64e-04 1.64e-04 1.64e-04 1.64e-04 0.00e+00 0.00e+00 0.00e+00 0.00e+00 3.39e-05 3.39e-05 
Number of triplets: 300
Frequency     group velocity (x, y, z)     |gv|
   0.338   (  -2.917   13.100    0.000)   13.420
   0.386   (  -3.038   15.048    0.000)   15.351
   0.682   ( -13.662   17.348    0.000)   22.082
   0.774   (  -0.171    0.245    0.000)    0.299
   1.314   (  -0.246   -1.207    0.000)    1.232
   1.545   (  -4.390   -3.995    0.000)    5.935
   1.742   (  -0.131   -1.549    0.000)    1.554
   1.824   (   0.938   -2.237    0.000)    2.426
   2.161   (   4.911   -4.771    0.000)    6.847
   2.449   (  -5.577   -3.041    0.000)    6.352
   2.508   (  10.151    2.427    0.000)   10.438
   2.602   (  -0.478   -2.765    0.000)    2.806
   2.710   (   0.732    2.626    0.000)    2.726
   2.901   (  -0.454    2.146    0.000)    2.194
   3.022   ( -10.232   -0.117    0.000)   10.232
   3.036   (   1.510    0.714    0.000)    1.670
   3.194   (   4.514    2.000    0.000)    4.937
   3.584   (   2.192    3.134    0.000)    3.825
   3.804   (  -1.033    2.342    0.000)    2.560
   3.859   (  -0.700   -0.002    0.000)    0.700
   3.880   (  -1.689   -0.033    0.000)    1.690
   3.974   (   2.979   -6.221    0.000)    6.897
   4.097   (  -3.496   -1.323    0.000)    3.738
   4.481   (  -0.138    2.118    0.000)    2.122
   4.491   (   0.684   -0.674    0.000)    0.960
   4.987   (  -1.073   -0.835    0.000)    1.359
   5.338   (   0.431   -0.167    0.000)    0.462
   5.867   (   0.115    0.316    0.000)    0.336
   7.919   (   0.265    1.399    0.000)    1.424
   8.370   (   1.545   -1.744    0.000)    2.330
======================= Grid point 20 (15/186) =======================
q-point: (-0.10  0.10  0.00)
Mass variance parameters: 1.64e-04 1.64e-04 1.64e-04 1.64e-04 0.00e+00 0.00e+00 0.00e+00 0.00e+00 3.39e-05 3.39e-05 
Number of triplets: 180
Frequency     group velocity (x, y, z)     |gv|
   0.239   (  -0.000   16.936    0.000)   16.936
   0.245   (  -0.000   17.293    0.000)   17.293
   0.362   (  -0.000   25.561    0.000)   25.561
   0.771   (  -0.000    0.178    0.000)    0.178
   1.318   (   0.000   -1.308    0.000)    1.308
   1.538   (   0.000   -3.154    0.000)    3.154
   1.747   (   0.000   -0.539    0.000)    0.539
   1.849   (   0.000   -2.400    0.000)    2.400
   2.255   (   0.000   -4.824    0.000)    4.824
   2.408   (   0.000   -2.463    0.000)    2.463
   2.593   (  -0.000    3.507    0.000)    3.507
   2.613   (   0.000   -1.027    0.000)    1.027
   2.702   (  -0.000    1.019    0.000)    1.019
   2.871   (   0.000   -0.728    0.000)    0.728
   2.931   (  -0.000    1.830    0.000)    1.830
   3.043   (  -0.000    0.638    0.000)    0.638
   3.224   (  -0.000    0.345    0.000)    0.345
   3.579   (  -0.000    3.103    0.000)    3.103
   3.771   (  -0.000    2.303    0.000)    2.303
   3.854   (   0.000   -0.002    0.000)    0.002
   3.867   (   0.000   -0.033    0.000)    0.033
   4.051   (   0.000   -1.085    0.000)    1.085
   4.074   (   0.000   -5.662    0.000)    5.662
   4.461   (  -0.000    2.474    0.000)    2.474
   4.500   (   0.000   -0.507    0.000)    0.507
   4.984   (   0.000   -0.705    0.000)    0.705
   5.342   (   0.000   -0.106    0.000)    0.106
   5.866   (  -0.000    0.242    0.000)    0.242
   7.913   (  -0.000    1.014    0.000)    1.014
   8.393   (   0.000   -1.275    0.000)    1.275
======================= Grid point 23 (16/186) =======================
q-point: ( 0.20  0.20  0.00)
Mass variance parameters: 1.64e-04 1.64e-04 1.64e-04 1.64e-04 0.00e+00 0.00e+00 0.00e+00 0.00e+00 3.39e-05 3.39e-05 
Number of triplets: 186
Frequency     group velocity (x, y, z)     |gv|
   0.556   (   7.753    0.000    0.000)    7.753
   0.784   (   0.257    0.000    0.000)    0.257
   0.910   ( -10.397   -0.000    0.000)   10.397
   0.942   (   2.731    0.000    0.000)    2.731
   1.063   (   9.700    0.000    0.000)    9.700
   1.750   (  -2.973   -0.000    0.000)    2.973
   1.771   (   0.214    0.000    0.000)    0.214
   1.799   (   0.183    0.000    0.000)    0.183
   2.381   (   3.316    0.000    0.000)    3.316
   2.454   (  11.901    0.000    0.000)   11.901
   2.486   (   1.003    0.000    0.000)    1.003
   2.547   (  -1.553   -0.000    0.000)    1.553
   2.737   (  -9.843   -0.000    0.000)    9.843
   2.787   (   3.076    0.000    0.000)    3.076
   2.838   (   0.469    0.000    0.000)    0.469
   2.896   (  -2.919   -0.000    0.000)    2.919
   3.439   (  -5.527   -0.000    0.000)    5.527
   3.481   (   5.840    0.000    0.000)    5.840
   3.672   (  -3.569   -0.000    0.000)    3.569
   3.905   (   0.666    0.000    0.000)    0.666
   3.994   (   1.815    0.000    0.000)    1.815
   4.026   (  -1.859   -0.000    0.000)    1.859
   4.226   (   5.482    0.000    0.000)    5.482
   4.437   (  -1.319   -0.000    0.000)    1.319
   4.470   (  -1.541   -0.000    0.000)    1.541
   5.069   (   1.340    0.000    0.000)    1.340
   5.305   (  -0.770   -0.000    0.000)    0.770
   5.859   (   0.025    0.000    0.000)    0.025
   7.902   (   0.435    0.000    0.000)    0.435
   8.262   (  -2.529   -0.000    0.000)    2.529
======================= Grid point 24 (17/186) =======================
q-point: ( 0.30  0.20  0.00)
Mass variance parameters: 1.64e-04 1.64e-04 1.64e-04 1.64e-04 0.00e+00 0.00e+00 0.00e+00 0.00e+00 3.39e-05 3.39e-05 
Number of triplets: 300
Frequency     group velocity (x, y, z)     |gv|
   0.666   (   6.021   -0.393    0.000)    6.034
   0.735   (  -9.994   -1.461    0.000)   10.100
   0.788   (   0.165   -0.191    0.000)    0.252
   0.953   (   0.457    1.759    0.000)    1.818
   1.220   (   8.653    1.495    0.000)    8.781
   1.699   (  -3.003    0.528    0.000)    3.049
   1.777   (   0.596    0.325    0.000)    0.679
   1.811   (   1.215   -0.907    0.000)    1.516
   2.305   (  -7.987   -0.613    0.000)    8.011
   2.455   ( -11.456   -1.426    0.000)   11.544
   2.529   (  -1.655   -1.941    0.000)    2.551
   2.617   (  10.936    0.674    0.000)   10.957
   2.775   (  12.903    2.989    0.000)   13.245
   2.815   (   1.834    4.680    0.000)    5.026
   2.859   (   2.164   -2.112    0.000)    3.024
   2.876   (  -0.130   -3.243    0.000)    3.245
   3.333   (  -7.426    0.172    0.000)    7.428
   3.535   (   0.828   -0.323    0.000)    0.889
   3.634   (  -1.596   -0.889    0.000)    1.827
   3.910   (   0.004    0.011    0.000)    0.011
   3.995   (  -1.202    1.857    0.000)    2.212
   4.010   (   0.080   -0.011    0.000)    0.081
   4.310   (   4.771   -1.379    0.000)    4.966
   4.422   (  -0.468   -0.001    0.000)    0.468
   4.430   (  -3.363    0.610    0.000)    3.418
   5.081   (   0.111   -0.095    0.000)    0.146
   5.296   (  -0.319    0.039    0.000)    0.321
   5.861   (   0.176    0.000    0.000)    0.176
   7.913   (   0.934    0.006    0.000)    0.934
   8.232   (  -1.146   -0.005    0.000)    1.146
======================= Grid point 25 (18/186) =======================
q-point: (-0.60  0.20  0.00)
Mass variance parameters: 1.64e-04 1.64e-04 1.64e-04 1.64e-04 0.00e+00 0.00e+00 0.00e+00 0.00e+00 3.39e-05 3.39e-05 
Number of triplets: 312
Frequency     group velocity (x, y, z)     |gv|
   0.651   (  -2.113   -0.564    0.000)    2.186
   0.734   (   3.194    1.994    0.000)    3.765
   0.792   (   0.196   -0.383    0.000)    0.431
   0.949   (   0.058   -0.839    0.000)    0.841
   1.300   (   4.756    4.348    0.000)    6.444
   1.659   (  -1.819   -0.236    0.000)    1.834
   1.784   (   0.681    0.530    0.000)    0.863
   1.824   (  -1.748   -0.419    0.000)    1.798
   2.191   (  -7.687   -1.930    0.000)    7.926
   2.298   (  -8.589   -3.253    0.000)    9.184
   2.521   (  -1.923   -3.586    0.000)    4.069
   2.745   (   4.816    2.864    0.000)    5.603
   2.797   (   0.869    4.777    0.000)    4.856
   2.857   (   2.912    0.548    0.000)    2.963
   2.919   (   2.451   -1.963    0.000)    3.140
   2.975   (   9.359    5.371    0.000)   10.790
   3.259   (  -1.979   -4.214    0.000)    4.656
   3.518   (  -2.668   -0.621    0.000)    2.740
   3.634   (   0.356   -1.772    0.000)    1.808
   3.905   (  -0.659    0.017    0.000)    0.659
   3.965   (  -0.884    2.192    0.000)    2.364
   3.996   (  -1.754    0.013    0.000)    1.754
   4.357   (  -5.059    1.107    0.000)    5.179
   4.390   (   3.970   -1.569    0.000)    4.269
   4.424   (   0.551   -0.194    0.000)    0.584
   5.071   (  -1.522   -0.085    0.000)    1.524
   5.296   (   0.394   -0.075    0.000)    0.401
   5.864   (   0.292    0.074    0.000)    0.301
   7.929   (   1.213    0.444    0.000)    1.292
   8.229   (   0.510   -0.532    0.000)    0.737
======================= Grid point 26 (19/186) =======================
q-point: (-0.50  0.20  0.00)
Mass variance parameters: 1.64e-04 1.64e-04 1.64e-04 1.64e-04 0.00e+00 0.00e+00 0.00e+00 0.00e+00 3.39e-05 3.39e-05 
Number of triplets: 300
Frequency     group velocity (x, y, z)     |gv|
   0.643   (   1.990    5.648    0.000)    5.988
   0.738   (   0.708    5.247    0.000)    5.295
   0.793   (  -0.258    0.436    0.000)    0.506
   0.977   (   1.362   -3.621    0.000)    3.869
   1.318   (   1.694    3.889    0.000)    4.241
   1.651   (  -0.366   -2.125    0.000)    2.156
   1.734   (  -9.827   -0.969    0.000)    9.875
   1.791   (   0.751    0.669    0.000)    1.006
   2.100   (  -5.542   -1.676    0.000)    5.790
   2.274   (   2.392   -2.512    0.000)    3.469
   2.519   (  -2.053   -4.708    0.000)    5.136
   2.681   (  -8.058    2.988    0.000)    8.594
   2.783   (   1.625    4.788    0.000)    5.056
   2.910   (   4.006    1.995    0.000)    4.476
   2.969   (   2.747   -0.865    0.000)    2.880
   3.062   (   8.192    5.410    0.000)    9.817
   3.284   (  -2.609   -3.806    0.000)    4.614
   3.502   (   1.739   -0.906    0.000)    1.961
   3.669   (   1.900   -3.146    0.000)    3.675
   3.891   (  -1.086    0.014    0.000)    1.086
   3.939   (  -0.722    1.695    0.000)    1.843
   3.960   (  -2.821    0.027    0.000)    2.821
   4.260   (  -6.420    0.854    0.000)    6.476
   4.440   (   1.103   -0.472    0.000)    1.200
   4.455   (   3.165   -0.833    0.000)    3.273
   5.038   (  -2.652   -0.137    0.000)    2.655
   5.308   (   0.866   -0.218    0.000)    0.893
   5.868   (   0.329    0.193    0.000)    0.381
   7.942   (   1.152    1.165    0.000)    1.638
   8.254   (   1.753   -1.392    0.000)    2.238
======================= Grid point 27 (20/186) =======================
q-point: (-0.40  0.20  0.00)
Mass variance parameters: 1.64e-04 1.64e-04 1.64e-04 1.64e-04 0.00e+00 0.00e+00 0.00e+00 0.00e+00 3.39e-05 3.39e-05 
Number of triplets: 312
Frequency     group velocity (x, y, z)     |gv|
   0.610   (   1.341   11.403    0.000)   11.482
   0.683   (  -1.008    9.584    0.000)    9.636
   0.784   (  -0.349    0.388    0.000)    0.522
   1.005   (  -0.497    1.645    0.000)    1.718
   1.309   (  -0.235    1.254    0.000)    1.276
   1.580   ( -10.727   -3.208    0.000)   11.197
   1.672   (   0.277   -3.657    0.000)    3.668
   1.799   (   0.787    0.546    0.000)    0.957
   2.055   (  -1.212   -1.715    0.000)    2.100
   2.372   (   8.081   -0.471    0.000)    8.095
   2.524   (  -1.674   -5.265    0.000)    5.525
   2.530   (  -8.733    0.327    0.000)    8.739
   2.777   (   1.822    4.905    0.000)    5.233
   2.942   (   2.173    2.669    0.000)    3.441
   3.013   (   2.351   -0.244    0.000)    2.363
   3.120   (  -1.218    0.197    0.000)    1.234
   3.225   (  -1.651    2.467    0.000)    2.968
   3.574   (   5.653    0.742    0.000)    5.701
   3.734   (   3.164   -4.806    0.000)    5.754
   3.874   (  -1.110    0.006    0.000)    1.110
   3.915   (  -2.783   -0.001    0.000)    2.783
   3.916   (  -1.168    1.098    0.000)    1.603
   4.157   (  -6.362   -0.264    0.000)    6.368
   4.461   (   1.067   -0.709    0.000)    1.281
   4.496   (   1.907    0.406    0.000)    1.950
   4.999   (  -2.540   -0.526    0.000)    2.594
   5.323   (   0.837   -0.247    0.000)    0.873
   5.871   (   0.273    0.312    0.000)    0.414
   7.947   (   0.839    1.770    0.000)    1.958
   8.297   (   2.061   -2.125    0.000)    2.960
======================= Grid point 28 (21/186) =======================
q-point: (-0.30  0.20  0.00)
Mass variance parameters: 1.64e-04 1.64e-04 1.64e-04 1.64e-04 0.00e+00 0.00e+00 0.00e+00 0.00e+00 3.39e-05 3.39e-05 
Number of triplets: 300
Frequency     group velocity (x, y, z)     |gv|
   0.539   (   1.788   14.681    0.000)   14.790
   0.584   (  -1.328   13.130    0.000)   13.197
   0.778   (  -0.178    0.310    0.000)    0.357
   0.902   (  -5.766   13.940    0.000)   15.086
   1.296   (  -1.479   -1.317    0.000)    1.980
   1.480   (  -5.450   -5.066    0.000)    7.441
   1.702   (   0.136   -3.804    0.000)    3.806
   1.808   (   0.615   -0.156    0.000)    0.634
   2.099   (   3.988   -3.945    0.000)    5.610
   2.404   (  -6.656   -3.188    0.000)    7.380
   2.531   (  10.046    0.899    0.000)   10.086
   2.541   (  -0.866   -5.313    0.000)    5.383
   2.767   (   1.132    4.901    0.000)    5.030
   2.933   (  -1.995    2.311    0.000)    3.053
   3.015   (  -8.099   -0.715    0.000)    8.130
   3.043   (   1.412    0.140    0.000)    1.419
   3.238   (   3.502    4.191    0.000)    5.461
   3.631   (   3.367    3.371    0.000)    4.765
   3.821   (   2.575   -1.992    0.000)    3.255
   3.859   (  -0.701    0.000    0.000)    0.701
   3.880   (  -1.718   -0.042    0.000)    1.718
   3.898   (   0.380   -2.544    0.000)    2.572
   4.074   (  -5.356   -1.867    0.000)    5.672
   4.480   (   0.635   -0.834    0.000)    1.048
   4.508   (   0.724    1.704    0.000)    1.852
   4.973   (  -1.376   -1.034    0.000)    1.722
   5.335   (   0.472   -0.204    0.000)    0.514
   5.872   (   0.148    0.386    0.000)    0.413
   7.943   (   0.411    1.997    0.000)    2.039
   8.340   (   1.369   -2.425    0.000)    2.785
======================= Grid point 29 (22/186) =======================
q-point: (-0.20  0.20  0.00)
Mass variance parameters: 1.64e-04 1.64e-04 1.64e-04 1.64e-04 0.00e+00 0.00e+00 0.00e+00 0.00e+00 3.39e-05 3.39e-05 
Number of triplets: 186
Frequency     group velocity (x, y, z)     |gv|
   0.463   (  -0.000   15.140    0.000)   15.140
   0.472   (  -0.000   15.373    0.000)   15.373
   0.697   (  -0.000   22.637    0.000)   22.637
   0.774   (  -0.000    0.287    0.000)    0.287
   1.294   (   0.000   -2.081    0.000)    2.081
   1.478   (   0.000   -5.309    0.000)    5.309
   1.726   (   0.000   -2.787    0.000)    2.787
   1.818   (   0.000   -1.342    0.000)    1.342
   2.183   (   0.000   -5.292    0.000)    5.292
   2.363   (   0.000   -3.857    0.000)    3.857
   2.570   (   0.000   -4.736    0.000)    4.736
   2.634   (  -0.000    1.989    0.000)    1.989
   2.743   (  -0.000    4.457    0.000)    4.457
   2.864   (   0.000   -0.168    0.000)    0.168
   2.958   (  -0.000    2.061    0.000)    2.061
   3.052   (  -0.000    0.443    0.000)    0.443
   3.244   (  -0.000    2.674    0.000)    2.674
   3.631   (  -0.000    4.073    0.000)    4.073
   3.812   (  -0.000    3.250    0.000)    3.250
   3.854   (   0.000   -0.002    0.000)    0.002
   3.866   (   0.000   -0.055    0.000)    0.055
   3.977   (   0.000   -7.734    0.000)    7.734
   4.030   (   0.000   -1.942    0.000)    1.942
   4.491   (   0.000   -0.821    0.000)    0.821
   4.498   (  -0.000    2.519    0.000)    2.519
   4.971   (   0.000   -1.165    0.000)    1.165
   5.340   (   0.000   -0.170    0.000)    0.170
   5.871   (  -0.000    0.387    0.000)    0.387
   7.933   (  -0.000    1.836    0.000)    1.836
   8.368   (   0.000   -2.259    0.000)    2.259
======================= Grid point 34 (23/186) =======================
q-point: ( 0.30  0.30  0.00)
Mass variance parameters: 1.64e-04 1.64e-04 1.64e-04 1.64e-04 0.00e+00 0.00e+00 0.00e+00 0.00e+00 3.39e-05 3.39e-05 
Number of triplets: 180
Frequency     group velocity (x, y, z)     |gv|
   0.648   (   0.201    0.000    0.000)    0.201
   0.749   (   4.515    0.000    0.000)    4.515
   0.788   (   0.004    0.000    0.000)    0.004
   0.943   (  -1.657   -0.000    0.000)    1.657
   1.333   (   4.503    0.000    0.000)    4.503
   1.659   (  -2.340   -0.000    0.000)    2.340
   1.788   (   0.683    0.000    0.000)    0.683
   1.820   (  -1.204   -0.000    0.000)    1.204
   2.178   (  -7.429   -0.000    0.000)    7.429
   2.273   (  -8.693   -0.000    0.000)    8.693
   2.495   (  -1.899   -0.000    0.000)    1.899
   2.765   (   5.153    0.000    0.000)    5.153
   2.840   (  -0.413   -0.000    0.000)    0.413
   2.861   (   1.753    0.000    0.000)    1.753
   2.896   (   3.715    0.000    0.000)    3.715
   3.019   (  13.775    0.000    0.000)   13.775
   3.224   (  -5.413   -0.000    0.000)    5.413
   3.512   (  -2.822   -0.000    0.000)    2.822
   3.622   (   0.306    0.000    0.000)    0.306
   3.905   (  -0.660   -0.000    0.000)    0.660
   3.982   (  -1.282   -0.000    0.000)    1.282
   3.996   (  -1.744   -0.000    0.000)    1.744
   4.365   (  -5.297   -0.000    0.000)    5.297
   4.378   (   4.465    0.000    0.000)    4.465
   4.422   (   0.468    0.000    0.000)    0.468
   5.070   (  -1.492   -0.000    0.000)    1.492
   5.296   (   0.335    0.000    0.000)    0.335
   5.865   (   0.325    0.000    0.000)    0.325
   7.932   (   1.431    0.000    0.000)    1.431
   8.225   (   0.252    0.000    0.000)    0.252
======================= Grid point 35 (24/186) =======================
q-point: (-0.60  0.30  0.00)
Mass variance parameters: 1.64e-04 1.64e-04 1.64e-04 1.64e-04 0.00e+00 0.00e+00 0.00e+00 0.00e+00 3.39e-05 3.39e-05 
Number of triplets: 300
Frequency     group velocity (x, y, z)     |gv|
   0.721   (   8.778    4.238    0.000)    9.747
   0.783   (   0.541    1.298    0.000)    1.407
   0.800   (   1.654    0.624    0.000)    1.768
   0.924   (  -1.061   -3.129    0.000)    3.304
   1.356   (  -0.333    1.474    0.000)    1.511
   1.633   (  -1.129   -0.570    0.000)    1.265
   1.724   ( -10.985   -0.380    0.000)   10.992
   1.798   (   0.731    0.302    0.000)    0.791
   2.087   (  -4.418   -0.328    0.000)    4.430
   2.246   (   4.148   -1.226    0.000)    4.325
   2.471   (  -2.015   -1.900    0.000)    2.769
   2.709   (  -9.269    0.989    0.000)    9.322
   2.836   (   1.101    2.363    0.000)    2.607
   2.931   (   4.802    0.817    0.000)    4.871
   2.954   (   3.195   -0.956    0.000)    3.335
   3.139   (   4.777    5.295    0.000)    7.131
   3.224   (   1.082   -4.630    0.000)    4.754
   3.488   (   1.275   -0.752    0.000)    1.480
   3.640   (   1.639   -0.956    0.000)    1.898
   3.891   (  -1.090    0.008    0.000)    1.090
   3.959   (  -1.153    0.893    0.000)    1.459
   3.960   (  -2.831    0.008    0.000)    2.831
   4.267   (  -7.110    0.221    0.000)    7.114
   4.435   (   0.995   -0.181    0.000)    1.012
   4.446   (   3.913   -0.371    0.000)    3.931
   5.037   (  -2.753   -0.057    0.000)    2.754
   5.306   (   0.839   -0.079    0.000)    0.843
   5.870   (   0.381    0.074    0.000)    0.388
   7.954   (   1.533    0.492    0.000)    1.610
   8.240   (   1.314   -0.579    0.000)    1.435
======================= Grid point 36 (25/186) =======================
q-point: (-0.50  0.30  0.00)
Mass variance parameters: 1.64e-04 1.64e-04 1.64e-04 1.64e-04 0.00e+00 0.00e+00 0.00e+00 0.00e+00 3.39e-05 3.39e-05 
Number of triplets: 300
Frequency     group velocity (x, y, z)     |gv|
   0.769   (   3.662   10.830    0.000)   11.432
   0.778   (   0.294    2.398    0.000)    2.416
   0.798   (  -0.064    3.090    0.000)    3.091
   0.991   (   5.486   -3.421    0.000)    6.465
   1.322   (  -2.631    0.490    0.000)    2.676
   1.543   ( -12.127   -2.042    0.000)   12.297
   1.633   (  -0.119   -1.937    0.000)    1.941
   1.806   (   0.679    0.492    0.000)    0.838
   2.045   (  -1.279   -0.053    0.000)    1.280
   2.366   (   9.305   -0.328    0.000)    9.311
   2.461   (  -1.692   -3.521    0.000)    3.907
   2.532   ( -11.563    0.057    0.000)   11.563
   2.838   (   1.673    3.532    0.000)    3.909
   2.973   (   2.127    1.694    0.000)    2.720
   3.004   (   2.424   -0.864    0.000)    2.574
   3.117   (  -6.343   -0.316    0.000)    6.350
   3.259   (   4.003    2.027    0.000)    4.487
   3.571   (   7.086   -1.001    0.000)    7.156
   3.683   (   2.382   -2.149    0.000)    3.209
   3.874   (  -1.116    0.007    0.000)    1.116
   3.915   (  -2.815   -0.003    0.000)    2.815
   3.936   (  -0.941    1.295    0.000)    1.601
   4.152   (  -7.656   -0.429    0.000)    7.668
   4.453   (   0.979   -0.440    0.000)    1.073
   4.499   (   2.717    0.085    0.000)    2.718
   4.993   (  -2.888   -0.309    0.000)    2.904
   5.320   (   0.872   -0.152    0.000)    0.885
   5.875   (   0.325    0.191    0.000)    0.377
   7.969   (   1.192    1.291    0.000)    1.758
   8.271   (   1.655   -1.511    0.000)    2.241
======================= Grid point 37 (26/186) =======================
q-point: (-0.40  0.30  0.00)
Mass variance parameters: 1.64e-04 1.64e-04 1.64e-04 1.64e-04 0.00e+00 0.00e+00 0.00e+00 0.00e+00 3.39e-05 3.39e-05 
Number of triplets: 300
Frequency     group velocity (x, y, z)     |gv|
   0.721   (   0.886   11.095    0.000)   11.131
   0.738   (  -0.272    8.871    0.000)    8.875
   0.782   (  -0.245    0.376    0.000)    0.449
   1.055   (   3.237    8.051    0.000)    8.677
   1.280   (  -2.773   -0.882    0.000)    2.910
   1.413   (  -6.744   -4.241    0.000)    7.966
   1.652   (   0.152   -3.156    0.000)    3.160
   1.812   (   0.451    0.485    0.000)    0.662
   2.058   (   2.330   -1.963    0.000)    3.047
   2.367   (  -8.502   -2.134    0.000)    8.766
   2.469   (  -0.933   -4.722    0.000)    4.813
   2.534   (  10.033   -0.291    0.000)   10.037
   2.833   (   1.161    4.390    0.000)    4.541
   2.959   (  -5.339    1.389    0.000)    5.516
   3.007   (  -4.037   -0.309    0.000)    4.049
   3.039   (   1.366   -0.642    0.000)    1.509
   3.299   (   3.386    4.289    0.000)    5.465
   3.670   (   4.563    1.956    0.000)    4.965
   3.751   (   3.795   -5.489    0.000)    6.673
   3.859   (  -0.704    0.002    0.000)    0.704
   3.879   (  -1.746   -0.035    0.000)    1.746
   3.909   (  -0.945    2.045    0.000)    2.253
   4.048   (  -6.412   -1.735    0.000)    6.642
   4.469   (   0.586   -0.676    0.000)    0.895
   4.526   (   1.285    0.912    0.000)    1.576
   4.960   (  -1.721   -0.837    0.000)    1.914
   5.332   (   0.514   -0.164    0.000)    0.539
   5.877   (   0.180    0.308    0.000)    0.357
   7.972   (   0.601    1.953    0.000)    2.043
   8.307   (   1.150   -2.300    0.000)    2.572
======================= Grid point 38 (27/186) =======================
q-point: (-0.30  0.30  0.00)
Mass variance parameters: 1.64e-04 1.64e-04 1.64e-04 1.64e-04 0.00e+00 0.00e+00 0.00e+00 0.00e+00 3.39e-05 3.39e-05 
Number of triplets: 180
Frequency     group velocity (x, y, z)     |gv|
   0.651   (  -0.000   11.911    0.000)   11.911
   0.662   (  -0.000   11.862    0.000)   11.862
   0.778   (  -0.000    0.286    0.000)    0.286
   0.977   (  -0.000   17.396    0.000)   17.396
   1.265   (   0.000   -1.978    0.000)    1.978
   1.400   (   0.000   -5.669    0.000)    5.669
   1.677   (   0.000   -3.757    0.000)    3.757
   1.813   (  -0.000    0.242    0.000)    0.242
   2.116   (   0.000   -4.276    0.000)    4.276
   2.309   (   0.000   -3.673    0.000)    3.673
   2.497   (   0.000   -5.366    0.000)    5.366
   2.646   (   0.000   -0.102    0.000)    0.102
   2.810   (  -0.000    4.903    0.000)    4.903
   2.865   (  -0.000    0.215    0.000)    0.215
   2.985   (  -0.000    1.783    0.000)    1.783
   3.053   (   0.000   -0.308    0.000)    0.308
   3.296   (  -0.000    4.507    0.000)    4.507
   3.683   (  -0.000    3.237    0.000)    3.237
   3.831   (   0.000   -3.346    0.000)    3.346
   3.854   (   0.000   -0.000    0.000)    0.000
   3.865   (   0.000   -0.057    0.000)    0.057
   3.896   (   0.000   -0.955    0.000)    0.955
   4.000   (   0.000   -2.212    0.000)    2.212
   4.479   (   0.000   -0.821    0.000)    0.821
   4.527   (  -0.000    1.620    0.000)    1.620
   4.954   (   0.000   -1.197    0.000)    1.197
   5.337   (   0.000   -0.168    0.000)    0.168
   5.876   (  -0.000    0.382    0.000)    0.382
   7.962   (  -0.000    2.190    0.000)    2.190
   8.333   (   0.000   -2.614    0.000)    2.614
======================= Grid point 45 (28/186) =======================
q-point: (-0.60  0.40  0.00)
Mass variance parameters: 1.64e-04 1.64e-04 1.64e-04 1.64e-04 0.00e+00 0.00e+00 0.00e+00 0.00e+00 3.39e-05 3.39e-05 
Number of triplets: 186
Frequency     group velocity (x, y, z)     |gv|
   0.785   (  -0.131   -0.000    0.000)    0.131
   0.829   (   0.974    0.000    0.000)    0.974
   0.877   (  -2.251   -0.000    0.000)    2.251
   0.934   (  14.047    0.000    0.000)   14.047
   1.325   (  -3.558   -0.000    0.000)    3.558
   1.528   ( -12.692   -0.000    0.000)   12.692
   1.619   (  -0.350   -0.000    0.000)    0.350
   1.810   (   0.653    0.000    0.000)    0.653
   2.046   (  -1.231   -0.000    0.000)    1.231
   2.364   (  10.158    0.000    0.000)   10.158
   2.435   (  -1.701   -0.000    0.000)    1.701
   2.532   ( -12.923   -0.000    0.000)   12.923
   2.865   (   1.545    0.000    0.000)    1.545
   2.985   (   2.142    0.000    0.000)    2.142
   2.996   (   2.526    0.000    0.000)    2.526
   3.115   (  -7.841   -0.000    0.000)    7.841
   3.274   (   5.737    0.000    0.000)    5.737
   3.561   (   7.042    0.000    0.000)    7.042
   3.671   (   2.614    0.000    0.000)    2.614
   3.874   (  -1.119   -0.000    0.000)    1.119
   3.915   (  -2.826   -0.000    0.000)    2.826
   3.945   (  -0.922   -0.000    0.000)    0.922
   4.148   (  -8.126   -0.000    0.000)    8.126
   4.450   (   0.946    0.000    0.000)    0.946
   4.499   (   3.005    0.000    0.000)    3.005
   4.991   (  -3.019   -0.000    0.000)    3.019
   5.319   (   0.884    0.000    0.000)    0.884
   5.876   (   0.344    0.000    0.000)    0.344
   7.979   (   1.361    0.000    0.000)    1.361
   8.260   (   1.466    0.000    0.000)    1.466
======================= Grid point 47 (29/186) =======================
q-point: (-0.50  0.40  0.00)
Mass variance parameters: 1.64e-04 1.64e-04 1.64e-04 1.64e-04 0.00e+00 0.00e+00 0.00e+00 0.00e+00 3.39e-05 3.39e-05 
Number of triplets: 300
Frequency     group velocity (x, y, z)     |gv|
   0.783   (  -0.072    0.142    0.000)    0.159
   0.826   (   0.104    3.167    0.000)    3.168
   0.831   (  -1.233    4.305    0.000)    4.478
   1.126   (   9.838    2.383    0.000)   10.123
   1.272   (  -3.068   -0.365    0.000)    3.090
   1.371   (  -7.705   -1.697    0.000)    7.890
   1.621   (   0.039   -1.129    0.000)    1.129
   1.818   (   0.405    0.252    0.000)    0.477
   2.043   (   0.737   -0.388    0.000)    0.833
   2.347   ( -10.215   -0.698    0.000)   10.239
   2.421   (  -0.965   -1.915    0.000)    2.145
   2.529   (  10.362   -0.322    0.000)   10.367
   2.880   (   1.141    1.950    0.000)    2.260
   2.970   (  -9.195    0.307    0.000)    9.201
   3.007   (   0.248    0.104    0.000)    0.269
   3.029   (   1.363   -0.600    0.000)    1.490
   3.345   (   3.719    1.853    0.000)    4.155
   3.672   (   6.296   -1.312    0.000)    6.431
   3.710   (   2.010   -0.370    0.000)    2.044
   3.859   (  -0.707    0.001    0.000)    0.707
   3.879   (  -1.762   -0.014    0.000)    1.762
   3.931   (  -0.527    0.916    0.000)    1.056
   4.030   (  -6.976   -0.740    0.000)    7.015
   4.462   (   0.557   -0.259    0.000)    0.614
   4.534   (   1.567    0.263    0.000)    1.589
   4.952   (  -1.957   -0.319    0.000)    1.983
   5.331   (   0.540   -0.063    0.000)    0.544
   5.880   (   0.199    0.117    0.000)    0.231
   7.993   (   0.758    0.874    0.000)    1.157
   8.282   (   0.974   -1.007    0.000)    1.401
======================= Grid point 48 (30/186) =======================
q-point: (-0.40  0.40  0.00)
Mass variance parameters: 1.64e-04 1.64e-04 1.64e-04 1.64e-04 0.00e+00 0.00e+00 0.00e+00 0.00e+00 3.39e-05 3.39e-05 
Number of triplets: 186
Frequency     group velocity (x, y, z)     |gv|
   0.782   (  -0.000    0.176    0.000)    0.176
   0.783   (  -0.000    6.882    0.000)    6.882
   0.792   (  -0.000    6.574    0.000)    6.574
   1.166   (  -0.000    9.628    0.000)    9.628
   1.243   (   0.000   -1.078    0.000)    1.078
   1.331   (   0.000   -3.891    0.000)    3.891
   1.634   (   0.000   -2.274    0.000)    2.274
   1.819   (  -0.000    0.408    0.000)    0.408
   2.068   (   0.000   -2.504    0.000)    2.504
   2.268   (   0.000   -2.161    0.000)    2.161
   2.433   (   0.000   -3.574    0.000)    3.574
   2.639   (   0.000   -0.592    0.000)    0.592
   2.869   (  -0.000    0.218    0.000)    0.218
   2.870   (  -0.000    3.431    0.000)    3.431
   3.006   (  -0.000    1.074    0.000)    1.074
   3.044   (   0.000   -0.816    0.000)    0.816
   3.355   (  -0.000    3.541    0.000)    3.541
   3.717   (  -0.000    1.529    0.000)    1.529
   3.758   (   0.000   -4.643    0.000)    4.643
   3.854   (  -0.000    0.001    0.000)    0.001
   3.865   (   0.000   -0.037    0.000)    0.037
   3.917   (  -0.000    1.853    0.000)    1.853
   3.973   (   0.000   -1.497    0.000)    1.497
   4.469   (   0.000   -0.508    0.000)    0.508
   4.543   (  -0.000    0.716    0.000)    0.716
   4.940   (   0.000   -0.758    0.000)    0.758
   5.336   (   0.000   -0.103    0.000)    0.103
   5.881   (  -0.000    0.234    0.000)    0.234
   7.989   (  -0.000    1.646    0.000)    1.646
   8.301   (   0.000   -1.909    0.000)    1.909
======================= Grid point 58 (31/186) =======================
q-point: ( 0.50 -0.50  0.00)
Mass variance parameters: 1.64e-04 1.64e-04 1.64e-04 1.64e-04 0.00e+00 0.00e+00 0.00e+00 0.00e+00 3.39e-05 3.39e-05 
Number of triplets: 108
Frequency     group velocity (x, y, z)     |gv|
   0.783   (  -0.000    0.000    0.000)    0.000
   0.833   (   0.000   -0.000    0.000)    0.000
   0.838   (  -0.000    0.000    0.000)    0.000
   1.234   (  -0.000   -0.000    0.000)    0.000
   1.236   (   0.000   -0.000    0.000)    0.000
   1.302   (  -0.000    0.000    0.000)    0.000
   1.618   (   0.000   -0.000    0.000)    0.000
   1.822   (   0.000    0.000    0.000)    0.000
   2.050   (   0.000   -0.000    0.000)    0.000
   2.253   (  -0.000    0.000    0.000)    0.000
   2.407   (  -0.000    0.000    0.000)    0.000
   2.634   (  -0.000    0.000    0.000)    0.000
   2.870   (   0.000   -0.000    0.000)    0.000
   2.896   (   0.000   -0.000    0.000)    0.000
   3.013   (   0.000   -0.000    0.000)    0.000
   3.037   (  -0.000    0.000    0.000)    0.000
   3.381   (  -0.000    0.000    0.000)    0.000
   3.724   (   0.000   -0.000    0.000)    0.000
   3.727   (  -0.000    0.000    0.000)    0.000
   3.854   (  -0.000    0.000    0.000)    0.000
   3.865   (   0.000   -0.000    0.000)    0.000
   3.931   (  -0.000    0.000    0.000)    0.000
   3.962   (   0.000   -0.000    0.000)    0.000
   4.466   (   0.000   -0.000    0.000)    0.000
   4.547   (  -0.000    0.000    0.000)    0.000
   4.935   (   0.000   -0.000    0.000)    0.000
   5.335   (   0.000   -0.000    0.000)    0.000
   5.882   (  -0.000    0.000    0.000)    0.000
   8.002   (   0.000   -0.000    0.000)    0.000
   8.286   (  -0.000    0.000    0.000)    0.000
======================= Grid point 105 (32/186) =======================
q-point: ( 0.00  0.00  0.10)
Mass variance parameters: 1.64e-04 1.64e-04 1.64e-04 1.64e-04 0.00e+00 0.00e+00 0.00e+00 0.00e+00 3.39e-05 3.39e-05 
Number of triplets: 155
Frequency     group velocity (x, y, z)     |gv|
   0.143   (   0.000    0.000    8.841)    8.841
   0.282   (   0.000    0.000   17.310)   17.310
   0.443   (   0.000    0.000   26.980)   26.980
   0.764   (   0.000    0.000   -0.638)    0.638
   1.330   (   0.000    0.000    0.314)    0.314
   1.546   (   0.000    0.000   -1.762)    1.762
   1.737   (   0.000    0.000   -1.715)    1.715
   1.867   (   0.000    0.000    0.073)    0.073
   2.301   (   0.000    0.000    0.787)    0.787
   2.393   (   0.000    0.000   -3.823)    3.823
   2.559   (   0.000    0.000   -0.370)    0.370
   2.581   (   0.000    0.000   -3.845)    3.845
   2.700   (   0.000    0.000   -0.104)    0.104
   2.901   (   0.000    0.000    2.428)    2.428
   2.925   (   0.000    0.000    1.214)    1.214
   3.028   (   0.000    0.000   -1.280)    1.280
   3.217   (   0.000    0.000   -0.774)    0.774
   3.533   (   0.000    0.000   -2.700)    2.700
   3.754   (   0.000    0.000   -0.055)    0.055
   3.868   (   0.000    0.000    1.533)    1.533
   3.880   (   0.000    0.000    1.430)    1.430
   4.084   (   0.000    0.000    3.196)    3.196
   4.094   (   0.000    0.000   -2.687)    2.687
   4.455   (   0.000    0.000    1.603)    1.603
   4.519   (   0.000    0.000    1.792)    1.792
   4.970   (   0.000    0.000   -2.405)    2.405
   5.353   (   0.000    0.000    1.296)    1.296
   5.850   (   0.000    0.000   -1.804)    1.804
   7.918   (   0.000    0.000    1.508)    1.508
   8.391   (   0.000    0.000   -1.397)    1.397
======================= Grid point 106 (33/186) =======================
q-point: ( 0.10  0.00  0.10)
Mass variance parameters: 1.64e-04 1.64e-04 1.64e-04 1.64e-04 0.00e+00 0.00e+00 0.00e+00 0.00e+00 3.39e-05 3.39e-05 
Number of triplets: 500
Frequency     group velocity (x, y, z)     |gv|
   0.332   (  13.848    8.249    9.870)   18.900
   0.382   (  10.271   -4.277   10.808)   15.511
   0.562   (   9.084  -15.058   16.723)   24.268
   0.767   (   0.327   -0.147   -0.482)    0.600
   1.331   (  -0.176    0.487    0.564)    0.766
   1.569   (   3.824    1.467   -1.723)    4.443
   1.738   (   0.160    0.053   -1.725)    1.733
   1.855   (  -0.880    1.414    0.224)    1.680
   2.217   (  -5.670    2.420   -0.174)    6.167
   2.453   (   3.816    0.979   -2.907)    4.896
   2.474   (  -8.208   -1.549   -0.229)    8.356
   2.577   (  -0.812   -0.703   -3.936)    4.080
   2.700   (   0.415    1.089   -0.222)    1.186
   2.906   (  -0.010   -0.928    2.838)    2.986
   3.011   (   1.943    0.988   -1.202)    2.489
   3.033   (   7.152   -1.578    0.855)    7.374
   3.176   (  -5.071   -0.370   -0.432)    5.102
   3.532   (  -0.764   -1.229   -2.405)    2.807
   3.776   (   1.751   -1.020   -0.274)    2.045
   3.866   (  -0.297    0.199    0.717)    0.801
   3.889   (   1.200    0.101    0.951)    1.535
   4.062   (  -1.103    3.780    1.224)    4.123
   4.099   (   0.768   -1.446    0.299)    1.664
   4.466   (   1.012   -0.305    1.286)    1.664
   4.515   (  -0.626   -0.189    1.960)    2.066
   4.976   (   0.973    0.284   -2.324)    2.535
   5.350   (  -0.391    0.046    1.319)    1.377
   5.849   (  -0.094   -0.124   -1.802)    1.809
   7.918   (  -0.224   -0.469    1.461)    1.551
   8.376   (  -1.604    0.600   -1.350)    2.181
======================= Grid point 107 (34/186) =======================
q-point: ( 0.20  0.00  0.10)
Mass variance parameters: 1.64e-04 1.64e-04 1.64e-04 1.64e-04 0.00e+00 0.00e+00 0.00e+00 0.00e+00 3.39e-05 3.39e-05 
Number of triplets: 500
Frequency     group velocity (x, y, z)     |gv|
   0.478   (  11.723    5.152    9.559)   15.980
   0.547   (   7.528   -4.189    8.912)   12.395
   0.767   (   1.029   -0.789   -0.535)    1.403
   0.840   (  10.242  -10.642    4.998)   15.593
   1.296   (  -4.871   -0.164    1.110)    4.999
   1.646   (   7.258    1.808   -1.852)    7.706
   1.741   (   0.330    0.164   -1.703)    1.743
   1.822   (  -1.502    2.543    0.673)    3.029
   2.149   (   0.460    3.811   -0.383)    3.858
   2.353   (  -6.342   -1.734    0.158)    6.576
   2.509   (   2.671    0.516   -3.006)    4.054
   2.572   (  -0.790   -2.402   -4.003)    4.735
   2.697   (   0.697    2.210   -0.333)    2.341
   2.905   (  -1.423   -1.386    3.191)    3.759
   2.988   (  -2.412   -0.565   -1.241)    2.770
   3.079   (  -8.205   -1.588    0.060)    8.357
   3.204   (  11.140   -0.375    0.850)   11.179
   3.524   (  -1.384   -1.066   -1.591)    2.363
   3.784   (  -2.433   -0.333   -0.461)    2.499
   3.864   (   1.130    0.603   -0.866)    1.546
   3.915   (   2.240    0.069    0.043)    2.242
   4.020   (  -0.432    4.494    1.298)    4.697
   4.140   (   2.792   -2.697    1.806)    4.281
   4.475   (  -0.007    0.910    0.721)    1.161
   4.507   (  -0.607   -0.757    2.351)    2.543
   4.996   (   1.864    0.312   -2.115)    2.836
   5.341   (  -0.719    0.122    1.385)    1.565
   5.849   (  -0.153   -0.200   -1.797)    1.814
   7.918   (  -0.346   -0.798    1.337)    1.595
   8.336   (  -2.669    1.015   -1.223)    3.106
======================= Grid point 108 (35/186) =======================
q-point: ( 0.30  0.00  0.10)
Mass variance parameters: 1.64e-04 1.64e-04 1.64e-04 1.64e-04 0.00e+00 0.00e+00 0.00e+00 0.00e+00 3.39e-05 3.39e-05 
Number of triplets: 500
Frequency     group velocity (x, y, z)     |gv|
   0.616   (   8.342    0.256    8.754)   12.094
   0.670   (   6.856    0.704    4.720)    8.353
   0.778   (   0.571   -0.067   -0.461)    0.737
   1.005   (   3.355   -3.073    1.378)    4.754
   1.197   (  -8.063   -3.817    1.205)    9.002
   1.718   (   1.074    1.422   -2.467)    3.043
   1.749   (   0.643    0.053   -2.171)    2.265
   1.797   (   2.314    2.445    2.251)    4.050
   2.184   (   7.106    4.206   -0.640)    8.282
   2.327   (   2.562    0.470    0.135)    2.608
   2.534   (  -0.010   -2.717   -4.094)    4.913
   2.598   (   1.072   -4.465   -2.578)    5.266
   2.691   (   1.086    3.477    0.151)    3.646
   2.881   (  -2.734   -1.539    2.665)    4.116
   2.943   (  -8.480   -2.148   -0.332)    8.754
   2.958   (  -4.671   -1.350   -0.391)    4.878
   3.356   (   7.978    0.988    0.645)    8.065
   3.503   (  -1.763   -0.484   -0.345)    1.860
   3.726   (  -3.729    0.856   -1.217)    4.015
   3.886   (   1.671    0.232   -0.556)    1.776
   3.952   (   2.283    0.005   -0.622)    2.366
   3.984   (  -0.753    3.131    1.216)    3.442
   4.217   (   4.283   -2.922    1.859)    5.508
   4.456   (  -1.135    1.316    0.655)    1.857
   4.501   (  -0.865   -0.107    2.474)    2.623
   5.027   (   2.201    0.086   -1.897)    2.907
   5.327   (  -0.852    0.199    1.488)    1.726
   5.848   (  -0.155   -0.200   -1.791)    1.809
   7.919   (  -0.312   -0.863    1.178)    1.493
   8.285   (  -2.778    1.087   -1.055)    3.164
======================= Grid point 109 (36/186) =======================
q-point: ( 0.40  0.00  0.10)
Mass variance parameters: 1.64e-04 1.64e-04 1.64e-04 1.64e-04 0.00e+00 0.00e+00 0.00e+00 0.00e+00 3.39e-05 3.39e-05 
Number of triplets: 500
Frequency     group velocity (x, y, z)     |gv|
   0.717   (   3.127   -2.700    8.936)    9.844
   0.757   (   7.614    5.136    1.363)    9.285
   0.788   (   0.967    0.267   -0.068)    1.006
   0.965   (  -7.588   -0.493    1.449)    7.740
   1.157   (  -1.732   -3.928   -0.786)    4.364
   1.690   (  -1.550    1.625   -1.458)    2.677
   1.751   (   0.026   -0.119   -2.105)    2.109
   1.837   (   2.324   -0.220    2.224)    3.224
   2.270   (   6.517    4.148   -1.719)    7.914
   2.407   (   8.723    3.417   -0.624)    9.389
   2.557   (  -0.060   -4.120   -3.937)    5.699
   2.650   (   0.873   -3.852   -1.760)    4.324
   2.684   (   0.683    2.414    2.177)    3.322
   2.790   ( -11.703   -3.862    0.206)   12.326
   2.866   (  -0.136   -1.413    0.341)    1.460
   2.928   (  -1.575   -0.693   -0.765)    1.883
   3.385   (  -1.727    3.365    0.988)    3.909
   3.519   (   2.870   -1.144    0.717)    3.171
   3.675   (  -2.079    0.554   -1.450)    2.595
   3.908   (   1.274   -0.067   -0.063)    1.277
   3.949   (  -0.869    1.702    1.066)    2.188
   3.988   (   1.581    0.020   -0.909)    1.824
   4.301   (   3.740   -2.701    0.844)    4.690
   4.427   (  -1.321    1.470    0.524)    2.044
   4.481   (  -1.310    0.497    3.211)    3.504
   5.057   (   1.537   -0.089   -1.788)    2.360
   5.314   (  -0.623    0.180    1.610)    1.735
   5.847   (  -0.097   -0.123   -1.788)    1.795
   7.920   (  -0.163   -0.580    1.044)    1.205
   8.243   (  -1.785    0.721   -0.909)    2.129
======================= Grid point 110 (37/186) =======================
q-point: (-0.50  0.00  0.10)
Mass variance parameters: 1.64e-04 1.64e-04 1.64e-04 1.64e-04 0.00e+00 0.00e+00 0.00e+00 0.00e+00 3.39e-05 3.39e-05 
Number of triplets: 260
Frequency     group velocity (x, y, z)     |gv|
   0.747   (   0.000    0.000    7.429)    7.429
   0.793   (   0.000    0.000    0.354)    0.354
   0.848   (  -0.000   -0.000   -0.213)    0.213
   0.856   (   0.000    0.000    3.556)    3.556
   1.158   (  -0.000   -0.000   -1.745)    1.745
   1.671   (   0.000    0.000   -1.210)    1.210
   1.752   (  -0.000   -0.000   -2.027)    2.027
   1.857   (   0.000    0.000    2.399)    2.399
   2.306   (  -0.000   -0.000   -2.638)    2.638
   2.497   (  -0.000   -0.000   -1.941)    1.941
   2.568   (   0.000   -0.000   -1.870)    1.870
   2.666   (   0.000    0.000   -0.479)    0.479
   2.675   (  -0.000   -0.000    2.835)    2.835
   2.690   (  -0.000   -0.000   -0.655)    0.655
   2.886   (  -0.000    0.000   -1.674)    1.674
   2.917   (   0.000   -0.000   -0.722)    0.722
   3.345   (   0.000    0.000    2.020)    2.020
   3.550   (  -0.000   -0.000    0.719)    0.719
   3.657   (  -0.000   -0.000   -1.409)    1.409
   3.925   (  -0.000    0.000   -0.538)    0.538
   3.929   (   0.000   -0.000    1.777)    1.777
   4.001   (  -0.000    0.000   -1.120)    1.120
   4.351   (   0.000   -0.000   -0.708)    0.708
   4.402   (  -0.000    0.000    1.236)    1.236
   4.466   (  -0.000    0.000    3.858)    3.858
   5.070   (   0.000    0.000   -1.773)    1.773
   5.308   (  -0.000   -0.000    1.674)    1.674
   5.846   (   0.000   -0.000   -1.787)    1.787
   7.921   (  -0.000    0.000    0.990)    0.990
   8.226   (   0.000   -0.000   -0.850)    0.850
======================= Grid point 117 (38/186) =======================
q-point: ( 0.10  0.10  0.10)
Mass variance parameters: 1.64e-04 1.64e-04 1.64e-04 1.64e-04 0.00e+00 0.00e+00 0.00e+00 0.00e+00 3.39e-05 3.39e-05 
Number of triplets: 275
Frequency     group velocity (x, y, z)     |gv|
   0.479   (   5.330    0.000   16.384)   17.230
   0.607   (  14.540    0.000    6.071)   15.756
   0.699   (  14.056    0.000    4.087)   14.638
   0.775   (   0.938    0.000    0.152)    0.950
   1.295   (  -5.539   -0.000    1.146)    5.656
   1.659   (   6.691    0.000   -1.928)    6.963
   1.742   (   0.293    0.000   -1.816)    1.840
   1.841   (  -1.451   -0.000    0.620)    1.578
   2.180   (   0.701    0.000   -0.758)    1.033
   2.336   (  -6.387   -0.000    0.777)    6.434
   2.512   (   1.881    0.000   -3.287)    3.787
   2.554   (  -1.514   -0.000   -4.246)    4.508
   2.715   (   1.095    0.000   -0.380)    1.159
   2.895   (  -1.181   -0.000    3.422)    3.620
   2.983   (  -2.623   -0.000   -0.943)    2.787
   3.067   (  -8.505   -0.000    0.276)    8.509
   3.202   (  11.405    0.000    0.470)   11.415
   3.516   (  -0.846   -0.000   -1.601)    1.811
   3.779   (  -1.730   -0.000   -0.227)    1.745
   3.868   (   0.922    0.000   -0.479)    1.039
   3.916   (   2.179    0.000    0.087)    2.181
   4.069   (  -1.737   -0.000   -2.560)    3.094
   4.105   (   3.178    0.000    4.526)    5.531
   4.484   (   1.078    0.000    1.471)    1.823
   4.499   (  -1.271   -0.000    1.907)    2.292
   4.998   (   1.743    0.000   -2.154)    2.771
   5.342   (  -0.702   -0.000    1.356)    1.527
   5.847   (  -0.132   -0.000   -1.800)    1.805
   7.912   (  -0.275   -0.000    1.376)    1.403
   8.343   (  -2.760   -0.000   -1.264)    3.036
======================= Grid point 118 (39/186) =======================
q-point: ( 0.20  0.10  0.10)
Mass variance parameters: 1.64e-04 1.64e-04 1.64e-04 1.64e-04 0.00e+00 0.00e+00 0.00e+00 0.00e+00 3.39e-05 3.39e-05 
Number of triplets: 500
Frequency     group velocity (x, y, z)     |gv|
   0.570   (   5.251   -2.605   13.198)   14.441
   0.753   (   5.601    3.445   -0.298)    6.582
   0.801   (   7.176    6.511    2.343)    9.969
   0.923   (   8.562   -8.326    2.329)   12.167
   1.163   ( -11.135   -1.131    1.487)   11.291
   1.730   (   1.063    0.392   -3.148)    3.346
   1.749   (   0.508    0.019   -2.060)    2.122
   1.826   (   0.824    1.294    2.417)    2.863
   2.238   (   7.454    3.018   -0.913)    8.094
   2.319   (   4.427   -1.275    0.865)    4.687
   2.502   (  -2.812   -1.286   -4.071)    5.112
   2.552   (   0.246   -1.813   -2.745)    3.299
   2.731   (   1.709    1.801   -0.706)    2.581
   2.869   (  -2.322   -0.310    2.685)    3.564
   2.921   ( -10.403   -0.949    0.687)   10.468
   2.942   (  -3.027   -0.798   -0.571)    3.182
   3.364   (   9.296    0.243    0.467)    9.311
   3.497   (  -1.990   -0.219   -0.512)    2.067
   3.729   (  -4.152   -0.101   -0.539)    4.188
   3.890   (   1.602    0.189   -0.182)    1.623
   3.952   (   2.398    0.021   -0.698)    2.497
   4.028   (  -1.866    2.488   -1.659)    3.525
   4.179   (   4.731   -2.058    3.317)    6.134
   4.473   (  -1.338    0.950    1.582)    2.279
   4.496   (  -0.258   -0.530    1.786)    1.881
   5.028   (   2.007    0.033   -1.919)    2.777
   5.329   (  -0.844    0.078    1.432)    1.664
   5.846   (  -0.099   -0.077   -1.797)    1.801
   7.910   (  -0.106   -0.310    1.234)    1.277
   8.296   (  -3.041    0.396   -1.115)    3.263
======================= Grid point 119 (40/186) =======================
q-point: ( 0.30  0.10  0.10)
Mass variance parameters: 1.64e-04 1.64e-04 1.64e-04 1.64e-04 0.00e+00 0.00e+00 0.00e+00 0.00e+00 3.39e-05 3.39e-05 
Number of triplets: 500
Frequency     group velocity (x, y, z)     |gv|
   0.667   (   4.394   -3.165    9.370)   10.822
   0.778   (   0.698   -0.180   -0.754)    1.043
   0.869   (   6.949    7.736    1.672)   10.532
   0.949   ( -10.975   -1.374    2.281)   11.294
   1.110   (   4.402   -3.340    0.164)    5.528
   1.710   (  -1.990    0.980   -3.020)    3.747
   1.748   (  -0.172   -0.221   -1.828)    1.849
   1.837   (   0.959    0.230    3.041)    3.196
   2.326   (   4.241    3.745   -2.071)    6.025
   2.444   (   8.711    1.879   -1.089)    8.978
   2.500   (   2.720   -3.768   -2.135)    5.114
   2.577   (   0.467   -4.660   -0.274)    4.691
   2.727   (  -3.769    0.723   -1.159)    4.009
   2.766   (  -5.168    1.776    0.989)    5.554
   2.849   (  -0.876   -1.165    0.309)    1.490
   2.912   (  -1.765   -1.371   -0.197)    2.244
   3.425   (  -2.799    2.363    0.720)    3.734
   3.499   (   3.792   -1.525    0.570)    4.127
   3.672   (  -3.180   -0.608   -0.790)    3.333
   3.910   (   1.207    0.200    0.435)    1.298
   3.978   (  -0.015    1.614   -1.268)    2.052
   3.992   (   0.282    0.950   -0.793)    1.269
   4.265   (   4.387   -2.176    1.907)    5.255
   4.445   (  -1.290    1.072    1.239)    2.085
   4.484   (  -1.431   -0.045    2.359)    2.759
   5.056   (   1.454   -0.100   -1.761)    2.286
   5.316   (  -0.692    0.130    1.546)    1.699
   5.845   (  -0.007   -0.077   -1.792)    1.793
   7.914   (   0.226   -0.337    1.087)    1.160
   8.251   (  -2.275    0.425   -0.956)    2.504
======================= Grid point 120 (41/186) =======================
q-point: ( 0.40  0.10  0.10)
Mass variance parameters: 1.64e-04 1.64e-04 1.64e-04 1.64e-04 0.00e+00 0.00e+00 0.00e+00 0.00e+00 3.39e-05 3.39e-05 
Number of triplets: 500
Frequency     group velocity (x, y, z)     |gv|
   0.734   (   1.343   -1.462    6.392)    6.693
   0.788   (   0.423   -0.595   -0.209)    0.760
   0.797   (  -9.017   -3.386    2.962)   10.077
   0.912   (   4.245    3.914    0.782)    5.827
   1.183   (   4.765    3.095   -0.750)    5.731
   1.677   (  -1.096    0.799   -1.529)    2.044
   1.749   (  -0.088   -0.448   -2.195)    2.242
   1.853   (   0.561   -0.551    2.638)    2.752
   2.297   (  -4.991   -1.116   -2.644)    5.757
   2.481   (  -7.734   -1.759   -0.777)    7.970
   2.573   (   3.636   -0.422   -1.299)    3.884
   2.599   (  -0.086   -3.576    0.293)    3.589
   2.715   (   7.326    3.318   -1.260)    8.140
   2.747   (   3.244    5.005    0.629)    5.997
   2.876   (   2.537   -1.368   -1.389)    3.199
   2.908   (  -0.045   -1.361   -0.434)    1.429
   3.347   (  -4.251    0.260    2.005)    4.707
   3.546   (   0.591   -0.566    0.548)    0.985
   3.645   (  -1.164   -1.351   -0.893)    1.994
   3.924   (   0.697   -0.039    1.228)    1.413
   3.948   (  -0.955    2.225   -0.783)    2.545
   4.001   (   0.062    0.021   -1.083)    1.085
   4.338   (   3.205   -1.388    0.307)    3.506
   4.414   (  -1.904    1.361    0.976)    2.535
   4.463   (  -0.987   -0.533    3.445)    3.623
   5.069   (   0.072   -0.116   -1.740)    1.745
   5.308   (  -0.163    0.047    1.659)    1.668
   5.846   (   0.111    0.000   -1.787)    1.791
   7.921   (   0.547    0.008    0.989)    1.130
   8.226   (  -0.675   -0.007   -0.849)    1.085
======================= Grid point 121 (42/186) =======================
q-point: (-0.50  0.10  0.10)
Mass variance parameters: 1.64e-04 1.64e-04 1.64e-04 1.64e-04 0.00e+00 0.00e+00 0.00e+00 0.00e+00 3.39e-05 3.39e-05 
Number of triplets: 500
Frequency     group velocity (x, y, z)     |gv|
   0.675   (  -7.424   -3.401    1.729)    8.347
   0.768   (   0.562    1.872    5.363)    5.708
   0.796   (   0.119    0.699    1.886)    2.014
   0.958   (   3.233   -1.132   -0.237)    3.433
   1.224   (   4.768    5.549   -0.455)    7.330
   1.672   (   0.426   -0.855   -0.260)    0.990
   1.751   (  -0.034   -0.234   -2.600)    2.611
   1.841   (  -2.856    0.252    1.668)    3.317
   2.216   (  -7.289   -3.481   -1.619)    8.238
   2.355   (  -8.448   -3.949    0.123)    9.326
   2.576   (  -2.545   -3.130   -1.483)    4.298
   2.647   (   3.018    2.411   -3.507)    5.217
   2.741   (   0.304    5.427    0.451)    5.455
   2.840   (   9.288    2.344    0.235)    9.582
   2.902   (   3.017    4.216    0.076)    5.185
   2.930   (   1.758   -0.241   -0.647)    1.889
   3.333   (   0.357   -4.103    1.478)    4.376
   3.528   (  -2.537    0.131    0.667)    2.626
   3.654   (   0.717   -2.173   -1.297)    2.630
   3.918   (  -1.229    1.273   -0.068)    1.771
   3.936   (   0.585   -0.233    1.346)    1.486
   3.989   (  -1.551    0.129   -0.887)    1.791
   4.337   (  -3.344    2.544    0.710)    4.261
   4.406   (   1.552   -1.445    0.319)    2.145
   4.470   (   0.973   -1.138    3.384)    3.700
   5.058   (  -1.567   -0.004   -1.772)    2.365
   5.312   (   0.513   -0.141    1.669)    1.752
   5.849   (   0.207    0.123   -1.784)    1.800
   7.929   (   0.701    0.630    0.985)    1.364
   8.232   (   1.122   -0.772   -0.846)    1.603
======================= Grid point 122 (43/186) =======================
q-point: (-0.40  0.10  0.10)
Mass variance parameters: 1.64e-04 1.64e-04 1.64e-04 1.64e-04 0.00e+00 0.00e+00 0.00e+00 0.00e+00 3.39e-05 3.39e-05 
Number of triplets: 500
Frequency     group velocity (x, y, z)     |gv|
   0.579   (  -7.385   -0.566    1.119)    7.491
   0.741   (  -0.948    6.226    8.376)   10.479
   0.783   (  -0.558    0.663   -0.325)    0.925
   1.011   (   0.931   -1.739    0.198)    1.983
   1.259   (   4.625    4.715    0.660)    6.637
   1.692   (  -0.461   -2.132   -0.651)    2.276
   1.743   (  -3.161   -0.989   -1.282)    3.552
   1.772   (  -3.081   -0.765    0.077)    3.175
   2.130   (  -6.412   -3.366   -0.652)    7.272
   2.308   (  -0.198   -2.025    0.035)    2.035
   2.549   (  -2.971   -1.488   -3.788)    5.039
   2.657   (  -3.816    1.422    2.140)    4.601
   2.672   (   1.269    4.263   -4.332)    6.209
   2.908   (   3.088    2.190    2.714)    4.658
   2.960   (   2.393    0.077   -1.579)    2.869
   2.995   (  10.087    4.144    0.061)   10.906
   3.335   (  -5.459   -2.219    0.911)    5.963
   3.508   (   1.455    0.191   -0.053)    1.469
   3.697   (   2.540   -3.159   -1.770)    4.423
   3.890   (  -1.491    0.895   -0.628)    1.848
   3.949   (   0.261   -0.967    2.190)    2.408
   3.956   (  -2.239   -0.245   -0.110)    2.255
   4.253   (  -4.875    2.240    1.736)    5.639
   4.439   (   1.472   -0.980    0.005)    1.769
   4.497   (   1.333   -0.724    2.672)    3.073
   5.026   (  -2.466   -0.108   -1.844)    3.080
   5.324   (   0.853   -0.233    1.574)    1.806
   5.851   (   0.244    0.245   -1.783)    1.817
   7.933   (   0.694    1.192    1.079)    1.751
   8.267   (   2.301   -1.469   -0.950)    2.890
======================= Grid point 123 (44/186) =======================
q-point: (-0.30  0.10  0.10)
Mass variance parameters: 1.64e-04 1.64e-04 1.64e-04 1.64e-04 0.00e+00 0.00e+00 0.00e+00 0.00e+00 3.39e-05 3.39e-05 
Number of triplets: 500
Frequency     group velocity (x, y, z)     |gv|
   0.451   (  -7.802    3.241    1.757)    8.629
   0.653   (  -3.638    9.003    8.911)   13.179
   0.773   (  -0.348    0.360   -0.633)    0.807
   0.966   (  -5.127    6.659    3.675)    9.173
   1.301   (   2.752    0.714    0.965)    3.002
   1.612   (  -8.742   -2.983   -1.658)    9.384
   1.731   (  -0.281   -1.614   -0.074)    1.640
   1.785   (   1.427   -2.061   -0.570)    2.571
   2.094   (  -0.576   -3.641   -0.021)    3.687
   2.369   (   6.898    0.346   -0.565)    6.930
   2.498   (  -4.710   -1.124   -3.091)    5.745
   2.597   (  -1.840    0.030   -0.527)    1.914
   2.683   (   1.226    1.482   -2.534)    3.181
   2.931   (   1.686    2.261    2.646)    3.867
   2.993   (   1.824    0.051   -1.942)    2.665
   3.104   (   6.108    1.887   -0.239)    6.398
   3.215   (  -8.633    1.288    1.666)    8.886
   3.543   (   2.802    1.597   -1.564)    3.585
   3.771   (   3.836   -2.817   -1.419)    4.967
   3.860   (  -1.633    0.502   -1.014)    1.987
   3.915   (  -2.381    0.148    0.075)    2.387
   3.967   (  -0.184   -2.826    3.315)    4.360
   4.168   (  -4.346    1.299    1.962)    4.942
   4.464   (   0.859   -0.644    0.003)    1.073
   4.515   (   0.778    0.271    2.394)    2.532
   4.990   (  -2.182   -0.479   -2.009)    3.005
   5.338   (   0.760   -0.195    1.462)    1.659
   5.852   (   0.208    0.321   -1.787)    1.828
   7.934   (   0.553    1.432    1.228)    1.966
   8.316   (   2.409   -1.783   -1.109)    3.196
======================= Grid point 124 (45/186) =======================
q-point: (-0.20  0.10  0.10)
Mass variance parameters: 1.64e-04 1.64e-04 1.64e-04 1.64e-04 0.00e+00 0.00e+00 0.00e+00 0.00e+00 3.39e-05 3.39e-05 
Number of triplets: 500
Frequency     group velocity (x, y, z)     |gv|
   0.313   (  -4.289    7.304    4.784)    9.728
   0.498   (  -8.128   10.744    6.275)   14.862
   0.762   (  -1.286    4.140    2.411)    4.960
   0.789   (  -5.625   11.401    9.126)   15.649
   1.319   (  -0.484   -1.226    0.545)    1.426
   1.531   (  -4.396   -3.913   -1.617)    6.103
   1.735   (  -0.157   -0.563   -1.269)    1.397
   1.823   (   0.924   -2.857    0.197)    3.010
   2.164   (   5.233   -4.525    0.332)    6.926
   2.430   (  -5.556   -2.604   -2.286)    6.548
   2.497   (   9.618    1.678   -1.372)    9.859
   2.587   (  -0.046   -0.269   -2.198)    2.215
   2.686   (   0.005    0.234   -1.844)    1.859
   2.928   (   0.039    2.108    2.590)    3.339
   2.996   (  -4.420   -1.253   -2.242)    5.113
   3.058   (  -4.345    1.696    1.724)    4.973
   3.192   (   4.198    2.226   -0.118)    4.753
   3.562   (   1.636    2.894   -2.593)    4.216
   3.800   (  -0.991    2.240   -0.405)    2.483
   3.859   (   1.081   -0.990    0.005)    1.466
   3.886   (  -1.238   -0.234    0.721)    1.452
   3.998   (   1.300   -5.024    1.984)    5.556
   4.107   (  -3.086   -0.215    1.871)    3.615
   4.471   (  -0.020    0.329    0.026)    0.330
   4.520   (   0.423    0.575    2.423)    2.526
   4.969   (  -1.131   -0.745   -2.216)    2.597
   5.349   (   0.416   -0.121    1.375)    1.442
   5.853   (   0.115    0.322   -1.793)    1.826
   7.931   (   0.297    1.324    1.372)    1.930
   8.360   (   1.513   -1.666   -1.259)    2.579
======================= Grid point 125 (46/186) =======================
q-point: (-0.10  0.10  0.10)
Mass variance parameters: 1.64e-04 1.64e-04 1.64e-04 1.64e-04 0.00e+00 0.00e+00 0.00e+00 0.00e+00 3.39e-05 3.39e-05 
Number of triplets: 275
Frequency     group velocity (x, y, z)     |gv|
   0.269   (  -0.000    5.885   11.543)   12.956
   0.274   (  -0.000   14.077    4.015)   14.639
   0.611   (  -0.000   17.025   20.386)   26.560
   0.766   (  -0.000    0.206   -0.614)    0.648
   1.321   (   0.000   -1.315    0.306)    1.351
   1.524   (   0.000   -3.089   -1.701)    3.526
   1.736   (   0.000   -0.192   -1.590)    1.602
   1.849   (   0.000   -2.438    0.207)    2.447
   2.263   (   0.000   -4.686    0.940)    4.779
   2.383   (   0.000   -1.707   -3.109)    3.547
   2.582   (   0.000   -0.024   -3.972)    3.972
   2.587   (  -0.000    3.198   -0.684)    3.270
   2.686   (   0.000   -1.543   -1.019)    1.849
   2.906   (  -0.000    0.448    3.452)    3.481
   2.930   (  -0.000    0.812   -0.134)    0.823
   3.037   (  -0.000    1.233   -0.679)    1.408
   3.219   (  -0.000    0.551   -0.585)    0.804
   3.554   (  -0.000    2.811   -2.884)    4.027
   3.770   (  -0.000    2.221   -0.121)    2.225
   3.867   (   0.000   -0.129    1.349)    1.355
   3.880   (   0.000   -0.049    1.429)    1.430
   4.059   (   0.000   -4.716   -1.816)    5.054
   4.078   (   0.000   -0.776    3.457)    3.543
   4.464   (  -0.000    1.075    0.638)    1.250
   4.521   (  -0.000    0.272    2.159)    2.176
   4.965   (   0.000   -0.634   -2.344)    2.428
   5.353   (   0.000   -0.073    1.326)    1.328
   5.851   (  -0.000    0.247   -1.799)    1.816
   7.925   (  -0.000    0.958    1.460)    1.747
   8.382   (   0.000   -1.218   -1.348)    1.817
======================= Grid point 128 (47/186) =======================
q-point: ( 0.20  0.20  0.10)
Mass variance parameters: 1.64e-04 1.64e-04 1.64e-04 1.64e-04 0.00e+00 0.00e+00 0.00e+00 0.00e+00 3.39e-05 3.39e-05 
Number of triplets: 275
Frequency     group velocity (x, y, z)     |gv|
   0.643   (   5.296    0.000    9.496)   10.873
   0.776   (   0.490    0.000   -0.801)    0.939
   0.935   ( -11.479   -0.000    2.966)   11.856
   0.940   (   2.578    0.000    0.127)    2.581
   1.076   (   9.935    0.000    1.617)   10.065
   1.716   (  -2.007   -0.000   -3.819)    4.314
   1.747   (  -0.366   -0.000   -1.563)    1.605
   1.840   (   0.181    0.000    3.300)    3.305
   2.359   (   1.425    0.000   -2.773)    3.118
   2.463   (  12.034    0.000    0.939)   12.071
   2.463   (   3.275    0.000   -2.485)    4.111
   2.542   (  -0.653   -0.000   -0.868)    1.086
   2.725   (  -7.777   -0.000   -1.225)    7.873
   2.794   (   0.416    0.000    0.797)    0.899
   2.836   (  -1.759   -0.000   -0.170)    1.768
   2.900   (  -2.026   -0.000    0.389)    2.063
   3.445   (  -4.826   -0.000    0.701)    4.876
   3.485   (   5.826    0.000    0.414)    5.841
   3.667   (  -3.513   -0.000   -0.449)    3.542
   3.912   (   1.119    0.000    0.648)    1.293
   3.984   (   1.577    0.000   -1.235)    2.003
   4.006   (  -1.720   -0.000   -2.209)    2.800
   4.249   (   4.866    0.000    2.779)    5.604
   4.453   (  -1.322   -0.000    1.892)    2.308
   4.483   (  -1.428   -0.000    1.626)    2.165
   5.055   (   1.407    0.000   -1.741)    2.239
   5.317   (  -0.713   -0.000    1.519)    1.678
   5.845   (   0.028    0.000   -1.793)    1.793
   7.911   (   0.366    0.000    1.102)    1.161
   8.254   (  -2.453   -0.000   -0.972)    2.639
======================= Grid point 129 (48/186) =======================
q-point: ( 0.30  0.20  0.10)
Mass variance parameters: 1.64e-04 1.64e-04 1.64e-04 1.64e-04 0.00e+00 0.00e+00 0.00e+00 0.00e+00 3.39e-05 3.39e-05 
Number of triplets: 500
Frequency     group velocity (x, y, z)     |gv|
   0.721   (   3.267   -0.297    5.799)    6.662
   0.755   (  -8.468   -1.987    2.159)    8.962
   0.785   (  -0.387   -0.123    0.209)    0.457
   0.951   (   0.404    1.499    0.143)    1.559
   1.224   (   8.253    2.018    0.587)    8.517
   1.687   (  -1.486    0.410   -2.247)    2.725
   1.742   (  -0.270   -0.394   -2.231)    2.281
   1.846   (   0.649   -0.284    2.945)    3.029
   2.283   (  -7.325   -0.627   -2.651)    7.815
   2.463   ( -11.007   -0.605    1.026)   11.071
   2.534   (  -1.737   -2.333    0.541)    2.958
   2.596   (   9.471    0.581   -2.511)    9.815
   2.760   (  11.671    2.441   -1.894)   12.073
   2.807   (   1.837    3.383   -1.065)    3.994
   2.851   (   3.897   -1.941   -0.478)    4.380
   2.884   (  -0.655   -1.695    0.599)    1.913
   3.350   (  -6.776    0.168    1.990)    7.064
   3.537   (   0.680   -0.440    0.244)    0.846
   3.630   (  -1.378   -0.616   -0.197)    1.522
   3.924   (   0.470   -0.013    1.413)    1.489
   3.976   (  -1.300    1.251   -2.215)    2.857
   4.001   (   0.179    0.029   -0.999)    1.016
   4.322   (   4.259   -0.734    1.520)    4.581
   4.433   (  -1.434    1.237    1.448)    2.384
   4.452   (  -2.181   -0.891    2.410)    3.370
   5.068   (   0.114   -0.072   -1.686)    1.691
   5.309   (  -0.261    0.029    1.635)    1.656
   5.846   (   0.180    0.000   -1.787)    1.796
   7.921   (   0.885    0.005    0.987)    1.326
   8.225   (  -1.093   -0.004   -0.847)    1.383
======================= Grid point 130 (49/186) =======================
q-point: (-0.60  0.20  0.10)
Mass variance parameters: 1.64e-04 1.64e-04 1.64e-04 1.64e-04 0.00e+00 0.00e+00 0.00e+00 0.00e+00 3.39e-05 3.39e-05 
Number of triplets: 500
Frequency     group velocity (x, y, z)     |gv|
   0.654   (  -3.377   -0.040    0.908)    3.497
   0.782   (   1.307    0.442    2.658)    2.994
   0.795   (   1.986   -0.970    2.738)    3.518
   0.946   (  -0.276   -0.460   -0.277)    0.604
   1.298   (   4.700    4.513   -0.088)    6.517
   1.667   (  -0.726    0.017    0.300)    0.786
   1.745   (   0.129   -0.477   -3.380)    3.416
   1.843   (  -2.473    0.063    1.608)    2.950
   2.178   (  -7.217   -1.960   -1.633)    7.655
   2.306   (  -8.440   -2.724    1.053)    8.931
   2.523   (  -2.309   -3.239    0.280)    3.987
   2.689   (   3.563    2.616   -5.319)    6.916
   2.808   (  -0.442    4.157   -0.745)    4.247
   2.858   (   6.132    0.769    0.347)    6.190
   2.908   (   2.100   -1.866   -0.922)    2.956
   2.979   (   9.639    4.989    0.442)   10.863
   3.277   (  -2.601   -3.737    2.171)    5.044
   3.522   (  -2.563   -0.804    0.360)    2.710
   3.628   (   0.110   -1.252   -0.439)    1.331
   3.926   (  -0.325   -0.019    2.109)    2.134
   3.947   (  -1.031    1.314   -1.872)    2.509
   3.992   (  -1.280    0.292   -0.619)    1.452
   4.369   (  -3.481    2.024    1.575)    4.324
   4.389   (   2.304   -0.924    0.468)    2.526
   4.451   (   0.537   -1.424    2.706)    3.105
   5.057   (  -1.531   -0.052   -1.717)    2.301
   5.310   (   0.404   -0.066    1.701)    1.749
   5.850   (   0.296    0.076   -1.780)    1.806
   7.936   (   1.196    0.420    0.932)    1.574
   8.223   (   0.526   -0.507   -0.790)    1.076
======================= Grid point 131 (50/186) =======================
q-point: (-0.50  0.20  0.10)
Mass variance parameters: 1.64e-04 1.64e-04 1.64e-04 1.64e-04 0.00e+00 0.00e+00 0.00e+00 0.00e+00 3.39e-05 3.39e-05 
Number of triplets: 500
Frequency     group velocity (x, y, z)     |gv|
   0.616   (  -0.334    5.314   -1.225)    5.463
   0.783   (  -0.030    0.586    0.113)    0.598
   0.823   (   1.258    3.716    6.941)    7.972
   0.967   (   1.471   -4.143   -1.163)    4.547
   1.318   (   1.840    3.583    0.108)    4.029
   1.666   (  -0.653   -1.510    1.020)    1.936
   1.727   (  -6.613   -1.067   -0.694)    6.734
   1.771   (  -2.113    0.234   -1.841)    2.813
   2.094   (  -5.209   -1.836   -0.817)    5.583
   2.277   (   1.970   -2.201    0.414)    2.983
   2.506   (  -3.080   -3.620   -1.502)    4.985
   2.682   (  -3.773    1.940   -0.757)    4.309
   2.743   (  -0.821    4.900   -3.525)    6.092
   2.935   (   3.914    1.227    1.427)    4.343
   2.954   (   2.204   -0.573   -0.984)    2.481
   3.064   (   8.041    5.729    0.332)    9.878
   3.294   (  -2.232   -3.703    1.145)    4.473
   3.504   (   1.214   -0.759    0.235)    1.451
   3.653   (   1.390   -2.758   -1.420)    3.400
   3.906   (  -1.456    1.168   -0.312)    1.892
   3.937   (  -0.336   -0.664    1.487)    1.663
   3.962   (  -1.951    0.712    0.069)    2.078
   4.278   (  -5.974    1.304    2.322)    6.541
   4.432   (   2.104   -0.053   -0.154)    2.110
   4.482   (   1.758   -1.448    2.358)    3.278
   5.024   (  -2.667   -0.091   -1.766)    3.200
   5.321   (   0.838   -0.178    1.655)    1.863
   5.854   (   0.332    0.197   -1.775)    1.817
   7.950   (   1.165    1.103    0.966)    1.873
   8.247   (   1.736   -1.327   -0.831)    2.338
======================= Grid point 132 (51/186) =======================
q-point: (-0.40  0.20  0.10)
Mass variance parameters: 1.64e-04 1.64e-04 1.64e-04 1.64e-04 0.00e+00 0.00e+00 0.00e+00 0.00e+00 3.39e-05 3.39e-05 
Number of triplets: 500
Frequency     group velocity (x, y, z)     |gv|
   0.556   (  -0.162   10.590   -2.342)   10.847
   0.773   (  -1.410    7.055    6.165)    9.474
   0.779   (  -0.817    1.246   -0.194)    1.503
   1.015   (   1.129    0.401    1.672)    2.057
   1.313   (  -0.237    0.841    0.521)    1.017
   1.569   ( -10.553   -3.029   -1.387)   11.066
   1.696   (   0.046   -2.843    2.712)    3.930
   1.773   (   0.914   -0.036   -2.928)    3.068
   2.055   (  -0.845   -1.845    0.004)    2.029
   2.366   (   7.538   -0.425   -0.704)    7.582
   2.469   (  -5.075   -3.035   -3.475)    6.858
   2.587   (  -4.794   -0.511    3.599)    6.016
   2.730   (   1.679    4.365   -5.065)    6.894
   2.963   (   1.598    2.227    1.947)    3.362
   2.985   (   0.880   -1.223   -2.952)    3.314
   3.129   (   1.452    1.655    0.741)    2.324
   3.239   (  -2.615    2.035    1.724)    3.735
   3.563   (   4.696    1.055   -1.391)    5.010
   3.713   (   3.271   -4.794   -1.654)    6.035
   3.875   (  -1.364    1.275   -0.857)    2.054
   3.919   (  -2.327    0.228    0.507)    2.393
   3.943   (  -0.467   -0.761    3.115)    3.240
   4.178   (  -6.002    0.286    2.745)    6.606
   4.458   (   1.336   -0.122   -0.027)    1.342
   4.514   (   1.409   -0.394    1.857)    2.364
   4.984   (  -2.580   -0.445   -1.870)    3.217
   5.336   (   0.808   -0.193    1.557)    1.765
   5.857   (   0.274    0.318   -1.775)    1.824
   7.956   (   0.868    1.676    1.075)    2.172
   8.289   (   2.029   -2.028   -0.950)    3.022
======================= Grid point 133 (52/186) =======================
q-point: (-0.30  0.20  0.10)
Mass variance parameters: 1.64e-04 1.64e-04 1.64e-04 1.64e-04 0.00e+00 0.00e+00 0.00e+00 0.00e+00 3.39e-05 3.39e-05 
Number of triplets: 500
Frequency     group velocity (x, y, z)     |gv|
   0.480   (   2.277   14.458   -1.822)   14.749
   0.652   (  -5.543   10.859    3.691)   12.739
   0.773   (  -0.088    0.416   -0.461)    0.627
   0.966   (  -2.161   10.631    7.429)   13.149
   1.300   (  -1.645   -1.400    0.471)    2.211
   1.468   (  -5.460   -4.973   -1.455)    7.527
   1.716   (  -0.019   -2.303    1.075)    2.542
   1.792   (   0.804   -1.248   -1.511)    2.118
   2.104   (   4.308   -3.843    0.640)    5.808
   2.386   (  -6.362   -3.552   -2.118)    7.588
   2.515   (   9.837    0.646   -1.915)   10.042
   2.559   (  -1.243   -2.922    1.668)    3.587
   2.717   (  -0.048    3.642   -4.865)    6.078
   2.959   (  -0.753    1.920    2.127)    2.962
   2.974   (  -4.185   -1.714   -3.560)    5.755
   3.078   (  -2.567    1.302    2.864)    4.061
   3.239   (   3.177    4.313    0.193)    5.361
   3.604   (   2.424    2.948   -3.010)    4.860
   3.809   (   3.823   -3.087   -0.805)    4.979
   3.849   (  -0.253    1.168   -0.667)    1.368
   3.885   (  -1.592    0.140    0.571)    1.697
   3.941   (  -0.869   -2.653    3.440)    4.430
   4.097   (  -4.591   -1.015    3.231)    5.705
   4.474   (   0.623    0.051   -0.219)    0.663
   4.529   (   0.608    0.539    1.953)    2.115
   4.957   (  -1.417   -0.920   -2.037)    2.646
   5.347   (   0.456   -0.147    1.467)    1.543
   5.858   (   0.148    0.393   -1.780)    1.829
   7.953   (   0.434    1.890    1.214)    2.288
   8.332   (   1.345   -2.315   -1.096)    2.893
======================= Grid point 134 (53/186) =======================
q-point: (-0.20  0.20  0.10)
Mass variance parameters: 1.64e-04 1.64e-04 1.64e-04 1.64e-04 0.00e+00 0.00e+00 0.00e+00 0.00e+00 3.39e-05 3.39e-05 
Number of triplets: 275
Frequency     group velocity (x, y, z)     |gv|
   0.434   (  -0.000   15.102    0.283)   15.104
   0.473   (  -0.000   14.043    1.325)   14.105
   0.770   (  -0.000    0.347   -0.541)    0.643
   0.844   (  -0.000   15.921   13.752)   21.038
   1.297   (   0.000   -2.094    0.284)    2.113
   1.465   (   0.000   -5.209   -1.545)    5.433
   1.727   (   0.000   -1.267   -0.408)    1.331
   1.811   (   0.000   -2.414   -0.351)    2.439
   2.192   (   0.000   -5.175    1.163)    5.304
   2.345   (   0.000   -3.664   -2.270)    4.310
   2.569   (   0.000   -2.261   -0.706)    2.368
   2.624   (  -0.000    1.725   -1.211)    2.108
   2.679   (  -0.000    1.251   -5.138)    5.288
   2.907   (   0.000   -0.387    2.048)    2.084
   2.950   (  -0.000    1.935   -0.060)    1.936
   3.058   (  -0.000    1.555    0.795)    1.747
   3.241   (  -0.000    2.874   -0.228)    2.883
   3.600   (  -0.000    3.491   -3.379)    4.858
   3.809   (  -0.000    3.084   -0.318)    3.100
   3.865   (   0.000   -0.186    0.887)    0.906
   3.879   (   0.000   -0.103    1.352)    1.356
   3.976   (   0.000   -6.729   -0.157)    6.731
   4.063   (   0.000   -1.311    4.241)    4.439
   4.476   (  -0.000    0.555   -0.400)    0.684
   4.528   (  -0.000    0.738    2.308)    2.424
   4.953   (   0.000   -1.048   -2.180)    2.419
   5.351   (   0.000   -0.116    1.404)    1.408
   5.856   (  -0.000    0.395   -1.787)    1.830
   7.944   (  -0.000    1.737    1.326)    2.185
   8.358   (   0.000   -2.157   -1.211)    2.474
======================= Grid point 139 (54/186) =======================
q-point: ( 0.30  0.30  0.10)
Mass variance parameters: 1.64e-04 1.64e-04 1.64e-04 1.64e-04 0.00e+00 0.00e+00 0.00e+00 0.00e+00 3.39e-05 3.39e-05 
Number of triplets: 275
Frequency     group velocity (x, y, z)     |gv|
   0.658   (  -0.812   -0.000    1.072)    1.344
   0.781   (   3.227    0.000    3.439)    4.716
   0.787   (   0.219    0.000    0.065)    0.229
   0.943   (  -1.348   -0.000    0.454)    1.422
   1.332   (   4.177    0.000    0.002)    4.177
   1.668   (  -1.197   -0.000    0.449)    1.278
   1.741   (   0.320    0.000   -3.800)    3.814
   1.844   (  -2.122   -0.000    1.646)    2.686
   2.164   (  -7.047   -0.000   -1.684)    7.245
   2.286   (  -8.589   -0.000    1.572)    8.732
   2.499   (  -2.070   -0.000    0.540)    2.139
   2.708   (   3.517    0.000   -5.681)    6.681
   2.842   (  -1.208   -0.000   -1.602)    2.007
   2.876   (   3.718    0.000   -2.409)    4.430
   2.878   (   4.554    0.000    2.569)    5.229
   3.019   (  13.462    0.000    0.006)   13.462
   3.246   (  -5.565   -0.000    2.710)    6.190
   3.515   (  -2.645   -0.000    0.195)    2.652
   3.620   (   0.014    0.000   -0.037)    0.039
   3.926   (  -0.181   -0.000    2.211)    2.218
   3.957   (  -1.645   -0.000   -2.571)    3.052
   3.994   (  -1.074   -0.000   -0.474)    1.174
   4.381   (  -1.417   -0.000    1.208)    1.862
   4.388   (   0.458    0.000    2.009)    2.061
   4.438   (   0.403    0.000    1.771)    1.816
   5.057   (  -1.503   -0.000   -1.686)    2.259
   5.310   (   0.357    0.000    1.709)    1.746
   5.850   (   0.330    0.000   -1.779)    1.809
   7.939   (   1.403    0.000    0.911)    1.673
   8.219   (   0.280    0.000   -0.768)    0.817
======================= Grid point 140 (55/186) =======================
q-point: (-0.60  0.30  0.10)
Mass variance parameters: 1.64e-04 1.64e-04 1.64e-04 1.64e-04 0.00e+00 0.00e+00 0.00e+00 0.00e+00 3.39e-05 3.39e-05 
Number of triplets: 500
Frequency     group velocity (x, y, z)     |gv|
   0.699   (   5.892    5.372   -1.747)    8.163
   0.790   (   0.331    0.766    0.117)    0.843
   0.833   (   3.491   -2.577    3.526)    5.591
   0.923   (  -1.386   -1.217    0.318)    1.872
   1.353   (  -0.386    1.350   -0.264)    1.429
   1.652   (  -1.278   -0.453    1.684)    2.162
   1.717   (  -7.736   -0.397   -0.765)    7.784
   1.774   (  -1.985    0.173   -2.359)    3.088
   2.078   (  -4.244   -0.491   -1.137)    4.421
   2.254   (   3.505   -0.980    0.955)    3.763
   2.468   (  -2.827   -1.568   -0.431)    3.261
   2.701   (  -4.783    0.708   -1.809)    5.162
   2.797   (  -0.985    2.438   -3.249)    4.179
   2.928   (   2.575   -1.052   -2.841)    3.976
   2.961   (   4.126    0.667    2.579)    4.911
   3.145   (   5.240    5.454    0.683)    7.594
   3.234   (   0.938   -4.592    1.299)    4.864
   3.492   (   1.045   -0.712    0.368)    1.317
   3.628   (   0.836   -0.781   -1.002)    1.521
   3.918   (  -0.911    0.512    1.832)    2.109
   3.930   (  -1.569   -0.334   -1.351)    2.097
   3.971   (  -1.603    0.463    0.255)    1.688
   4.289   (  -6.775    0.388    2.772)    7.331
   4.439   (   2.522    1.093    0.435)    2.783
   4.459   (   2.078   -1.665    1.583)    3.097
   5.023   (  -2.758   -0.036   -1.706)    3.243
   5.319   (   0.820   -0.065    1.701)    1.889
   5.856   (   0.385    0.075   -1.771)    1.814
   7.961   (   1.526    0.466    0.887)    1.826
   8.234   (   1.317   -0.551   -0.749)    1.612
======================= Grid point 141 (56/186) =======================
q-point: (-0.50  0.30  0.10)
Mass variance parameters: 1.64e-04 1.64e-04 1.64e-04 1.64e-04 0.00e+00 0.00e+00 0.00e+00 0.00e+00 3.39e-05 3.39e-05 
Number of triplets: 500
Frequency     group velocity (x, y, z)     |gv|
   0.710   (   3.146   10.548   -3.150)   11.449
   0.785   (  -0.142    0.842   -0.381)    0.936
   0.861   (  -0.739    4.522    4.789)    6.628
   0.983   (   6.057   -4.615   -0.473)    7.629
   1.320   (  -2.595    0.158   -0.077)    2.601
   1.534   ( -12.004   -1.868   -1.069)   12.195
   1.664   (  -0.165   -1.621    3.773)    4.109
   1.776   (   0.784    0.272   -3.682)    3.775
   2.041   (  -0.929   -0.416   -0.434)    1.106
   2.362   (   8.638   -0.192   -0.479)    8.653
   2.427   (  -4.726   -2.583   -2.768)    6.055
   2.585   (  -7.329    0.011    4.653)    8.681
   2.788   (   1.442    3.579   -5.547)    6.757
   2.961   (   0.035   -1.881   -4.273)    4.669
   2.990   (   1.197    1.380    1.566)    2.406
   3.148   (  -2.781    1.029    2.630)    3.964
   3.266   (   3.274    1.587    0.955)    3.761
   3.568   (   6.579   -0.351   -0.666)    6.622
   3.659   (   1.855   -2.555   -1.894)    3.682
   3.890   (  -1.541    0.854   -1.004)    2.027
   3.916   (  -1.318   -0.556    2.271)    2.684
   3.945   (  -1.149    0.624    0.988)    1.639
   4.179   (  -7.166   -0.095    3.420)    7.941
   4.460   (   1.250    0.320    0.740)    1.488
   4.506   (   2.267   -0.704    0.860)    2.525
   4.979   (  -2.903   -0.256   -1.752)    3.400
   5.333   (   0.845   -0.118    1.633)    1.842
   5.861   (   0.327    0.195   -1.766)    1.807
   7.977   (   1.202    1.223    0.931)    1.952
   8.264   (   1.641   -1.441   -0.802)    2.326
======================= Grid point 142 (57/186) =======================
q-point: (-0.40  0.30  0.10)
Mass variance parameters: 1.64e-04 1.64e-04 1.64e-04 1.64e-04 0.00e+00 0.00e+00 0.00e+00 0.00e+00 3.39e-05 3.39e-05 
Number of triplets: 500
Frequency     group velocity (x, y, z)     |gv|
   0.673   (   3.031   12.549   -2.594)   13.167
   0.776   (  -1.030    2.118   -0.346)    2.380
   0.788   (  -2.469    6.392    2.431)    7.270
   1.069   (   3.583    4.282    1.913)    5.902
   1.282   (  -2.709   -1.183    0.207)    2.963
   1.402   (  -6.802   -4.153   -1.287)    8.073
   1.680   (   0.108   -2.464    3.242)    4.074
   1.786   (   0.601    0.086   -3.078)    3.137
   2.063   (   2.813   -2.094    0.639)    3.565
   2.339   (  -7.282   -2.916   -2.510)    8.236
   2.508   (   4.863   -1.445    1.395)    5.261
   2.530   (   2.942   -1.046    1.758)    3.583
   2.773   (  -0.468    4.120   -6.197)    7.457
   2.938   (  -5.076   -2.712   -4.182)    7.114
   2.989   (   0.303    1.717    0.673)    1.869
   3.093   (  -1.822    0.875    4.248)    4.704
   3.301   (   3.197    4.347    0.294)    5.404
   3.638   (   2.599    1.751   -3.630)    4.796
   3.743   (   5.408   -5.091   -0.009)    7.427
   3.866   (  -0.686    0.722   -0.574)    1.150
   3.892   (  -1.569    0.598    1.209)    2.069
   3.925   (  -1.463    0.069    2.066)    2.532
   4.082   (  -5.404   -1.035    4.462)    7.084
   4.474   (   0.689    0.017    0.549)    0.881
   4.533   (   1.099    0.163    0.872)    1.412
   4.945   (  -1.744   -0.742   -1.853)    2.650
   5.345   (   0.498   -0.118    1.558)    1.640
   5.863   (   0.180    0.314   -1.767)    1.804
   7.980   (   0.613    1.850    1.029)    2.204
   8.299   (   1.136   -2.195   -0.907)    2.632
======================= Grid point 143 (58/186) =======================
q-point: (-0.30  0.30  0.10)
Mass variance parameters: 1.64e-04 1.64e-04 1.64e-04 1.64e-04 0.00e+00 0.00e+00 0.00e+00 0.00e+00 3.39e-05 3.39e-05 
Number of triplets: 275
Frequency     group velocity (x, y, z)     |gv|
   0.642   (  -0.000   14.150   -1.210)   14.202
   0.650   (  -0.000   11.188   -0.118)   11.189
   0.775   (  -0.000    0.444   -0.384)    0.587
   1.034   (  -0.000   11.089    6.131)   12.671
   1.267   (   0.000   -1.982    0.257)    1.999
   1.388   (   0.000   -5.592   -1.371)    5.757
   1.698   (   0.000   -2.642    2.250)    3.470
   1.792   (   0.000   -0.462   -2.292)    2.338
   2.126   (   0.000   -4.179    1.343)    4.389
   2.290   (   0.000   -3.840   -2.179)    4.415
   2.526   (   0.000   -3.400    3.162)    4.643
   2.633   (   0.000   -0.192   -1.509)    1.521
   2.717   (  -0.000    3.671   -7.620)    8.458
   2.896   (   0.000   -1.278   -0.897)    1.562
   2.978   (  -0.000    1.996    0.353)    2.027
   3.077   (  -0.000    1.196    2.660)    2.916
   3.295   (  -0.000    4.632    0.014)    4.632
   3.642   (  -0.000    2.324   -4.122)    4.733
   3.831   (   0.000   -1.924    0.004)    1.924
   3.862   (   0.000   -0.093    0.334)    0.347
   3.877   (   0.000   -0.132    1.116)    1.124
   3.902   (   0.000   -1.763    0.775)    1.926
   4.044   (   0.000   -1.359    5.451)    5.618
   4.479   (  -0.000    0.032    0.143)    0.146
   4.538   (  -0.000    0.645    1.295)    1.447
   4.938   (   0.000   -1.076   -1.972)    2.247
   5.350   (   0.000   -0.114    1.500)    1.504
   5.862   (  -0.000    0.390   -1.773)    1.815
   7.971   (  -0.000    2.074    1.138)    2.365
   8.325   (   0.000   -2.495   -1.019)    2.696
======================= Grid point 150 (59/186) =======================
q-point: (-0.60  0.40  0.10)
Mass variance parameters: 1.64e-04 1.64e-04 1.64e-04 1.64e-04 0.00e+00 0.00e+00 0.00e+00 0.00e+00 3.39e-05 3.39e-05 
Number of triplets: 275
Frequency     group velocity (x, y, z)     |gv|
   0.774   (   0.423    0.000   -1.367)    1.431
   0.831   (   0.271    0.000   -0.112)    0.293
   0.896   (  -1.413   -0.000    2.686)    3.035
   0.918   (  12.169    0.000   -1.832)   12.306
   1.321   (  -3.535   -0.000   -0.307)    3.549
   1.520   ( -12.549   -0.000   -0.906)   12.582
   1.653   (  -0.345   -0.000    4.063)    4.078
   1.778   (   0.768    0.000   -3.876)    3.951
   2.039   (  -0.921   -0.000   -0.776)    1.205
   2.361   (   9.425    0.000   -0.324)    9.430
   2.408   (  -4.764   -0.000   -2.353)    5.314
   2.585   (  -8.329   -0.000    4.891)    9.659
   2.816   (   1.455    0.000   -5.439)    5.630
   2.944   (  -0.470   -0.000   -4.944)    4.966
   3.000   (   1.064    0.000    1.389)    1.750
   3.155   (  -4.363   -0.000    3.524)    5.608
   3.278   (   5.597    0.000    0.533)    5.622
   3.562   (   7.126    0.000   -0.067)    7.126
   3.643   (   1.368    0.000   -2.304)    2.679
   3.897   (  -1.968   -0.000   -1.898)    2.734
   3.910   (  -0.686   -0.000    3.493)    3.559
   3.950   (  -1.316   -0.000    0.403)    1.376
   4.178   (  -7.575   -0.000    3.673)    8.419
   4.463   (   0.890    0.000    1.524)    1.765
   4.499   (   2.894    0.000    0.047)    2.894
   4.977   (  -3.026   -0.000   -1.705)    3.473
   5.333   (   0.858    0.000    1.662)    1.871
   5.862   (   0.347    0.000   -1.763)    1.797
   7.986   (   1.362    0.000    0.869)    1.616
   8.254   (   1.461    0.000   -0.738)    1.636
======================= Grid point 152 (60/186) =======================
q-point: (-0.50  0.40  0.10)
Mass variance parameters: 1.64e-04 1.64e-04 1.64e-04 1.64e-04 0.00e+00 0.00e+00 0.00e+00 0.00e+00 3.39e-05 3.39e-05 
Number of triplets: 500
Frequency     group velocity (x, y, z)     |gv|
   0.774   (   0.096    0.825   -1.111)    1.387
   0.813   (   0.441    4.748   -0.653)    4.813
   0.866   (  -1.325    3.334    3.219)    4.820
   1.094   (   8.543    0.138   -3.586)    9.266
   1.269   (  -3.012   -0.619   -0.128)    3.078
   1.361   (  -7.889   -1.623   -1.130)    8.133
   1.655   (   0.061   -0.935    4.071)    4.178
   1.788   (   0.536    0.143   -3.573)    3.616
   2.045   (   1.516   -0.571    0.359)    1.659
   2.310   (  -7.649   -1.149   -2.756)    8.211
   2.495   (  -1.701   -0.271    6.231)    6.465
   2.518   (   8.691   -0.670   -0.701)    8.745
   2.825   (   0.206    3.031   -6.110)    6.823
   2.900   (  -5.635   -2.497   -5.737)    8.420
   3.006   (   0.275    0.652    0.179)    0.730
   3.102   (  -1.662    0.306    5.306)    5.569
   3.347   (   3.669    1.899    0.362)    4.148
   3.652   (   2.196    0.441   -4.300)    4.848
   3.690   (   5.550   -2.188    0.902)    6.034
   3.872   (  -1.104    0.167   -0.725)    1.331
   3.895   (  -1.435    0.054    2.464)    2.852
   3.932   (  -0.855    0.486    0.185)    1.001
   4.072   (  -5.732   -0.429    5.284)    7.808
   4.474   (   0.561    0.028    1.342)    1.455
   4.534   (   1.497   -0.016    0.022)    1.497
   4.938   (  -1.968   -0.282   -1.737)    2.640
   5.344   (   0.524   -0.045    1.614)    1.698
   5.866   (   0.200    0.119   -1.760)    1.775
   8.000   (   0.762    0.828    0.894)    1.437
   8.276   (   0.968   -0.960   -0.769)    1.565
======================= Grid point 153 (61/186) =======================
q-point: (-0.40  0.40  0.10)
Mass variance parameters: 1.64e-04 1.64e-04 1.64e-04 1.64e-04 0.00e+00 0.00e+00 0.00e+00 0.00e+00 3.39e-05 3.39e-05 
Number of triplets: 275
Frequency     group velocity (x, y, z)     |gv|
   0.764   (  -0.000    3.395   -1.355)    3.655
   0.790   (  -0.000    3.372    0.130)    3.375
   0.806   (  -0.000    8.948    1.662)    9.101
   1.144   (  -0.000    4.844   -2.164)    5.305
   1.246   (   0.000   -1.025    0.281)    1.063
   1.320   (   0.000   -3.902   -1.291)    4.110
   1.666   (   0.000   -1.820    3.753)    4.171
   1.791   (  -0.000    0.167   -3.256)    3.260
   2.080   (   0.000   -2.432    1.493)    2.854
   2.247   (   0.000   -2.269   -2.241)    3.189
   2.487   (   0.000   -2.061    5.803)    6.158
   2.626   (   0.000   -0.597   -1.576)    1.685
   2.770   (  -0.000    3.784   -7.290)    8.213
   2.871   (   0.000   -2.175   -3.748)    4.333
   3.001   (  -0.000    1.251   -0.019)    1.251
   3.089   (  -0.000    0.599    4.374)    4.415
   3.356   (  -0.000    3.676    0.201)    3.681
   3.662   (  -0.000    0.635   -4.962)    5.002
   3.773   (   0.000   -4.068    1.759)    4.432
   3.862   (  -0.000    0.072   -0.064)    0.096
   3.875   (   0.000   -0.104    0.771)    0.778
   3.916   (  -0.000    1.620   -0.144)    1.626
   4.029   (   0.000   -0.842    6.657)    6.710
   4.479   (   0.000   -0.040    1.056)    1.057
   4.544   (  -0.000    0.252    0.258)    0.361
   4.926   (   0.000   -0.680   -1.799)    1.923
   5.348   (   0.000   -0.069    1.577)    1.579
   5.866   (  -0.000    0.239   -1.762)    1.778
   7.997   (  -0.000    1.560    0.957)    1.830
   8.294   (   0.000   -1.821   -0.835)    2.003
======================= Grid point 163 (62/186) =======================
q-point: ( 0.50 -0.50  0.10)
Mass variance parameters: 1.64e-04 1.64e-04 1.64e-04 1.64e-04 0.00e+00 0.00e+00 0.00e+00 0.00e+00 3.39e-05 3.39e-05 
Number of triplets: 155
Frequency     group velocity (x, y, z)     |gv|
   0.775   (   0.000   -0.000   -0.866)    0.866
   0.828   (   0.000   -0.000   -0.614)    0.614
   0.871   (  -0.000    0.000    4.107)    4.107
   1.175   (   0.000   -0.000   -6.635)    6.635
   1.239   (   0.000   -0.000    0.379)    0.379
   1.291   (  -0.000    0.000   -1.347)    1.347
   1.653   (  -0.000    0.000    4.176)    4.176
   1.793   (   0.000   -0.000   -3.492)    3.492
   2.062   (  -0.000    0.000    1.560)    1.560
   2.231   (   0.000   -0.000   -2.244)    2.244
   2.472   (   0.000   -0.000    6.926)    6.926
   2.621   (  -0.000    0.000   -1.575)    1.575
   2.807   (  -0.000    0.000   -5.871)    5.871
   2.846   (   0.000   -0.000   -5.937)    5.937
   3.010   (   0.000   -0.000   -0.347)    0.347
   3.094   (  -0.000    0.000    5.122)    5.122
   3.384   (   0.000   -0.000    0.335)    0.335
   3.665   (  -0.000    0.000   -5.391)    5.391
   3.743   (  -0.000    0.000    2.238)    2.238
   3.863   (  -0.000    0.000   -0.166)    0.166
   3.874   (   0.000   -0.000    0.564)    0.564
   3.928   (   0.000   -0.000   -0.322)    0.322
   4.023   (   0.000    0.000    7.172)    7.172
   4.479   (  -0.000    0.000    1.460)    1.460
   4.546   (   0.000   -0.000   -0.151)    0.151
   4.921   (  -0.000    0.000   -1.731)    1.731
   5.348   (   0.000   -0.000    1.607)    1.607
   5.868   (   0.000   -0.000   -1.757)    1.757
   8.009   (   0.000   -0.000    0.877)    0.877
   8.280   (  -0.000    0.000   -0.754)    0.754
======================= Grid point 210 (63/186) =======================
q-point: ( 0.00  0.00  0.20)
Mass variance parameters: 1.64e-04 1.64e-04 1.64e-04 1.64e-04 0.00e+00 0.00e+00 0.00e+00 0.00e+00 3.39e-05 3.39e-05 
Number of triplets: 186
Frequency     group velocity (x, y, z)     |gv|
   0.284   (   0.000    0.000    8.511)    8.511
   0.556   (   0.000    0.000   16.541)   16.541
   0.749   (   0.000    0.000   -1.236)    1.236
   0.862   (   0.000    0.000   24.781)   24.781
   1.336   (   0.000    0.000    0.383)    0.383
   1.507   (   0.000    0.000   -2.989)    2.989
   1.692   (   0.000    0.000   -3.848)    3.848
   1.877   (   0.000    0.000    1.283)    1.283
   2.313   (   0.000    0.000   -5.859)    5.859
   2.321   (   0.000    0.000    1.678)    1.678
   2.494   (   0.000    0.000   -6.869)    6.869
   2.549   (   0.000    0.000   -0.841)    0.841
   2.701   (   0.000    0.000    0.434)    0.434
   2.944   (   0.000    0.000    2.428)    2.428
   2.950   (   0.000    0.000    1.708)    1.708
   2.998   (   0.000    0.000   -2.291)    2.291
   3.204   (   0.000    0.000   -0.576)    0.576
   3.476   (   0.000    0.000   -4.174)    4.174
   3.754   (   0.000    0.000    0.206)    0.206
   3.894   (   0.000    0.000    1.536)    1.536
   3.907   (   0.000    0.000    1.706)    1.706
   4.035   (   0.000    0.000   -4.315)    4.315
   4.163   (   0.000    0.000    6.465)    6.465
   4.490   (   0.000    0.000    2.680)    2.680
   4.555   (   0.000    0.000    2.462)    2.462
   4.913   (   0.000    0.000   -4.608)    4.608
   5.384   (   0.000    0.000    2.515)    2.515
   5.807   (   0.000    0.000   -3.384)    3.384
   7.954   (   0.000    0.000    2.895)    2.895
   8.357   (   0.000    0.000   -2.700)    2.700
======================= Grid point 211 (64/186) =======================
q-point: ( 0.10  0.00  0.20)
Mass variance parameters: 1.64e-04 1.64e-04 1.64e-04 1.64e-04 0.00e+00 0.00e+00 0.00e+00 0.00e+00 3.39e-05 3.39e-05 
Number of triplets: 500
Frequency     group velocity (x, y, z)     |gv|
   0.434   (  13.133   -1.457    4.814)   14.063
   0.595   (   6.459    2.978   14.338)   16.005
   0.755   (   0.767    0.109   -0.637)    1.003
   0.899   (   1.517   -7.054   22.008)   23.161
   1.343   (   0.558    0.504    0.845)    1.131
   1.531   (   3.864    1.358   -2.900)    5.019
   1.693   (   0.139    0.116   -3.856)    3.860
   1.868   (  -0.661    1.031    1.481)    1.921
   2.208   (  -6.137    1.577   -1.179)    6.445
   2.397   (   4.155    0.768   -3.567)    5.530
   2.462   (  -6.693    0.941   -2.456)    7.192
   2.496   (  -2.424   -2.430   -4.708)    5.826
   2.701   (   0.384    1.172    0.550)    1.350
   2.954   (   0.896   -0.346    2.806)    2.965
   2.982   (  -0.204    1.360   -2.200)    2.594
   3.050   (   8.586   -1.964    0.987)    8.863
   3.172   (  -4.169   -0.706    0.107)    4.230
   3.480   (  -0.042   -1.171   -3.859)    4.033
   3.772   (   1.471   -0.912   -0.086)    1.732
   3.879   (  -1.729    0.625    0.876)    2.036
   3.907   (   0.238    0.279    1.104)    1.163
   4.028   (  -0.477    1.044   -3.758)    3.930
   4.171   (   1.234   -0.378    6.827)    6.948
   4.497   (   0.931    0.622    2.460)    2.703
   4.553   (  -0.520   -0.455    2.515)    2.608
   4.921   (   1.168    0.188   -4.455)    4.609
   5.381   (  -0.341   -0.005    2.561)    2.584
   5.807   (  -0.091   -0.133   -3.380)    3.384
   7.953   (  -0.328   -0.390    2.806)    2.852
   8.344   (  -1.500    0.519   -2.611)    3.056
======================= Grid point 212 (65/186) =======================
q-point: ( 0.20  0.00  0.20)
Mass variance parameters: 1.64e-04 1.64e-04 1.64e-04 1.64e-04 0.00e+00 0.00e+00 0.00e+00 0.00e+00 3.39e-05 3.39e-05 
Number of triplets: 504
Frequency     group velocity (x, y, z)     |gv|
   0.604   (  10.417    5.008    5.400)   12.758
   0.702   (   6.546   -1.568    7.567)   10.128
   0.771   (   2.015    0.889    2.523)    3.349
   0.992   (   2.877   -7.887   13.819)   16.170
   1.321   (  -3.987   -0.045    1.937)    4.433
   1.605   (   6.593    1.590   -3.046)    7.435
   1.695   (   0.304    0.207   -3.869)    3.887
   1.844   (  -0.718    2.093    2.062)    3.025
   2.138   (  -0.101    2.985   -1.041)    3.163
   2.353   (  -5.168   -0.123   -0.386)    5.184
   2.438   (   1.240   -0.070   -5.669)    5.804
   2.496   (  -0.011   -3.085   -4.809)    5.714
   2.699   (   0.736    1.681    0.715)    1.969
   2.958   (  -1.411   -0.591    1.017)    1.837
   2.960   (  -1.599    0.092    0.002)    1.601
   3.079   (  -7.062   -1.048   -0.070)    7.140
   3.224   (  10.071   -1.400    1.590)   10.291
   3.488   (  -0.012   -1.150   -2.739)    2.971
   3.777   (  -2.697    0.227   -0.270)    2.720
   3.853   (   0.767    1.191   -0.382)    1.467
   3.916   (   1.185    0.081    0.003)    1.188
   4.009   (  -1.143    0.723   -2.408)    2.762
   4.211   (   3.157   -1.306    6.597)    7.430
   4.499   (   0.150    1.770    2.166)    2.802
   4.548   (  -0.576   -0.869    2.561)    2.765
   4.946   (   2.161    0.184   -4.072)    4.614
   5.374   (  -0.625    0.027    2.694)    2.766
   5.807   (  -0.151   -0.214   -3.371)    3.381
   7.950   (  -0.518   -0.666    2.569)    2.704
   8.307   (  -2.491    0.878   -2.370)    3.549
======================= Grid point 213 (66/186) =======================
q-point: ( 0.30  0.00  0.20)
Mass variance parameters: 1.64e-04 1.64e-04 1.64e-04 1.64e-04 0.00e+00 0.00e+00 0.00e+00 0.00e+00 3.39e-05 3.39e-05 
Number of triplets: 500
Frequency     group velocity (x, y, z)     |gv|
   0.708   (   7.997    5.295    3.476)   10.202
   0.766   (   1.356   -0.484   -0.624)    1.569
   0.827   (   4.795   -0.739   11.305)   12.302
   1.057   (   0.264   -1.125    5.843)    5.957
   1.228   (  -8.343   -3.281    2.675)    9.355
   1.668   (   1.257    0.632   -3.683)    3.942
   1.700   (   0.437    0.098   -3.674)    3.701
   1.841   (   3.157    2.426    3.191)    5.103
   2.166   (   6.037    3.984   -1.645)    7.418
   2.325   (   2.024    1.112   -0.673)    2.405
   2.453   (   0.329   -2.637   -5.536)    6.141
   2.539   (   1.980   -3.978   -4.237)    6.140
   2.704   (   1.633    1.672    1.438)    2.744
   2.914   (  -4.989   -0.942   -0.151)    5.079
   2.935   (  -2.125   -0.933    0.791)    2.452
   2.959   (  -9.127   -1.753    0.506)    9.307
   3.370   (   7.388    0.599    0.964)    7.475
   3.494   (   0.229   -0.906   -0.657)    1.142
   3.711   (  -3.751    1.633   -0.454)    4.116
   3.875   (   2.034    0.692   -0.806)    2.295
   3.939   (   1.599   -0.249   -0.905)    1.854
   3.984   (  -1.587    0.159   -1.322)    2.072
   4.277   (   3.634   -1.854    5.521)    6.864
   4.478   (  -0.946    2.063    1.982)    3.013
   4.545   (  -0.568   -0.345    2.746)    2.825
   4.982   (   2.429    0.018   -3.685)    4.414
   5.363   (  -0.727    0.079    2.892)    2.983
   5.806   (  -0.154   -0.213   -3.362)    3.372
   7.947   (  -0.491   -0.723    2.265)    2.428
   8.260   (  -2.586    0.939   -2.054)    3.434
======================= Grid point 214 (67/186) =======================
q-point: ( 0.40  0.00  0.20)
Mass variance parameters: 1.64e-04 1.64e-04 1.64e-04 1.64e-04 0.00e+00 0.00e+00 0.00e+00 0.00e+00 3.39e-05 3.39e-05 
Number of triplets: 504
Frequency     group velocity (x, y, z)     |gv|
   0.769   (   1.358   -0.258   -0.183)    1.394
   0.793   (   5.103    3.833    0.817)    6.434
   0.899   (   3.494   -0.576   12.361)   12.859
   1.003   (  -5.200    2.416    3.326)    6.629
   1.152   (  -4.838   -4.123    0.619)    6.386
   1.653   (  -1.492    0.393   -3.097)    3.460
   1.705   (   0.258   -0.082   -3.355)    3.366
   1.888   (   3.098    0.486    3.836)    4.955
   2.226   (   4.243    3.662   -3.754)    6.746
   2.388   (   6.812    2.036   -1.986)    7.382
   2.497   (   2.899   -2.182   -3.259)    4.877
   2.601   (   3.060   -2.284   -3.692)    5.311
   2.722   (   0.972    1.436    2.151)    2.763
   2.798   ( -11.225   -4.504    0.893)   12.128
   2.863   (  -3.720   -0.917   -0.864)    3.928
   2.916   (  -1.417   -0.529   -0.605)    1.629
   3.408   (  -0.162    2.645    1.723)    3.161
   3.532   (   2.926   -1.230    0.776)    3.267
   3.658   (  -1.772    0.916   -0.355)    2.026
   3.899   (   1.599    0.600   -1.055)    2.007
   3.956   (  -0.674   -0.379   -0.458)    0.898
   3.968   (   0.509   -0.023   -1.469)    1.555
   4.339   (   2.516   -1.893    4.043)    5.124
   4.448   (  -1.045    1.827    1.890)    2.829
   4.535   (  -0.609    0.138    3.356)    3.414
   5.014   (   1.620   -0.084   -3.481)    3.840
   5.352   (  -0.512    0.082    3.096)    3.139
   5.805   (  -0.097   -0.131   -3.357)    3.361
   7.945   (  -0.279   -0.487    2.007)    2.084
   8.221   (  -1.658    0.623   -1.778)    2.510
======================= Grid point 215 (68/186) =======================
q-point: (-0.50  0.00  0.20)
Mass variance parameters: 1.64e-04 1.64e-04 1.64e-04 1.64e-04 0.00e+00 0.00e+00 0.00e+00 0.00e+00 3.39e-05 3.39e-05 
Number of triplets: 260
Frequency     group velocity (x, y, z)     |gv|
   0.776   (  -0.000    0.000   -0.663)    0.663
   0.841   (  -0.000   -0.000   -0.735)    0.735
   0.909   (   0.000   -0.000    8.093)    8.093
   0.952   (   0.000    0.000   10.134)   10.134
   1.127   (   0.000   -0.000   -1.860)    1.860
   1.638   (  -0.000   -0.000   -2.763)    2.763
   1.708   (   0.000    0.000   -3.252)    3.252
   1.912   (   0.000    0.000    4.113)    4.113
   2.244   (   0.000    0.000   -4.983)    4.983
   2.452   (   0.000    0.000   -3.540)    3.540
   2.543   (  -0.000   -0.000   -1.262)    1.262
   2.650   (  -0.000   -0.000   -1.773)    1.773
   2.681   (   0.000    0.000   -0.172)    0.172
   2.720   (  -0.000   -0.000    2.526)    2.526
   2.851   (  -0.000   -0.000   -2.338)    2.338
   2.903   (   0.000    0.000   -0.964)    0.964
   3.388   (  -0.000    0.000    3.169)    3.169
   3.561   (   0.000    0.000    0.500)    0.500
   3.643   (  -0.000   -0.000   -0.004)    0.004
   3.911   (   0.000   -0.000   -1.301)    1.301
   3.947   (  -0.000   -0.000    0.191)    0.191
   3.976   (  -0.000    0.000   -1.843)    1.843
   4.369   (   0.000   -0.000    3.059)    3.059
   4.430   (  -0.000    0.000    2.049)    2.049
   4.529   (  -0.000    0.000    3.810)    3.810
   5.028   (  -0.000    0.000   -3.437)    3.437
   5.348   (  -0.000   -0.000    3.192)    3.192
   5.805   (   0.000   -0.000   -3.356)    3.356
   7.944   (   0.000    0.000    1.904)    1.904
   8.205   (  -0.000   -0.000   -1.667)    1.667
======================= Grid point 222 (69/186) =======================
q-point: ( 0.10  0.10  0.20)
Mass variance parameters: 1.64e-04 1.64e-04 1.64e-04 1.64e-04 0.00e+00 0.00e+00 0.00e+00 0.00e+00 3.39e-05 3.39e-05 
Number of triplets: 280
Frequency     group velocity (x, y, z)     |gv|
   0.627   (  10.261    0.000    2.821)   10.642
   0.712   (   4.946    0.000    4.529)    6.707
   0.800   (   6.467    0.000    4.944)    8.140
   0.905   (   2.919    0.000   19.416)   19.634
   1.321   (  -4.606   -0.000    2.000)    5.022
   1.617   (   5.997    0.000   -3.154)    6.776
   1.696   (   0.264    0.000   -3.699)    3.709
   1.860   (  -0.576   -0.000    1.705)    1.800
   2.161   (   0.173    0.000   -1.651)    1.660
   2.351   (  -5.351   -0.000    0.976)    5.439
   2.437   (   0.107    0.000   -6.250)    6.251
   2.473   (   0.072    0.000   -5.013)    5.014
   2.712   (   0.643    0.000    0.178)    0.668
   2.953   (  -1.214   -0.000    2.548)    2.822
   2.962   (  -2.064   -0.000   -0.759)    2.199
   3.071   (  -7.626   -0.000    0.207)    7.629
   3.214   (  11.052    0.000    1.063)   11.103
   3.480   (   0.449    0.000   -2.822)    2.858
   3.776   (  -1.694   -0.000   -0.102)    1.697
   3.863   (   0.276    0.000   -0.035)    0.278
   3.917   (   1.019    0.000   -0.029)    1.019
   4.015   (  -1.571   -0.000   -3.994)    4.291
   4.201   (   3.016    0.000    7.143)    7.754
   4.517   (   1.028    0.000    2.501)    2.704
   4.537   (  -1.239   -0.000    2.557)    2.842
   4.947   (   2.077    0.000   -4.143)    4.635
   5.374   (  -0.607   -0.000    2.642)    2.711
   5.805   (  -0.128   -0.000   -3.379)    3.382
   7.945   (  -0.460   -0.000    2.644)    2.684
   8.313   (  -2.571   -0.000   -2.448)    3.550
======================= Grid point 223 (70/186) =======================
q-point: ( 0.20  0.10  0.20)
Mass variance parameters: 1.64e-04 1.64e-04 1.64e-04 1.64e-04 0.00e+00 0.00e+00 0.00e+00 0.00e+00 3.39e-05 3.39e-05 
Number of triplets: 500
Frequency     group velocity (x, y, z)     |gv|
   0.738   (   4.414   -0.244    3.376)    5.562
   0.751   (   1.553   -0.540    0.450)    1.705
   0.893   (   7.990    8.233   10.770)   15.735
   1.002   (   5.152   -6.531    8.328)   11.771
   1.198   ( -10.930   -0.957    2.915)   11.352
   1.672   (   0.231    0.062   -3.945)    3.953
   1.703   (   0.667    0.194   -3.636)    3.702
   1.868   (   2.312    1.125    2.868)    3.851
   2.213   (   6.687    2.282   -2.177)    7.393
   2.336   (   3.838    0.435    0.905)    3.968
   2.416   (  -2.041   -2.022   -6.355)    6.974
   2.497   (   1.665   -1.702   -3.776)    4.464
   2.723   (   1.137    0.776   -0.095)    1.380
   2.911   (  -5.132    0.385    1.570)    5.381
   2.927   (  -2.155   -0.222    0.029)    2.166
   2.939   (  -8.957   -1.265    0.846)    9.085
   3.374   (   9.088    0.088    0.662)    9.112
   3.485   (  -0.251   -0.387   -1.023)    1.123
   3.723   (  -4.188    0.301   -0.040)    4.199
   3.885   (   2.173    0.576   -0.314)    2.270
   3.938   (   1.546   -0.041   -1.062)    1.876
   3.986   (  -1.903    0.094   -3.383)    3.882
   4.259   (   3.784   -0.731    6.232)    7.328
   4.506   (  -1.160    1.794    2.382)    3.200
   4.533   (  -0.308   -1.199    2.666)    2.939
   4.982   (   2.316    0.015   -3.732)    4.393
   5.364   (  -0.710    0.031    2.804)    2.893
   5.804   (  -0.095   -0.082   -3.373)    3.375
   7.940   (  -0.320   -0.260    2.374)    2.410
   8.269   (  -2.814    0.342   -2.168)    3.569
======================= Grid point 224 (71/186) =======================
q-point: ( 0.30  0.10  0.20)
Mass variance parameters: 1.64e-04 1.64e-04 1.64e-04 1.64e-04 0.00e+00 0.00e+00 0.00e+00 0.00e+00 3.39e-05 3.39e-05 
Number of triplets: 500
Frequency     group velocity (x, y, z)     |gv|
   0.765   (   0.686   -0.271   -0.597)    0.949
   0.798   (   2.187   -1.645    3.265)    4.261
   0.943   (   4.078    4.971    9.722)   11.655
   1.009   ( -10.348   -0.993    5.096)   11.578
   1.121   (   3.781   -0.690    1.556)    4.146
   1.651   (  -2.121   -0.577   -4.146)    4.693
   1.709   (   0.459    0.437   -3.047)    3.112
   1.895   (   1.620    0.495    4.065)    4.403
   2.272   (   1.026    2.667   -4.748)    5.542
   2.407   (   6.011    0.808   -3.421)    6.963
   2.477   (   7.108   -0.512   -0.774)    7.168
   2.553   (   4.115   -3.958   -2.502)    6.233
   2.721   (  -4.325   -1.789    0.548)    4.713
   2.783   (  -5.439    2.247    1.087)    5.985
   2.850   (  -4.206   -1.131   -0.235)    4.362
   2.908   (  -1.233   -0.560   -0.400)    1.412
   3.440   (  -1.028    2.063    1.052)    2.534
   3.509   (   3.619   -1.841    0.556)    4.098
   3.664   (  -2.812    0.124    0.097)    2.817
   3.912   (   1.831    1.046   -0.412)    2.149
   3.953   (  -0.610   -0.177   -1.827)    1.934
   3.968   (   0.475   -0.014   -1.945)    2.002
   4.319   (   3.130   -1.003    4.618)    5.668
   4.474   (  -1.325    1.773    2.152)    3.087
   4.530   (  -0.919   -0.804    3.174)    3.401
   5.013   (   1.603   -0.058   -3.460)    3.814
   5.353   (  -0.541    0.059    3.013)    3.062
   5.803   (  -0.002   -0.081   -3.365)    3.366
   7.939   (   0.046   -0.284    2.091)    2.111
   8.228   (  -2.081    0.368   -1.867)    2.820
======================= Grid point 225 (72/186) =======================
q-point: ( 0.40  0.10  0.20)
Mass variance parameters: 1.64e-04 1.64e-04 1.64e-04 1.64e-04 0.00e+00 0.00e+00 0.00e+00 0.00e+00 3.39e-05 3.39e-05 
Number of triplets: 500
Frequency     group velocity (x, y, z)     |gv|
   0.771   (  -0.573   -0.838   -0.635)    1.197
   0.820   (  -4.079   -1.823    1.698)    4.779
   0.880   (  -2.662   -3.779    5.575)    7.242
   0.966   (   0.564    1.966    7.799)    8.062
   1.176   (   5.661    5.593    0.308)    7.964
   1.633   (  -0.654   -0.783   -3.821)    3.954
   1.711   (   0.274    0.469   -2.442)    2.502
   1.909   (  -0.082   -0.391    4.200)    4.219
   2.235   (  -3.966   -1.098   -4.984)    6.464
   2.458   (  -2.756    0.904   -2.395)    3.761
   2.542   (   1.620    0.121   -1.829)    2.446
   2.612   (  -4.497   -5.182    1.069)    6.944
   2.684   (   6.435    2.390   -2.449)    7.289
   2.757   (   3.127    2.774    0.349)    4.194
   2.851   (   3.249   -0.061   -1.423)    3.547
   2.899   (  -0.124   -0.524   -0.572)    0.785
   3.389   (  -3.163    0.182    3.075)    4.415
   3.553   (   0.248   -1.108    0.173)    1.148
   3.640   (  -0.674   -0.321    0.501)    0.899
   3.919   (  -0.346    0.926   -1.886)    2.129
   3.947   (   0.539   -0.024    0.396)    0.669
   3.977   (   0.246    0.173   -1.735)    1.761
   4.365   (   2.139   -0.458    3.063)    3.764
   4.441   (  -1.463    1.496    2.189)    3.028
   4.521   (  -0.830   -1.105    3.713)    3.962
   5.028   (   0.091   -0.037   -3.394)    3.395
   5.348   (  -0.077    0.019    3.182)    3.183
   5.805   (   0.118   -0.000   -3.356)    3.358
   7.945   (   0.459    0.004    1.902)    1.957
   8.205   (  -0.581   -0.004   -1.665)    1.764
======================= Grid point 226 (73/186) =======================
q-point: (-0.50  0.10  0.20)
Mass variance parameters: 1.64e-04 1.64e-04 1.64e-04 1.64e-04 0.00e+00 0.00e+00 0.00e+00 0.00e+00 3.39e-05 3.39e-05 
Number of triplets: 500
Frequency     group velocity (x, y, z)     |gv|
   0.722   (  -7.587   -4.550    3.422)    9.485
   0.777   (  -0.360    0.463   -0.476)    0.755
   0.928   (   1.198    0.853   10.240)   10.345
   0.952   (   0.903   -2.982   -0.435)    3.146
   1.227   (   6.207    6.110    1.159)    8.786
   1.641   (   0.798   -1.105   -3.717)    3.959
   1.710   (   0.014    0.523   -2.106)    2.170
   1.882   (  -4.031   -0.303    3.448)    5.313
   2.177   (  -5.615   -3.381   -3.322)    7.348
   2.356   (  -7.434   -2.337   -0.095)    7.793
   2.528   (  -2.457    1.701   -4.357)    5.283
   2.602   (  -0.466   -1.625   -2.002)    2.621
   2.728   (   0.490    2.342   -1.620)    2.890
   2.849   (   8.673    1.165    0.239)    8.754
   2.889   (   3.574    2.918   -1.065)    4.735
   2.930   (   4.065    2.415    0.485)    4.753
   3.367   (  -1.093   -3.131    2.674)    4.260
   3.539   (  -2.412   -0.303    0.542)    2.491
   3.641   (   0.388   -1.202    0.042)    1.264
   3.898   (  -1.479    0.399   -1.908)    2.447
   3.962   (   1.250    0.315    0.994)    1.628
   3.970   (  -0.896    0.351   -1.317)    1.631
   4.370   (  -1.529    2.572    3.542)    4.637
   4.425   (   0.412   -1.410    1.788)    2.314
   4.525   (   0.191   -1.361    3.350)    3.621
   5.016   (  -1.597    0.068   -3.438)    3.791
   5.351   (   0.467   -0.065    3.186)    3.221
   5.807   (   0.215    0.131   -3.348)    3.357
   7.952   (   0.730    0.528    1.894)    2.097
   8.212   (   1.087   -0.663   -1.659)    2.092
======================= Grid point 227 (74/186) =======================
q-point: (-0.40  0.10  0.20)
Mass variance parameters: 1.64e-04 1.64e-04 1.64e-04 1.64e-04 0.00e+00 0.00e+00 0.00e+00 0.00e+00 3.39e-05 3.39e-05 
Number of triplets: 500
Frequency     group velocity (x, y, z)     |gv|
   0.635   (  -7.533   -3.580    5.163)    9.809
   0.769   (  -0.399    0.314   -0.806)    0.953
   0.874   (  -3.235    4.371    6.125)    8.191
   1.038   (   3.636   -3.510    4.337)    6.660
   1.280   (   5.100    3.886    2.031)    6.726
   1.654   (  -1.706   -1.295   -4.068)    4.597
   1.701   (  -0.961    0.299   -2.930)    3.098
   1.808   (  -4.549   -2.118    3.650)    6.205
   2.113   (  -5.181   -3.452   -1.479)    6.398
   2.306   (  -0.600   -1.524   -0.390)    1.684
   2.476   (  -2.781    0.499   -5.308)    6.013
   2.595   (  -0.346    3.601   -4.943)    6.125
   2.689   (  -2.550   -0.037    1.797)    3.119
   2.920   (   2.340   -0.554   -2.516)    3.480
   2.957   (   3.228    2.008    2.351)    4.469
   2.998   (   9.478    4.241    0.379)   10.391
   3.354   (  -4.699   -1.761    1.456)    5.225
   3.506   (  -0.513    0.652   -0.181)    0.849
   3.677   (   2.497   -2.987   -0.507)    3.926
   3.871   (  -1.644    0.202   -1.498)    2.233
   3.945   (  -1.606    0.635   -0.714)    1.869
   3.982   (   1.211   -0.159    0.861)    1.494
   4.307   (  -3.839    2.341    4.985)    6.713
   4.452   (   1.185   -1.588    1.481)    2.473
   4.541   (   0.672   -0.888    2.637)    2.862
   4.982   (  -2.587    0.014   -3.577)    4.414
   5.361   (   0.748   -0.091    3.031)    3.123
   5.809   (   0.249    0.261   -3.345)    3.364
   7.959   (   0.809    0.999    2.074)    2.440
   8.245   (   2.175   -1.266   -1.854)    3.126
======================= Grid point 228 (75/186) =======================
q-point: (-0.30  0.10  0.20)
Mass variance parameters: 1.64e-04 1.64e-04 1.64e-04 1.64e-04 0.00e+00 0.00e+00 0.00e+00 0.00e+00 3.39e-05 3.39e-05 
Number of triplets: 500
Frequency     group velocity (x, y, z)     |gv|
   0.540   (  -7.203   -2.093    7.801)   10.822
   0.750   (  -3.243    2.972    0.861)    4.483
   0.779   (  -3.580    2.874    3.686)    5.887
   1.074   (   0.544    3.300    9.537)   10.106
   1.323   (   2.025    0.339    1.716)    2.676
   1.576   (  -8.167   -2.594   -2.729)    8.993
   1.692   (  -0.299   -0.214   -4.308)    4.324
   1.808   (   0.920   -2.806    3.032)    4.233
   2.092   (   0.260   -3.236   -0.285)    3.259
   2.352   (   5.301   -0.318   -1.806)    5.609
   2.435   (  -3.108   -0.874   -4.654)    5.665
   2.550   (  -0.686    4.469   -4.688)    6.513
   2.674   (  -0.704   -1.645    1.315)    2.221
   2.951   (   0.797   -1.140   -3.089)    3.387
   2.975   (   0.954    1.559    2.631)    3.203
   3.100   (   5.692    2.047   -0.277)    6.055
   3.250   (  -7.181    2.092    2.443)    7.868
   3.509   (   1.140    1.728   -2.550)    3.285
   3.755   (   4.287   -3.205   -0.470)    5.373
   3.845   (  -1.444    0.287   -0.817)    1.684
   3.916   (  -1.561    0.237    0.021)    1.579
   3.998   (   0.365   -0.775    0.199)    0.879
   4.232   (  -3.764    1.572    6.081)    7.323
   4.476   (   0.543   -1.352    1.541)    2.121
   4.554   (   0.566   -0.082    2.315)    2.385
   4.943   (  -2.391   -0.260   -3.878)    4.563
   5.373   (   0.671   -0.043    2.830)    2.909
   5.810   (   0.210    0.343   -3.349)    3.373
   7.963   (   0.689    1.197    2.359)    2.734
   8.290   (   2.266   -1.540   -2.154)    3.485
======================= Grid point 229 (76/186) =======================
q-point: (-0.20  0.10  0.20)
Mass variance parameters: 1.64e-04 1.64e-04 1.64e-04 1.64e-04 0.00e+00 0.00e+00 0.00e+00 0.00e+00 3.39e-05 3.39e-05 
Number of triplets: 500
Frequency     group velocity (x, y, z)     |gv|
   0.451   (  -4.716    1.431    8.952)   10.219
   0.600   (  -8.823    4.955    8.262)   13.064
   0.757   (  -0.429    0.344   -0.795)    0.967
   1.022   (  -0.904    8.862   16.108)   18.407
   1.330   (  -1.183   -1.297    0.790)    1.925
   1.496   (  -4.418   -3.638   -2.660)    6.311
   1.690   (  -0.071   -0.158   -4.157)    4.160
   1.843   (   0.776   -2.458    2.308)    3.460
   2.169   (   5.999   -3.651    0.080)    7.023
   2.380   (  -5.009   -1.944   -3.655)    6.498
   2.454   (   6.031    0.270   -4.443)    7.495
   2.535   (   2.552    2.616   -3.413)    5.000
   2.677   (  -0.728   -1.935    0.695)    2.181
   2.949   (  -2.884   -2.053   -2.408)    4.281
   2.972   (  -0.195    0.733    1.498)    1.679
   3.085   (  -4.720    2.670    1.423)    5.607
   3.196   (   2.866    2.892    0.751)    4.140
   3.508   (   0.710    2.684   -3.862)    4.756
   3.794   (  -0.688    1.947   -0.287)    2.085
   3.861   (   2.848   -2.021    0.261)    3.502
   3.900   (  -0.535   -0.548    0.895)    1.177
   4.004   (  -0.596   -2.073   -1.262)    2.499
   4.179   (  -2.051    0.603    6.760)    7.090
   4.486   (  -0.232   -0.784    1.690)    1.877
   4.560   (   0.358    0.402    2.357)    2.418
   4.916   (  -1.296   -0.488   -4.256)    4.476
   5.382   (   0.368    0.013    2.665)    2.691
   5.811   (   0.114    0.344   -3.361)    3.380
   7.963   (   0.388    1.103    2.636)    2.883
   8.330   (   1.421   -1.441   -2.438)    3.168
======================= Grid point 230 (77/186) =======================
q-point: (-0.10  0.10  0.20)
Mass variance parameters: 1.64e-04 1.64e-04 1.64e-04 1.64e-04 0.00e+00 0.00e+00 0.00e+00 0.00e+00 3.39e-05 3.39e-05 
Number of triplets: 280
Frequency     group velocity (x, y, z)     |gv|
   0.357   (  -0.000    9.252    5.900)   10.974
   0.516   (   0.000   -2.867   16.702)   16.947
   0.751   (  -0.000    0.290   -1.187)    1.222
   0.947   (  -0.000    9.694   20.667)   22.828
   1.327   (   0.000   -1.350    0.360)    1.397
   1.486   (   0.000   -2.863   -2.847)    4.038
   1.691   (   0.000   -0.133   -3.999)    4.001
   1.863   (   0.000   -1.819    1.756)    2.528
   2.286   (   0.000   -4.289    1.960)    4.715
   2.313   (   0.000   -0.380   -5.359)    5.372
   2.491   (   0.000   -0.068   -7.053)    7.053
   2.570   (  -0.000    2.306   -1.428)    2.713
   2.682   (   0.000   -2.469    0.533)    2.526
   2.922   (   0.000   -2.297   -0.921)    2.475
   2.959   (  -0.000    1.054    2.573)    2.781
   3.028   (  -0.000    3.446   -0.143)    3.449
   3.210   (  -0.000    1.072   -0.273)    1.107
   3.495   (  -0.000    2.531   -4.235)    4.933
   3.769   (  -0.000    2.024    0.107)    2.027
   3.890   (   0.000   -0.615    1.344)    1.478
   3.905   (   0.000   -0.309    1.488)    1.520
   4.017   (   0.000   -2.591   -3.275)    4.176
   4.162   (   0.000   -0.037    6.787)    6.787
   4.486   (   0.000   -0.428    2.094)    2.137
   4.560   (  -0.000    0.488    2.439)    2.488
   4.910   (   0.000   -0.434   -4.494)    4.515
   5.384   (  -0.000    0.025    2.571)    2.571
   5.809   (  -0.000    0.264   -3.373)    3.384
   7.960   (  -0.000    0.797    2.803)    2.914
   8.350   (   0.000   -1.054   -2.608)    2.812
======================= Grid point 233 (78/186) =======================
q-point: ( 0.20  0.20  0.20)
Mass variance parameters: 1.64e-04 1.64e-04 1.64e-04 1.64e-04 0.00e+00 0.00e+00 0.00e+00 0.00e+00 3.39e-05 3.39e-05 
Number of triplets: 282
Frequency     group velocity (x, y, z)     |gv|
   0.763   (   0.560    0.000   -0.745)    0.932
   0.784   (   2.177    0.000    4.921)    5.381
   0.986   (   1.163    0.000    7.649)    7.736
   0.996   ( -13.039   -0.000    4.329)   13.739
   1.117   (   9.903    0.000    3.692)   10.569
   1.645   (  -2.438   -0.000   -4.793)    5.378
   1.712   (   0.492    0.000   -2.748)    2.792
   1.899   (   0.875    0.000    4.091)    4.184
   2.292   (  -1.642   -0.000   -5.533)    5.772
   2.413   (   6.495    0.000   -3.658)    7.454
   2.480   (  12.178    0.000    0.957)   12.216
   2.516   (   1.622    0.000   -2.229)    2.757
   2.708   (  -6.591   -0.000   -0.604)    6.619
   2.809   (  -2.191   -0.000    0.972)    2.397
   2.835   (  -5.079   -0.000    0.076)    5.079
   2.903   (  -1.251   -0.000   -0.116)    1.256
   3.459   (  -3.010   -0.000    0.951)    3.157
   3.491   (   5.546    0.000    0.258)    5.552
   3.665   (  -3.105   -0.000    0.411)    3.132
   3.920   (   1.970    0.000    0.318)    1.996
   3.951   (  -0.783   -0.000   -3.001)    3.102
   3.968   (   0.545    0.000   -2.103)    2.172
   4.312   (   3.369    0.000    4.901)    5.947
   4.490   (  -1.436   -0.000    2.326)    2.734
   4.521   (  -1.011   -0.000    3.023)    3.187
   5.013   (   1.588    0.000   -3.438)    3.788
   5.354   (  -0.550   -0.000    2.979)    3.030
   5.803   (   0.035    0.000   -3.368)    3.368
   7.937   (   0.162    0.000    2.121)    2.127
   8.230   (  -2.234   -0.000   -1.900)    2.933
======================= Grid point 234 (79/186) =======================
q-point: ( 0.30  0.20  0.20)
Mass variance parameters: 1.64e-04 1.64e-04 1.64e-04 1.64e-04 0.00e+00 0.00e+00 0.00e+00 0.00e+00 3.39e-05 3.39e-05 
Number of triplets: 500
Frequency     group velocity (x, y, z)     |gv|
   0.758   (  -2.968   -0.682   -0.441)    3.077
   0.808   (  -1.279    0.107    2.770)    3.053
   0.832   (  -4.546   -2.482    4.294)    6.728
   0.989   (  -0.132    0.922    5.902)    5.975
   1.243   (   7.273    3.035    1.926)    8.113
   1.620   (  -0.846   -0.708   -5.276)    5.391
   1.718   (   0.299    0.312   -1.448)    1.511
   1.904   (  -0.255   -0.251    4.335)    4.350
   2.221   (  -5.946   -0.638   -5.042)    7.822
   2.481   (  -7.039    2.398    0.394)    7.446
   2.539   (   0.305   -3.467   -1.964)    3.997
   2.549   (   1.800   -0.690   -0.604)    2.021
   2.717   (   9.802    1.663   -3.222)   10.451
   2.781   (   0.085    0.670   -2.095)    2.201
   2.851   (   6.222    0.088    0.393)    6.235
   2.892   (  -0.262   -0.439    0.337)    0.612
   3.392   (  -5.167    0.140    2.955)    5.954
   3.538   (   0.218   -0.748   -0.290)    0.832
   3.636   (  -0.696   -0.107    1.164)    1.361
   3.930   (  -1.164    0.509   -3.037)    3.292
   3.947   (   1.229   -0.044    0.976)    1.570
   3.980   (   0.515    0.139   -1.557)    1.646
   4.360   (   2.821   -0.217    3.130)    4.219
   4.465   (  -1.200    1.739    2.300)    3.123
   4.501   (  -1.863   -1.562    3.619)    4.360
   5.027   (   0.146   -0.022   -3.325)    3.328
   5.348   (  -0.123    0.012    3.165)    3.168
   5.805   (   0.191   -0.000   -3.356)    3.361
   7.945   (   0.743    0.003    1.899)    2.039
   8.205   (  -0.941   -0.003   -1.663)    1.911
======================= Grid point 235 (80/186) =======================
q-point: (-0.60  0.20  0.20)
Mass variance parameters: 1.64e-04 1.64e-04 1.64e-04 1.64e-04 0.00e+00 0.00e+00 0.00e+00 0.00e+00 3.39e-05 3.39e-05 
Number of triplets: 504
Frequency     group velocity (x, y, z)     |gv|
   0.682   (  -4.965   -1.247    2.301)    5.613
   0.785   (  -0.285    0.768    0.123)    0.828
   0.870   (   2.299   -5.045    2.024)    5.902
   0.971   (  -0.960    1.779    5.264)    5.639
   1.305   (   4.568    4.606    1.143)    6.587
   1.626   (   0.567   -1.007   -5.268)    5.393
   1.717   (   0.011    0.446   -0.345)    0.564
   1.879   (  -4.051   -0.164    3.221)    5.178
   2.137   (  -5.953   -2.133   -3.439)    7.198
   2.330   (  -8.008   -1.225    1.824)    8.303
   2.527   (  -3.833   -1.622   -0.391)    4.180
   2.592   (   2.657    0.550   -5.990)    6.576
   2.769   (   0.413    3.118   -3.496)    4.703
   2.844   (   4.765   -1.368   -2.447)    5.528
   2.911   (   4.131    0.822    1.335)    4.419
   2.986   (  10.057    4.183    0.314)   10.897
   3.325   (  -3.509   -2.647    3.690)    5.739
   3.526   (  -2.119   -1.255    0.020)    2.463
   3.631   (  -0.391   -0.318    0.948)    1.074
   3.905   (  -1.592    0.467   -2.870)    3.315
   3.964   (   0.907   -0.006    1.808)    2.023
   3.978   (  -0.425    0.602   -0.966)    1.215
   4.402   (   2.552    0.616    1.897)    3.239
   4.417   (  -3.366    1.565    3.340)    4.994
   4.499   (  -0.209   -2.353    3.074)    3.877
   5.016   (  -1.545    0.032   -3.347)    3.687
   5.350   (   0.422   -0.031    3.248)    3.275
   5.808   (   0.309    0.080   -3.341)    3.356
   7.958   (   1.146    0.350    1.794)    2.157
   8.204   (   0.573   -0.434   -1.555)    1.713
======================= Grid point 236 (81/186) =======================
q-point: (-0.50  0.20  0.20)
Mass variance parameters: 1.64e-04 1.64e-04 1.64e-04 1.64e-04 0.00e+00 0.00e+00 0.00e+00 0.00e+00 3.39e-05 3.39e-05 
Number of triplets: 500
Frequency     group velocity (x, y, z)     |gv|
   0.626   (  -2.447    2.244    2.485)    4.147
   0.776   (  -0.313    0.613   -0.580)    0.900
   0.923   (  -2.375    1.448    0.315)    2.800
   0.973   (   4.815   -4.572    6.514)    9.302
   1.328   (   1.915    2.859    1.247)    3.660
   1.636   (  -1.683   -1.205   -4.871)    5.293
   1.706   (  -1.628    0.378   -1.779)    2.441
   1.787   (  -5.845   -1.033    4.075)    7.199
   2.073   (  -4.174   -2.327   -1.799)    5.107
   2.287   (   0.897   -1.179    0.724)    1.649
   2.469   (  -4.480   -1.217   -3.462)    5.791
   2.626   (   2.183    0.923   -5.189)    5.704
   2.714   (  -3.923    3.315   -0.718)    5.186
   2.901   (   1.541   -2.116   -3.397)    4.288
   2.984   (   4.092    1.823    2.471)    5.116
   3.073   (   7.400    6.189    0.701)    9.672
   3.319   (  -1.958   -3.285    2.013)    4.322
   3.508   (  -0.073   -0.507    0.109)    0.524
   3.639   (   0.912   -2.094    0.021)    2.284
   3.877   (  -1.550    0.448   -2.403)    2.894
   3.956   (  -1.362    0.852   -0.216)    1.621
   3.979   (   0.717   -0.215    2.078)    2.208
   4.337   (  -4.804    1.874    5.006)    7.187
   4.439   (   1.991   -0.157    0.992)    2.230
   4.521   (   0.841   -1.994    2.344)    3.191
   4.982   (  -2.711    0.038   -3.432)    4.374
   5.360   (   0.764   -0.069    3.167)    3.258
   5.812   (   0.343    0.209   -3.328)    3.352
   7.973   (   1.203    0.924    1.858)    2.399
   8.227   (   1.687   -1.141   -1.630)    2.608
======================= Grid point 237 (82/186) =======================
q-point: (-0.40  0.20  0.20)
Mass variance parameters: 1.64e-04 1.64e-04 1.64e-04 1.64e-04 0.00e+00 0.00e+00 0.00e+00 0.00e+00 3.39e-05 3.39e-05 
Number of triplets: 504
Frequency     group velocity (x, y, z)     |gv|
   0.568   (  -1.404    5.876    3.639)    7.052
   0.766   (  -0.435    0.620   -0.815)    1.113
   0.846   (  -4.570    5.057    2.180)    7.156
   1.078   (   4.194   -2.490    6.321)    7.984
   1.327   (  -0.625    0.048    1.147)    1.307
   1.539   ( -10.072   -2.516   -2.242)   10.621
   1.690   (  -0.079   -0.008   -4.921)    4.922
   1.773   (   0.824   -2.141    4.470)    5.025
   2.054   (   0.202   -2.194   -0.217)    2.214
   2.348   (   5.550   -0.041   -1.714)    5.809
   2.412   (  -4.141   -2.221   -3.742)    6.007
   2.616   (  -2.062    4.984   -3.941)    6.680
   2.657   (  -0.304   -0.851    0.244)    0.936
   2.925   (  -0.604   -2.553   -4.064)    4.837
   2.999   (   0.361    1.754    2.337)    2.944
   3.137   (   3.845    3.246    0.299)    5.041
   3.277   (  -3.091    1.619    2.688)    4.405
   3.532   (   2.451    1.387   -2.318)    3.647
   3.699   (   4.056   -4.304    0.024)    5.914
   3.854   (  -0.961    0.627   -1.527)    1.910
   3.924   (  -1.797    0.944    0.214)    2.041
   3.988   (  -0.297   -0.783    1.822)    2.005
   4.251   (  -4.766    1.085    6.264)    7.945
   4.465   (   1.293   -0.171    0.944)    1.610
   4.546   (   0.855   -1.133    1.876)    2.352
   4.939   (  -2.692   -0.213   -3.624)    4.520
   5.373   (   0.728   -0.041    2.999)    3.086
   5.815   (   0.281    0.338   -3.324)    3.353
   7.981   (   0.950    1.403    2.067)    2.673
   8.267   (   1.937   -1.747   -1.855)    3.201
======================= Grid point 238 (83/186) =======================
q-point: (-0.30  0.20  0.20)
Mass variance parameters: 1.64e-04 1.64e-04 1.64e-04 1.64e-04 0.00e+00 0.00e+00 0.00e+00 0.00e+00 3.39e-05 3.39e-05 
Number of triplets: 500
Frequency     group velocity (x, y, z)     |gv|
   0.515   (   1.529    8.165    5.598)   10.017
   0.697   (  -7.388    7.863    2.789)   11.144
   0.764   (  -0.565    0.827   -0.583)    1.159
   1.115   (   1.184    3.892   10.199)   10.980
   1.309   (  -2.187   -1.630    0.624)    2.798
   1.436   (  -5.472   -4.626   -2.263)    7.515
   1.690   (   0.057    0.123   -4.495)    4.497
   1.806   (   0.857   -2.653    3.581)    4.538
   2.118   (   5.191   -3.536    0.828)    6.336
   2.341   (  -5.693   -3.399   -3.321)    7.416
   2.468   (   7.407    1.152   -4.092)    8.540
   2.567   (  -0.076    2.278   -2.125)    3.116
   2.657   (  -0.900   -0.698   -0.818)    1.403
   2.910   (  -3.948   -3.344   -4.173)    6.647
   2.987   (  -0.252    1.272    1.543)    2.015
   3.121   (  -2.098    2.623    2.183)    4.005
   3.249   (   1.888    4.519    1.173)    5.036
   3.546   (   1.248    2.575   -3.885)    4.825
   3.802   (   4.159   -2.393   -0.144)    4.800
   3.841   (   0.826    0.579   -0.315)    1.057
   3.895   (  -1.250   -0.038    0.630)    1.400
   3.977   (  -2.214   -1.799    0.872)    2.983
   4.185   (  -2.901    0.362    7.363)    7.922
   4.480   (   0.458   -0.045    0.959)    1.064
   4.561   (   0.452   -0.333    1.859)    1.942
   4.909   (  -1.533   -0.595   -3.929)    4.259
   5.382   (   0.411    0.018    2.834)    2.863
   5.816   (   0.150    0.419   -3.331)    3.361
   7.982   (   0.501    1.580    2.332)    2.861
   8.305   (   1.275   -1.998   -2.129)    3.186
======================= Grid point 239 (84/186) =======================
q-point: (-0.20  0.20  0.20)
Mass variance parameters: 1.64e-04 1.64e-04 1.64e-04 1.64e-04 0.00e+00 0.00e+00 0.00e+00 0.00e+00 3.39e-05 3.39e-05 
Number of triplets: 282
Frequency     group velocity (x, y, z)     |gv|
   0.504   (  -0.000   11.179    2.447)   11.444
   0.532   (  -0.000    5.725   10.905)   12.317
   0.757   (  -0.000    0.520   -1.043)    1.165
   1.077   (  -0.000    8.007   14.403)   16.479
   1.302   (   0.000   -2.168    0.284)    2.186
   1.432   (   0.000   -4.850   -2.475)    5.445
   1.690   (  -0.000    0.030   -4.272)    4.272
   1.831   (   0.000   -2.650    2.889)    3.920
   2.220   (   0.000   -4.829    2.389)    5.388
   2.291   (   0.000   -2.891   -4.350)    5.223
   2.506   (  -0.000    2.534   -7.074)    7.514
   2.595   (  -0.000    0.968   -2.404)    2.591
   2.644   (   0.000   -2.618    0.890)    2.765
   2.886   (   0.000   -2.940   -2.932)    4.152
   2.976   (  -0.000    1.295    1.748)    2.175
   3.080   (  -0.000    3.755    1.822)    4.174
   3.240   (  -0.000    3.338    0.261)    3.348
   3.536   (  -0.000    3.086   -4.320)    5.309
   3.804   (  -0.000    2.789   -0.120)    2.791
   3.879   (   0.000   -0.927    0.814)    1.233
   3.898   (   0.000   -0.672    0.927)    1.145
   3.969   (   0.000   -4.109   -0.849)    4.196
   4.162   (   0.000   -0.014    7.615)    7.615
   4.482   (   0.000   -0.043    1.147)    1.148
   4.565   (  -0.000    0.126    2.097)    2.101
   4.902   (   0.000   -0.716   -4.193)    4.254
   5.385   (  -0.000    0.042    2.716)    2.716
   5.814   (  -0.000    0.422   -3.346)    3.372
   7.975   (  -0.000    1.448    2.547)    2.930
   8.329   (   0.000   -1.864   -2.348)    2.998
======================= Grid point 244 (85/186) =======================
q-point: ( 0.30  0.30  0.20)
Mass variance parameters: 1.64e-04 1.64e-04 1.64e-04 1.64e-04 0.00e+00 0.00e+00 0.00e+00 0.00e+00 3.39e-05 3.39e-05 
Number of triplets: 280
Frequency     group velocity (x, y, z)     |gv|
   0.677   (  -2.922   -0.000    1.198)    3.158
   0.797   (   0.356    0.000    1.320)    1.367
   0.823   (   0.443    0.000    0.767)    0.885
   0.984   (  -0.644   -0.000    5.186)    5.226
   1.339   (   3.499    0.000    1.075)    3.660
   1.618   (   0.684    0.000   -6.072)    6.110
   1.721   (  -0.049   -0.000    0.428)    0.430
   1.878   (  -3.859   -0.000    3.195)    5.010
   2.122   (  -5.999   -0.000   -3.632)    7.013
   2.322   (  -8.418   -0.000    2.779)    8.865
   2.511   (  -2.896   -0.000    0.795)    3.004
   2.599   (   2.313    0.000   -7.607)    7.951
   2.801   (   0.230    0.000   -3.299)    3.307
   2.824   (   3.671    0.000   -3.769)    5.261
   2.918   (   4.997    0.000    2.223)    5.469
   3.018   (  12.563    0.000   -0.164)   12.564
   3.305   (  -5.392   -0.000    4.281)    6.884
   3.515   (  -2.087   -0.000   -0.157)    2.093
   3.629   (  -0.548   -0.000    1.288)    1.400
   3.908   (  -1.657   -0.000   -3.253)    3.651
   3.963   (   0.768    0.000    2.131)    2.266
   3.982   (  -0.272   -0.000   -0.886)    0.927
   4.400   (   1.857    0.000    1.448)    2.355
   4.446   (  -3.167   -0.000    4.824)    5.771
   4.470   (   0.241    0.000    1.924)    1.939
   5.016   (  -1.517   -0.000   -3.300)    3.632
   5.350   (   0.403    0.000    3.268)    3.293
   5.809   (   0.345    0.000   -3.338)    3.356
   7.961   (   1.320    0.000    1.754)    2.195
   8.201   (   0.362    0.000   -1.513)    1.555
======================= Grid point 245 (86/186) =======================
q-point: (-0.60  0.30  0.20)
Mass variance parameters: 1.64e-04 1.64e-04 1.64e-04 1.64e-04 0.00e+00 0.00e+00 0.00e+00 0.00e+00 3.39e-05 3.39e-05 
Number of triplets: 500
Frequency     group velocity (x, y, z)     |gv|
   0.677   (   2.804    3.522   -0.881)    4.587
   0.792   (   0.110    2.422    0.177)    2.431
   0.861   (   1.973   -6.645   -0.412)    6.944
   0.971   (  -0.408    1.016    5.792)    5.894
   1.355   (  -0.501    1.041    0.751)    1.378
   1.624   (  -1.644   -0.483   -5.510)    5.770
   1.710   (  -1.927    0.180   -0.954)    2.158
   1.779   (  -6.511   -0.216    4.390)    7.856
   2.050   (  -3.491   -0.883   -2.382)    4.317
   2.276   (   1.934   -0.367    1.788)    2.659
   2.453   (  -4.734   -0.744   -1.834)    5.131
   2.631   (   1.952    0.099   -6.082)    6.388
   2.760   (  -3.566    2.508   -1.831)    4.729
   2.870   (   1.324   -1.857   -4.119)    4.708
   3.003   (   4.334    0.782    2.569)    5.099
   3.155   (   6.179    4.894    0.357)    7.890
   3.267   (  -0.334   -3.689    2.869)    4.685
   3.497   (   0.520   -0.649    0.198)    0.855
   3.622   (  -0.215   -0.486    0.477)    0.714
   3.882   (  -1.634    0.190   -2.971)    3.396
   3.967   (  -0.609    0.652    1.310)    1.585
   3.975   (  -0.177   -0.362    1.395)    1.452
   4.354   (  -5.578    0.506    4.996)    7.505
   4.450   (   2.566    1.657    1.114)    3.251
   4.489   (   1.006   -2.298    1.902)    3.148
   4.982   (  -2.770    0.020   -3.327)    4.329
   5.360   (   0.769   -0.025    3.249)    3.339
   5.814   (   0.400    0.079   -3.318)    3.343
   7.982   (   1.507    0.390    1.708)    2.311
   8.216   (   1.326   -0.473   -1.475)    2.039
======================= Grid point 246 (87/186) =======================
q-point: (-0.50  0.30  0.20)
Mass variance parameters: 1.64e-04 1.64e-04 1.64e-04 1.64e-04 0.00e+00 0.00e+00 0.00e+00 0.00e+00 3.39e-05 3.39e-05 
Number of triplets: 500
Frequency     group velocity (x, y, z)     |gv|
   0.678   (   2.735    8.624   -0.823)    9.085
   0.777   (  -0.189    1.408   -0.443)    1.488
   0.899   (  -1.914    1.990   -0.719)    2.853
   1.015   (   5.170   -5.831    5.162)    9.348
   1.324   (  -2.707   -0.305    0.653)    2.801
   1.511   ( -11.462   -1.467   -1.800)   11.695
   1.691   (   0.204    0.069   -5.672)    5.676
   1.752   (   0.431   -0.924    6.069)    6.154
   2.031   (   0.192   -1.168   -0.840)    1.451
   2.351   (   6.072    0.409   -0.917)    6.154
   2.382   (  -4.738   -1.818   -2.909)    5.850
   2.647   (  -1.222   -0.423    0.871)    1.559
   2.683   (  -1.682    4.155   -5.334)    6.967
   2.885   (  -1.648   -2.936   -4.852)    5.906
   3.020   (  -0.289    1.180    2.321)    2.620
   3.182   (   0.924    2.819    1.405)    3.282
   3.292   (   1.766    0.530    2.164)    2.843
   3.545   (   3.772    0.487   -2.016)    4.305
   3.648   (   3.053   -2.766    0.591)    4.162
   3.860   (  -0.889    0.261   -2.170)    2.360
   3.941   (  -1.610    1.336    0.686)    2.202
   3.976   (  -0.822   -0.988    2.262)    2.601
   4.262   (  -5.580    0.426    6.645)    8.688
   4.473   (   1.641    1.178    0.815)    2.179
   4.524   (   1.362   -1.851    1.308)    2.644
   4.937   (  -2.946   -0.108   -3.412)    4.509
   5.372   (   0.772   -0.025    3.135)    3.229
   5.819   (   0.337    0.207   -3.304)    3.328
   7.999   (   1.230    1.026    1.792)    2.404
   8.245   (   1.602   -1.239   -1.573)    2.565
======================= Grid point 247 (88/186) =======================
q-point: (-0.40  0.30  0.20)
Mass variance parameters: 1.64e-04 1.64e-04 1.64e-04 1.64e-04 0.00e+00 0.00e+00 0.00e+00 0.00e+00 3.39e-05 3.39e-05 
Number of triplets: 500
Frequency     group velocity (x, y, z)     |gv|
   0.655   (   3.535   10.665    0.416)   11.243
   0.766   (  -0.368    1.445   -0.579)    1.600
   0.814   (  -4.455    6.886    0.865)    8.247
   1.122   (   3.411   -2.770    4.640)    6.391
   1.287   (  -2.862   -1.514    0.375)    3.260
   1.376   (  -6.949   -3.800   -1.794)    8.121
   1.693   (   0.200    0.333   -4.879)    4.895
   1.774   (   0.788   -1.862    5.016)    5.408
   2.076   (   4.130   -2.341    0.855)    4.824
   2.296   (  -6.595   -2.872   -2.899)    7.755
   2.479   (   8.740    0.547   -2.941)    9.238
   2.598   (  -2.179    1.742    3.083)    4.158
   2.662   (  -0.792    1.732   -6.176)    6.464
   2.859   (  -4.455   -3.995   -5.150)    7.895
   3.004   (  -0.514    1.002    1.189)    1.638
   3.155   (  -1.248    2.093    3.080)    3.927
   3.312   (   2.421    4.303    1.086)    5.056
   3.574   (   1.178    1.240   -3.916)    4.273
   3.753   (   6.409   -3.644    0.979)    7.437
   3.853   (   0.337    0.472   -0.922)    1.089
   3.903   (  -1.926    1.168    0.519)    2.311
   3.955   (  -2.995   -1.304    1.388)    3.550
   4.189   (  -3.339    0.135    8.175)    8.832
   4.485   (   0.807    0.786    0.787)    1.374
   4.551   (   0.748   -1.031    1.141)    1.710
   4.901   (  -1.808   -0.474   -3.597)    4.054
   5.382   (   0.454    0.016    3.001)    3.035
   5.821   (   0.185    0.335   -3.303)    3.325
   8.005   (   0.650    1.550    1.979)    2.596
   8.278   (   1.094   -1.889   -1.771)    2.811
======================= Grid point 248 (89/186) =======================
q-point: (-0.30  0.30  0.20)
Mass variance parameters: 1.64e-04 1.64e-04 1.64e-04 1.64e-04 0.00e+00 0.00e+00 0.00e+00 0.00e+00 3.39e-05 3.39e-05 
Number of triplets: 280
Frequency     group velocity (x, y, z)     |gv|
   0.649   (  -0.000    9.215   -0.026)    9.215
   0.661   (  -0.000   11.933    4.065)   12.606
   0.766   (  -0.000    0.800   -0.796)    1.129
   1.149   (  -0.000    1.917    7.613)    7.851
   1.271   (   0.000   -2.066    0.152)    2.071
   1.360   (   0.000   -5.258   -2.010)    5.629
   1.692   (  -0.000    0.345   -4.453)    4.466
   1.795   (   0.000   -2.373    4.216)    4.838
   2.159   (   0.000   -3.888    2.747)    4.761
   2.242   (   0.000   -3.695   -3.841)    5.330
   2.555   (  -0.000    3.920   -4.464)    5.940
   2.597   (   0.000   -0.468   -2.971)    3.007
   2.619   (   0.000   -0.631   -0.011)    0.631
   2.840   (   0.000   -3.739   -4.636)    5.956
   2.993   (  -0.000    1.081    1.025)    1.490
   3.127   (  -0.000    2.957    3.071)    4.263
   3.299   (  -0.000    4.837    0.527)    4.865
   3.572   (  -0.000    1.870   -4.314)    4.702
   3.832   (  -0.000    0.400    0.245)    0.469
   3.866   (   0.000   -0.798    0.124)    0.808
   3.887   (   0.000   -0.861    0.220)    0.888
   3.918   (   0.000   -2.233    1.097)    2.488
   4.162   (  -0.000    0.046    8.594)    8.594
   4.486   (  -0.000    0.600    0.729)    0.944
   4.562   (   0.000   -0.546    1.416)    1.517
   4.891   (   0.000   -0.736   -3.816)    3.886
   5.385   (  -0.000    0.044    2.894)    2.894
   5.820   (  -0.000    0.416   -3.313)    3.339
   7.998   (  -0.000    1.735    2.187)    2.792
   8.301   (   0.000   -2.152   -1.984)    2.927
======================= Grid point 255 (90/186) =======================
q-point: (-0.60  0.40  0.20)
Mass variance parameters: 1.64e-04 1.64e-04 1.64e-04 1.64e-04 0.00e+00 0.00e+00 0.00e+00 0.00e+00 3.39e-05 3.39e-05 
Number of triplets: 282
Frequency     group velocity (x, y, z)     |gv|
   0.742   (   1.893    0.000   -2.457)    3.102
   0.819   (  -0.396   -0.000   -1.316)    1.374
   0.885   (   7.278    0.000   -1.784)    7.494
   0.967   (  -0.339   -0.000    5.876)    5.885
   1.322   (  -3.481   -0.000    0.543)    3.523
   1.500   ( -11.925   -0.000   -1.636)   12.037
   1.691   (   0.301    0.000   -6.038)    6.045
   1.746   (   0.205    0.000    6.807)    6.810
   2.023   (   0.217    0.000   -1.252)    1.271
   2.356   (   7.517    0.000   -0.203)    7.520
   2.368   (  -6.109   -0.000   -2.875)    6.752
   2.644   (  -0.921   -0.000   -0.007)    0.921
   2.717   (  -2.064   -0.000   -4.692)    5.126
   2.860   (  -2.069   -0.000   -5.280)    5.671
   3.028   (  -0.576   -0.000    2.375)    2.444
   3.203   (  -1.398   -0.000    2.161)    2.573
   3.294   (   4.882    0.000    1.592)    5.135
   3.547   (   4.585    0.000   -1.775)    4.917
   3.628   (   2.225    0.000    0.713)    2.336
   3.861   (  -0.940   -0.000   -2.403)    2.581
   3.957   (  -1.251   -0.000    0.528)    1.358
   3.962   (  -1.246   -0.000    2.671)    2.947
   4.264   (  -5.839   -0.000    6.793)    8.958
   4.491   (   0.809    0.000    1.647)    1.835
   4.502   (   2.476    0.000    0.274)    2.492
   4.936   (  -3.045   -0.000   -3.329)    4.512
   5.372   (   0.789    0.000    3.187)    3.283
   5.821   (   0.358    0.000   -3.297)    3.316
   8.007   (   1.365    0.000    1.674)    2.160
   8.236   (   1.447    0.000   -1.453)    2.050
======================= Grid point 257 (91/186) =======================
q-point: (-0.50  0.40  0.20)
Mass variance parameters: 1.64e-04 1.64e-04 1.64e-04 1.64e-04 0.00e+00 0.00e+00 0.00e+00 0.00e+00 3.39e-05 3.39e-05 
Number of triplets: 500
Frequency     group velocity (x, y, z)     |gv|
   0.750   (   0.625    1.823   -1.673)    2.552
   0.801   (   0.380    3.467   -0.943)    3.613
   0.917   (   0.250    8.378    1.598)    8.532
   1.045   (   4.658   -7.775   -0.288)    9.068
   1.271   (  -2.879   -0.632    0.384)    2.972
   1.339   (  -8.319   -1.441   -1.452)    8.567
   1.697   (   0.307    0.152   -5.432)    5.443
   1.756   (   0.636   -0.628    6.247)    6.310
   2.054   (   3.441   -0.833    0.571)    3.586
   2.267   (  -7.076   -1.104   -2.663)    7.641
   2.485   (   8.830    0.252   -2.254)    9.117
   2.610   (  -2.284    0.238    6.059)    6.480
   2.700   (  -0.186    2.740   -9.107)    9.512
   2.806   (  -5.525   -3.033   -5.576)    8.415
   3.014   (  -0.740    0.383    1.093)    1.374
   3.176   (  -1.161    0.790    3.646)    3.907
   3.358   (   3.362    1.919    0.954)    3.987
   3.582   (   0.646    0.097   -3.953)    4.007
   3.715   (   6.985   -1.515    1.853)    7.383
   3.855   (   0.157    0.035   -1.218)    1.228
   3.920   (  -2.918    1.027    0.908)    3.224
   3.940   (  -2.182   -0.866    0.810)    2.483
   4.190   (  -3.448    0.030    8.686)    9.345
   4.498   (   0.660    0.876    1.345)    1.736
   4.536   (   1.215   -0.958    0.191)    1.559
   4.896   (  -2.000   -0.179   -3.391)    3.940
   5.382   (   0.481    0.006    3.105)    3.142
   5.825   (   0.206    0.127   -3.286)    3.295
   8.021   (   0.774    0.695    1.722)    2.011
   8.258   (   0.949   -0.825   -1.511)    1.965
======================= Grid point 258 (92/186) =======================
q-point: (-0.40  0.40  0.20)
Mass variance parameters: 1.64e-04 1.64e-04 1.64e-04 1.64e-04 0.00e+00 0.00e+00 0.00e+00 0.00e+00 3.39e-05 3.39e-05 
Number of triplets: 282
Frequency     group velocity (x, y, z)     |gv|
   0.741   (  -0.000    3.318   -1.504)    3.643
   0.786   (  -0.000    2.595   -0.676)    2.681
   0.836   (  -0.000   12.671    1.793)   12.797
   1.127   (   0.000   -4.829    0.981)    4.928
   1.249   (   0.000   -0.935    0.041)    0.936
   1.295   (   0.000   -3.836   -1.643)    4.174
   1.698   (  -0.000    0.334   -4.744)    4.756
   1.769   (   0.000   -1.339    5.468)    5.630
   2.116   (   0.000   -2.224    3.035)    3.763
   2.199   (   0.000   -2.269   -3.779)    4.408
   2.588   (   0.000   -0.629   -3.130)    3.192
   2.588   (  -0.000    0.731    5.409)    5.458
   2.646   (  -0.000    4.419   -7.651)    8.835
   2.783   (   0.000   -4.570   -6.194)    7.697
   3.004   (  -0.000    0.615    0.653)    0.897
   3.159   (  -0.000    1.602    3.780)    4.105
   3.363   (  -0.000    3.900    0.631)    3.951
   3.585   (  -0.000    0.172   -4.293)    4.296
   3.811   (   0.000   -2.340    2.693)    3.568
   3.859   (   0.000   -0.194   -0.384)    0.430
   3.875   (   0.000   -0.772   -0.462)    0.899
   3.916   (  -0.000    0.918    0.292)    0.963
   4.163   (  -0.000    0.060    9.337)    9.337
   4.497   (  -0.000    0.926    1.050)    1.400
   4.551   (   0.000   -0.910    0.507)    1.042
   4.883   (   0.000   -0.465   -3.505)    3.535
   5.386   (  -0.000    0.028    3.037)    3.038
   5.825   (  -0.000    0.254   -3.288)    3.298
   8.020   (  -0.000    1.308    1.842)    2.259
   8.274   (   0.000   -1.566   -1.636)    2.264
======================= Grid point 268 (93/186) =======================
q-point: ( 0.50 -0.50  0.20)
Mass variance parameters: 1.64e-04 1.64e-04 1.64e-04 1.64e-04 0.00e+00 0.00e+00 0.00e+00 0.00e+00 3.39e-05 3.39e-05 
Number of triplets: 160
Frequency     group velocity (x, y, z)     |gv|
   0.757   (  -0.000    0.000   -1.336)    1.336
   0.812   (   0.000   -0.000   -1.332)    1.332
   0.967   (   0.000   -0.000    7.544)    7.544
   1.051   (  -0.000    0.000   -7.738)    7.738
   1.246   (  -0.000    0.000    0.325)    0.325
   1.264   (   0.000   -0.000   -1.821)    1.821
   1.700   (   0.000   -0.000   -5.017)    5.017
   1.759   (  -0.000    0.000    6.102)    6.102
   2.100   (   0.000   -0.000    3.159)    3.159
   2.183   (   0.000   -0.000   -3.834)    3.834
   2.583   (  -0.000   -0.000   -3.146)    3.146
   2.592   (  -0.000    0.000    6.891)    6.891
   2.715   (  -0.000    0.000   -9.958)    9.958
   2.715   (   0.000   -0.000   -5.044)    5.044
   3.009   (  -0.000    0.000    0.563)    0.563
   3.170   (   0.000   -0.000    4.011)    4.011
   3.392   (  -0.000    0.000    0.740)    0.740
   3.584   (   0.000   -0.000   -4.355)    4.355
   3.792   (  -0.000    0.000    3.624)    3.624
   3.859   (  -0.000    0.000   -0.400)    0.400
   3.869   (   0.000   -0.000   -0.915)    0.915
   3.924   (   0.000    0.000   -0.049)    0.049
   4.163   (   0.000   -0.000    9.607)    9.607
   4.506   (   0.000   -0.000    1.664)    1.664
   4.543   (  -0.000    0.000   -0.274)    0.274
   4.879   (   0.000   -0.000   -3.384)    3.384
   5.386   (  -0.000    0.000    3.092)    3.092
   5.827   (  -0.000    0.000   -3.279)    3.279
   8.030   (  -0.000    0.000    1.690)    1.690
   8.262   (   0.000   -0.000   -1.483)    1.483
======================= Grid point 315 (94/186) =======================
q-point: ( 0.00  0.00  0.30)
Mass variance parameters: 1.64e-04 1.64e-04 1.64e-04 1.64e-04 0.00e+00 0.00e+00 0.00e+00 0.00e+00 3.39e-05 3.39e-05 
Number of triplets: 155
Frequency     group velocity (x, y, z)     |gv|
   0.416   (   0.000    0.000    7.743)    7.743
   0.724   (   0.000    0.000   -1.966)    1.966
   0.813   (   0.000    0.000   15.269)   15.269
   1.227   (   0.000    0.000   19.373)   19.373
   1.342   (   0.000    0.000    0.368)    0.368
   1.455   (   0.000    0.000   -3.319)    3.319
   1.622   (   0.000    0.000   -3.944)    3.944
   1.912   (   0.000    0.000    3.084)    3.084
   2.210   (   0.000    0.000   -6.816)    6.816
   2.355   (   0.000    0.000    2.564)    2.564
   2.363   (   0.000    0.000   -9.266)    9.266
   2.530   (   0.000    0.000   -1.560)    1.560
   2.718   (   0.000    0.000    1.738)    1.738
   2.947   (   0.000    0.000   -3.010)    3.010
   2.976   (   0.000    0.000    1.382)    1.382
   2.982   (   0.000    0.000    1.173)    1.173
   3.203   (   0.000    0.000    0.522)    0.522
   3.404   (   0.000    0.000   -4.616)    4.616
   3.763   (   0.000    0.000    0.925)    0.925
   3.916   (   0.000    0.000    1.169)    1.169
   3.931   (   0.000    0.000    1.168)    1.168
   3.961   (   0.000    0.000   -4.741)    4.741
   4.285   (   0.000    0.000    8.459)    8.459
   4.536   (   0.000    0.000    2.936)    2.936
   4.592   (   0.000    0.000    1.911)    1.911
   4.823   (   0.000    0.000   -6.451)    6.451
   5.434   (   0.000    0.000    3.638)    3.638
   5.743   (   0.000    0.000   -4.549)    4.549
   8.010   (   0.000    0.000    4.013)    4.013
   8.305   (   0.000    0.000   -3.800)    3.800
======================= Grid point 316 (95/186) =======================
q-point: ( 0.10  0.00  0.30)
Mass variance parameters: 1.64e-04 1.64e-04 1.64e-04 1.64e-04 0.00e+00 0.00e+00 0.00e+00 0.00e+00 3.39e-05 3.39e-05 
Number of triplets: 500
Frequency     group velocity (x, y, z)     |gv|
   0.511   (   9.282   -1.733    4.797)   10.591
   0.726   (   0.236   -0.178   -0.913)    0.960
   0.839   (   4.423    2.586   13.572)   14.507
   1.233   (  -0.383   -2.174   18.012)   18.146
   1.357   (   1.651    0.547    0.931)    1.973
   1.480   (   3.863    1.172   -3.256)    5.186
   1.624   (   0.370    0.271   -3.760)    3.788
   1.905   (  -0.666    0.494    3.107)    3.215
   2.168   (  -4.468    0.341   -3.939)    5.966
   2.330   (  -1.404    0.800   -7.260)    7.438
   2.381   (   1.286    1.256   -2.738)    3.276
   2.464   (  -6.670   -1.523   -1.222)    6.950
   2.721   (   0.421    0.784    1.963)    2.155
   2.938   (   0.023    1.834   -3.071)    3.577
   2.995   (   1.491   -0.003    1.985)    2.483
   3.059   (   6.701   -2.041    0.044)    7.005
   3.185   (  -2.014   -1.233    1.587)    2.845
   3.412   (   0.556   -1.240   -4.432)    4.636
   3.776   (   1.021   -0.791    0.606)    1.427
   3.893   (  -2.418    1.230    0.777)    2.822
   3.920   (  -0.721    0.255    0.378)    0.853
   3.963   (  -0.110   -0.420   -3.882)    3.906
   4.297   (   1.440   -0.361    8.528)    8.656
   4.541   (   0.838    0.960    2.850)    3.122
   4.589   (  -0.470   -0.288    1.850)    1.931
   4.834   (   1.485    0.046   -6.218)    6.394
   5.432   (  -0.263   -0.076    3.694)    3.704
   5.743   (  -0.090   -0.148   -4.545)    4.549
   8.007   (  -0.490   -0.267    3.891)    3.931
   8.293   (  -1.339    0.394   -3.679)    3.935
======================= Grid point 317 (96/186) =======================
q-point: ( 0.20  0.00  0.30)
Mass variance parameters: 1.64e-04 1.64e-04 1.64e-04 1.64e-04 0.00e+00 0.00e+00 0.00e+00 0.00e+00 3.39e-05 3.39e-05 
Number of triplets: 500
Frequency     group velocity (x, y, z)     |gv|
   0.657   (   7.753   -0.042    1.951)    7.995
   0.735   (   0.722   -0.442   -0.373)    0.925
   0.906   (   6.923    3.888   11.007)   13.572
   1.235   (  -1.528   -1.753   14.213)   14.402
   1.356   (  -2.361    0.071    2.520)    3.454
   1.550   (   5.594    1.386   -3.807)    6.907
   1.630   (   0.895    0.341   -3.108)    3.252
   1.887   (  -0.416    1.336    3.193)    3.486
   2.112   (  -0.705    1.773   -2.346)    3.024
   2.296   (  -2.057    1.073   -8.294)    8.612
   2.368   (  -1.430   -0.536   -1.257)    1.978
   2.430   (   0.326   -2.623   -3.251)    4.189
   2.722   (   0.586    0.661    2.154)    2.328
   2.918   (  -1.200    0.951   -2.803)    3.194
   3.004   (  -1.058   -0.199    2.400)    2.631
   3.076   (  -5.415   -0.707   -0.295)    5.469
   3.254   (   8.369   -2.237    2.025)    8.896
   3.439   (   1.656   -1.456   -3.317)    3.984
   3.778   (  -2.379    0.408    0.417)    2.450
   3.851   (  -0.036    1.807    0.026)    1.808
   3.914   (   0.130   -0.036   -0.230)    0.266
   3.959   (  -1.150   -1.446   -3.328)    3.807
   4.334   (   2.598   -0.907    8.160)    8.612
   4.540   (   0.072    2.136    2.660)    3.412
   4.585   (  -0.340   -0.603    1.881)    2.005
   4.867   (   2.609    0.007   -5.681)    6.251
   5.427   (  -0.478   -0.099    3.855)    3.886
   5.742   (  -0.152   -0.237   -4.539)    4.548
   8.000   (  -0.787   -0.458    3.565)    3.680
   8.261   (  -2.217    0.665   -3.350)    4.072
======================= Grid point 318 (97/186) =======================
q-point: ( 0.30  0.00  0.30)
Mass variance parameters: 1.64e-04 1.64e-04 1.64e-04 1.64e-04 0.00e+00 0.00e+00 0.00e+00 0.00e+00 3.39e-05 3.39e-05 
Number of triplets: 500
Frequency     group velocity (x, y, z)     |gv|
   0.743   (   3.655    0.793    0.993)    3.870
   0.753   (   1.860    0.120   -0.768)    2.016
   0.987   (   7.181    4.667    8.650)   12.172
   1.190   (  -4.756    2.016    8.692)   10.111
   1.288   (  -6.773   -2.847    5.204)    9.003
   1.597   (   1.330    1.197   -5.072)    5.379
   1.647   (   0.652   -0.954   -2.003)    2.313
   1.897   (   3.691    2.013    3.602)    5.536
   2.127   (   3.857    3.236   -3.306)    6.023
   2.280   (   1.239   -0.119   -5.701)    5.835
   2.383   (   2.790   -1.112   -2.081)    3.654
   2.472   (   2.154   -3.092   -3.873)    5.403
   2.735   (   1.673    0.496    2.271)    2.864
   2.887   (  -2.407    0.743   -2.188)    3.337
   2.959   (  -6.042   -1.827    1.209)    6.427
   2.971   (  -7.827   -1.218    0.837)    7.965
   3.387   (   6.625   -0.035    1.131)    6.721
   3.481   (   2.643   -1.533   -1.011)    3.219
   3.715   (  -3.423    1.801    0.990)    3.993
   3.859   (   1.581    1.420   -1.195)    2.438
   3.924   (   0.847   -0.395   -0.929)    1.318
   3.950   (  -1.488   -1.985   -2.440)    3.480
   4.382   (   2.395   -1.347    6.973)    7.495
   4.515   (  -1.044    2.326    2.364)    3.477
   4.587   (   0.129   -0.136    2.496)    2.503
   4.910   (   2.751   -0.077   -5.200)    5.883
   5.419   (  -0.545   -0.068    4.084)    4.121
   5.741   (  -0.159   -0.234   -4.537)    4.546
   7.991   (  -0.771   -0.502    3.144)    3.276
   8.220   (  -2.292    0.709   -2.918)    3.778
======================= Grid point 319 (98/186) =======================
q-point: ( 0.40  0.00  0.30)
Mass variance parameters: 1.64e-04 1.64e-04 1.64e-04 1.64e-04 0.00e+00 0.00e+00 0.00e+00 0.00e+00 3.39e-05 3.39e-05 
Number of triplets: 500
Frequency     group velocity (x, y, z)     |gv|
   0.762   (   0.344   -0.299   -0.529)    0.698
   0.797   (   3.137    1.043   -0.531)    3.348
   1.055   (   5.885    7.318    5.024)   10.650
   1.084   (  -5.396    0.150    6.681)    8.589
   1.207   (  -6.704   -4.014    7.337)   10.719
   1.592   (  -0.554    0.647   -4.419)    4.500
   1.657   (  -0.149   -1.029   -1.989)    2.245
   1.952   (   3.633    0.980    3.527)    5.157
   2.150   (   1.516    2.240   -5.346)    5.991
   2.338   (   5.142    0.012   -4.099)    6.576
   2.459   (   5.969    0.306   -1.440)    6.148
   2.540   (   4.508   -2.384   -3.653)    6.273
   2.751   (  -0.379    3.531    1.391)    3.814
   2.818   (  -7.375   -5.703    1.221)    9.402
   2.842   (  -6.503    0.592   -1.220)    6.643
   2.907   (  -2.901   -1.248   -0.544)    3.205
   3.439   (   1.519    1.386    2.166)    2.987
   3.539   (   2.750   -1.257    0.088)    3.025
   3.668   (  -1.197    0.958    1.583)    2.204
   3.872   (   1.283    1.150   -2.281)    2.859
   3.940   (   0.592   -0.472   -1.283)    1.489
   3.943   (  -0.958   -1.336   -1.513)    2.234
   4.420   (   1.170   -1.492    5.320)    5.648
   4.483   (  -0.992    1.980    2.247)    3.155
   4.590   (   0.249    0.162    3.516)    3.529
   4.946   (   1.748   -0.096   -4.952)    5.253
   5.412   (  -0.373   -0.025    4.302)    4.318
   5.741   (  -0.102   -0.144   -4.539)    4.543
   7.984   (  -0.462   -0.340    2.785)    2.843
   8.186   (  -1.463    0.469   -2.543)    2.971
======================= Grid point 320 (99/186) =======================
q-point: (-0.50  0.00  0.30)
Mass variance parameters: 1.64e-04 1.64e-04 1.64e-04 1.64e-04 0.00e+00 0.00e+00 0.00e+00 0.00e+00 3.39e-05 3.39e-05 
Number of triplets: 260
Frequency     group velocity (x, y, z)     |gv|
   0.765   (  -0.000    0.000   -0.626)    0.626
   0.822   (   0.000    0.000   -1.580)    1.580
   1.015   (  -0.000   -0.000    5.940)    5.940
   1.107   (   0.000    0.000   -0.382)    0.382
   1.154   (  -0.000   -0.000   12.926)   12.926
   1.584   (   0.000    0.000   -3.900)    3.900
   1.659   (   0.000    0.000   -2.156)    2.156
   1.977   (  -0.000   -0.000    3.159)    3.159
   2.153   (  -0.000   -0.000   -5.593)    5.593
   2.386   (   0.000    0.000   -4.624)    4.624
   2.528   (  -0.000   -0.000   -0.577)    0.577
   2.611   (  -0.000    0.000   -2.688)    2.688
   2.684   (  -0.000   -0.000    0.494)    0.494
   2.746   (   0.000    0.000    0.221)    0.221
   2.825   (  -0.000   -0.000   -0.451)    0.451
   2.887   (   0.000    0.000   -0.977)    0.977
   3.442   (  -0.000   -0.000    3.425)    3.425
   3.564   (   0.000    0.000   -0.124)    0.124
   3.659   (  -0.000   -0.000    1.935)    1.935
   3.879   (   0.000    0.000   -2.697)    2.697
   3.939   (  -0.000   -0.000   -0.963)    0.963
   3.947   (  -0.000   -0.000   -1.574)    1.574
   4.436   (  -0.000    0.000    4.517)    4.517
   4.465   (  -0.000   -0.000    2.185)    2.185
   4.591   (   0.000   -0.000    4.089)    4.089
   4.960   (  -0.000    0.000   -4.889)    4.889
   5.409   (  -0.000   -0.000    4.395)    4.395
   5.740   (   0.000   -0.000   -4.541)    4.541
   7.981   (  -0.000    0.000    2.641)    2.641
   8.172   (   0.000   -0.000   -2.392)    2.392
======================= Grid point 327 (100/186) =======================
q-point: ( 0.10  0.10  0.30)
Mass variance parameters: 1.64e-04 1.64e-04 1.64e-04 1.64e-04 0.00e+00 0.00e+00 0.00e+00 0.00e+00 3.39e-05 3.39e-05 
Number of triplets: 275
Frequency     group velocity (x, y, z)     |gv|
   0.655   (   8.600    0.000    1.358)    8.707
   0.732   (   0.667    0.000   -0.364)    0.760
   0.942   (   7.390    0.000   10.611)   12.931
   1.216   (  -0.853   -0.000   17.426)   17.447
   1.357   (  -3.004   -0.000    2.512)    3.916
   1.560   (   5.128    0.000   -3.841)    6.407
   1.633   (   0.638    0.000   -3.335)    3.395
   1.897   (  -0.090   -0.000    2.961)    2.962
   2.125   (  -0.233   -0.000   -2.972)    2.981
   2.306   (  -1.941   -0.000   -9.723)    9.915
   2.364   (  -3.966   -0.000    0.518)    4.000
   2.409   (   1.501    0.000   -2.950)    3.310
   2.726   (   0.210    0.000    1.706)    1.718
   2.925   (  -1.603   -0.000   -2.544)    3.007
   3.005   (  -1.167   -0.000    2.532)    2.788
   3.072   (  -5.820   -0.000   -0.160)    5.822
   3.237   (   9.583    0.000    1.726)    9.737
   3.428   (   2.039    0.000   -3.517)    4.065
   3.779   (  -1.334   -0.000    0.464)    1.413
   3.868   (  -0.598   -0.000    0.589)    0.839
   3.913   (  -0.092   -0.000   -0.668)    0.675
   3.948   (  -1.376   -0.000   -3.923)    4.158
   4.327   (   2.530    0.000    8.221)    8.602
   4.561   (   1.074    0.000    2.883)    3.076
   4.574   (  -1.286   -0.000    1.858)    2.260
   4.867   (   2.581    0.000   -5.756)    6.308
   5.426   (  -0.454   -0.000    3.799)    3.826
   5.740   (  -0.126   -0.000   -4.551)    4.553
   7.996   (  -0.748   -0.000    3.670)    3.745
   8.265   (  -2.278   -0.000   -3.457)    4.140
======================= Grid point 328 (101/186) =======================
q-point: ( 0.20  0.10  0.30)
Mass variance parameters: 1.64e-04 1.64e-04 1.64e-04 1.64e-04 0.00e+00 0.00e+00 0.00e+00 0.00e+00 3.39e-05 3.39e-05 
Number of triplets: 500
Frequency     group velocity (x, y, z)     |gv|
   0.744   (   0.945   -0.088   -0.177)    0.965
   0.755   (   4.377    0.001   -0.468)    4.402
   1.052   (   8.157    3.573    8.399)   12.241
   1.199   (  -2.202   -0.516   13.367)   13.557
   1.257   (  -9.527   -1.155    4.606)   10.645
   1.604   (  -0.019   -0.036   -4.660)    4.660
   1.642   (   0.754    0.030   -2.992)    3.086
   1.921   (   3.522    1.029    3.680)    5.197
   2.164   (   4.410    1.640   -4.283)    6.363
   2.279   (  -0.133    0.043   -8.123)    8.125
   2.365   (   3.822   -1.078    0.527)    4.006
   2.440   (   2.190   -1.233   -3.043)    3.946
   2.734   (   0.786   -0.264    1.528)    1.738
   2.898   (  -1.952    0.559   -1.750)    2.680
   2.948   (  -7.300    0.122    1.219)    7.402
   2.957   (  -7.123   -0.896    1.209)    7.280
   3.384   (   8.449   -0.137    0.661)    8.476
   3.464   (   2.019   -0.703   -1.488)    2.605
   3.730   (  -3.753    0.513    1.051)    3.931
   3.880   (   1.931    1.306   -0.452)    2.375
   3.919   (   0.272   -0.711   -1.566)    1.741
   3.929   (  -0.972   -0.707   -3.082)    3.307
   4.369   (   2.437   -0.499    7.110)    7.532
   4.543   (  -1.485    1.582    2.013)    2.960
   4.578   (   0.355   -0.832    3.014)    3.147
   4.909   (   2.739   -0.009   -5.238)    5.912
   5.419   (  -0.505   -0.025    3.997)    4.029
   5.739   (  -0.093   -0.090   -4.551)    4.553
   7.986   (  -0.656   -0.180    3.297)    3.367
   8.227   (  -2.465    0.259   -3.076)    3.950
======================= Grid point 329 (102/186) =======================
q-point: ( 0.30  0.10  0.30)
Mass variance parameters: 1.64e-04 1.64e-04 1.64e-04 1.64e-04 0.00e+00 0.00e+00 0.00e+00 0.00e+00 3.39e-05 3.39e-05 
Number of triplets: 500
Frequency     group velocity (x, y, z)     |gv|
   0.757   (   0.456   -0.307   -0.317)    0.634
   0.802   (   1.983   -0.064   -1.163)    2.300
   1.076   (  -9.474   -0.878    4.996)   10.746
   1.149   (   5.632    4.721    9.301)   11.854
   1.173   (  -3.290   -0.322    6.999)    7.741
   1.582   (  -2.327   -1.485   -4.084)    4.929
   1.657   (   1.292    0.604   -2.831)    3.170
   1.966   (   2.672    0.979    4.556)    5.371
   2.172   (  -1.463    0.905   -7.501)    7.696
   2.341   (   6.477    0.391   -4.640)    7.977
   2.466   (   6.712    0.761   -0.686)    6.790
   2.509   (   6.719   -2.004   -2.560)    7.465
   2.743   (  -4.579   -3.786    2.015)    6.274
   2.801   (  -4.478    2.642    1.082)    5.311
   2.844   (  -6.704   -0.304   -0.447)    6.726
   2.897   (  -1.411   -0.448   -1.059)    1.820
   3.457   (   0.967    1.280    1.000)    1.890
   3.514   (   3.154   -2.178   -0.059)    3.834
   3.679   (  -2.004    0.591    1.750)    2.725
   3.889   (   0.180    1.010   -2.652)    2.844
   3.927   (   0.721   -0.744   -1.067)    1.488
   3.938   (   1.064    0.008   -1.512)    1.849
   4.403   (   1.393   -0.838    5.378)    5.618
   4.509   (  -1.438    1.641    1.972)    2.941
   4.586   (  -0.061   -0.590    3.845)    3.890
   4.945   (   1.809   -0.018   -4.929)    5.251
   5.412   (  -0.341   -0.012    4.231)    4.244
   5.739   (   0.003   -0.089   -4.549)    4.549
   7.980   (  -0.237   -0.199    2.903)    2.920
   8.191   (  -1.781    0.278   -2.666)    3.218
======================= Grid point 330 (103/186) =======================
q-point: ( 0.40  0.10  0.30)
Mass variance parameters: 1.64e-04 1.64e-04 1.64e-04 1.64e-04 0.00e+00 0.00e+00 0.00e+00 0.00e+00 3.39e-05 3.39e-05 
Number of triplets: 500
Frequency     group velocity (x, y, z)     |gv|
   0.761   (  -0.370   -0.602   -0.486)    0.857
   0.819   (  -0.655   -0.406   -1.303)    1.514
   0.959   (  -6.408   -5.194    4.913)    9.601
   1.114   (  -3.381    0.377    6.812)    7.614
   1.216   (   6.905    6.531    6.058)   11.271
   1.567   (  -1.296   -2.080   -3.911)    4.615
   1.671   (   1.428    1.324   -2.213)    2.948
   1.980   (  -0.416    0.411    3.956)    3.999
   2.140   (  -2.621   -1.578   -6.152)    6.871
   2.399   (   0.866    1.850   -4.724)    5.147
   2.525   (  -1.332   -0.132   -0.301)    1.372
   2.622   (  -0.035   -0.530   -1.019)    1.150
   2.649   (   0.086   -2.237   -0.614)    2.321
   2.749   (  -0.216   -0.092   -1.346)    1.366
   2.841   (   4.980    1.827    0.293)    5.312
   2.890   (   0.587    0.305   -0.616)    0.904
   3.440   (  -1.841   -0.205    3.096)    3.608
   3.551   (  -0.092   -1.644   -0.345)    1.682
   3.662   (  -0.224    0.358    2.175)    2.215
   3.879   (  -0.999   -0.077   -2.976)    3.140
   3.946   (   1.538    0.777   -0.682)    1.853
   3.951   (   0.716    0.502   -1.253)    1.528
   4.426   (   0.864   -0.980    3.882)    4.096
   4.479   (  -0.995    1.527    2.308)    2.941
   4.585   (  -0.673   -0.853    4.381)    4.514
   4.961   (   0.131    0.050   -4.846)    4.848
   5.409   (   0.021    0.008    4.393)    4.393
   5.740   (   0.129    0.000   -4.541)    4.543
   7.981   (   0.320    0.001    2.640)    2.659
   8.172   (  -0.436   -0.001   -2.391)    2.430
======================= Grid point 331 (104/186) =======================
q-point: (-0.50  0.10  0.30)
Mass variance parameters: 1.64e-04 1.64e-04 1.64e-04 1.64e-04 0.00e+00 0.00e+00 0.00e+00 0.00e+00 3.39e-05 3.39e-05 
Number of triplets: 500
Frequency     group velocity (x, y, z)     |gv|
   0.754   (  -1.984   -2.156    0.097)    2.931
   0.782   (  -3.057   -0.113    0.982)    3.213
   0.956   (  -1.641   -6.609    1.726)    7.025
   1.082   (   0.514   -0.067    7.477)    7.495
   1.274   (   6.033    5.232    5.070)    9.459
   1.569   (  -0.524   -2.257   -4.581)    5.134
   1.680   (   1.073    1.964   -1.490)    2.688
   1.943   (  -4.336   -0.200    3.249)    5.421
   2.112   (  -3.354   -3.146   -4.138)    6.186
   2.342   (  -5.212    0.700   -2.138)    5.677
   2.458   (  -4.861    0.150   -3.273)    5.863
   2.567   (  -3.422    0.823   -2.696)    4.434
   2.707   (   1.876   -1.973   -0.500)    2.768
   2.825   (   4.475   -1.820   -2.644)    5.507
   2.894   (   6.508    4.518    1.204)    8.013
   2.936   (   6.088    3.152    0.192)    6.858
   3.416   (  -2.262   -1.964    3.261)    4.428
   3.543   (  -2.110   -0.847   -0.108)    2.276
   3.657   (  -0.055   -0.362    1.881)    1.917
   3.861   (  -1.519   -0.535   -2.693)    3.138
   3.949   (  -0.175    0.862   -1.155)    1.451
   3.965   (   1.788    1.625   -0.550)    2.477
   4.441   (   0.040    1.174    4.564)    4.713
   4.459   (  -0.308   -0.931    2.308)    2.508
   4.580   (  -0.806   -1.261    3.662)    3.956
   4.948   (  -1.651    0.170   -4.901)    5.174
   5.413   (   0.409    0.033    4.388)    4.407
   5.743   (   0.231    0.143   -4.528)    4.536
   7.989   (   0.775    0.367    2.627)    2.764
   8.179   (   1.033   -0.496   -2.381)    2.642
======================= Grid point 332 (105/186) =======================
q-point: (-0.40  0.10  0.30)
Mass variance parameters: 1.64e-04 1.64e-04 1.64e-04 1.64e-04 0.00e+00 0.00e+00 0.00e+00 0.00e+00 3.39e-05 3.39e-05 
Number of triplets: 500
Frequency     group velocity (x, y, z)     |gv|
   0.714   (  -4.935   -2.901    3.559)    6.740
   0.758   (  -0.539    0.586   -0.523)    0.953
   0.939   (  -4.522   -2.425    3.716)    6.335
   1.148   (   5.009   -3.708    7.216)    9.535
   1.327   (   4.167    2.660    3.872)    6.279
   1.572   (  -1.552   -2.195   -5.429)    6.058
   1.665   (  -2.021    1.424   -1.181)    2.740
   1.873   (  -3.760   -1.231    3.951)    5.592
   2.081   (  -3.233   -3.331   -2.473)    5.259
   2.283   (  -1.498    0.485   -3.317)    3.671
   2.392   (  -2.957    0.169   -3.951)    4.938
   2.518   (  -1.607    3.205   -4.575)    5.813
   2.718   (  -1.403   -1.697    1.828)    2.862
   2.873   (   1.383   -1.567   -3.064)    3.709
   2.990   (   5.110    2.065    1.612)    5.742
   3.007   (   8.218    4.638    0.707)    9.463
   3.381   (  -4.384   -0.911    1.956)    4.886
   3.501   (  -2.568    1.058   -0.591)    2.839
   3.683   (   2.350   -2.491    1.257)    3.648
   3.844   (  -1.223   -0.826   -1.949)    2.445
   3.934   (  -0.765    1.052   -0.619)    1.440
   3.978   (   1.469    1.900   -1.078)    2.633
   4.404   (  -2.491    1.854    6.572)    7.269
   4.483   (   1.023   -2.106    2.241)    3.241
   4.580   (  -0.245   -1.121    2.271)    2.544
   4.911   (  -2.769    0.191   -5.085)    5.793
   5.420   (   0.608    0.088    4.224)    4.269
   5.745   (   0.265    0.287   -4.514)    4.531
   7.999   (   0.990    0.695    2.877)    3.121
   8.208   (   1.981   -0.952   -2.644)    3.438
======================= Grid point 333 (106/186) =======================
q-point: (-0.30  0.10  0.30)
Mass variance parameters: 1.64e-04 1.64e-04 1.64e-04 1.64e-04 0.00e+00 0.00e+00 0.00e+00 0.00e+00 3.39e-05 3.39e-05 
Number of triplets: 500
Frequency     group velocity (x, y, z)     |gv|
   0.650   (  -5.348   -0.936    4.636)    7.139
   0.744   (  -0.681    0.745   -0.622)    1.185
   0.868   (  -5.855   -1.064    7.566)    9.626
   1.239   (   3.368   -1.676    9.119)    9.865
   1.355   (   0.416   -0.195    2.286)    2.332
   1.524   (  -6.677   -2.217   -3.743)    7.969
   1.625   (  -1.458   -0.453   -2.539)    2.962
   1.867   (   1.002   -1.296    3.970)    4.294
   2.081   (   1.302   -2.486   -1.269)    3.080
   2.285   (   1.414   -0.295   -7.084)    7.230
   2.372   (   0.061   -0.153   -2.210)    2.217
   2.473   (  -0.581    3.447   -4.415)    5.631
   2.707   (  -1.104   -1.424    2.549)    3.121
   2.897   (   0.010   -2.128   -3.420)    4.028
   3.016   (   0.597    1.418    2.399)    2.850
   3.095   (   5.014    2.291   -0.246)    5.518
   3.290   (  -5.795    2.667    2.473)    6.842
   3.465   (  -0.762    2.149   -2.868)    3.664
   3.756   (   4.119   -2.772    0.631)    5.005
   3.834   (  -0.610   -0.550   -0.611)    1.024
   3.916   (  -0.705    0.389   -0.079)    0.809
   3.982   (   0.499    1.576   -1.851)    2.482
   4.350   (  -2.844    1.380    8.011)    8.612
   4.510   (   0.398   -2.029    2.419)    3.182
   4.586   (   0.171   -0.542    1.510)    1.614
   4.867   (  -2.704    0.049   -5.465)    6.097
   5.429   (   0.540    0.161    4.000)    4.040
   5.746   (   0.219    0.379   -4.510)    4.531
   8.009   (   0.902    0.827    3.274)    3.495
   8.248   (   2.046   -1.162   -3.054)    3.855
======================= Grid point 334 (107/186) =======================
q-point: (-0.20  0.10  0.30)
Mass variance parameters: 1.64e-04 1.64e-04 1.64e-04 1.64e-04 0.00e+00 0.00e+00 0.00e+00 0.00e+00 3.39e-05 3.39e-05 
Number of triplets: 500
Frequency     group velocity (x, y, z)     |gv|
   0.552   (  -6.027    3.758    4.376)    8.342
   0.730   (  -0.280    0.538   -0.229)    0.649
   0.795   (  -4.496   -2.556   12.310)   13.353
   1.269   (   0.999    1.967   12.944)   13.131
   1.343   (  -2.227   -1.459    0.828)    2.788
   1.450   (  -4.345   -3.137   -2.922)    6.104
   1.618   (  -0.261   -0.464   -3.511)    3.551
   1.893   (   0.926   -1.019    3.889)    4.125
   2.154   (   5.342   -1.833   -2.472)    6.165
   2.310   (   0.169   -1.970   -6.349)    6.649
   2.370   (  -0.955    0.137   -3.760)    3.882
   2.488   (   5.005    1.490   -2.660)    5.860
   2.703   (  -1.020   -1.683    2.342)    3.059
   2.899   (  -2.405   -3.495   -3.312)    5.383
   3.001   (  -0.952    0.836    1.840)    2.234
   3.097   (  -2.723    3.125    0.061)    4.145
   3.219   (   0.538    3.583    2.081)    4.178
   3.442   (  -0.046    2.854   -4.238)    5.110
   3.795   (  -0.186    1.655    0.438)    1.722
   3.866   (   3.391   -2.467    0.260)    4.201
   3.912   (   0.091   -0.773    0.554)    0.955
   3.971   (  -0.911    0.555   -2.544)    2.759
   4.306   (  -1.683    0.876    8.627)    8.833
   4.522   (  -0.342   -1.560    2.603)    3.054
   4.592   (   0.273   -0.119    1.453)    1.483
   4.833   (  -1.560   -0.114   -5.973)    6.175
   5.434   (   0.294    0.198    3.809)    3.825
   5.746   (   0.116    0.383   -4.518)    4.536
   8.014   (   0.529    0.757    3.656)    3.771
   8.282   (   1.278   -1.091   -3.441)    3.830
======================= Grid point 335 (108/186) =======================
q-point: (-0.10  0.10  0.30)
Mass variance parameters: 1.64e-04 1.64e-04 1.64e-04 1.64e-04 0.00e+00 0.00e+00 0.00e+00 0.00e+00 3.39e-05 3.39e-05 
Number of triplets: 275
Frequency     group velocity (x, y, z)     |gv|
   0.456   (  -0.000    5.442    6.202)    8.251
   0.727   (  -0.000    0.442   -1.878)    1.930
   0.780   (   0.000   -3.726   15.768)   16.203
   1.256   (  -0.000    3.219   16.294)   16.609
   1.332   (   0.000   -1.425    0.331)    1.463
   1.437   (   0.000   -2.457   -3.111)    3.964
   1.619   (   0.000   -0.354   -3.811)    3.828
   1.906   (   0.000   -0.714    3.537)    3.608
   2.215   (  -0.000    0.275   -6.766)    6.772
   2.326   (   0.000   -3.668    2.952)    4.709
   2.358   (   0.000   -0.271   -9.232)    9.236
   2.540   (  -0.000    0.990   -2.302)    2.506
   2.703   (   0.000   -1.890    2.045)    2.784
   2.896   (   0.000   -4.276   -2.297)    4.854
   2.987   (  -0.000    0.715    1.195)    1.393
   3.034   (  -0.000    5.192    0.535)    5.219
   3.214   (  -0.000    1.722    0.849)    1.920
   3.423   (  -0.000    2.539   -4.587)    5.243
   3.776   (  -0.000    1.826    0.847)    2.013
   3.909   (   0.000   -0.980    1.042)    1.431
   3.925   (   0.000   -0.819    0.959)    1.261
   3.958   (   0.000   -0.510   -3.953)    3.986
   4.289   (  -0.000    0.494    8.605)    8.619
   4.527   (   0.000   -1.172    2.789)    3.025
   4.594   (  -0.000    0.119    1.668)    1.672
   4.822   (   0.000   -0.135   -6.305)    6.307
   5.435   (  -0.000    0.162    3.700)    3.703
   5.745   (  -0.000    0.295   -4.533)    4.543
   8.014   (  -0.000    0.545    3.887)    3.925
   8.299   (   0.000   -0.799   -3.673)    3.759
======================= Grid point 338 (109/186) =======================
q-point: ( 0.20  0.20  0.30)
Mass variance parameters: 1.64e-04 1.64e-04 1.64e-04 1.64e-04 0.00e+00 0.00e+00 0.00e+00 0.00e+00 3.39e-05 3.39e-05 
Number of triplets: 275
Frequency     group velocity (x, y, z)     |gv|
   0.754   (   0.439    0.000   -0.253)    0.507
   0.801   (   1.699    0.000   -0.999)    1.971
   1.068   ( -12.125   -0.000    4.501)   12.934
   1.162   (  -2.717   -0.000   11.277)   11.600
   1.197   (   7.505    0.000    6.053)    9.642
   1.569   (  -2.905   -0.000   -4.210)    5.116
   1.662   (   1.544    0.000   -3.053)    3.421
   1.974   (   2.226    0.000    5.196)    5.652
   2.178   (  -3.068   -0.000   -8.691)    9.216
   2.345   (   7.447    0.000   -4.725)    8.820
   2.480   (   3.819    0.000   -1.856)    4.246
   2.486   (  11.118    0.000   -0.255)   11.121
   2.715   (  -6.148   -0.000    1.675)    6.372
   2.824   (  -3.365   -0.000    0.869)    3.476
   2.838   (  -7.120   -0.000    0.147)    7.122
   2.893   (  -0.978   -0.000   -1.147)    1.507
   3.472   (  -0.780   -0.000    0.577)    0.970
   3.491   (   4.767    0.000   -0.256)    4.774
   3.683   (  -2.200   -0.000    1.895)    2.904
   3.896   (  -1.269   -0.000   -3.621)    3.837
   3.922   (   2.436    0.000   -0.104)    2.438
   3.939   (   1.213    0.000   -1.486)    1.918
   4.397   (   1.462    0.000    5.344)    5.540
   4.522   (  -1.691   -0.000    1.520)    2.274
   4.580   (  -0.079   -0.000    4.297)    4.297
   4.945   (   1.828    0.000   -4.904)    5.234
   5.412   (  -0.328   -0.000    4.203)    4.215
   5.738   (   0.044    0.000   -4.552)    4.552
   7.979   (  -0.157   -0.000    2.947)    2.951
   8.193   (  -1.897   -0.000   -2.711)    3.309
======================= Grid point 339 (110/186) =======================
q-point: ( 0.30  0.20  0.30)
Mass variance parameters: 1.64e-04 1.64e-04 1.64e-04 1.64e-04 0.00e+00 0.00e+00 0.00e+00 0.00e+00 3.39e-05 3.39e-05 
Number of triplets: 500
Frequency     group velocity (x, y, z)     |gv|
   0.751   (  -1.421   -0.511   -0.133)    1.516
   0.815   (  -0.016   -0.103   -1.238)    1.242
   0.906   (  -8.232   -2.124    5.144)    9.936
   1.118   (  -2.775    0.149    7.694)    8.181
   1.291   (   6.032    3.373    4.117)    8.044
   1.539   (  -1.525   -1.448   -4.043)    4.557
   1.686   (   1.788    0.624   -2.260)    2.949
   1.987   (  -0.402    0.388    5.760)    5.787
   2.119   (  -4.370   -1.091   -7.555)    8.796
   2.430   (   3.001    1.899   -5.757)    6.764
   2.530   (  -3.503    1.119    0.997)    3.810
   2.568   (  -4.898   -4.253    1.985)    6.784
   2.662   (   8.294    1.289   -3.378)    9.048
   2.743   (  -2.902   -0.479   -2.472)    3.842
   2.861   (   6.671    0.774    0.742)    6.756
   2.894   (   1.223    0.256    0.011)    1.249
   3.438   (  -3.217   -0.033    2.645)    4.165
   3.529   (  -0.007   -1.069   -0.705)    1.281
   3.667   (  -0.252    0.214    2.477)    2.499
   3.878   (  -1.224   -0.025   -3.280)    3.501
   3.955   (   1.499    0.486   -0.707)    1.728
   3.957   (   1.691    0.238   -0.396)    1.753
   4.416   (   0.896   -0.385    3.482)    3.616
   4.498   (  -0.961    0.911    1.494)    1.996
   4.572   (  -1.230   -0.710    5.235)    5.424
   4.961   (   0.208    0.031   -4.777)    4.781
   5.409   (   0.034    0.005    4.390)    4.390
   5.740   (   0.208    0.000   -4.540)    4.545
   7.981   (   0.518    0.001    2.638)    2.688
   8.172   (  -0.706   -0.001   -2.389)    2.491
======================= Grid point 340 (111/186) =======================
q-point: (-0.60  0.20  0.30)
Mass variance parameters: 1.64e-04 1.64e-04 1.64e-04 1.64e-04 0.00e+00 0.00e+00 0.00e+00 0.00e+00 3.39e-05 3.39e-05 
Number of triplets: 500
Frequency     group velocity (x, y, z)     |gv|
   0.717   (  -3.737   -2.408    1.751)    4.779
   0.792   (  -1.431    1.272    0.340)    1.945
   0.877   (  -0.280   -4.797    0.928)    4.894
   1.083   (  -1.214    0.123    6.233)    6.351
   1.340   (   3.943    3.978    3.411)    6.558
   1.537   (  -0.513   -2.062   -4.683)    5.142
   1.704   (   1.115    1.304   -1.331)    2.171
   1.947   (  -4.415    0.763    4.421)    6.294
   2.068   (  -4.075   -2.966   -4.666)    6.868
   2.359   (  -6.522    1.604    1.098)    6.806
   2.460   (  -3.799   -0.046   -5.985)    7.088
   2.553   (  -1.720   -2.138   -0.084)    2.745
   2.710   (   1.723    2.048   -3.371)    4.304
   2.793   (   3.414   -2.676   -3.492)    5.568
   2.936   (   5.659    1.861    1.463)    6.134
   2.988   (   9.823    3.425   -0.115)   10.404
   3.389   (  -3.558   -1.768    3.928)    5.587
   3.523   (  -1.667   -1.599   -0.404)    2.345
   3.658   (  -0.781    0.236    2.279)    2.421
   3.857   (  -1.556   -0.096   -3.060)    3.434
   3.962   (   0.355    0.983   -0.689)    1.252
   3.983   (   1.791    0.844    0.408)    2.022
   4.435   (   1.025   -0.883    2.154)    2.544
   4.475   (  -0.992    1.981    2.999)    3.728
   4.557   (  -1.597   -1.891    4.580)    5.206
   4.950   (  -1.563    0.137   -4.801)    5.051
   5.413   (   0.437    0.024    4.455)    4.477
   5.744   (   0.334    0.088   -4.517)    4.531
   7.993   (   1.066    0.243    2.490)    2.720
   8.173   (   0.649   -0.323   -2.240)    2.354
======================= Grid point 341 (112/186) =======================
q-point: (-0.50  0.20  0.30)
Mass variance parameters: 1.64e-04 1.64e-04 1.64e-04 1.64e-04 0.00e+00 0.00e+00 0.00e+00 0.00e+00 3.39e-05 3.39e-05 
Number of triplets: 500
Frequency     group velocity (x, y, z)     |gv|
   0.682   (  -2.688   -1.311    3.638)    4.709
   0.769   (  -0.618    1.084   -0.245)    1.272
   0.905   (  -1.035   -3.032   -0.448)    3.235
   1.098   (   2.573   -3.075    6.630)    7.748
   1.359   (   1.187    1.994    2.668)    3.536
   1.542   (  -1.254   -2.055   -5.742)    6.226
   1.683   (  -3.700    0.993   -0.887)    3.932
   1.867   (  -3.508    0.343    5.062)    6.168
   2.036   (  -2.546   -3.153   -2.627)    4.830
   2.295   (  -0.801    1.197   -0.451)    1.509
   2.390   (  -4.141   -0.303   -5.287)    6.722
   2.549   (  -0.341    0.891   -4.226)    4.333
   2.704   (  -1.053    0.304   -0.319)    1.141
   2.842   (   0.753   -2.828   -3.711)    4.726
   3.020   (   5.359    2.100    1.958)    6.080
   3.083   (   7.003    5.844    0.392)    9.130
   3.359   (  -2.589   -2.282    2.911)    4.515
   3.505   (  -1.334   -0.431   -0.511)    1.492
   3.655   (   0.662   -1.415    1.807)    2.388
   3.836   (  -1.169   -0.329   -2.640)    2.906
   3.952   (  -0.469    1.538   -0.063)    1.609
   3.999   (   1.084    1.005    0.307)    1.510
   4.428   (  -2.994    1.172    5.535)    6.401
   4.463   (   1.500   -0.278    2.150)    2.636
   4.556   (  -0.359   -2.216    2.305)    3.218
   4.914   (  -2.787    0.219   -4.918)    5.657
   5.422   (   0.668    0.074    4.364)    4.415
   5.749   (   0.368    0.230   -4.491)    4.512
   8.009   (   1.264    0.644    2.578)    2.943
   8.195   (   1.614   -0.853   -2.338)    2.967
======================= Grid point 342 (113/186) =======================
q-point: (-0.40  0.20  0.30)
Mass variance parameters: 1.64e-04 1.64e-04 1.64e-04 1.64e-04 0.00e+00 0.00e+00 0.00e+00 0.00e+00 3.39e-05 3.39e-05 
Number of triplets: 500
Frequency     group velocity (x, y, z)     |gv|
   0.647   (  -1.835    1.156    5.035)    5.482
   0.755   (  -0.460    0.843   -0.637)    1.152
   0.872   (  -3.848    1.036    2.428)    4.667
   1.190   (   4.217   -5.168    5.955)    8.942
   1.349   (  -1.814   -0.667    1.541)    2.472
   1.493   (  -7.665   -2.179   -3.774)    8.817
   1.618   (  -2.045   -0.496   -2.226)    3.063
   1.857   (   1.279   -0.096    5.336)    5.488
   2.045   (   1.478   -2.643   -1.021)    3.196
   2.290   (   0.054    0.815   -6.200)    6.254
   2.363   (   0.485   -0.881   -1.587)    1.879
   2.521   (  -1.127    3.129   -5.877)    6.753
   2.688   (  -1.178   -1.072    1.959)    2.525
   2.859   (  -1.354   -3.310   -3.987)    5.356
   3.041   (  -0.076    2.046    2.836)    3.498
   3.140   (   4.256    3.930    0.052)    5.793
   3.321   (  -2.642    1.593    2.708)    4.105
   3.493   (   0.275    1.776   -2.418)    3.012
   3.710   (   4.169   -3.450    1.266)    5.558
   3.829   (  -0.053   -0.359   -1.538)    1.581
   3.928   (  -1.199    1.425    0.361)    1.897
   3.999   (  -0.373    0.807   -0.269)    0.929
   4.369   (  -3.309    1.185    7.828)    8.581
   4.488   (   1.016   -0.895    1.849)    2.292
   4.570   (   0.265   -1.619    1.147)    2.001
   4.868   (  -2.863    0.115   -5.168)    5.909
   5.431   (   0.616    0.162    4.179)    4.227
   5.752   (   0.299    0.373   -4.474)    4.500
   8.021   (   1.080    0.976    2.869)    3.217
   8.230   (   1.797   -1.312   -2.643)    3.455
======================= Grid point 343 (114/186) =======================
q-point: (-0.30  0.20  0.30)
Mass variance parameters: 1.64e-04 1.64e-04 1.64e-04 1.64e-04 0.00e+00 0.00e+00 0.00e+00 0.00e+00 3.39e-05 3.39e-05 
Number of triplets: 500
Frequency     group velocity (x, y, z)     |gv|
   0.608   (  -1.113    4.344    4.325)    6.231
   0.742   (  -0.358    1.018   -0.405)    1.152
   0.789   (  -4.574    1.915    7.567)    9.047
   1.268   (   2.066   -2.430    7.364)    8.025
   1.319   (  -3.037   -1.960    0.535)    3.654
   1.399   (  -5.356   -3.896   -2.291)    7.008
   1.612   (  -0.055   -0.447   -3.436)    3.465
   1.881   (   1.148   -0.590    5.345)    5.499
   2.119   (   5.190   -3.036   -1.334)    6.159
   2.279   (  -2.104   -2.363   -4.482)    5.486
   2.387   (   1.186    2.124   -5.102)    5.652
   2.505   (   2.588    1.201   -4.236)    5.108
   2.680   (  -1.120   -1.388    2.299)    2.910
   2.845   (  -3.694   -4.259   -3.793)    6.795
   3.017   (  -0.932    1.397    2.278)    2.831
   3.143   (  -0.377    3.461    0.509)    3.518
   3.277   (   0.103    4.510    2.210)    5.024
   3.483   (   0.420    2.852   -3.882)    4.835
   3.804   (   3.783   -1.328    0.503)    4.041
   3.839   (   1.925   -0.465    0.021)    1.981
   3.904   (  -1.005   -0.186    0.472)    1.126
   3.975   (  -2.283    0.014   -0.896)    2.453
   4.319   (  -1.989    0.942    8.826)    9.096
   4.504   (   0.237   -0.867    1.981)    2.176
   4.584   (   0.286   -0.993    0.927)    1.388
   4.832   (  -1.718   -0.128   -5.571)    5.831
   5.437   (   0.343    0.245    3.992)    4.014
   5.752   (   0.158    0.465   -4.475)    4.502
   8.027   (   0.605    1.093    3.235)    3.468
   8.264   (   1.167   -1.506   -3.018)    3.569
======================= Grid point 344 (115/186) =======================
q-point: (-0.20  0.20  0.30)
Mass variance parameters: 1.64e-04 1.64e-04 1.64e-04 1.64e-04 0.00e+00 0.00e+00 0.00e+00 0.00e+00 3.39e-05 3.39e-05 
Number of triplets: 275
Frequency     group velocity (x, y, z)     |gv|
   0.550   (  -0.000    7.597    3.188)    8.238
   0.736   (  -0.000    0.791   -1.643)    1.824
   0.742   (   0.000   -0.881   14.115)   14.143
   1.287   (  -0.000    0.621   10.278)   10.296
   1.305   (   0.000   -2.344    0.202)    2.353
   1.390   (   0.000   -4.177   -2.555)    4.896
   1.614   (   0.000   -0.290   -3.518)    3.530
   1.895   (   0.000   -0.781    4.795)    4.858
   2.204   (   0.000   -2.186   -6.590)    6.943
   2.269   (   0.000   -4.263    3.572)    5.561
   2.371   (  -0.000    2.457   -9.213)    9.535
   2.547   (   0.000   -0.142   -3.516)    3.519
   2.676   (   0.000   -1.669    2.541)    3.040
   2.836   (   0.000   -4.503   -3.065)    5.447
   3.000   (  -0.000    1.161    1.620)    1.993
   3.105   (  -0.000    4.840    0.915)    4.926
   3.253   (  -0.000    3.810    1.349)    4.042
   3.465   (  -0.000    3.281   -4.400)    5.488
   3.809   (  -0.000    2.651    0.724)    2.748
   3.890   (   0.000   -1.616    0.654)    1.743
   3.909   (   0.000   -1.425    0.457)    1.497
   3.946   (   0.000   -1.066   -1.905)    2.184
   4.298   (  -0.000    0.778    8.955)    8.989
   4.511   (   0.000   -0.972    2.260)    2.460
   4.592   (   0.000   -0.531    1.135)    1.253
   4.820   (   0.000   -0.231   -5.924)    5.929
   5.438   (  -0.000    0.262    3.860)    3.868
   5.750   (  -0.000    0.470   -4.493)    4.517
   8.025   (  -0.000    0.997    3.533)    3.671
   8.283   (   0.000   -1.409   -3.318)    3.605
======================= Grid point 349 (116/186) =======================
q-point: ( 0.30  0.30  0.30)
Mass variance parameters: 1.64e-04 1.64e-04 1.64e-04 1.64e-04 0.00e+00 0.00e+00 0.00e+00 0.00e+00 3.39e-05 3.39e-05 
Number of triplets: 275
Frequency     group velocity (x, y, z)     |gv|
   0.699   (  -3.503   -0.000    1.656)    3.874
   0.811   (  -0.520   -0.000   -1.599)    1.681
   0.832   (  -0.995   -0.000    3.094)    3.250
   1.084   (  -1.629   -0.000    5.514)    5.749
   1.371   (   2.763    0.000    2.875)    3.988
   1.521   (  -0.257   -0.000   -4.820)    4.827
   1.713   (   1.060    0.000   -1.335)    1.705
   1.956   (  -4.235   -0.000    6.230)    7.533
   2.044   (  -4.333   -0.000   -6.189)    7.555
   2.375   (  -8.162   -0.000    3.700)    8.962
   2.458   (  -2.296   -0.000   -8.443)    8.750
   2.534   (  -0.961   -0.000    0.733)    1.208
   2.740   (   0.921    0.000   -4.024)    4.128
   2.761   (   3.525    0.000   -3.860)    5.228
   2.949   (   5.797    0.000    1.687)    6.038
   3.013   (  11.233    0.000   -0.446)   11.242
   3.375   (  -4.452   -0.000    4.183)    6.109
   3.510   (  -1.553   -0.000   -0.521)    1.638
   3.660   (  -0.938   -0.000    2.408)    2.584
   3.856   (  -1.560   -0.000   -3.175)    3.537
   3.970   (   0.642    0.000   -0.470)    0.796
   3.988   (   1.627    0.000    0.843)    1.832
   4.428   (   0.867    0.000    1.930)    2.116
   4.494   (   0.004    0.000    0.952)    0.952
   4.538   (  -2.608   -0.000    6.456)    6.963
   4.951   (  -1.527   -0.000   -4.751)    4.990
   5.413   (   0.447    0.000    4.481)    4.503
   5.745   (   0.373    0.000   -4.513)    4.529
   7.995   (   1.188    0.000    2.435)    2.710
   8.171   (   0.491    0.000   -2.183)    2.237
======================= Grid point 350 (117/186) =======================
q-point: (-0.60  0.30  0.30)
Mass variance parameters: 1.64e-04 1.64e-04 1.64e-04 1.64e-04 0.00e+00 0.00e+00 0.00e+00 0.00e+00 3.39e-05 3.39e-05 
Number of triplets: 500
Frequency     group velocity (x, y, z)     |gv|
   0.678   (   0.400    0.295    1.108)    1.215
   0.791   (  -0.598    2.120   -0.682)    2.306
   0.853   (   0.996   -3.781    0.419)    3.933
   1.071   (  -0.136   -0.901    5.283)    5.362
   1.379   (  -1.002    0.801    2.185)    2.534
   1.520   (  -0.816   -0.881   -6.038)    6.156
   1.692   (  -4.788    0.326   -0.906)    4.884
   1.878   (  -3.362    0.764    6.856)    7.674
   2.000   (  -1.937   -1.694   -3.899)    4.672
   2.311   (  -0.044    0.841    2.437)    2.579
   2.386   (  -5.305   -0.221   -6.630)    8.494
   2.547   (   0.986   -0.515   -3.604)    3.772
   2.725   (  -1.379    1.990   -2.339)    3.366
   2.802   (   0.564   -2.479   -4.113)    4.835
   3.042   (   5.287    0.940    2.293)    5.839
   3.152   (   7.115    3.359   -0.707)    7.899
   3.325   (  -2.044   -1.990    4.120)    5.011
   3.495   (  -0.148   -0.621   -0.515)    0.821
   3.644   (  -0.639   -0.256    2.125)    2.234
   3.833   (  -1.270   -0.067   -2.977)    3.237
   3.972   (  -0.090    1.016    0.368)    1.084
   4.005   (   0.540   -0.018    1.240)    1.353
   4.430   (  -1.719   -0.284    3.460)    3.874
   4.483   (   0.231    2.504    2.847)    3.799
   4.521   (  -0.390   -2.758    2.830)    3.971
   4.917   (  -2.798    0.096   -4.796)    5.553
   5.422   (   0.704    0.029    4.449)    4.505
   5.751   (   0.431    0.087   -4.477)    4.499
   8.015   (   1.477    0.273    2.372)    2.807
   8.186   (   1.343   -0.352   -2.128)    2.541
======================= Grid point 351 (118/186) =======================
q-point: (-0.50  0.30  0.30)
Mass variance parameters: 1.64e-04 1.64e-04 1.64e-04 1.64e-04 0.00e+00 0.00e+00 0.00e+00 0.00e+00 3.39e-05 3.39e-05 
Number of triplets: 500
Frequency     group velocity (x, y, z)     |gv|
   0.683   (   1.394    3.227    1.224)    3.723
   0.770   (  -0.335    1.643   -0.561)    1.769
   0.881   (  -0.372   -0.136   -0.234)    0.460
   1.110   (   2.652   -5.469    5.184)    7.989
   1.340   (  -3.466   -0.495    1.229)    3.711
   1.468   (  -8.131   -1.338   -3.918)    9.125
   1.612   (  -2.611   -0.366   -2.353)    3.534
   1.863   (   1.122    0.775    7.033)    7.164
   2.011   (   1.632   -2.162   -1.837)    3.273
   2.301   (  -3.221    0.534   -5.687)    6.557
   2.355   (   3.170   -0.078   -0.150)    3.175
   2.551   (  -0.569    1.050   -6.793)    6.897
   2.687   (  -1.622    1.079    0.546)    2.023
   2.810   (  -2.228   -3.490   -4.318)    5.982
   3.067   (  -0.575    1.543    3.391)    3.770
   3.194   (   2.392    3.512    0.231)    4.256
   3.332   (   0.985    0.083    2.761)    2.933
   3.511   (   1.345    0.777   -2.124)    2.632
   3.670   (   3.551   -2.190    1.914)    4.590
   3.824   (   0.021   -0.296   -2.249)    2.269
   3.952   (  -1.227    1.800    0.842)    2.336
   4.002   (  -1.220   -0.360    0.950)    1.588
   4.380   (  -3.617    0.463    7.559)    8.393
   4.489   (   1.354    0.958    1.274)    2.092
   4.543   (   0.580   -2.259    0.954)    2.520
   4.870   (  -3.019    0.099   -4.916)    5.770
   5.433   (   0.675    0.101    4.323)    4.377
   5.756   (   0.362    0.228   -4.446)    4.467
   8.034   (   1.276    0.717    2.489)    2.887
   8.214   (   1.545   -0.925   -2.259)    2.889
======================= Grid point 352 (119/186) =======================
q-point: (-0.40  0.30  0.30)
Mass variance parameters: 1.64e-04 1.64e-04 1.64e-04 1.64e-04 0.00e+00 0.00e+00 0.00e+00 0.00e+00 3.39e-05 3.39e-05 
Number of triplets: 500
Frequency     group velocity (x, y, z)     |gv|
   0.675   (   1.552    5.138    1.517)    5.578
   0.757   (  -0.115    1.322   -0.772)    1.535
   0.838   (  -2.662    4.627    3.161)    6.203
   1.202   (   2.669   -6.643    4.084)    8.242
   1.294   (  -3.393   -1.574    0.446)    3.767
   1.349   (  -6.874   -3.142   -1.594)    7.725
   1.604   (   0.077   -0.613   -4.199)    4.244
   1.879   (   1.120    0.260    7.179)    7.270
   2.077   (   4.559   -2.836   -1.566)    5.593
   2.248   (  -4.111   -2.008   -2.762)    5.344
   2.420   (   4.657    2.394   -4.331)    6.795
   2.524   (  -0.424    1.528   -6.870)    7.051
   2.668   (  -0.770   -0.318    1.859)    2.037
   2.783   (  -4.479   -4.494   -4.006)    7.504
   3.037   (  -1.226    1.430    3.099)    3.627
   3.188   (  -0.009    2.821    1.005)    2.995
   3.337   (   1.207    3.955    1.960)    4.576
   3.515   (   0.467    1.599   -3.360)    3.750
   3.771   (   6.300   -2.621    1.158)    6.921
   3.839   (   1.513   -0.228   -0.832)    1.741
   3.913   (  -2.249    1.353    0.714)    2.720
   3.970   (  -3.335   -0.723    0.436)    3.441
   4.330   (  -2.143    0.639    9.044)    9.317
   4.501   (   0.700    0.414    1.196)    1.446
   4.565   (   0.459   -1.686    0.496)    1.816
   4.830   (  -1.917   -0.094   -5.166)    5.512
   5.440   (   0.392    0.198    4.172)    4.195
   5.758   (   0.197    0.370   -4.434)    4.454
   8.043   (   0.708    1.081    2.747)    3.036
   8.243   (   1.030   -1.417   -2.527)    3.075
======================= Grid point 353 (120/186) =======================
q-point: (-0.30  0.30  0.30)
Mass variance parameters: 1.64e-04 1.64e-04 1.64e-04 1.64e-04 0.00e+00 0.00e+00 0.00e+00 0.00e+00 3.39e-05 3.39e-05 
Number of triplets: 275
Frequency     group velocity (x, y, z)     |gv|
   0.652   (  -0.000    6.593    0.466)    6.609
   0.749   (  -0.000    1.114   -1.361)    1.759
   0.770   (  -0.000    4.911    8.953)   10.212
   1.263   (   0.000   -4.185    5.361)    6.801
   1.272   (   0.000   -2.357   -0.052)    2.358
   1.328   (   0.000   -4.510   -1.811)    4.860
   1.609   (   0.000   -0.455   -3.943)    3.970
   1.888   (   0.000   -0.152    6.611)    6.613
   2.161   (   0.000   -3.542   -6.463)    7.370
   2.215   (   0.000   -3.423    4.090)    5.334
   2.423   (  -0.000    4.746   -9.315)   10.454
   2.538   (   0.000   -0.926   -4.256)    4.356
   2.662   (   0.000   -0.410    2.536)    2.569
   2.770   (   0.000   -4.980   -3.635)    6.166
   3.018   (  -0.000    1.332    2.421)    2.764
   3.164   (  -0.000    3.652    1.296)    3.875
   3.315   (  -0.000    4.862    1.457)    5.076
   3.505   (  -0.000    2.301   -3.924)    4.549
   3.842   (  -0.000    1.880    1.032)    2.145
   3.867   (   0.000   -1.580    0.072)    1.582
   3.887   (   0.000   -1.636   -0.143)    1.643
   3.931   (   0.000   -0.996    0.260)    1.030
   4.309   (  -0.000    0.758    9.335)    9.365
   4.504   (  -0.000    0.035    1.460)    1.461
   4.579   (   0.000   -1.280    0.594)    1.411
   4.816   (   0.000   -0.246   -5.454)    5.460
   5.442   (  -0.000    0.261    4.053)    4.062
   5.757   (  -0.000    0.461   -4.446)    4.469
   8.040   (  -0.000    1.204    3.036)    3.266
   8.262   (   0.000   -1.618   -2.819)    3.251
======================= Grid point 360 (121/186) =======================
q-point: (-0.60  0.40  0.30)
Mass variance parameters: 1.64e-04 1.64e-04 1.64e-04 1.64e-04 0.00e+00 0.00e+00 0.00e+00 0.00e+00 3.39e-05 3.39e-05 
Number of triplets: 275
Frequency     group velocity (x, y, z)     |gv|
   0.709   (   2.112    0.000   -1.186)    2.423
   0.792   (  -0.481   -0.000   -1.898)    1.958
   0.872   (   3.312    0.000    0.366)    3.332
   1.067   (   0.359    0.000    5.468)    5.480
   1.337   (  -4.091   -0.000    1.191)    4.260
   1.458   (  -8.218   -0.000   -4.006)    9.142
   1.609   (  -2.874   -0.000   -2.460)    3.783
   1.870   (   0.907    0.000    8.128)    8.179
   1.994   (   1.809    0.000   -2.661)    3.218
   2.304   (  -5.147   -0.000   -5.372)    7.440
   2.357   (   4.845    0.000    0.458)    4.867
   2.556   (   0.063    0.000   -6.868)    6.868
   2.703   (  -2.113   -0.000   -0.302)    2.135
   2.779   (  -2.490   -0.000   -4.586)    5.218
   3.078   (  -0.764   -0.000    3.642)    3.721
   3.222   (   0.746    0.000    0.208)    0.775
   3.330   (   3.325    0.000    2.809)    4.353
   3.516   (   1.952    0.000   -2.025)    2.812
   3.654   (   3.050    0.000    2.190)    3.755
   3.822   (  -0.049   -0.000   -2.495)    2.495
   3.969   (  -0.955   -0.000    0.959)    1.353
   3.995   (  -1.803   -0.000    1.487)    2.337
   4.383   (  -3.585   -0.000    7.367)    8.193
   4.511   (   0.799    0.000    0.715)    1.072
   4.512   (   1.267    0.000    1.287)    1.806
   4.870   (  -3.083   -0.000   -4.818)    5.721
   5.434   (   0.697    0.000    4.378)    4.433
   5.758   (   0.386    0.000   -4.436)    4.453
   8.039   (   1.370    0.000    2.326)    2.700
   8.207   (   1.428    0.000   -2.095)    2.535
======================= Grid point 362 (122/186) =======================
q-point: (-0.50  0.40  0.30)
Mass variance parameters: 1.64e-04 1.64e-04 1.64e-04 1.64e-04 0.00e+00 0.00e+00 0.00e+00 0.00e+00 3.39e-05 3.39e-05 
Number of triplets: 500
Frequency     group velocity (x, y, z)     |gv|
   0.726   (   0.953    1.584   -1.161)    2.183
   0.781   (  -0.075    1.632   -1.570)    2.266
   0.908   (   1.882    4.775   -0.603)    5.168
   1.104   (   1.985   -6.117    5.092)    8.203
   1.277   (  -3.360   -0.661    0.288)    3.436
   1.318   (  -8.314   -1.174   -1.158)    8.476
   1.597   (   0.076   -0.318   -4.985)    4.996
   1.885   (   0.936    0.354    8.719)    8.776
   2.047   (   4.285   -1.245   -2.389)    5.061
   2.227   (  -5.060   -0.807   -1.843)    5.446
   2.445   (   6.425    0.985   -2.658)    7.023
   2.544   (  -1.064    1.022   -9.563)    9.676
   2.672   (  -1.119    0.844    1.413)    1.990
   2.728   (  -5.114   -2.999   -3.928)    7.112
   3.052   (  -1.486    0.638    3.758)    4.091
   3.216   (  -0.320    1.072    1.322)    1.731
   3.379   (   2.651    1.749    1.641)    3.575
   3.527   (   0.047    0.290   -2.864)    2.879
   3.743   (   7.084   -1.088    1.583)    7.340
   3.834   (   1.450   -0.247   -1.379)    2.016
   3.935   (  -3.067    1.654    1.020)    3.631
   3.956   (  -3.412   -1.316    1.024)    3.798
   4.336   (  -2.129    0.215    9.165)    9.411
   4.514   (   0.780    1.411    0.692)    1.754
   4.540   (   0.729   -1.834    0.261)    1.991
   4.829   (  -2.061   -0.034   -4.917)    5.331
   5.442   (   0.421    0.075    4.283)    4.304
   5.762   (   0.221    0.140   -4.410)    4.417
   8.055   (   0.795    0.487    2.393)    2.568
   8.228   (   0.921   -0.615   -2.171)    2.438
======================= Grid point 363 (123/186) =======================
q-point: (-0.40  0.40  0.30)
Mass variance parameters: 1.64e-04 1.64e-04 1.64e-04 1.64e-04 0.00e+00 0.00e+00 0.00e+00 0.00e+00 3.39e-05 3.39e-05 
Number of triplets: 275
Frequency     group velocity (x, y, z)     |gv|
   0.719   (  -0.000    2.836   -1.062)    3.029
   0.769   (  -0.000    1.815   -1.455)    2.326
   0.867   (  -0.000    8.501    2.654)    8.906
   1.178   (   0.000   -7.565    4.091)    8.600
   1.245   (   0.000   -1.284   -0.472)    1.368
   1.273   (   0.000   -3.194   -1.010)    3.350
   1.602   (   0.000   -0.537   -5.053)    5.082
   1.890   (  -0.000    0.355    8.439)    8.446
   2.117   (   0.000   -2.539   -6.732)    7.195
   2.177   (   0.000   -1.911    4.480)    4.870
   2.493   (  -0.000    5.049   -9.830)   11.051
   2.526   (   0.000   -0.729   -4.524)    4.583
   2.661   (  -0.000    0.110    1.631)    1.635
   2.701   (   0.000   -4.792   -3.214)    5.770
   3.035   (  -0.000    0.989    3.317)    3.461
   3.203   (  -0.000    1.950    1.567)    2.502
   3.378   (  -0.000    3.878    1.272)    4.081
   3.525   (  -0.000    0.514   -3.264)    3.304
   3.851   (   0.000   -0.642   -0.524)    0.829
   3.855   (  -0.000    0.047    2.644)    2.645
   3.866   (   0.000   -1.403   -0.664)    1.552
   3.925   (  -0.000    0.128    0.686)    0.698
   4.317   (  -0.000    0.461    9.604)    9.615
   4.512   (  -0.000    1.066    0.801)    1.333
   4.558   (   0.000   -1.708    0.204)    1.720
   4.813   (   0.000   -0.160   -5.075)    5.077
   5.445   (  -0.000    0.161    4.207)    4.210
   5.762   (  -0.000    0.280   -4.409)    4.418
   8.056   (  -0.000    0.915    2.559)    2.718
   8.242   (   0.000   -1.171   -2.342)    2.618
======================= Grid point 373 (124/186) =======================
q-point: ( 0.50 -0.50  0.30)
Mass variance parameters: 1.64e-04 1.64e-04 1.64e-04 1.64e-04 0.00e+00 0.00e+00 0.00e+00 0.00e+00 3.39e-05 3.39e-05 
Number of triplets: 155
Frequency     group velocity (x, y, z)     |gv|
   0.736   (  -0.000    0.000   -1.158)    1.158
   0.785   (   0.000   -0.000   -1.948)    1.948
   0.956   (   0.000   -0.000   -3.352)    3.352
   1.097   (  -0.000    0.000    7.456)    7.456
   1.238   (   0.000   -0.000   -1.197)    1.197
   1.248   (  -0.000    0.000   -0.132)    0.132
   1.598   (  -0.000    0.000   -5.584)    5.584
   1.893   (  -0.000    0.000    9.318)    9.318
   2.098   (   0.000   -0.000   -7.057)    7.057
   2.164   (  -0.000    0.000    4.637)    4.637
   2.521   (  -0.000    0.000   -4.578)    4.578
   2.539   (   0.000   -0.000  -11.265)   11.265
   2.652   (  -0.000    0.000   -2.690)    2.690
   2.667   (   0.000   -0.000    2.033)    2.033
   3.042   (   0.000   -0.000    3.718)    3.718
   3.217   (  -0.000    0.000    1.665)    1.665
   3.408   (  -0.000    0.000    1.175)    1.175
   3.526   (   0.000    0.000   -2.941)    2.941
   3.850   (   0.000   -0.000   -0.614)    0.614
   3.852   (   0.000    0.000   -1.066)    1.066
   3.853   (  -0.000   -0.000    3.696)    3.696
   3.927   (   0.000   -0.000    0.417)    0.417
   4.321   (   0.000   -0.000    9.699)    9.699
   4.527   (   0.000   -0.000    0.909)    0.909
   4.538   (  -0.000    0.000   -0.286)    0.286
   4.812   (   0.000   -0.000   -4.930)    4.930
   5.446   (  -0.000    0.000    4.266)    4.266
   5.764   (   0.000   -0.000   -4.395)    4.395
   8.063   (   0.000   -0.000    2.350)    2.350
   8.233   (  -0.000    0.000   -2.132)    2.132
======================= Grid point 420 (125/186) =======================
q-point: ( 0.00  0.00  0.40)
Mass variance parameters: 1.64e-04 1.64e-04 1.64e-04 1.64e-04 0.00e+00 0.00e+00 0.00e+00 0.00e+00 3.39e-05 3.39e-05 
Number of triplets: 186
Frequency     group velocity (x, y, z)     |gv|
   0.531   (   0.000    0.000    6.423)    6.423
   0.683   (   0.000    0.000   -3.113)    3.113
   1.045   (   0.000    0.000   13.488)   13.488
   1.350   (   0.000    0.000    0.726)    0.726
   1.376   (   0.000    0.000   -3.312)    3.312
   1.405   (   0.000    0.000   -2.739)    2.739
   1.673   (   0.000    0.000   12.714)   12.714
   1.976   (   0.000    0.000    4.856)    4.856
   2.088   (   0.000    0.000   -8.873)    8.873
   2.204   (   0.000    0.000   -9.792)    9.792
   2.402   (   0.000    0.000    3.125)    3.125
   2.498   (   0.000    0.000   -2.441)    2.441
   2.759   (   0.000    0.000    3.261)    3.261
   2.888   (   0.000    0.000   -4.062)    4.062
   2.993   (   0.000    0.000    0.710)    0.710
   2.996   (   0.000    0.000    0.509)    0.509
   3.223   (   0.000    0.000    2.023)    2.023
   3.331   (   0.000    0.000   -4.320)    4.320
   3.786   (   0.000    0.000    1.993)    1.993
   3.888   (   0.000    0.000   -4.218)    4.218
   3.932   (   0.000    0.000    0.859)    0.859
   3.943   (   0.000    0.000    0.354)    0.354
   4.428   (   0.000    0.000    9.060)    9.060
   4.580   (   0.000    0.000    2.339)    2.339
   4.613   (   0.000    0.000    0.540)    0.540
   4.707   (   0.000    0.000   -7.851)    7.851
   5.500   (   0.000    0.000    4.586)    4.586
   5.664   (   0.000    0.000   -5.161)    5.161
   8.081   (   0.000    0.000    4.715)    4.715
   8.237   (   0.000    0.000   -4.574)    4.574
======================= Grid point 421 (126/186) =======================
q-point: ( 0.10  0.00  0.40)
Mass variance parameters: 1.64e-04 1.64e-04 1.64e-04 1.64e-04 0.00e+00 0.00e+00 0.00e+00 0.00e+00 3.39e-05 3.39e-05 
Number of triplets: 500
Frequency     group velocity (x, y, z)     |gv|
   0.586   (   5.680   -1.089    4.389)    7.260
   0.697   (   1.387   -0.332   -2.366)    2.763
   1.055   (   2.215    2.037   12.756)   13.106
   1.370   (   0.222    1.064   -2.709)    2.919
   1.375   (   2.536    0.537    0.596)    2.659
   1.434   (   3.778    1.051   -2.329)    4.561
   1.671   (  -0.254   -0.132   11.983)   11.986
   1.967   (  -1.091    0.229    4.503)    4.639
   2.077   (  -1.448   -0.109   -7.759)    7.893
   2.180   (  -2.820    0.289   -9.574)    9.985
   2.380   (  -1.295    1.114    1.320)    2.159
   2.440   (  -5.639   -0.335   -1.773)    5.920
   2.764   (   0.514    0.598    3.272)    3.365
   2.883   (   0.181    1.583   -3.640)    3.973
   3.021   (   2.451   -0.100    1.290)    2.772
   3.053   (   4.522   -1.671   -0.702)    4.872
   3.221   (  -0.040   -1.525    2.840)    3.224
   3.340   (   0.857   -1.386   -4.347)    4.642
   3.794   (   0.498   -0.688    1.674)    1.877
   3.881   (  -1.006    0.661   -3.107)    3.332
   3.915   (  -1.618   -0.428    0.426)    1.727
   3.932   (  -1.075    0.372   -0.299)    1.177
   4.439   (   1.159   -0.364    8.814)    8.898
   4.584   (   0.785    0.977    2.383)    2.693
   4.607   (  -0.532   -0.062    0.244)    0.589
   4.724   (   2.039   -0.086   -7.316)    7.596
   5.500   (  -0.182   -0.138    4.631)    4.636
   5.664   (  -0.098   -0.164   -5.165)    5.168
   8.076   (  -0.692   -0.110    4.572)    4.625
   8.227   (  -1.137    0.237   -4.432)    4.581
======================= Grid point 422 (127/186) =======================
q-point: ( 0.20  0.00  0.40)
Mass variance parameters: 1.64e-04 1.64e-04 1.64e-04 1.64e-04 0.00e+00 0.00e+00 0.00e+00 0.00e+00 3.39e-05 3.39e-05 
Number of triplets: 504
Frequency     group velocity (x, y, z)     |gv|
   0.682   (   5.195   -0.658    1.380)    5.415
   0.723   (   1.466   -0.430   -1.026)    1.841
   1.085   (   4.230    4.008   10.848)   12.314
   1.351   (  -1.335    2.972   -1.521)    3.596
   1.402   (   0.361    0.183    2.353)    2.388
   1.490   (   3.789    1.343   -3.165)    5.116
   1.670   (   0.036   -0.214    9.742)    9.744
   1.943   (  -0.822    1.456    3.188)    3.600
   2.054   (  -0.713    0.370   -5.232)    5.294
   2.141   (  -1.181   -0.434   -9.435)    9.519
   2.360   (  -0.770    0.462    0.018)    0.899
   2.390   (  -0.611   -1.350   -1.860)    2.377
   2.766   (   0.352    0.320    3.122)    3.158
   2.870   (  -0.543    1.191   -3.115)    3.379
   3.036   (  -1.449   -0.257    1.594)    2.169
   3.069   (  -3.818   -0.647   -0.565)    3.913
   3.289   (   6.621   -2.518    2.402)    7.480
   3.384   (   3.347   -1.950   -3.366)    5.132
   3.792   (  -1.836    0.414    1.390)    2.340
   3.847   (  -0.831    2.123   -0.826)    2.424
   3.908   (  -0.467   -0.938   -0.587)    1.201
   3.914   (  -1.227   -1.525   -1.781)    2.647
   4.464   (   1.444   -0.718    7.652)    7.820
   4.576   (  -0.766    1.745    1.265)    2.287
   4.611   (   1.041   -0.036    1.796)    2.076
   4.766   (   3.175   -0.100   -6.610)    7.333
   5.497   (  -0.329   -0.207    4.758)    4.774
   5.663   (  -0.169   -0.260   -5.181)    5.190
   8.063   (  -1.125   -0.194    4.189)    4.342
   8.201   (  -1.876    0.397   -4.048)    4.479
======================= Grid point 423 (128/186) =======================
q-point: ( 0.30  0.00  0.40)
Mass variance parameters: 1.64e-04 1.64e-04 1.64e-04 1.64e-04 0.00e+00 0.00e+00 0.00e+00 0.00e+00 3.39e-05 3.39e-05 
Number of triplets: 500
Frequency     group velocity (x, y, z)     |gv|
   0.744   (   1.509   -0.044   -0.324)    1.544
   0.747   (   2.489   -0.193   -0.220)    2.506
   1.119   (   4.251    6.131    7.756)   10.762
   1.271   (  -5.528    4.159    1.207)    7.022
   1.381   (  -3.237   -1.397    4.395)    5.634
   1.514   (   0.548    0.677   -4.949)    5.026
   1.675   (  -0.170   -0.828    6.628)    6.682
   1.939   (   2.256    3.094   -0.361)    3.846
   2.063   (   2.042    0.278   -3.230)    3.831
   2.171   (   4.330   -1.428   -6.481)    7.924
   2.373   (   3.056    0.203    0.223)    3.071
   2.418   (   2.362   -1.754   -2.688)    3.985
   2.774   (   1.135    0.565    2.510)    2.812
   2.851   (  -0.999    1.360   -2.282)    2.838
   2.973   (  -7.961   -1.825    0.688)    8.196
   2.981   (  -7.026   -1.310    0.336)    7.155
   3.407   (   6.047   -0.980    1.497)    6.306
   3.461   (   4.490   -1.993   -1.494)    5.135
   3.742   (  -2.638    1.644    2.300)    3.867
   3.831   (   0.016    1.791   -2.399)    2.994
   3.911   (   0.294   -0.839   -0.666)    1.111
   3.918   (  -0.543   -2.329   -1.275)    2.710
   4.485   (   0.464   -0.838    5.302)    5.388
   4.546   (  -1.417    1.703    1.105)    2.476
   4.633   (   1.846    0.311    3.737)    4.179
   4.817   (   3.093   -0.105   -6.218)    6.946
   5.493   (  -0.369   -0.188    4.938)    4.956
   5.662   (  -0.183   -0.254   -5.210)    5.219
   8.046   (  -1.127   -0.218    3.692)    3.866
   8.167   (  -1.926    0.420   -3.545)    4.056
======================= Grid point 424 (129/186) =======================
q-point: ( 0.40  0.00  0.40)
Mass variance parameters: 1.64e-04 1.64e-04 1.64e-04 1.64e-04 0.00e+00 0.00e+00 0.00e+00 0.00e+00 3.39e-05 3.39e-05 
Number of triplets: 504
Frequency     group velocity (x, y, z)     |gv|
   0.756   (   0.443    0.013   -0.026)    0.444
   0.780   (   1.560    0.056   -1.262)    2.007
   1.121   (   2.185    7.347    3.502)    8.427
   1.156   (  -5.934    0.968    2.575)    6.540
   1.344   (  -2.482   -2.111    7.303)    7.997
   1.515   (   0.091    0.197   -5.006)    5.011
   1.671   (  -0.788   -0.715    4.759)    4.876
   1.947   (   0.943    2.254   -6.112)    6.583
   2.106   (   2.801   -0.398    1.969)    3.447
   2.262   (   5.051   -0.559   -5.222)    7.287
   2.448   (   6.635    0.689   -0.029)    6.671
   2.489   (   5.581   -1.560   -2.598)    6.351
   2.770   (  -2.379    3.936    1.090)    4.726
   2.809   (  -3.464    0.862   -1.427)    3.844
   2.853   (  -7.795   -3.887    1.631)    8.862
   2.896   (  -4.542   -2.282   -0.927)    5.167
   3.476   (   2.565   -0.045    2.290)    3.439
   3.533   (   2.757   -1.256   -0.914)    3.164
   3.706   (  -0.669    0.925    3.076)    3.281
   3.824   (   0.407    1.044   -3.578)    3.749
   3.922   (   0.217   -0.682   -0.755)    1.040
   3.924   (  -0.231   -1.172   -0.796)    1.435
   4.491   (  -0.299   -0.855    3.125)    3.253
   4.514   (  -1.082    1.496    1.389)    2.311
   4.658   (   1.445    0.207    5.230)    5.430
   4.857   (   1.886   -0.082   -6.049)    6.337
   5.489   (  -0.248   -0.107    5.103)    5.110
   5.661   (  -0.120   -0.154   -5.240)    5.244
   8.033   (  -0.694   -0.151    3.264)    3.340
   8.140   (  -1.220    0.276   -3.108)    3.351
======================= Grid point 425 (130/186) =======================
q-point: (-0.50  0.00  0.40)
Mass variance parameters: 1.64e-04 1.64e-04 1.64e-04 1.64e-04 0.00e+00 0.00e+00 0.00e+00 0.00e+00 3.39e-05 3.39e-05 
Number of triplets: 260
Frequency     group velocity (x, y, z)     |gv|
   0.759   (   0.000    0.000    0.039)    0.039
   0.793   (  -0.000   -0.000   -1.850)    1.850
   1.096   (  -0.000   -0.000    3.670)    3.670
   1.114   (   0.000    0.000    0.962)    0.962
   1.334   (  -0.000    0.000    8.682)    8.682
   1.515   (  -0.000   -0.000   -4.613)    4.613
   1.667   (   0.000    0.000    4.116)    4.116
   1.945   (  -0.000    0.000   -7.795)    7.795
   2.131   (   0.000   -0.000    3.611)    3.611
   2.305   (  -0.000    0.000   -5.445)    5.445
   2.525   (  -0.000   -0.000    0.323)    0.323
   2.570   (   0.000    0.000   -2.342)    2.342
   2.695   (   0.000    0.000    0.767)    0.767
   2.731   (   0.000   -0.000   -1.434)    1.434
   2.835   (  -0.000   -0.000    1.246)    1.246
   2.872   (   0.000    0.000   -0.981)    0.981
   3.495   (  -0.000   -0.000    2.967)    2.967
   3.557   (   0.000   -0.000   -0.821)    0.821
   3.701   (   0.000    0.000    3.202)    3.202
   3.825   (   0.000    0.000   -3.883)    3.883
   3.924   (  -0.000   -0.000   -0.653)    0.653
   3.928   (  -0.000    0.000   -0.829)    0.829
   4.494   (   0.000   -0.000    2.330)    2.330
   4.496   (  -0.000    0.000    1.560)    1.560
   4.669   (   0.000   -0.000    5.705)    5.705
   4.872   (  -0.000    0.000   -6.005)    6.005
   5.487   (   0.000    0.000    5.170)    5.170
   5.661   (   0.000   -0.000   -5.254)    5.254
   8.028   (  -0.000    0.000    3.092)    3.092
   8.129   (   0.000   -0.000   -2.932)    2.932
======================= Grid point 432 (131/186) =======================
q-point: ( 0.10  0.10  0.40)
Mass variance parameters: 1.64e-04 1.64e-04 1.64e-04 1.64e-04 0.00e+00 0.00e+00 0.00e+00 0.00e+00 3.39e-05 3.39e-05 
Number of triplets: 280
Frequency     group velocity (x, y, z)     |gv|
   0.677   (   5.692    0.000    1.422)    5.867
   0.720   (   1.559    0.000   -1.046)    1.878
   1.115   (   4.507    0.000   10.585)   11.505
   1.374   (  -0.286   -0.000   -0.797)    0.847
   1.401   (  -0.908   -0.000    2.841)    2.983
   1.500   (   3.324    0.000   -3.295)    4.680
   1.667   (  -0.142   -0.000   10.202)   10.203
   1.954   (  -0.010   -0.000    4.033)    4.033
   2.057   (  -0.457   -0.000   -6.397)    6.413
   2.138   (  -1.984   -0.000  -10.046)   10.240
   2.368   (  -2.514   -0.000    0.001)    2.514
   2.376   (   0.540    0.000   -1.151)    1.271
   2.767   (  -0.082   -0.000    3.156)    3.157
   2.878   (  -0.966   -0.000   -3.206)    3.348
   3.037   (  -1.504   -0.000    1.477)    2.108
   3.066   (  -3.807   -0.000   -0.519)    3.842
   3.270   (   7.477    0.000    2.402)    7.854
   3.370   (   3.678    0.000   -3.611)    5.154
   3.793   (  -0.948   -0.000    1.438)    1.723
   3.876   (  -0.703   -0.000   -3.424)    3.496
   3.881   (  -1.256   -0.000    0.962)    1.582
   3.912   (  -1.318   -0.000   -0.939)    1.618
   4.459   (   1.439    0.000    7.806)    7.938
   4.591   (  -1.401   -0.000   -0.030)    1.401
   4.608   (   1.581    0.000    2.968)    3.363
   4.766   (   3.216    0.000   -6.588)    7.331
   5.495   (  -0.298   -0.000    4.721)    4.730
   5.661   (  -0.139   -0.000   -5.188)    5.190
   8.061   (  -1.110   -0.000    4.313)    4.454
   8.203   (  -1.913   -0.000   -4.173)    4.590
======================= Grid point 433 (132/186) =======================
q-point: ( 0.20  0.10  0.40)
Mass variance parameters: 1.64e-04 1.64e-04 1.64e-04 1.64e-04 0.00e+00 0.00e+00 0.00e+00 0.00e+00 3.39e-05 3.39e-05 
Number of triplets: 500
Frequency     group velocity (x, y, z)     |gv|
   0.741   (   1.157   -0.126   -0.135)    1.172
   0.746   (   3.205   -0.039   -0.497)    3.243
   1.181   (   4.497    2.514    7.679)    9.247
   1.319   (  -6.496    2.651    3.762)    7.962
   1.359   (  -3.887   -1.677    3.418)    5.441
   1.519   (  -0.338    0.059   -5.751)    5.761
   1.667   (  -0.230   -0.333    7.814)    7.825
   1.982   (   3.901    2.463    2.871)    5.434
   2.056   (  -0.475   -0.942   -8.489)    8.555
   2.157   (   5.093   -0.525   -6.137)    7.992
   2.375   (   3.494    0.047    0.480)    3.528
   2.402   (   2.557   -0.576   -1.705)    3.127
   2.771   (   0.580   -0.505    2.853)    2.954
   2.864   (  -0.632    0.461   -2.435)    2.557
   2.963   (  -8.418    0.007    0.717)    8.449
   2.971   (  -7.150   -0.401    0.410)    7.173
   3.396   (   7.351   -0.490    0.845)    7.416
   3.438   (   4.181   -0.990   -1.666)    4.609
   3.757   (  -2.880    0.523    2.199)    3.661
   3.853   (  -0.990    1.106   -3.186)    3.515
   3.892   (   0.941   -1.213   -0.293)    1.563
   3.906   (   0.510   -0.116   -0.853)    1.001
   4.476   (   0.505   -0.380    5.797)    5.831
   4.563   (  -1.823    0.662    0.174)    1.947
   4.635   (   1.823    0.018    4.174)    4.555
   4.816   (   3.155    0.004   -6.156)    6.917
   5.491   (  -0.304   -0.071    4.881)    4.891
   5.659   (  -0.108   -0.097   -5.217)    5.219
   8.044   (  -1.080   -0.077    3.874)    4.023
   8.171   (  -2.030    0.154   -3.730)    4.249
======================= Grid point 434 (133/186) =======================
q-point: ( 0.30  0.10  0.40)
Mass variance parameters: 1.64e-04 1.64e-04 1.64e-04 1.64e-04 0.00e+00 0.00e+00 0.00e+00 0.00e+00 3.39e-05 3.39e-05 
Number of triplets: 500
Frequency     group velocity (x, y, z)     |gv|
   0.755   (   0.506   -0.092    0.175)    0.543
   0.780   (   1.377   -0.036   -1.324)    1.910
   1.148   (  -8.341   -0.402    4.256)    9.372
   1.224   (  -1.694    5.719    2.311)    6.397
   1.320   (  -0.490   -1.422    7.043)    7.202
   1.514   (  -0.200   -0.293   -4.983)    4.996
   1.665   (  -0.151   -0.267    5.521)    5.530
   1.984   (  -0.654    2.988   -7.213)    7.835
   2.088   (   2.345   -2.044    2.154)    3.783
   2.259   (   6.191    0.111   -5.478)    8.268
   2.457   (   6.164    0.521   -0.328)    6.194
   2.476   (   7.494   -0.334   -1.562)    7.663
   2.781   (  -5.409   -3.087    2.494)    6.709
   2.817   (  -2.252    2.604    0.799)    3.534
   2.837   (  -8.666    0.154   -0.329)    8.674
   2.873   (  -1.592   -0.941   -1.764)    2.556
   3.473   (   2.289   -0.072    1.033)    2.512
   3.507   (   2.913   -2.164   -0.783)    3.713
   3.719   (  -1.228    0.706    3.046)    3.359
   3.835   (  -0.605    0.384   -3.729)    3.797
   3.916   (   1.475    0.113   -0.377)    1.527
   3.921   (   1.181    0.091   -0.714)    1.383
   4.479   (  -0.451   -0.702    3.769)    3.860
   4.530   (  -1.627    0.754    0.487)    1.858
   4.660   (   1.260    0.037    5.412)    5.556
   4.857   (   1.992    0.046   -5.982)    6.305
   5.488   (  -0.162   -0.063    5.058)    5.061
   5.659   (  -0.005   -0.095   -5.243)    5.244
   8.031   (  -0.597   -0.088    3.407)    3.460
   8.143   (  -1.409    0.164   -3.253)    3.549
======================= Grid point 435 (134/186) =======================
q-point: ( 0.40  0.10  0.40)
Mass variance parameters: 1.64e-04 1.64e-04 1.64e-04 1.64e-04 0.00e+00 0.00e+00 0.00e+00 0.00e+00 3.39e-05 3.39e-05 
Number of triplets: 500
Frequency     group velocity (x, y, z)     |gv|
   0.758   (  -0.275   -0.204    0.204)    0.398
   0.792   (  -0.033   -0.157   -1.732)    1.739
   1.039   (  -6.563   -4.262    4.942)    9.255
   1.154   (  -2.480    2.230   -0.500)    3.372
   1.348   (   3.098    1.844    7.722)    8.523
   1.513   (  -0.271   -0.275   -3.228)    3.251
   1.669   (   0.821    0.295    3.489)    3.596
   1.951   (  -1.652    0.827   -8.416)    8.617
   2.120   (  -0.136   -1.431    4.536)    4.758
   2.313   (   1.004    1.046   -5.884)    6.060
   2.529   (  -0.149    0.744    0.771)    1.082
   2.584   (   3.240    1.838   -2.524)    4.500
   2.664   (  -4.643   -3.729    1.519)    6.146
   2.721   (  -2.771   -1.315   -1.921)    3.619
   2.853   (   4.677    1.882    0.930)    5.127
   2.879   (   1.875    0.949   -0.681)    2.209
   3.486   (  -0.745   -1.014    2.515)    2.813
   3.541   (  -0.147   -1.945   -0.894)    2.146
   3.706   (  -0.202    0.592    3.227)    3.287
   3.825   (  -0.767   -0.059   -3.667)    3.746
   3.932   (   1.042    0.873   -0.556)    1.469
   3.938   (   1.595    1.274   -0.656)    2.144
   4.478   (  -0.290   -1.176    2.532)    2.807
   4.507   (  -0.719    0.519    0.900)    1.264
   4.669   (  -0.222   -0.089    5.984)    5.988
   4.873   (   0.154    0.135   -5.967)    5.970
   5.487   (   0.096    0.006    5.170)    5.171
   5.661   (   0.138    0.002   -5.252)    5.254
   8.028   (   0.143   -0.000    3.092)    3.096
   8.129   (  -0.255    0.000   -2.932)    2.943
======================= Grid point 436 (135/186) =======================
q-point: (-0.50  0.10  0.40)
Mass variance parameters: 1.64e-04 1.64e-04 1.64e-04 1.64e-04 0.00e+00 0.00e+00 0.00e+00 0.00e+00 3.39e-05 3.39e-05 
Number of triplets: 500
Frequency     group velocity (x, y, z)     |gv|
   0.753   (  -0.759   -0.643    0.109)    1.001
   0.780   (  -1.498    0.024   -1.078)    1.846
   1.013   (  -2.764   -7.409    4.854)    9.278
   1.140   (   1.150   -1.585   -0.217)    1.970
   1.378   (   2.806    2.675    6.420)    7.500
   1.509   (  -0.601   -0.571   -2.889)    3.006
   1.683   (   1.324    0.922    3.001)    3.407
   1.925   (  -1.868   -0.920   -6.468)    6.795
   2.100   (  -3.582   -1.205    3.576)    5.203
   2.277   (  -4.039    1.663   -5.467)    6.997
   2.441   (  -6.694   -0.320    0.749)    6.744
   2.517   (  -4.806    2.226   -3.251)    6.214
   2.714   (   2.421   -3.873    1.173)    4.716
   2.780   (   3.378   -2.802   -2.709)    5.157
   2.914   (   6.868    4.051    1.062)    8.044
   2.935   (   6.872    3.418   -0.275)    7.681
   3.468   (  -2.660   -1.240    3.017)    4.209
   3.534   (  -2.203   -1.063   -0.971)    2.632
   3.698   (  -0.300   -0.109    3.094)    3.111
   3.811   (  -1.102   -0.677   -3.385)    3.624
   3.936   (   0.529    1.439   -0.346)    1.572
   3.951   (   1.669    2.313   -0.976)    3.014
   4.490   (   0.433   -1.748    1.845)    2.579
   4.500   (   0.210    0.342    1.943)    1.984
   4.654   (  -1.753   -0.344    5.708)    5.981
   4.859   (  -1.736    0.257   -6.046)    6.296
   5.490   (   0.352    0.113    5.157)    5.170
   5.663   (   0.259    0.155   -5.235)    5.243
   8.035   (   0.833    0.164    3.077)    3.192
   8.136   (   0.969   -0.289   -2.919)    3.089
======================= Grid point 437 (136/186) =======================
q-point: (-0.40  0.10  0.40)
Mass variance parameters: 1.64e-04 1.64e-04 1.64e-04 1.64e-04 0.00e+00 0.00e+00 0.00e+00 0.00e+00 3.39e-05 3.39e-05 
Number of triplets: 500
Frequency     group velocity (x, y, z)     |gv|
   0.739   (  -2.059   -0.749    0.322)    2.214
   0.753   (  -1.361    0.554   -0.346)    1.510
   1.025   (  -2.786   -6.869    6.777)   10.043
   1.206   (   3.757   -5.083   -0.852)    6.378
   1.398   (   1.251    1.071    4.134)    4.450
   1.500   (  -1.619   -1.298   -3.308)    3.905
   1.687   (  -0.448    0.777    4.740)    4.824
   1.906   (  -1.321   -1.582   -1.767)    2.714
   2.050   (  -2.887   -1.390    0.175)    3.209
   2.195   (  -4.008    1.921   -6.504)    7.878
   2.370   (  -2.665   -0.236    0.571)    2.735
   2.449   (  -2.202    2.532   -3.879)    5.129
   2.749   (  -0.544   -2.851    2.040)    3.547
   2.825   (   0.700   -2.428   -2.802)    3.773
   3.009   (   6.863    2.627    0.811)    7.393
   3.017   (   7.121    4.299    0.395)    8.327
   3.417   (  -4.541    0.195    2.404)    5.142
   3.485   (  -3.882    1.189   -1.411)    4.298
   3.715   (   1.776   -1.993    2.558)    3.697
   3.807   (  -0.268   -1.527   -2.585)    3.014
   3.928   (  -0.010    1.768    0.016)    1.768
   3.956   (   1.235    2.882   -1.466)    3.461
   4.495   (  -0.388    0.368    3.907)    3.943
   4.519   (   1.132   -1.871    1.925)    2.913
   4.626   (  -2.168   -0.738    4.048)    4.650
   4.820   (  -2.990    0.329   -6.219)    6.909
   5.496   (   0.472    0.235    5.029)    5.056
   5.666   (   0.300    0.311   -5.198)    5.216
   8.050   (   1.220    0.308    3.374)    3.601
   8.160   (   1.741   -0.558   -3.224)    3.706
======================= Grid point 438 (137/186) =======================
q-point: (-0.30  0.10  0.40)
Mass variance parameters: 1.64e-04 1.64e-04 1.64e-04 1.64e-04 0.00e+00 0.00e+00 0.00e+00 0.00e+00 3.39e-05 3.39e-05 
Number of triplets: 500
Frequency     group velocity (x, y, z)     |gv|
   0.693   (  -3.841    0.778    1.495)    4.195
   0.731   (  -1.217    0.705   -0.992)    1.722
   1.018   (  -3.253   -5.124   10.289)   11.946
   1.295   (   2.300   -5.140   -3.181)    6.467
   1.392   (  -2.053   -1.116    1.975)    3.059
   1.465   (  -4.772   -2.261   -2.939)    6.043
   1.669   (  -0.807   -0.394    8.486)    8.534
   1.923   (   2.098   -1.156    1.655)    2.911
   2.045   (   1.002   -0.954   -2.851)    3.169
   2.151   (   0.081    1.124   -8.126)    8.204
   2.356   (   0.236   -0.160    0.020)    0.286
   2.411   (  -0.184    1.774   -3.209)    3.672
   2.751   (  -1.003   -1.906    2.776)    3.514
   2.844   (  -0.510   -2.622   -3.143)    4.125
   3.051   (   1.264    1.927    1.957)    3.023
   3.090   (   4.069    2.509   -0.503)    4.807
   3.330   (  -4.785    2.981    2.508)    6.171
   3.418   (  -2.537    2.733   -2.893)    4.720
   3.774   (   3.389   -2.255    1.503)    4.340
   3.822   (   0.721   -1.504   -0.948)    1.918
   3.916   (  -0.125    1.038    0.151)    1.056
   3.949   (   0.414    2.720   -1.961)    3.378
   4.476   (  -1.410    0.918    7.080)    7.277
   4.548   (   0.650   -2.110    2.019)    2.991
   4.605   (  -1.090   -0.861    1.360)    1.944
   4.769   (  -3.105    0.308   -6.568)    7.272
   5.501   (   0.407    0.333    4.854)    4.882
   5.668   (   0.246    0.415   -5.162)    5.185
   8.067   (   1.170    0.358    3.844)    4.034
   8.193   (   1.772   -0.688   -3.701)    4.160
======================= Grid point 439 (138/186) =======================
q-point: (-0.20  0.10  0.40)
Mass variance parameters: 1.64e-04 1.64e-04 1.64e-04 1.64e-04 0.00e+00 0.00e+00 0.00e+00 0.00e+00 3.39e-05 3.39e-05 
Number of triplets: 500
Frequency     group velocity (x, y, z)     |gv|
   0.614   (  -4.399    2.703    3.460)    6.216
   0.706   (  -1.223    0.886   -2.117)    2.600
   1.008   (  -1.934   -4.177   12.972)   13.764
   1.342   (   0.425   -3.081   -4.711)    5.645
   1.357   (  -3.243   -1.857    0.793)    3.820
   1.407   (  -4.016   -2.778   -2.140)    5.331
   1.671   (   0.246   -0.426   10.936)   10.947
   1.962   (   1.715   -0.352    4.080)    4.440
   2.075   (   1.408   -0.703   -7.372)    7.538
   2.178   (   3.158    0.388   -8.243)    8.835
   2.359   (  -0.171   -1.529    1.444)    2.111
   2.443   (   4.534   -0.039   -2.892)    5.378
   2.747   (  -1.229   -1.855    2.990)    3.727
   2.846   (  -1.917   -3.562   -3.187)    5.150
   3.032   (  -1.564    1.537    2.003)    2.970
   3.088   (  -1.626    3.250   -1.094)    3.796
   3.259   (  -0.717    3.753    2.888)    4.790
   3.374   (  -0.591    3.235   -4.106)    5.261
   3.810   (   0.433    1.359    1.457)    2.039
   3.864   (   2.944   -1.801   -0.764)    3.535
   3.917   (   0.420   -0.649    0.107)    0.781
   3.933   (  -0.491    1.100   -1.715)    2.096
   4.448   (  -1.215    0.885    8.702)    8.831
   4.564   (  -0.301   -1.780    2.446)    3.040
   4.604   (   0.100   -0.659    0.029)    0.667
   4.726   (  -1.995    0.258   -7.174)    7.450
   5.503   (   0.218    0.357    4.706)    4.724
   5.668   (   0.129    0.425   -5.145)    5.164
   8.079   (   0.707    0.320    4.294)    4.364
   8.220   (   1.100   -0.652   -4.153)    4.346
======================= Grid point 440 (139/186) =======================
q-point: (-0.10  0.10  0.40)
Mass variance parameters: 1.64e-04 1.64e-04 1.64e-04 1.64e-04 0.00e+00 0.00e+00 0.00e+00 0.00e+00 3.39e-05 3.39e-05 
Number of triplets: 280
Frequency     group velocity (x, y, z)     |gv|
   0.552   (  -0.000    2.903    5.521)    6.237
   0.689   (  -0.000    0.739   -2.917)    3.010
   1.020   (   0.000   -3.376   13.823)   14.230
   1.340   (   0.000   -1.523    0.682)    1.668
   1.363   (   0.000   -1.924   -4.423)    4.823
   1.391   (   0.000   -1.989   -2.553)    3.236
   1.675   (  -0.000    0.052   12.169)   12.169
   1.975   (   0.000   -0.004    4.900)    4.900
   2.089   (   0.000   -0.120   -9.180)    9.181
   2.204   (  -0.000    0.247   -9.328)    9.331
   2.380   (   0.000   -2.837    3.622)    4.601
   2.496   (   0.000   -0.458   -3.177)    3.209
   2.746   (   0.000   -1.706    3.123)    3.559
   2.852   (   0.000   -4.034   -3.071)    5.070
   3.005   (  -0.000    1.515    1.111)    1.879
   3.036   (  -0.000    4.636   -0.399)    4.653
   3.239   (  -0.000    2.284    2.268)    3.219
   3.350   (  -0.000    2.633   -4.315)    5.055
   3.798   (  -0.000    1.694    1.933)    2.570
   3.894   (  -0.000    0.865   -3.796)    3.893
   3.924   (   0.000   -1.219    0.787)    1.450
   3.935   (   0.000   -1.166    0.250)    1.193
   4.432   (  -0.000    0.630    9.049)    9.071
   4.570   (   0.000   -1.265    2.445)    2.753
   4.610   (   0.000   -0.444    0.253)    0.511
   4.709   (  -0.000    0.201   -7.704)    7.707
   5.502   (  -0.000    0.282    4.626)    4.635
   5.666   (  -0.000    0.329   -5.149)    5.159
   8.083   (  -0.000    0.226    4.566)    4.571
   8.233   (   0.000   -0.480   -4.425)    4.451
======================= Grid point 443 (140/186) =======================
q-point: ( 0.20  0.20  0.40)
Mass variance parameters: 1.64e-04 1.64e-04 1.64e-04 1.64e-04 0.00e+00 0.00e+00 0.00e+00 0.00e+00 3.39e-05 3.39e-05 
Number of triplets: 282
Frequency     group velocity (x, y, z)     |gv|
   0.755   (   0.544    0.000    0.273)    0.609
   0.780   (   1.297    0.000   -1.286)    1.827
   1.144   ( -10.146   -0.000    5.006)   11.314
   1.271   (  -6.567   -0.000    0.939)    6.634
   1.305   (   4.503    0.000    7.138)    8.440
   1.510   (  -0.262   -0.000   -4.204)    4.212
   1.663   (   0.118    0.000    5.531)    5.532
   2.014   (  -3.039   -0.000  -11.374)   11.773
   2.065   (   3.845    0.000    6.019)    7.142
   2.261   (   6.673    0.000   -5.687)    8.768
   2.461   (   5.534    0.000   -0.537)    5.560
   2.475   (   8.918    0.000   -0.957)    8.969
   2.757   (  -5.732   -0.000    3.267)    6.597
   2.837   (  -3.488   -0.000    0.636)    3.545
   2.837   (  -9.267   -0.000   -0.371)    9.274
   2.867   (   0.422    0.000   -1.967)    2.012
   3.478   (   1.216    0.000    0.129)    1.222
   3.485   (   3.811    0.000   -0.426)    3.835
   3.724   (  -1.360   -0.000    3.017)    3.310
   3.837   (  -0.956   -0.000   -3.721)    3.841
   3.919   (   2.333    0.000   -0.201)    2.342
   3.922   (   1.385    0.000   -0.642)    1.527
   4.474   (  -0.503   -0.000    3.927)    3.959
   4.535   (  -1.879   -0.000    0.026)    1.880
   4.660   (   1.217    0.000    5.622)    5.752
   4.857   (   2.026    0.000   -5.940)    6.276
   5.487   (  -0.129   -0.000    5.041)    5.042
   5.659   (   0.039    0.000   -5.244)    5.244
   8.031   (  -0.563   -0.000    3.460)    3.505
   8.144   (  -1.477   -0.000   -3.307)    3.622
======================= Grid point 444 (141/186) =======================
q-point: ( 0.30  0.20  0.40)
Mass variance parameters: 1.64e-04 1.64e-04 1.64e-04 1.64e-04 0.00e+00 0.00e+00 0.00e+00 0.00e+00 3.39e-05 3.39e-05 
Number of triplets: 500
Frequency     group velocity (x, y, z)     |gv|
   0.755   (  -0.690   -0.158    0.548)    0.896
   0.790   (   0.010   -0.095   -1.564)    1.567
   0.996   (  -8.380   -1.678    6.061)   10.477
   1.171   (  -5.418    0.401   -1.681)    5.686
   1.374   (   4.286    1.302    5.668)    7.224
   1.508   (  -0.382   -0.284   -0.859)    0.982
   1.673   (   1.263    0.175    2.561)    2.861
   1.963   (  -2.963    0.652  -10.053)   10.501
   2.101   (   0.141   -0.997    6.655)    6.731
   2.327   (   1.859    0.694   -6.779)    7.063
   2.548   (   2.219    1.765    1.256)    3.102
   2.605   (  -2.909   -1.127    0.674)    3.192
   2.616   (   1.282   -0.795   -0.564)    1.610
   2.702   (  -6.212   -1.094   -2.685)    6.855
   2.873   (   5.991    0.811    0.758)    6.093
   2.892   (   3.041    0.616   -0.315)    3.118
   3.474   (  -1.487   -0.464    1.808)    2.387
   3.516   (  -0.049   -1.254   -0.939)    1.568
   3.713   (  -0.280    0.295    3.205)    3.231
   3.824   (  -0.915   -0.020   -3.432)    3.552
   3.943   (   1.564    0.577   -0.256)    1.687
   3.953   (   2.367    0.684   -0.432)    2.502
   4.466   (  -0.556   -0.503    2.657)    2.761
   4.510   (  -1.133    0.078    0.035)    1.136
   4.668   (  -0.330   -0.043    6.422)    6.431
   4.875   (   0.240    0.081   -5.908)    5.913
   5.487   (   0.156    0.004    5.169)    5.172
   5.661   (   0.224    0.001   -5.250)    5.255
   8.028   (   0.231   -0.000    3.092)    3.101
   8.129   (  -0.412    0.000   -2.932)    2.961
======================= Grid point 445 (142/186) =======================
q-point: (-0.60  0.20  0.40)
Mass variance parameters: 1.64e-04 1.64e-04 1.64e-04 1.64e-04 0.00e+00 0.00e+00 0.00e+00 0.00e+00 3.39e-05 3.39e-05 
Number of triplets: 504
Frequency     group velocity (x, y, z)     |gv|
   0.739   (  -1.679   -1.157    1.165)    2.348
   0.782   (  -0.998    0.204   -1.372)    1.708
   0.930   (  -2.973   -4.209    5.407)    7.469
   1.117   (  -1.781   -1.470   -2.506)    3.408
   1.412   (   2.153    2.072    4.919)    5.756
   1.500   (  -1.085   -0.645   -0.278)    1.292
   1.694   (   1.503    0.604    1.395)    2.138
   1.920   (  -2.222    0.070   -7.773)    8.085
   2.079   (  -3.942   -1.445    5.963)    7.292
   2.304   (  -3.445    1.944   -6.894)    7.948
   2.439   (  -7.118    0.034    2.583)    7.572
   2.540   (  -4.579    0.764   -2.034)    5.068
   2.676   (   2.931   -1.014   -0.441)    3.133
   2.738   (   2.973   -3.192   -3.256)    5.443
   2.957   (   6.689    2.213    1.117)    7.134
   2.983   (   8.945    2.890   -0.501)    9.414
   3.446   (  -2.879   -1.552    3.111)    4.514
   3.512   (  -1.671   -1.768   -1.029)    2.642
   3.701   (  -0.961    0.336    3.033)    3.199
   3.806   (  -1.382   -0.144   -3.225)    3.511
   3.958   (   1.193    1.515    0.201)    1.938
   3.980   (   2.066    1.616   -0.622)    2.696
   4.469   (   0.144   -1.216    1.959)    2.311
   4.501   (  -0.094   -0.140    0.392)    0.427
   4.650   (  -1.988   -0.215    6.615)    6.911
   4.863   (  -1.616    0.231   -5.986)    6.205
   5.492   (   0.435    0.073    5.200)    5.219
   5.665   (   0.371    0.096   -5.228)    5.242
   8.037   (   0.966    0.109    2.916)    3.074
   8.132   (   0.745   -0.187   -2.756)    2.861
======================= Grid point 446 (143/186) =======================
q-point: (-0.50  0.20  0.40)
Mass variance parameters: 1.64e-04 1.64e-04 1.64e-04 1.64e-04 0.00e+00 0.00e+00 0.00e+00 0.00e+00 3.39e-05 3.39e-05 
Number of triplets: 500
Frequency     group velocity (x, y, z)     |gv|
   0.724   (  -1.546   -1.328    1.580)    2.578
   0.762   (  -1.043    0.657   -0.861)    1.504
   0.941   (  -0.799   -5.045    5.093)    7.213
   1.138   (   1.652   -4.493   -2.466)    5.385
   1.411   (  -0.949    0.879    3.408)    3.645
   1.481   (  -2.510   -1.343   -1.673)    3.302
   1.695   (  -1.500    0.374    3.191)    3.546
   1.896   (  -0.479    0.086   -3.556)    3.589
   2.027   (  -3.021   -1.902    3.316)    4.872
   2.224   (  -4.065    2.149   -7.154)    8.504
   2.368   (  -2.305    0.069    1.961)    3.028
   2.482   (  -2.149    2.013   -4.137)    5.078
   2.709   (   0.091   -2.296    1.064)    2.532
   2.785   (   0.383   -3.321   -3.324)    4.714
   3.048   (   6.358    2.752    1.532)    7.095
   3.083   (   7.080    4.730   -0.470)    8.527
   3.410   (  -3.136   -1.198    3.190)    4.631
   3.489   (  -2.279   -0.492   -1.489)    2.766
   3.693   (   0.351   -1.006    2.849)    3.042
   3.791   (  -0.649   -0.770   -2.903)    3.073
   3.957   (   0.360    2.230    0.684)    2.360
   3.992   (   1.202    2.223   -0.957)    2.702
   4.484   (   0.287   -1.595    2.019)    2.588
   4.507   (   0.563   -0.218    1.704)    1.808
   4.615   (  -2.651   -0.669    5.510)    6.151
   4.825   (  -2.904    0.385   -6.131)    6.795
   5.499   (   0.571    0.193    5.118)    5.153
   5.670   (   0.415    0.250   -5.184)    5.207
   8.054   (   1.342    0.291    3.021)    3.318
   8.153   (   1.525   -0.495   -2.867)    3.285
======================= Grid point 447 (144/186) =======================
q-point: (-0.40  0.20  0.40)
Mass variance parameters: 1.64e-04 1.64e-04 1.64e-04 1.64e-04 0.00e+00 0.00e+00 0.00e+00 0.00e+00 3.39e-05 3.39e-05 
Number of triplets: 504
Frequency     group velocity (x, y, z)     |gv|
   0.702   (  -1.924    0.472    1.834)    2.700
   0.742   (  -0.925    0.858   -1.035)    1.632
   0.955   (  -1.434   -3.725    7.771)    8.737
   1.214   (   2.561   -6.271   -3.910)    7.821
   1.375   (  -3.644   -1.270    1.603)    4.178
   1.432   (  -5.663   -2.326   -2.774)    6.721
   1.659   (  -2.176   -1.026    7.141)    7.535
   1.914   (   2.627   -0.064   -0.575)    2.689
   2.027   (   1.003   -1.584    0.262)    1.893
   2.172   (  -0.398    1.780   -7.127)    7.356
   2.356   (   0.393    0.235    0.547)    0.714
   2.438   (  -1.553    1.936   -4.360)    5.016
   2.718   (  -1.063   -2.591    1.870)    3.368
   2.800   (  -1.521   -3.661   -3.349)    5.190
   3.086   (   1.039    2.806    2.568)    3.943
   3.137   (   3.770    3.949   -0.552)    5.488
   3.365   (  -2.419    1.879    2.771)    4.131
   3.453   (  -1.356    2.156   -2.558)    3.610
   3.737   (   3.493   -2.726    1.974)    4.851
   3.803   (   1.117   -1.379   -1.777)    2.512
   3.939   (  -0.722    2.154    0.959)    2.466
   3.984   (  -0.309    2.232   -1.398)    2.652
   4.485   (  -1.055    0.065    5.540)    5.640
   4.523   (   0.758   -1.260    2.292)    2.723
   4.589   (  -1.427   -1.379    1.972)    2.798
   4.774   (  -3.094    0.431   -6.391)    7.113
   5.505   (   0.501    0.332    4.969)    5.005
   5.674   (   0.338    0.409   -5.138)    5.166
   8.072   (   1.247    0.436    3.365)    3.615
   8.182   (   1.623   -0.767   -3.220)    3.686
======================= Grid point 448 (145/186) =======================
q-point: (-0.30  0.20  0.40)
Mass variance parameters: 1.64e-04 1.64e-04 1.64e-04 1.64e-04 0.00e+00 0.00e+00 0.00e+00 0.00e+00 3.39e-05 3.39e-05 
Number of triplets: 500
Frequency     group velocity (x, y, z)     |gv|
   0.655   (  -2.354    3.114    2.214)    4.487
   0.720   (  -0.923    1.178   -1.753)    2.305
   0.955   (  -1.262   -3.067   11.492)   11.961
   1.283   (   1.099   -5.236   -5.810)    7.898
   1.328   (  -3.779   -2.288    0.582)    4.456
   1.363   (  -4.579   -3.406   -1.862)    6.003
   1.655   (  -0.046   -1.851    9.025)    9.213
   1.959   (   2.344   -0.210    1.904)    3.027
   2.056   (   0.846   -1.706   -4.559)    4.941
   2.193   (   4.102    1.532   -5.902)    7.349
   2.345   (  -2.168   -0.224    0.385)    2.214
   2.440   (   2.850   -0.420   -3.933)    4.876
   2.716   (  -1.374   -2.475    2.061)    3.501
   2.790   (  -3.018   -4.333   -2.935)    6.041
   3.061   (  -1.044    2.591    3.093)    4.168
   3.139   (   0.145    3.829   -1.078)    3.981
   3.317   (  -0.679    4.334    2.760)    5.183
   3.422   (  -0.222    3.456   -3.671)    5.047
   3.817   (   3.693   -1.037    1.025)    3.970
   3.839   (   2.759   -1.198   -0.088)    3.009
   3.912   (  -1.215    0.301    0.603)    1.389
   3.953   (  -2.027    1.445   -1.683)    3.005
   4.461   (  -1.194    0.910    8.435)    8.568
   4.540   (   0.069   -1.565    2.340)    2.816
   4.589   (  -0.063   -1.437   -0.245)    1.459
   4.731   (  -2.012    0.358   -6.863)    7.161
   5.509   (   0.272    0.437    4.824)    4.851
   5.674   (   0.177    0.514   -5.114)    5.142
   8.085   (   0.737    0.477    3.799)    3.899
   8.209   (   1.032   -0.889   -3.658)    3.903
======================= Grid point 449 (146/186) =======================
q-point: (-0.20  0.20  0.40)
Mass variance parameters: 1.64e-04 1.64e-04 1.64e-04 1.64e-04 0.00e+00 0.00e+00 0.00e+00 0.00e+00 3.39e-05 3.39e-05 
Number of triplets: 282
Frequency     group velocity (x, y, z)     |gv|
   0.604   (  -0.000    4.419    3.425)    5.591
   0.703   (  -0.000    1.259   -2.421)    2.728
   0.967   (   0.000   -3.608   13.495)   13.969
   1.310   (   0.000   -2.569    0.539)    2.625
   1.323   (   0.000   -3.926   -6.070)    7.228
   1.352   (   0.000   -3.392   -2.055)    3.966
   1.668   (   0.000   -1.265   10.386)   10.463
   1.977   (  -0.000    0.180    4.317)    4.320
   2.076   (   0.000   -1.830   -8.537)    8.731
   2.223   (  -0.000    2.768   -8.630)    9.063
   2.334   (   0.000   -3.487    4.437)    5.643
   2.483   (   0.000   -1.368   -4.370)    4.580
   2.718   (   0.000   -2.213    2.426)    3.284
   2.791   (   0.000   -4.647   -2.497)    5.276
   3.033   (  -0.000    2.512    2.470)    3.524
   3.104   (  -0.000    4.904   -1.008)    5.006
   3.284   (  -0.000    4.076    2.554)    4.810
   3.396   (  -0.000    3.704   -4.129)    5.547
   3.829   (  -0.000    2.613    1.824)    3.187
   3.900   (   0.000   -2.069    0.584)    2.150
   3.909   (  -0.000    1.187   -2.640)    2.894
   3.912   (   0.000   -1.970   -0.028)    1.970
   4.444   (  -0.000    0.970    9.020)    9.072
   4.550   (   0.000   -1.555    2.410)    2.868
   4.599   (   0.000   -1.162   -0.264)    1.192
   4.712   (  -0.000    0.305   -7.328)    7.334
   5.508   (  -0.000    0.450    4.729)    4.751
   5.672   (  -0.000    0.522   -5.118)    5.145
   8.087   (  -0.000    0.426    4.149)    4.171
   8.224   (   0.000   -0.838   -4.009)    4.095
======================= Grid point 454 (147/186) =======================
q-point: ( 0.30  0.30  0.40)
Mass variance parameters: 1.64e-04 1.64e-04 1.64e-04 1.64e-04 0.00e+00 0.00e+00 0.00e+00 0.00e+00 3.39e-05 3.39e-05 
Number of triplets: 280
Frequency     group velocity (x, y, z)     |gv|
   0.729   (  -2.187   -0.000    1.897)    2.895
   0.783   (  -0.717   -0.000   -1.722)    1.866
   0.901   (  -2.982   -0.000    5.580)    6.327
   1.106   (  -2.743   -0.000   -3.420)    4.384
   1.428   (   1.765    0.000    4.003)    4.375
   1.495   (  -1.302   -0.000    1.023)    1.656
   1.699   (   1.508    0.000    0.794)    1.704
   1.921   (  -2.268   -0.000   -8.803)    9.090
   2.068   (  -4.035   -0.000    7.423)    8.449
   2.320   (  -3.238   -0.000   -8.345)    8.951
   2.440   (  -7.556   -0.000    4.286)    8.687
   2.541   (  -3.875   -0.000   -0.464)    3.902
   2.682   (   2.129    0.000   -2.675)    3.419
   2.704   (   3.390    0.000   -3.008)    4.532
   2.973   (   6.851    0.000    1.269)    6.968
   3.004   (   9.704    0.000   -0.711)    9.730
   3.434   (  -3.134   -0.000    3.070)    4.387
   3.497   (  -1.478   -0.000   -1.061)    1.820
   3.704   (  -1.132   -0.000    2.982)    3.190
   3.805   (  -1.447   -0.000   -3.160)    3.475
   3.970   (   1.479    0.000    0.419)    1.538
   3.991   (   2.073    0.000   -0.323)    2.098
   4.460   (   0.040    0.000    1.895)    1.895
   4.500   (  -0.235   -0.000   -0.289)    0.372
   4.649   (  -2.059   -0.000    7.057)    7.351
   4.865   (  -1.573   -0.000   -5.953)    6.158
   5.492   (   0.466    0.000    5.217)    5.237
   5.666   (   0.413    0.000   -5.225)    5.242
   8.038   (   1.022    0.000    2.852)    3.030
   8.131   (   0.654    0.000   -2.691)    2.769
======================= Grid point 455 (148/186) =======================
q-point: (-0.60  0.30  0.40)
Mass variance parameters: 1.64e-04 1.64e-04 1.64e-04 1.64e-04 0.00e+00 0.00e+00 0.00e+00 0.00e+00 3.39e-05 3.39e-05 
Number of triplets: 500
Frequency     group velocity (x, y, z)     |gv|
   0.708   (  -0.716   -0.736    2.253)    2.476
   0.770   (  -0.831    0.386   -1.681)    1.914
   0.892   (   0.338   -1.859    4.497)    4.878
   1.092   (   0.160   -1.825   -3.436)    3.894
   1.421   (  -2.393    0.481    2.749)    3.676
   1.466   (  -2.942   -0.685   -0.636)    3.087
   1.698   (  -2.224    0.089    2.421)    3.289
   1.902   (   0.031    0.441   -6.266)    6.281
   2.004   (  -3.025   -1.038    6.678)    7.404
   2.247   (  -4.532    0.990   -8.465)    9.653
   2.371   (  -1.773    0.261    3.777)    4.181
   2.499   (  -1.967    0.428   -3.107)    3.702
   2.696   (   0.107    0.252   -0.929)    0.968
   2.741   (   0.285   -2.472   -3.277)    4.114
   3.077   (   6.258    1.232    2.043)    6.698
   3.135   (   7.310    2.260   -1.424)    7.783
   3.391   (  -2.405   -1.021    3.833)    4.638
   3.479   (  -0.973   -0.631   -1.540)    1.928
   3.686   (  -0.711   -0.173    2.928)    3.018
   3.785   (  -0.996   -0.188   -3.033)    3.198
   3.983   (   0.634    1.221    1.005)    1.704
   4.013   (   0.873    0.662   -0.218)    1.118
   4.467   (   0.512   -0.669    1.718)    1.913
   4.503   (   0.500   -0.237   -0.125)    0.567
   4.609   (  -2.943   -0.211    6.979)    7.577
   4.829   (  -2.863    0.167   -6.051)    6.696
   5.501   (   0.631    0.074    5.172)    5.211
   5.672   (   0.484    0.095   -5.175)    5.198
   8.057   (   1.440    0.125    2.778)    3.132
   8.148   (   1.369   -0.203   -2.622)    2.965
======================= Grid point 456 (149/186) =======================
q-point: (-0.50  0.30  0.40)
Mass variance parameters: 1.64e-04 1.64e-04 1.64e-04 1.64e-04 0.00e+00 0.00e+00 0.00e+00 0.00e+00 3.39e-05 3.39e-05 
Number of triplets: 500
Frequency     group velocity (x, y, z)     |gv|
   0.707   (  -0.031    0.305    1.532)    1.562
   0.754   (  -0.657    0.840   -1.413)    1.770
   0.918   (   0.788   -1.717    5.032)    5.375
   1.133   (   1.978   -4.786   -3.350)    6.168
   1.361   (  -4.928   -0.697    1.231)    5.127
   1.405   (  -6.138   -1.509   -2.677)    6.864
   1.645   (  -3.470   -0.798    6.275)    7.215
   1.917   (   2.197    0.363   -4.299)    4.842
   2.006   (   1.436   -1.245    4.563)    4.943
   2.194   (  -0.970    1.135   -6.713)    6.877
   2.365   (   1.001    0.894    1.290)    1.862
   2.460   (  -2.551    1.038   -4.577)    5.342
   2.690   (  -0.966   -1.017    0.287)    1.432
   2.748   (  -2.043   -3.518   -3.322)    5.252
   3.121   (   0.848    2.080    3.133)    3.855
   3.189   (   2.679    3.180   -0.944)    4.264
   3.380   (   0.215    0.418    3.151)    3.185
   3.474   (   0.110    0.914   -2.457)    2.624
   3.706   (   2.905   -1.663    2.453)    4.150
   3.787   (   0.945   -0.840   -2.396)    2.709
   3.970   (  -0.925    2.097    1.323)    2.646
   4.006   (  -1.090    0.853   -0.395)    1.439
   4.478   (  -0.036   -0.684    3.542)    3.607
   4.515   (   0.707   -0.198    1.250)    1.449
   4.572   (  -2.019   -0.955    4.157)    4.719
   4.780   (  -3.134    0.305   -6.200)    6.954
   5.509   (   0.573    0.205    5.060)    5.096
   5.678   (   0.409    0.250   -5.119)    5.141
   8.078   (   1.335    0.329    2.918)    3.226
   8.173   (   1.476   -0.534   -2.771)    3.184
======================= Grid point 457 (150/186) =======================
q-point: (-0.40  0.30  0.40)
Mass variance parameters: 1.64e-04 1.64e-04 1.64e-04 1.64e-04 0.00e+00 0.00e+00 0.00e+00 0.00e+00 3.39e-05 3.39e-05 
Number of triplets: 500
Frequency     group velocity (x, y, z)     |gv|
   0.695   (  -0.444    2.388    0.990)    2.623
   0.737   (  -0.582    1.262   -1.536)    2.072
   0.930   (   0.004   -0.439    7.957)    7.969
   1.204   (   1.770   -5.933   -4.800)    7.834
   1.298   (  -4.127   -1.885    0.062)    4.537
   1.319   (  -5.469   -2.742   -1.729)    6.357
   1.625   (  -0.740   -2.246    7.321)    7.694
   1.953   (   1.992   -0.621   -4.156)    4.651
   2.037   (   1.082   -0.849    2.583)    2.926
   2.210   (   3.820    0.685   -2.856)    4.818
   2.358   (  -2.320    2.019   -2.032)    3.686
   2.433   (   0.925   -0.575   -4.578)    4.706
   2.684   (  -1.128   -1.975    0.552)    2.340
   2.730   (  -3.369   -4.121   -2.604)    5.925
   3.098   (  -1.005    2.458    4.042)    4.836
   3.188   (   0.398    3.093   -1.006)    3.277
   3.373   (   0.379    3.561    2.485)    4.359
   3.464   (   0.058    2.380   -3.047)    3.867
   3.790   (   5.446   -2.206    1.188)    5.995
   3.825   (   2.820   -1.167   -0.924)    3.188
   3.928   (  -2.547    1.791    1.242)    3.352
   3.968   (  -3.004    0.661   -0.670)    3.149
   4.470   (  -0.823    0.446    7.791)    7.847
   4.525   (   0.281   -0.499    1.912)    1.996
   4.566   (  -0.141   -1.730   -0.093)    1.738
   4.735   (  -2.106    0.303   -6.511)    6.850
   5.514   (   0.325    0.349    4.937)    4.960
   5.681   (   0.223    0.408   -5.083)    5.104
   8.092   (   0.782    0.489    3.224)    3.353
   8.197   (   0.951   -0.823   -3.082)    3.329
======================= Grid point 458 (151/186) =======================
q-point: (-0.30  0.30  0.40)
Mass variance parameters: 1.64e-04 1.64e-04 1.64e-04 1.64e-04 0.00e+00 0.00e+00 0.00e+00 0.00e+00 3.39e-05 3.39e-05 
Number of triplets: 280
Frequency     group velocity (x, y, z)     |gv|
   0.665   (  -0.000    4.099    1.250)    4.286
   0.722   (  -0.000    1.461   -1.874)    2.377
   0.933   (   0.000   -1.045   10.907)   10.956
   1.258   (   0.000   -5.210   -6.325)    8.194
   1.273   (   0.000   -2.725    0.297)    2.741
   1.302   (   0.000   -3.629   -1.412)    3.894
   1.639   (   0.000   -2.654    8.129)    8.551
   1.976   (   0.000   -0.610   -1.158)    1.308
   2.051   (   0.000   -1.240   -1.923)    2.288
   2.275   (  -0.000    4.394   -8.750)    9.791
   2.289   (   0.000   -2.831    5.084)    5.819
   2.462   (   0.000   -1.519   -5.156)    5.375
   2.688   (   0.000   -2.074    0.927)    2.272
   2.726   (   0.000   -4.535   -1.955)    4.938
   3.071   (  -0.000    2.730    3.847)    4.717
   3.166   (  -0.000    3.869   -1.107)    4.024
   3.346   (  -0.000    4.586    2.409)    5.181
   3.445   (  -0.000    3.151   -3.564)    4.757
   3.866   (  -0.000    2.487    1.839)    3.093
   3.870   (   0.000   -2.184    0.271)    2.200
   3.883   (   0.000   -2.199   -0.388)    2.233
   3.924   (  -0.000    0.874   -1.122)    1.423
   4.457   (  -0.000    0.919    8.981)    9.028
   4.532   (   0.000   -0.961    1.886)    2.117
   4.579   (   0.000   -1.668   -0.605)    1.774
   4.716   (  -0.000    0.281   -6.876)    6.882
   5.514   (  -0.000    0.443    4.852)    4.872
   5.680   (  -0.000    0.510   -5.082)    5.108
   8.094   (  -0.000    0.535    3.564)    3.604
   8.211   (   0.000   -0.949   -3.424)    3.553
======================= Grid point 465 (152/186) =======================
q-point: (-0.60  0.40  0.40)
Mass variance parameters: 1.64e-04 1.64e-04 1.64e-04 1.64e-04 0.00e+00 0.00e+00 0.00e+00 0.00e+00 3.39e-05 3.39e-05 
Number of triplets: 282
Frequency     group velocity (x, y, z)     |gv|
   0.709   (   0.764    0.000    1.048)    1.297
   0.761   (  -0.505   -0.000   -1.891)    1.958
   0.906   (   2.026    0.000    4.147)    4.615
   1.097   (   1.355    0.000   -2.770)    3.084
   1.356   (  -5.482   -0.000    1.101)    5.591
   1.394   (  -6.229   -0.000   -2.662)    6.774
   1.639   (  -3.993   -0.000    5.980)    7.191
   1.921   (   1.702    0.000   -6.894)    7.101
   1.997   (   1.902    0.000    7.348)    7.590
   2.202   (  -1.324   -0.000   -6.548)    6.680
   2.373   (   1.419    0.000    1.582)    2.125
   2.466   (  -2.862   -0.000   -4.296)    5.163
   2.689   (  -0.934   -0.000   -0.959)    1.339
   2.717   (  -2.272   -0.000   -3.042)    3.797
   3.137   (   0.729    0.000    3.363)    3.441
   3.213   (   1.907    0.000   -1.263)    2.287
   3.381   (   1.624    0.000    3.413)    3.780
   3.480   (   0.906    0.000   -2.456)    2.618
   3.694   (   2.477    0.000    2.651)    3.628
   3.781   (   0.757    0.000   -2.608)    2.716
   3.987   (  -0.841   -0.000    1.252)    1.508
   4.010   (  -1.598   -0.000    0.290)    1.624
   4.473   (   0.361    0.000    3.031)    3.052
   4.513   (   0.906    0.000   -0.353)    0.972
   4.565   (  -2.398   -0.000    5.842)    6.315
   4.782   (  -3.159   -0.000   -6.122)    6.889
   5.511   (   0.601    0.000    5.094)    5.129
   5.680   (   0.436    0.000   -5.112)    5.130
   8.080   (   1.379    0.000    2.727)    3.056
   8.169   (   1.409    0.000   -2.579)    2.939
======================= Grid point 467 (153/186) =======================
q-point: (-0.50  0.40  0.40)
Mass variance parameters: 1.64e-04 1.64e-04 1.64e-04 1.64e-04 0.00e+00 0.00e+00 0.00e+00 0.00e+00 3.39e-05 3.39e-05 
Number of triplets: 500
Frequency     group velocity (x, y, z)     |gv|
   0.717   (   0.404    0.816    0.119)    0.918
   0.752   (  -0.310    0.743   -1.786)    1.959
   0.936   (   1.615    0.763    4.338)    4.692
   1.135   (   1.991   -3.210   -2.635)    4.605
   1.279   (  -4.222   -0.772   -0.096)    4.293
   1.292   (  -6.343   -1.014   -1.778)    6.665
   1.601   (  -1.372   -0.978    6.396)    6.614
   1.945   (   1.105   -0.459   -9.055)    9.134
   2.032   (   1.899   -0.062    8.143)    8.362
   2.213   (   2.723    0.006   -0.858)    2.855
   2.393   (  -0.910    2.587   -3.850)    4.728
   2.421   (  -0.515   -1.352   -4.730)    4.946
   2.667   (  -2.186   -0.317   -1.112)    2.473
   2.684   (  -2.361   -2.327   -1.817)    3.780
   3.123   (  -1.102    1.020    4.510)    4.753
   3.219   (   0.089    1.182   -0.964)    1.528
   3.410   (   1.669    1.490    2.162)    3.111
   3.485   (   0.033    0.745   -2.434)    2.545
   3.766   (   5.892   -0.939    1.333)    6.114
   3.811   (   2.747   -0.598   -1.446)    3.162
   3.953   (  -2.989    1.593    1.171)    3.584
   3.969   (  -3.490   -0.569    0.477)    3.568
   4.474   (  -0.255    0.081    6.991)    6.996
   4.525   (   0.516    0.437    0.777)    1.030
   4.545   (  -0.496   -1.210    1.114)    1.718
   4.738   (  -2.191    0.117   -6.289)    6.661
   5.518   (   0.356    0.133    5.006)    5.020
   5.685   (   0.251    0.154   -5.064)    5.073
   8.097   (   0.822    0.225    2.808)    2.934
   8.189   (   0.888   -0.353   -2.665)    2.832
======================= Grid point 468 (154/186) =======================
q-point: (-0.40  0.40  0.40)
Mass variance parameters: 1.64e-04 1.64e-04 1.64e-04 1.64e-04 0.00e+00 0.00e+00 0.00e+00 0.00e+00 3.39e-05 3.39e-05 
Number of triplets: 282
Frequency     group velocity (x, y, z)     |gv|
   0.710   (  -0.000    2.109   -0.054)    2.110
   0.742   (  -0.000    1.346   -1.713)    2.178
   0.939   (  -0.000    1.567    6.388)    6.578
   1.186   (   0.000   -4.794   -4.558)    6.615
   1.240   (   0.000   -1.776    0.016)    1.776
   1.259   (   0.000   -2.392   -0.834)    2.533
   1.603   (   0.000   -2.154    6.457)    6.806
   1.960   (   0.000   -1.295   -9.153)    9.245
   2.046   (  -0.000    0.255    7.228)    7.232
   2.259   (   0.000   -1.553    5.516)    5.730
   2.335   (  -0.000    3.768   -9.550)   10.266
   2.444   (   0.000   -0.924   -5.518)    5.595
   2.654   (   0.000   -2.926   -0.628)    2.993
   2.678   (   0.000   -1.853   -1.091)    2.150
   3.104   (  -0.000    1.827    4.689)    5.033
   3.208   (  -0.000    2.116   -1.021)    2.349
   3.403   (  -0.000    3.422    1.890)    3.910
   3.478   (  -0.000    1.451   -2.657)    3.028
   3.845   (   0.000   -1.251   -0.167)    1.262
   3.855   (   0.000   -1.715   -0.647)    1.833
   3.894   (  -0.000    1.490    2.169)    2.631
   3.932   (  -0.000    0.348    0.026)    0.349
   4.468   (  -0.000    0.547    8.946)    8.963
   4.526   (  -0.000    0.130    0.948)    0.956
   4.555   (   0.000   -1.692   -0.542)    1.777
   4.720   (  -0.000    0.162   -6.519)    6.521
   5.519   (  -0.000    0.271    4.948)    4.955
   5.685   (  -0.000    0.310   -5.053)    5.063
   8.101   (  -0.000    0.420    3.004)    3.033
   8.199   (   0.000   -0.676   -2.864)    2.942
======================= Grid point 478 (155/186) =======================
q-point: ( 0.50 -0.50  0.40)
Mass variance parameters: 1.64e-04 1.64e-04 1.64e-04 1.64e-04 0.00e+00 0.00e+00 0.00e+00 0.00e+00 3.39e-05 3.39e-05 
Number of triplets: 160
Frequency     group velocity (x, y, z)     |gv|
   0.723   (   0.000   -0.000   -0.282)    0.282
   0.753   (   0.000   -0.000   -1.896)    1.896
   0.956   (   0.000   -0.000    3.363)    3.363
   1.147   (  -0.000    0.000   -2.671)    2.671
   1.228   (  -0.000    0.000   -0.137)    0.137
   1.242   (   0.000   -0.000   -0.572)    0.572
   1.587   (   0.000   -0.000    5.832)    5.832
   1.950   (  -0.000    0.000  -11.216)   11.216
   2.049   (   0.000   -0.000    9.754)    9.754
   2.248   (   0.000   -0.000    5.675)    5.675
   2.364   (  -0.000    0.000  -10.295)   10.295
   2.438   (  -0.000    0.000   -5.616)    5.616
   2.629   (   0.000   -0.000   -0.240)    0.240
   2.667   (   0.000   -0.000   -1.406)    1.406
   3.117   (  -0.000    0.000    4.939)    4.939
   3.222   (   0.000    0.000   -0.965)    0.965
   3.430   (   0.000   -0.000    1.518)    1.518
   3.486   (  -0.000    0.000   -2.076)    2.076
   3.838   (   0.000   -0.000   -0.578)    0.578
   3.840   (   0.000    0.000   -0.577)    0.577
   3.904   (   0.000    0.000    2.522)    2.522
   3.934   (   0.000   -0.000    0.303)    0.303
   4.472   (   0.000   -0.000    8.931)    8.931
   4.534   (  -0.000    0.000   -0.106)    0.106
   4.535   (   0.000   -0.000    0.132)    0.132
   4.721   (   0.000    0.000   -6.384)    6.384
   5.521   (   0.000   -0.000    4.984)    4.984
   5.688   (   0.000   -0.000   -5.042)    5.042
   8.104   (  -0.000    0.000    2.758)    2.758
   8.194   (  -0.000    0.000   -2.618)    2.618
======================= Grid point 525 (156/186) =======================
q-point: ( 0.00  0.00 -0.50)
Mass variance parameters: 1.64e-04 1.64e-04 1.64e-04 1.64e-04 0.00e+00 0.00e+00 0.00e+00 0.00e+00 3.39e-05 3.39e-05 
Number of triplets: 93
Frequency     group velocity (x, y, z)     |gv|
   0.621   (   0.000    0.000   -4.724)    4.724
   0.621   (   0.000    0.000    4.724)    4.724
   1.244   (   0.000    0.000  -10.921)   10.921
   1.244   (   0.000    0.000   10.921)   10.921
   1.369   (   0.000    0.000   -1.654)    1.654
   1.369   (   0.000    0.000    1.654)    1.654
   1.905   (   0.000    0.000  -13.744)   13.744
   1.905   (   0.000    0.000   13.744)   13.744
   2.069   (   0.000    0.000   -6.865)    6.865
   2.069   (   0.000    0.000    6.865)    6.865
   2.453   (   0.000    0.000   -3.080)    3.080
   2.453   (   0.000    0.000    3.080)    3.080
   2.820   (   0.000    0.000   -4.165)    4.165
   2.820   (   0.000    0.000    4.165)    4.165
   2.999   (   0.000    0.000   -0.117)    0.117
   2.999   (   0.000    0.000    0.117)    0.117
   3.268   (   0.000    0.000   -3.406)    3.406
   3.268   (   0.000    0.000    3.406)    3.406
   3.828   (   0.000    0.000   -3.175)    3.175
   3.828   (   0.000    0.000    3.175)    3.175
   3.942   (   0.000    0.000   -0.377)    0.377
   3.942   (   0.000    0.000    0.377)    0.377
   4.573   (   0.000    0.000   -8.757)    8.757
   4.573   (   0.000    0.000    8.757)    8.757
   4.608   (   0.000    0.000   -1.060)    1.060
   4.608   (   0.000    0.000    1.060)    1.060
   5.580   (   0.000    0.000   -5.155)    5.155
   5.580   (   0.000    0.000    5.155)    5.155
   8.159   (   0.000    0.000   -4.903)    4.903
   8.159   (   0.000    0.000    4.903)    4.903
======================= Grid point 527 (157/186) =======================
q-point: ( 0.10  0.00 -0.50)
Mass variance parameters: 1.64e-04 1.64e-04 1.64e-04 1.64e-04 0.00e+00 0.00e+00 0.00e+00 0.00e+00 3.39e-05 3.39e-05 
Number of triplets: 300
Frequency     group velocity (x, y, z)     |gv|
   0.650   (   3.056   -0.585   -3.450)    4.645
   0.650   (   3.056   -0.585    3.450)    4.645
   1.244   (   0.877    1.626  -10.419)   10.582
   1.244   (   0.877    1.626   10.419)   10.582
   1.399   (   3.647    0.818   -1.895)    4.191
   1.399   (   3.647    0.818    1.895)    4.191
   1.897   (  -0.810    0.608  -13.643)   13.680
   1.897   (  -0.810    0.608   13.643)   13.680
   2.054   (  -1.947   -0.357   -6.087)    6.401
   2.054   (  -1.947   -0.357    6.087)    6.401
   2.409   (  -3.899    0.523   -2.029)    4.427
   2.409   (  -3.899    0.523    2.029)    4.427
   2.822   (   0.436    0.976   -3.827)    3.974
   2.822   (   0.436    0.976    3.827)    3.974
   3.039   (   3.296   -0.875   -0.987)    3.550
   3.039   (   3.296   -0.875    0.987)    3.550
   3.275   (   0.759   -1.514   -3.750)    4.115
   3.275   (   0.759   -1.514    3.750)    4.115
   3.830   (  -0.047   -0.481   -2.818)    2.859
   3.830   (  -0.047   -0.481    2.818)    2.859
   3.926   (  -1.710    0.384   -0.592)    1.850
   3.926   (  -1.710    0.384    0.592)    1.850
   4.570   (  -0.396   -0.072   -6.330)    6.343
   4.570   (  -0.396   -0.072    6.330)    6.343
   4.624   (   2.136    0.319   -3.209)    3.868
   4.624   (   2.136    0.319    3.209)    3.868
   5.579   (  -0.125   -0.167   -5.178)    5.182
   5.579   (  -0.125   -0.167    5.178)    5.182
   8.152   (  -0.915    0.063   -4.754)    4.842
   8.152   (  -0.915    0.063    4.754)    4.842
======================= Grid point 529 (158/186) =======================
q-point: ( 0.20  0.00 -0.50)
Mass variance parameters: 1.64e-04 1.64e-04 1.64e-04 1.64e-04 0.00e+00 0.00e+00 0.00e+00 0.00e+00 3.39e-05 3.39e-05 
Number of triplets: 300
Frequency     group velocity (x, y, z)     |gv|
   0.704   (   2.995   -0.518   -1.288)    3.301
   0.704   (   2.995   -0.518    1.288)    3.301
   1.248   (   1.788    3.672   -9.096)    9.971
   1.248   (   1.788    3.672    9.096)    9.971
   1.443   (   1.973    0.838   -2.805)    3.530
   1.443   (   1.973    0.838    2.805)    3.530
   1.869   (  -1.745    1.685  -12.401)   12.636
   1.869   (  -1.745    1.685   12.401)   12.636
   2.034   (  -0.155   -1.136   -4.282)    4.433
   2.034   (  -0.155   -1.136    4.282)    4.433
   2.368   (  -0.748   -0.078   -0.927)    1.194
   2.368   (  -0.748   -0.078    0.927)    1.194
   2.818   (  -0.013    0.773   -3.297)    3.386
   2.818   (  -0.013    0.773    3.297)    3.386
   3.057   (  -2.427   -0.537   -0.983)    2.673
   3.057   (  -2.427   -0.537    0.983)    2.673
   3.333   (   4.979   -2.373   -2.957)    6.258
   3.333   (   4.979   -2.373    2.957)    6.258
   3.821   (  -1.363    0.837   -2.050)    2.600
   3.821   (  -1.363    0.837    2.050)    2.600
   3.902   (  -0.966   -0.893   -0.244)    1.338
   3.902   (  -0.966   -0.893    0.244)    1.338
   4.560   (  -0.822    0.222   -3.512)    3.614
   4.560   (  -0.822    0.222    3.512)    3.614
   4.665   (   3.255    0.254   -5.235)    6.170
   4.665   (   3.255    0.254    5.235)    6.170
   5.578   (  -0.223   -0.259   -5.243)    5.254
   5.578   (  -0.223   -0.259    5.243)    5.254
   8.132   (  -1.500    0.101   -4.351)    4.604
   8.132   (  -1.500    0.101    4.351)    4.604
======================= Grid point 531 (159/186) =======================
q-point: ( 0.30  0.00 -0.50)
Mass variance parameters: 1.64e-04 1.64e-04 1.64e-04 1.64e-04 0.00e+00 0.00e+00 0.00e+00 0.00e+00 3.39e-05 3.39e-05 
Number of triplets: 300
Frequency     group velocity (x, y, z)     |gv|
   0.743   (   1.784   -0.151   -0.198)    1.801
   0.743   (   1.784   -0.151    0.198)    1.801
   1.230   (  -0.314    5.987   -5.593)    8.200
   1.230   (  -0.314    5.987    5.593)    8.200
   1.441   (  -1.498   -1.098   -4.032)    4.439
   1.441   (  -1.498   -1.098    4.032)    4.439
   1.831   (  -1.457    1.783  -10.567)   10.815
   1.831   (  -1.457    1.783   10.567)   10.815
   2.084   (   5.192   -1.154   -4.311)    6.846
   2.084   (   5.192   -1.154    4.311)    6.846
   2.386   (   2.727   -0.386   -1.374)    3.077
   2.386   (   2.727   -0.386    1.374)    3.077
   2.814   (   0.188    1.175   -2.353)    2.637
   2.814   (   0.188    1.175    2.353)    2.637
   2.981   (  -7.691   -1.608   -0.289)    7.862
   2.981   (  -7.691   -1.608    0.289)    7.862
   3.434   (   5.504   -1.820   -1.749)    6.056
   3.434   (   5.504   -1.820    1.749)    6.056
   3.786   (  -1.555    1.551   -2.988)    3.708
   3.786   (  -1.555    1.551    2.988)    3.708
   3.907   (   0.072   -1.483   -0.243)    1.504
   3.907   (   0.072   -1.483    0.243)    1.504
   4.542   (  -1.216    0.459   -1.726)    2.161
   4.542   (  -1.216    0.459    1.726)    2.161
   4.715   (   3.165    0.113   -6.101)    6.874
   4.715   (   3.165    0.113    6.101)    6.874
   5.576   (  -0.246   -0.248   -5.338)    5.350
   5.576   (  -0.246   -0.248    5.338)    5.350
   8.107   (  -1.525    0.100   -3.826)    4.120
   8.107   (  -1.525    0.100    3.826)    4.120
======================= Grid point 533 (160/186) =======================
q-point: ( 0.40  0.00 -0.50)
Mass variance parameters: 1.64e-04 1.64e-04 1.64e-04 1.64e-04 0.00e+00 0.00e+00 0.00e+00 0.00e+00 3.39e-05 3.39e-05 
Number of triplets: 300
Frequency     group velocity (x, y, z)     |gv|
   0.763   (   0.802    0.064   -0.807)    1.140
   0.763   (   0.802    0.064    0.807)    1.140
   1.164   (  -2.442    4.536   -1.458)    5.353
   1.164   (  -2.442    4.536    1.458)    5.353
   1.435   (  -0.514   -1.459   -4.873)    5.113
   1.435   (  -0.514   -1.459    4.873)    5.113
   1.802   (  -0.946    1.065  -10.009)   10.110
   1.802   (  -0.946    1.065   10.009)   10.110
   2.175   (   4.598   -0.601   -5.299)    7.041
   2.175   (   4.598   -0.601    5.299)    7.041
   2.458   (   6.306   -0.275   -1.250)    6.435
   2.458   (   6.306   -0.275    1.250)    6.435
   2.788   (  -3.349    2.958   -1.190)    4.624
   2.788   (  -3.349    2.958    1.190)    4.624
   2.877   (  -5.900   -3.356   -1.343)    6.919
   2.877   (  -5.900   -3.356    1.343)    6.919
   3.510   (   2.859   -0.981   -1.859)    3.549
   3.510   (   2.859   -0.981    1.859)    3.549
   3.763   (  -0.226    0.907   -3.827)    3.939
   3.763   (  -0.226    0.907    3.827)    3.939
   3.917   (   0.068   -0.831   -0.120)    0.843
   3.917   (   0.068   -0.831    0.120)    0.843
   4.520   (  -0.994    0.382   -0.667)    1.256
   4.520   (  -0.994    0.382    0.667)    1.256
   4.755   (   1.928    0.026   -6.419)    6.702
   4.755   (   1.928    0.026    6.419)    6.702
   5.574   (  -0.164   -0.147   -5.426)    5.431
   5.574   (  -0.164   -0.147    5.426)    5.431
   8.087   (  -0.956    0.061   -3.372)    3.505
   8.087   (  -0.956    0.061    3.372)    3.505
======================= Grid point 535 (161/186) =======================
q-point: (-0.50  0.00 -0.50)
Mass variance parameters: 1.64e-04 1.64e-04 1.64e-04 1.64e-04 0.00e+00 0.00e+00 0.00e+00 0.00e+00 3.39e-05 3.39e-05 
Number of triplets: 156
Frequency     group velocity (x, y, z)     |gv|
   0.768   (   0.000    0.000   -1.101)    1.101
   0.768   (   0.000    0.000    1.101)    1.101
   1.125   (  -0.000   -0.000   -0.108)    0.108
   1.125   (  -0.000    0.000    0.108)    0.108
   1.437   (  -0.000   -0.000   -5.040)    5.040
   1.437   (   0.000    0.000    5.040)    5.040
   1.790   (   0.000    0.000   -9.925)    9.925
   1.790   (  -0.000   -0.000    9.925)    9.925
   2.213   (   0.000   -0.000   -5.705)    5.705
   2.213   (  -0.000   -0.000    5.705)    5.705
   2.539   (   0.000    0.000   -1.390)    1.390
   2.539   (   0.000    0.000    1.390)    1.390
   2.710   (  -0.000    0.000   -1.130)    1.130
   2.710   (  -0.000   -0.000    1.130)    1.130
   2.855   (  -0.000   -0.000   -1.121)    1.121
   2.855   (   0.000    0.000    1.121)    1.121
   3.535   (   0.000   -0.000   -1.960)    1.960
   3.535   (   0.000    0.000    1.960)    1.960
   3.760   (   0.000    0.000   -3.995)    3.995
   3.760   (  -0.000   -0.000    3.995)    3.995
   3.920   (  -0.000   -0.000   -0.113)    0.113
   3.920   (  -0.000   -0.000    0.113)    0.113
   4.511   (  -0.000    0.000   -0.121)    0.121
   4.511   (  -0.000    0.000    0.121)    0.121
   4.770   (   0.000   -0.000   -6.497)    6.497
   4.770   (   0.000   -0.000    6.497)    6.497
   5.574   (  -0.000   -0.000   -5.463)    5.463
   5.574   (  -0.000   -0.000    5.463)    5.463
   8.079   (  -0.000    0.000   -3.189)    3.189
   8.079   (  -0.000    0.000    3.189)    3.189
======================= Grid point 549 (162/186) =======================
q-point: ( 0.10  0.10 -0.50)
Mass variance parameters: 1.64e-04 1.64e-04 1.64e-04 1.64e-04 0.00e+00 0.00e+00 0.00e+00 0.00e+00 3.39e-05 3.39e-05 
Number of triplets: 165
Frequency     group velocity (x, y, z)     |gv|
   0.700   (   3.238    0.000   -1.355)    3.510
   0.700   (   3.238    0.000    1.355)    3.510
   1.275   (   2.251    0.000   -8.903)    9.183
   1.275   (   2.251    0.000    8.903)    9.183
   1.449   (   1.257    0.000   -3.108)    3.353
   1.449   (   1.257    0.000    3.108)    3.353
   1.882   (  -1.528   -0.000  -13.786)   13.870
   1.882   (  -1.528   -0.000   13.786)   13.870
   2.026   (  -0.371   -0.000   -4.942)    4.956
   2.026   (  -0.371   -0.000    4.942)    4.956
   2.367   (  -0.998   -0.000   -0.110)    1.004
   2.367   (  -0.998   -0.000    0.110)    1.004
   2.823   (  -0.423   -0.000   -3.601)    3.626
   2.823   (  -0.423   -0.000    3.601)    3.626
   3.055   (  -2.320   -0.000   -0.857)    2.473
   3.055   (  -2.320   -0.000    0.857)    2.473
   3.315   (   5.443    0.000   -3.125)    6.276
   3.315   (   5.443    0.000    3.125)    6.276
   3.826   (  -0.747   -0.000   -2.589)    2.695
   3.826   (  -0.747   -0.000    2.589)    2.695
   3.897   (  -1.491   -0.000   -0.982)    1.785
   3.897   (  -1.491   -0.000    0.982)    1.785
   4.561   (  -0.776   -0.000   -4.151)    4.223
   4.561   (  -0.776   -0.000    4.151)    4.223
   4.667   (   3.177    0.000   -4.957)    5.887
   4.667   (   3.177    0.000    4.957)    5.887
   5.576   (  -0.190   -0.000   -5.233)    5.236
   5.576   (  -0.190   -0.000    5.233)    5.236
   8.133   (  -1.511   -0.000   -4.482)    4.730
   8.133   (  -1.511   -0.000    4.482)    4.730
======================= Grid point 551 (163/186) =======================
q-point: ( 0.20  0.10 -0.50)
Mass variance parameters: 1.64e-04 1.64e-04 1.64e-04 1.64e-04 0.00e+00 0.00e+00 0.00e+00 0.00e+00 3.39e-05 3.39e-05 
Number of triplets: 300
Frequency     group velocity (x, y, z)     |gv|
   0.741   (   2.004   -0.075   -0.138)    2.011
   0.741   (   2.004   -0.075    0.138)    2.011
   1.293   (  -0.079    2.665   -5.722)    6.313
   1.293   (  -0.079    2.665    5.722)    6.313
   1.426   (  -3.074   -0.889   -5.530)    6.389
   1.426   (  -3.074   -0.889    5.530)    6.389
   1.851   (  -1.940    0.888  -12.769)   12.946
   1.851   (  -1.940    0.888   12.769)   12.946
   2.071   (   5.638   -0.570   -4.841)    7.453
   2.071   (   5.638   -0.570    4.841)    7.453
   2.383   (   2.985   -0.035   -0.731)    3.073
   2.383   (   2.985   -0.035    0.731)    3.073
   2.819   (   0.184   -0.024   -3.007)    3.013
   2.819   (   0.184   -0.024    3.007)    3.013
   2.971   (  -7.970   -0.148   -0.281)    7.977
   2.971   (  -7.970   -0.148    0.281)    7.977
   3.414   (   5.938   -0.897   -1.340)    6.153
   3.414   (   5.938   -0.897    1.340)    6.153
   3.800   (  -1.965    0.487   -3.079)    3.685
   3.800   (  -1.965    0.487    3.079)    3.685
   3.895   (   0.810   -0.333   -0.508)    1.012
   3.895   (   0.810   -0.333    0.508)    1.012
   4.545   (  -1.362    0.045   -2.567)    2.906
   4.545   (  -1.362    0.045    2.567)    2.906
   4.717   (   3.124    0.111   -5.881)    6.660
   4.717   (   3.124    0.111    5.881)    6.660
   5.574   (  -0.170   -0.095   -5.320)    5.323
   5.574   (  -0.170   -0.095    5.320)    5.323
   8.108   (  -1.554    0.038   -4.020)    4.310
   8.108   (  -1.554    0.038    4.020)    4.310
======================= Grid point 553 (164/186) =======================
q-point: ( 0.30  0.10 -0.50)
Mass variance parameters: 1.64e-04 1.64e-04 1.64e-04 1.64e-04 0.00e+00 0.00e+00 0.00e+00 0.00e+00 3.39e-05 3.39e-05 
Number of triplets: 300
Frequency     group velocity (x, y, z)     |gv|
   0.763   (   0.849    0.015   -0.787)    1.158
   0.763   (   0.849    0.015    0.787)    1.158
   1.212   (  -6.588    2.197   -3.194)    7.644
   1.212   (  -6.588    2.197    3.194)    7.644
   1.421   (   1.322   -0.466   -6.137)    6.295
   1.421   (   1.322   -0.466    6.137)    6.295
   1.815   (  -1.772    0.785  -11.360)   11.524
   1.815   (  -1.772    0.785   11.360)   11.524
   2.168   (   5.116   -0.440   -5.758)    7.715
   2.168   (   5.116   -0.440    5.758)    7.715
   2.459   (   6.808    0.290   -0.579)    6.839
   2.459   (   6.808    0.290    0.579)    6.839
   2.815   (  -6.129    0.379   -1.309)    6.278
   2.815   (  -6.129    0.379    1.309)    6.278
   2.845   (  -2.932   -0.783   -1.462)    3.368
   2.845   (  -2.932   -0.783    1.462)    3.368
   3.491   (   2.805   -1.441   -1.124)    3.348
   3.491   (   2.805   -1.441    1.124)    3.348
   3.774   (  -0.792    0.543   -3.703)    3.826
   3.774   (  -0.792    0.543    3.703)    3.826
   3.914   (   1.356    0.233   -0.139)    1.383
   3.914   (   1.356    0.233    0.139)    1.383
   4.522   (  -1.461   -0.096   -1.524)    2.114
   4.522   (  -1.461   -0.096    1.524)    2.114
   4.756   (   1.957    0.139   -6.315)    6.613
   4.756   (   1.957    0.139    6.315)    6.613
   5.573   (  -0.051   -0.089   -5.410)    5.411
   5.573   (  -0.051   -0.089    5.410)    5.411
   8.088   (  -1.001    0.038   -3.524)    3.663
   8.088   (  -1.001    0.038    3.524)    3.663
======================= Grid point 555 (165/186) =======================
q-point: ( 0.40  0.10 -0.50)
Mass variance parameters: 1.64e-04 1.64e-04 1.64e-04 1.64e-04 0.00e+00 0.00e+00 0.00e+00 0.00e+00 3.39e-05 3.39e-05 
Number of triplets: 300
Frequency     group velocity (x, y, z)     |gv|
   0.768   (  -0.128   -0.007   -1.101)    1.108
   0.768   (  -0.128   -0.007    1.101)    1.108
   1.114   (  -4.766   -1.348   -4.036)    6.389
   1.114   (  -4.766   -1.348    4.036)    6.389
   1.447   (   1.860    1.113   -4.970)    5.423
   1.447   (   1.860    1.113    4.970)    5.423
   1.791   (  -0.957    0.020  -10.097)   10.142
   1.791   (  -0.957    0.020   10.097)   10.142
   2.214   (   0.551    0.036   -6.260)    6.284
   2.214   (   0.551    0.036    6.260)    6.284
   2.550   (   1.748    1.443   -1.725)    2.849
   2.550   (   1.748    1.443    1.725)    2.849
   2.691   (  -4.205   -2.385   -1.791)    5.155
   2.691   (  -4.205   -2.385    1.791)    5.155
   2.867   (   3.344    1.430   -0.818)    3.728
   2.867   (   3.344    1.430    0.818)    3.728
   3.520   (  -0.229   -1.759   -1.734)    2.481
   3.520   (  -0.229   -1.759    1.734)    2.481
   3.764   (  -0.414    0.382   -3.779)    3.821
   3.764   (  -0.414    0.382    3.779)    3.821
   3.930   (   1.336    1.227   -0.275)    1.835
   3.930   (   1.336    1.227    0.275)    1.835
   4.506   (  -0.688   -0.551   -0.911)    1.267
   4.506   (  -0.688   -0.551    0.911)    1.267
   4.771   (   0.082    0.169   -6.520)    6.522
   4.771   (   0.082    0.169    6.520)    6.522
   5.574   (   0.133    0.005   -5.461)    5.463
   5.574   (   0.133    0.005    5.461)    5.463
   8.079   (  -0.055   -0.000   -3.189)    3.190
   8.079   (  -0.055   -0.000    3.189)    3.190
======================= Grid point 557 (166/186) =======================
q-point: (-0.50  0.10 -0.50)
Mass variance parameters: 1.64e-04 1.64e-04 1.64e-04 1.64e-04 0.00e+00 0.00e+00 0.00e+00 0.00e+00 3.39e-05 3.39e-05 
Number of triplets: 300
Frequency     group velocity (x, y, z)     |gv|
   0.761   (  -0.828   -0.156   -0.959)    1.276
   0.761   (  -0.828   -0.156    0.959)    1.276
   1.094   (  -0.939   -5.177   -4.646)    7.019
   1.094   (  -0.939   -5.177    4.646)    7.019
   1.458   (   0.948    1.767   -3.802)    4.299
   1.458   (   0.948    1.767    3.802)    4.299
   1.788   (   0.258   -0.863   -8.908)    8.953
   1.788   (   0.258   -0.863    8.908)    8.953
   2.183   (  -4.185    0.501   -5.878)    7.234
   2.183   (  -4.185    0.501    5.878)    7.234
   2.469   (  -5.950    1.340   -2.507)    6.594
   2.469   (  -5.950    1.340    2.507)    6.594
   2.741   (   2.822   -3.662   -2.110)    5.082
   2.741   (   2.822   -3.662    2.110)    5.082
   2.928   (   6.967    3.668   -0.670)    7.902
   2.928   (   6.967    3.668    0.670)    7.902
   3.510   (  -2.516   -1.076   -2.094)    3.445
   3.510   (  -2.516   -1.076    2.094)    3.445
   3.754   (  -0.595   -0.329   -3.639)    3.702
   3.754   (  -0.595   -0.329    3.639)    3.702
   3.938   (   1.158    2.072   -0.550)    2.437
   3.938   (   1.158    2.072    0.550)    2.437
   4.510   (   0.404   -1.072   -0.500)    1.251
   4.510   (   0.404   -1.072    0.500)    1.251
   4.756   (  -1.844    0.208   -6.591)    6.847
   4.756   (  -1.844    0.208    6.591)    6.847
   5.576   (   0.301    0.152   -5.444)    5.454
   5.576   (   0.301    0.152    5.444)    5.454
   8.086   (   0.900   -0.062   -3.173)    3.299
   8.086   (   0.900   -0.062    3.173)    3.299
======================= Grid point 559 (167/186) =======================
q-point: (-0.40  0.10 -0.50)
Mass variance parameters: 1.64e-04 1.64e-04 1.64e-04 1.64e-04 0.00e+00 0.00e+00 0.00e+00 0.00e+00 3.39e-05 3.39e-05 
Number of triplets: 300
Frequency     group velocity (x, y, z)     |gv|
   0.745   (  -1.442    0.054   -0.521)    1.534
   0.745   (  -1.442    0.054    0.521)    1.534
   1.138   (   0.288   -7.011   -6.515)    9.575
   1.138   (   0.288   -7.011    6.515)    9.575
   1.453   (  -0.658    0.532   -2.972)    3.090
   1.453   (  -0.658    0.532    2.972)    3.090
   1.807   (   1.033   -1.513   -8.607)    8.800
   1.807   (   1.033   -1.513    8.607)    8.800
   2.100   (  -4.667    1.056   -4.953)    6.887
   2.100   (  -4.667    1.056    4.953)    6.887
   2.396   (  -2.513    1.164   -2.561)    3.772
   2.396   (  -2.513    1.164    2.561)    3.772
   2.784   (   0.098   -3.003   -2.356)    3.819
   2.784   (   0.098   -3.003    2.356)    3.819
   3.018   (   7.143    3.478   -0.288)    7.950
   3.018   (   7.143    3.478    0.288)    7.950
   3.455   (  -4.490    0.956   -2.206)    5.093
   3.455   (  -4.490    0.956    2.206)    5.093
   3.761   (   0.857   -1.748   -3.018)    3.592
   3.761   (   0.857   -1.748    3.018)    3.592
   3.936   (   0.663    2.584   -0.900)    2.816
   3.936   (   0.663    2.584    0.900)    2.816
   4.530   (   0.945   -1.267   -0.726)    1.739
   4.530   (   0.945   -1.267    0.726)    1.739
   4.715   (  -3.139    0.191   -6.481)    7.204
   4.715   (  -3.139    0.191    6.481)    7.204
   5.580   (   0.367    0.306   -5.366)    5.387
   5.580   (   0.367    0.306    5.366)    5.387
   8.106   (   1.478   -0.124   -3.490)    3.792
   8.106   (   1.478   -0.124    3.490)    3.792
======================= Grid point 561 (168/186) =======================
q-point: (-0.30  0.10 -0.50)
Mass variance parameters: 1.64e-04 1.64e-04 1.64e-04 1.64e-04 0.00e+00 0.00e+00 0.00e+00 0.00e+00 3.39e-05 3.39e-05 
Number of triplets: 300
Frequency     group velocity (x, y, z)     |gv|
   0.713   (  -2.342    0.765   -1.161)    2.724
   0.713   (  -2.342    0.765    1.161)    2.724
   1.180   (  -0.726   -5.825   -9.366)   11.053
   1.180   (  -0.726   -5.825    9.366)   11.053
   1.425   (  -3.517   -1.664   -2.195)    4.468
   1.425   (  -3.517   -1.664    2.195)    4.468
   1.841   (   1.552   -2.305  -10.588)   10.947
   1.841   (   1.552   -2.305   10.588)   10.947
   2.055   (   0.233    1.703   -3.972)    4.328
   2.055   (   0.233    1.703    3.972)    4.328
   2.371   (   0.042    0.435   -1.759)    1.812
   2.371   (   0.042    0.435    1.759)    1.812
   2.796   (  -0.817   -2.519   -2.832)    3.877
   2.796   (  -0.817   -2.519    2.832)    3.877
   3.077   (   2.697    2.414   -1.191)    3.810
   3.077   (   2.697    2.414    1.191)    3.810
   3.372   (  -3.863    3.059   -2.758)    5.647
   3.372   (  -3.863    3.059    2.758)    5.647
   3.801   (   2.238   -1.990   -1.657)    3.423
   3.801   (   2.238   -1.990    1.657)    3.423
   3.924   (   0.147    2.216   -1.012)    2.441
   3.924   (   0.147    2.216    1.012)    2.441
   4.552   (   0.882   -0.991   -2.001)    2.401
   4.552   (   0.882   -0.991    2.001)    2.401
   4.663   (  -3.355    0.024   -5.989)    6.865
   4.663   (  -3.355    0.024    5.989)    6.865
   5.583   (   0.306    0.416   -5.269)    5.294
   5.583   (   0.306    0.416    5.269)    5.294
   8.130   (   1.470   -0.165   -3.987)    4.253
   8.130   (   1.470   -0.165    3.987)    4.253
======================= Grid point 563 (169/186) =======================
q-point: (-0.20  0.10 -0.50)
Mass variance parameters: 1.64e-04 1.64e-04 1.64e-04 1.64e-04 0.00e+00 0.00e+00 0.00e+00 0.00e+00 3.39e-05 3.39e-05 
Number of triplets: 300
Frequency     group velocity (x, y, z)     |gv|
   0.665   (  -2.551    1.512   -2.877)    4.132
   0.665   (  -2.551    1.512    2.877)    4.132
   1.202   (  -0.572   -4.110  -10.895)   11.659
   1.202   (  -0.572   -4.110   10.895)   11.659
   1.377   (  -3.878   -2.227   -1.542)    4.730
   1.377   (  -3.878   -2.227    1.542)    4.730
   1.878   (   0.993   -2.222  -12.763)   12.993
   1.878   (   0.993   -2.222   12.763)   12.993
   2.067   (   1.946    1.593   -5.622)    6.159
   2.067   (   1.946    1.593    5.622)    6.159
   2.396   (   2.761   -1.182   -2.822)    4.121
   2.396   (   2.761   -1.182    2.822)    4.121
   2.796   (  -1.515   -2.793   -3.051)    4.405
   2.796   (  -1.515   -2.793    3.051)    4.405
   3.064   (  -1.591    2.683   -1.865)    3.634
   3.064   (  -1.591    2.683    1.865)    3.634
   3.312   (  -0.886    3.581   -3.593)    5.149
   3.312   (  -0.886    3.581    3.593)    5.149
   3.839   (   1.375    0.438   -1.987)    2.456
   3.839   (   1.375    0.438    1.987)    2.456
   3.919   (   0.433   -0.263   -0.274)    0.576
   3.919   (   0.433   -0.263    0.274)    0.576
   4.569   (   0.751   -0.290   -4.528)    4.599
   4.569   (   0.751   -0.290    4.528)    4.599
   4.618   (  -2.469   -0.419   -4.389)    5.053
   4.618   (  -2.469   -0.419    4.389)    5.053
   5.584   (   0.160    0.431   -5.195)    5.215
   5.584   (   0.160    0.431    5.195)    5.215
   8.150   (   0.903   -0.166   -4.462)    4.555
   8.150   (   0.903   -0.166    4.462)    4.555
======================= Grid point 565 (170/186) =======================
q-point: (-0.10  0.10 -0.50)
Mass variance parameters: 1.64e-04 1.64e-04 1.64e-04 1.64e-04 0.00e+00 0.00e+00 0.00e+00 0.00e+00 3.39e-05 3.39e-05 
Number of triplets: 165
Frequency     group velocity (x, y, z)     |gv|
   0.631   (  -0.000    1.435   -4.265)    4.500
   0.631   (  -0.000    1.435    4.265)    4.500
   1.223   (   0.000   -2.906  -11.219)   11.589
   1.223   (   0.000   -2.906   11.219)   11.589
   1.357   (   0.000   -1.669   -1.560)    2.285
   1.357   (   0.000   -1.669    1.560)    2.285
   1.898   (   0.000   -1.247  -13.484)   13.542
   1.898   (   0.000   -1.247   13.484)   13.542
   2.074   (  -0.000    0.935   -6.675)    6.740
   2.074   (  -0.000    0.935    6.675)    6.740
   2.440   (   0.000   -1.769   -3.705)    4.106
   2.440   (   0.000   -1.769    3.705)    4.106
   2.799   (   0.000   -2.685   -3.376)    4.314
   2.799   (   0.000   -2.685    3.376)    4.314
   3.023   (  -0.000    3.096   -1.070)    3.276
   3.023   (  -0.000    3.096    1.070)    3.276
   3.286   (  -0.000    2.592   -3.512)    4.365
   3.286   (  -0.000    2.592    3.512)    4.365
   3.838   (  -0.000    1.489   -3.024)    3.370
   3.838   (  -0.000    1.489    3.024)    3.370
   3.933   (   0.000   -1.294   -0.386)    1.350
   3.933   (   0.000   -1.294    0.386)    1.350
   4.576   (  -0.000    0.491   -8.652)    8.666
   4.576   (  -0.000    0.491    8.652)    8.666
   4.601   (   0.000   -0.960   -1.293)    1.610
   4.601   (   0.000   -0.960    1.293)    1.610
   5.582   (  -0.000    0.336   -5.164)    5.175
   5.582   (  -0.000    0.336    5.164)    5.175
   8.159   (   0.000   -0.127   -4.747)    4.749
   8.159   (   0.000   -0.127    4.747)    4.749
======================= Grid point 571 (171/186) =======================
q-point: ( 0.20  0.20 -0.50)
Mass variance parameters: 1.64e-04 1.64e-04 1.64e-04 1.64e-04 0.00e+00 0.00e+00 0.00e+00 0.00e+00 3.39e-05 3.39e-05 
Number of triplets: 165
Frequency     group velocity (x, y, z)     |gv|
   0.763   (   0.878    0.000   -0.785)    1.178
   0.763   (   0.878    0.000    0.785)    1.178
   1.226   (  -8.583   -0.000   -4.834)    9.851
   1.226   (  -8.583   -0.000    4.834)    9.851
   1.419   (   2.453    0.000   -6.699)    7.134
   1.419   (   2.453    0.000    6.699)    7.134
   1.821   (  -2.168   -0.000  -12.014)   12.208
   1.821   (  -2.168   -0.000   12.014)   12.208
   2.164   (   5.371    0.000   -6.185)    8.192
   2.164   (   5.371    0.000    6.185)    8.192
   2.462   (   7.061    0.000   -0.539)    7.081
   2.462   (   7.061    0.000    0.539)    7.081
   2.810   (  -7.432   -0.000   -2.970)    8.003
   2.810   (  -7.432   -0.000    2.970)    8.003
   2.846   (  -1.615   -0.000   -0.602)    1.724
   2.846   (  -1.615   -0.000    0.602)    1.724
   3.479   (   2.714    0.000   -0.190)    2.721
   3.479   (   2.714    0.000    0.190)    2.721
   3.778   (  -0.944   -0.000   -3.576)    3.699
   3.778   (  -0.944   -0.000    3.576)    3.699
   3.917   (   1.866    0.000   -0.019)    1.866
   3.917   (   1.866    0.000    0.019)    1.866
   4.521   (  -1.641   -0.000   -1.848)    2.472
   4.521   (  -1.641   -0.000    1.848)    2.472
   4.757   (   1.956    0.000   -6.286)    6.584
   4.757   (   1.956    0.000    6.286)    6.584
   5.572   (  -0.008   -0.000   -5.404)    5.404
   5.572   (  -0.008   -0.000    5.404)    5.404
   8.088   (  -1.018   -0.000   -3.580)    3.722
   8.088   (  -1.018   -0.000    3.580)    3.722
======================= Grid point 573 (172/186) =======================
q-point: ( 0.30  0.20 -0.50)
Mass variance parameters: 1.64e-04 1.64e-04 1.64e-04 1.64e-04 0.00e+00 0.00e+00 0.00e+00 0.00e+00 3.39e-05 3.39e-05 
Number of triplets: 300
Frequency     group velocity (x, y, z)     |gv|
   0.768   (  -0.221   -0.004   -1.097)    1.119
   0.768   (  -0.221   -0.004    1.097)    1.119
   1.097   (  -7.289   -0.771   -6.138)    9.560
   1.097   (  -7.289   -0.771    6.138)    9.560
   1.460   (   2.586    0.624   -4.754)    5.448
   1.460   (   2.586    0.624    4.754)    5.448
   1.791   (  -1.559    0.013  -10.373)   10.489
   1.791   (  -1.559    0.013   10.373)   10.489
   2.214   (   0.899    0.024   -7.122)    7.179
   2.214   (   0.899    0.024    7.122)    7.179
   2.573   (   5.175    1.514   -1.906)    5.719
   2.573   (   5.175    1.514    1.906)    5.719
   2.657   (  -8.398   -1.956   -2.887)    9.094
   2.657   (  -8.398   -1.956    2.887)    9.094
   2.884   (   4.704    0.757   -0.601)    4.803
   2.884   (   4.704    0.757    0.601)    4.803
   3.498   (  -0.421   -1.009   -1.246)    1.658
   3.498   (  -0.421   -1.009    1.246)    1.658
   3.768   (  -0.549    0.166   -3.497)    3.543
   3.768   (  -0.549    0.166    3.497)    3.543
   3.946   (   2.075    0.746   -0.434)    2.247
   3.946   (   2.075    0.746    0.434)    2.247
   4.499   (  -1.135   -0.346   -1.400)    1.835
   4.499   (  -1.135   -0.346    1.400)    1.835
   4.773   (   0.124    0.101   -6.552)    6.554
   4.773   (   0.124    0.101    6.552)    6.554
   5.574   (   0.216    0.003   -5.459)    5.464
   5.574   (   0.216    0.003    5.459)    5.464
   8.079   (  -0.089   -0.000   -3.190)    3.191
   8.079   (  -0.089   -0.000    3.190)    3.191
======================= Grid point 575 (173/186) =======================
q-point: (-0.60  0.20 -0.50)
Mass variance parameters: 1.64e-04 1.64e-04 1.64e-04 1.64e-04 0.00e+00 0.00e+00 0.00e+00 0.00e+00 3.39e-05 3.39e-05 
Number of triplets: 300
Frequency     group velocity (x, y, z)     |gv|
   0.759   (  -0.979   -0.189   -1.346)    1.675
   0.759   (  -0.979   -0.189    1.346)    1.675
   1.033   (  -2.859   -3.382   -6.662)    8.000
   1.033   (  -2.859   -3.382    6.662)    8.000
   1.479   (   0.444    1.125   -3.008)    3.242
   1.479   (   0.444    1.125    3.008)    3.242
   1.779   (  -0.090   -0.452   -8.378)    8.391
   1.779   (  -0.090   -0.452    8.378)    8.391
   2.188   (  -3.987    0.278   -7.128)    8.172
   2.188   (  -3.987    0.278    7.128)    8.172
   2.492   (  -6.059    1.746   -3.504)    7.214
   2.492   (  -6.059    1.746    3.504)    7.214
   2.693   (   2.946   -3.001   -2.150)    4.723
   2.693   (   2.946   -3.001    2.150)    4.723
   2.972   (   7.805    2.518   -0.801)    8.240
   2.972   (   7.805    2.518    0.801)    8.240
   3.488   (  -2.120   -1.707   -1.994)    3.374
   3.488   (  -2.120   -1.707    1.994)    3.374
   3.753   (  -1.147    0.108   -3.320)    3.514
   3.753   (  -1.147    0.108    3.320)    3.514
   3.967   (   1.811    1.848   -0.827)    2.716
   3.967   (   1.811    1.848    0.827)    2.716
   4.494   (  -0.095   -1.041   -1.126)    1.537
   4.494   (  -0.095   -1.041    1.126)    1.537
   4.759   (  -1.758    0.227   -6.738)    6.968
   4.759   (  -1.758    0.227    6.738)    6.968
   5.578   (   0.410    0.096   -5.456)    5.472
   5.578   (   0.410    0.096    5.456)    5.472
   8.086   (   0.855   -0.038   -3.004)    3.123
   8.086   (   0.855   -0.038    3.004)    3.123
======================= Grid point 577 (174/186) =======================
q-point: (-0.50  0.20 -0.50)
Mass variance parameters: 1.64e-04 1.64e-04 1.64e-04 1.64e-04 0.00e+00 0.00e+00 0.00e+00 0.00e+00 3.39e-05 3.39e-05 
Number of triplets: 300
Frequency     group velocity (x, y, z)     |gv|
   0.744   (  -1.105   -0.159   -1.164)    1.613
   0.744   (  -1.105   -0.159    1.164)    1.613
   1.048   (   0.208   -5.626   -7.241)    9.172
   1.048   (   0.208   -5.626    7.241)    9.172
   1.457   (  -2.698    0.117   -2.089)    3.414
   1.457   (  -2.698    0.117    2.089)    3.414
   1.790   (   0.711   -0.895   -7.695)    7.779
   1.790   (   0.711   -0.895    7.695)    7.779
   2.112   (  -4.188    0.689   -6.347)    7.635
   2.112   (  -4.188    0.689    6.347)    7.635
   2.417   (  -2.488    1.756   -3.762)    4.840
   2.417   (  -2.488    1.756    3.762)    4.840
   2.738   (   0.249   -3.351   -2.395)    4.126
   2.738   (   0.249   -3.351    2.395)    4.126
   3.069   (   6.924    3.633   -1.121)    7.899
   3.069   (   6.924    3.633    1.121)    7.899
   3.457   (  -2.950   -0.662   -2.532)    3.943
   3.457   (  -2.950   -0.662    2.532)    3.943
   3.742   (  -0.103   -0.904   -3.120)    3.250
   3.742   (  -0.103   -0.904    3.120)    3.250
   3.973   (   0.956    2.623   -1.237)    3.054
   3.973   (   0.956    2.623    1.237)    3.054
   4.509   (   0.675   -1.608   -0.963)    1.992
   4.509   (   0.675   -1.608    0.963)    1.992
   4.719   (  -3.047    0.359   -6.805)    7.464
   4.719   (  -3.047    0.359    6.805)    7.464
   5.584   (   0.484    0.248   -5.391)    5.419
   5.584   (   0.484    0.248    5.391)    5.419
   8.104   (   1.432   -0.101   -3.116)    3.431
   8.104   (   1.432   -0.101    3.116)    3.431
======================= Grid point 579 (175/186) =======================
q-point: (-0.40  0.20 -0.50)
Mass variance parameters: 1.64e-04 1.64e-04 1.64e-04 1.64e-04 0.00e+00 0.00e+00 0.00e+00 0.00e+00 3.39e-05 3.39e-05 
Number of triplets: 300
Frequency     group velocity (x, y, z)     |gv|
   0.723   (  -1.469    0.655   -1.168)    1.988
   0.723   (  -1.469    0.655    1.168)    1.988
   1.097   (   0.520   -5.849   -9.013)   10.757
   1.097   (   0.520   -5.849    9.013)   10.757
   1.400   (  -5.089   -1.818   -1.602)    5.636
   1.400   (  -5.089   -1.818    1.602)    5.636
   1.809   (   0.545   -2.072   -9.958)   10.186
   1.809   (   0.545   -2.072    9.958)   10.186
   2.078   (   0.907    1.620   -4.752)    5.102
   2.078   (   0.907    1.620    4.752)    5.102
   2.381   (  -0.914    1.085   -2.584)    2.948
   2.381   (  -0.914    1.085    2.584)    2.948
   2.752   (  -1.347   -3.560   -2.510)    4.559
   2.752   (  -1.347   -3.560    2.510)    4.559
   3.120   (   2.656    3.486   -1.586)    4.661
   3.120   (   2.656    3.486    1.586)    4.661
   3.410   (  -2.209    2.195   -2.792)    4.183
   3.410   (  -2.209    2.195    2.792)    4.183
   3.771   (   2.378   -2.141   -2.100)    3.827
   3.771   (   2.378   -2.141    2.100)    3.827
   3.959   (  -0.411    2.651   -1.535)    3.091
   3.959   (  -0.411    2.651    1.535)    3.091
   4.533   (   0.912   -1.671   -1.221)    2.262
   4.533   (   0.912   -1.671    1.221)    2.262
   4.666   (  -3.323    0.413   -6.679)    7.471
   4.666   (  -3.323    0.413    6.679)    7.471
   5.589   (   0.405    0.411   -5.299)    5.330
   5.589   (   0.405    0.411    5.299)    5.330
   8.128   (   1.433   -0.165   -3.483)    3.770
   8.128   (   1.433   -0.165    3.483)    3.770
======================= Grid point 581 (176/186) =======================
q-point: (-0.30  0.20 -0.50)
Mass variance parameters: 1.64e-04 1.64e-04 1.64e-04 1.64e-04 0.00e+00 0.00e+00 0.00e+00 0.00e+00 3.39e-05 3.39e-05 
Number of triplets: 300
Frequency     group velocity (x, y, z)     |gv|
   0.689   (  -1.703    1.846   -2.030)    3.229
   0.689   (  -1.703    1.846    2.030)    3.229
   1.138   (   0.082   -4.868  -10.827)   11.871
   1.138   (   0.082   -4.868   10.827)   11.871
   1.340   (  -4.256   -2.896   -1.034)    5.251
   1.340   (  -4.256   -2.896    1.034)    5.251
   1.838   (   0.620   -3.350  -11.978)   12.454
   1.838   (   0.620   -3.350   11.978)   12.454
   2.097   (   2.477    2.621   -5.761)    6.796
   2.097   (   2.477    2.621    5.761)    6.796
   2.380   (   0.951   -1.018   -3.283)    3.567
   2.380   (   0.951   -1.018    3.283)    3.567
   2.749   (  -2.123   -3.752   -2.217)    4.847
   2.749   (  -2.123   -3.752    2.217)    4.847
   3.109   (  -0.406    3.589   -2.550)    4.421
   3.109   (  -0.406    3.589    2.550)    4.421
   3.366   (  -0.641    4.001   -3.286)    5.217
   3.366   (  -0.641    4.001    3.286)    5.217
   3.833   (   3.497   -1.365   -0.741)    3.826
   3.833   (   3.497   -1.365    0.741)    3.826
   3.927   (  -1.748    1.400   -1.343)    2.611
   3.927   (  -1.748    1.400    1.343)    2.611
   4.558   (   1.008   -1.302   -2.036)    2.619
   4.558   (   1.008   -1.302    2.036)    2.619
   4.617   (  -2.619    0.292   -6.364)    6.889
   4.617   (  -2.619    0.292    6.364)    6.889
   5.590   (   0.215    0.523   -5.221)    5.252
   5.590   (   0.215    0.523    5.221)    5.252
   8.148   (   0.884   -0.206   -3.941)    4.044
   8.148   (   0.884   -0.206    3.941)    4.044
======================= Grid point 583 (177/186) =======================
q-point: (-0.20  0.20 -0.50)
Mass variance parameters: 1.64e-04 1.64e-04 1.64e-04 1.64e-04 0.00e+00 0.00e+00 0.00e+00 0.00e+00 3.39e-05 3.39e-05 
Number of triplets: 165
Frequency     group velocity (x, y, z)     |gv|
   0.658   (  -0.000    2.313   -3.126)    3.889
   0.658   (  -0.000    2.313    3.126)    3.889
   1.170   (   0.000   -4.380  -11.498)   12.304
   1.170   (   0.000   -4.380   11.498)   12.304
   1.325   (   0.000   -2.850   -1.300)    3.133
   1.325   (   0.000   -2.850    1.300)    3.133
   1.867   (   0.000   -3.146  -12.720)   13.103
   1.867   (   0.000   -3.146   12.720)   13.103
   2.099   (  -0.000    2.616   -6.794)    7.280
   2.099   (  -0.000    2.616    6.794)    7.280
   2.409   (   0.000   -2.514   -4.725)    5.352
   2.409   (   0.000   -2.514    4.725)    5.352
   2.754   (   0.000   -3.671   -2.171)    4.265
   2.754   (   0.000   -3.671    2.171)    4.265
   3.075   (  -0.000    4.115   -2.424)    4.775
   3.075   (  -0.000    4.115    2.424)    4.775
   3.334   (  -0.000    4.029   -3.522)    5.352
   3.334   (  -0.000    4.029    3.522)    5.352
   3.866   (  -0.000    2.299   -2.601)    3.472
   3.866   (  -0.000    2.299    2.601)    3.472
   3.909   (   0.000   -2.197   -0.418)    2.237
   3.909   (   0.000   -2.197    0.418)    2.237
   4.583   (   0.000   -1.575   -1.616)    2.257
   4.583   (   0.000   -1.575    1.616)    2.257
   4.585   (  -0.000    0.756   -8.389)    8.423
   4.585   (  -0.000    0.756    8.389)    8.423
   5.588   (  -0.000    0.534   -5.185)    5.213
   5.588   (  -0.000    0.534    5.185)    5.213
   8.156   (   0.000   -0.206   -4.310)    4.314
   8.156   (   0.000   -0.206    4.310)    4.314
======================= Grid point 593 (178/186) =======================
q-point: ( 0.30  0.30 -0.50)
Mass variance parameters: 1.64e-04 1.64e-04 1.64e-04 1.64e-04 0.00e+00 0.00e+00 0.00e+00 0.00e+00 3.39e-05 3.39e-05 
Number of triplets: 165
Frequency     group velocity (x, y, z)     |gv|
   0.757   (  -1.095   -0.000   -1.611)    1.948
   0.757   (  -1.095   -0.000    1.611)    1.948
   1.008   (  -3.458   -0.000   -7.250)    8.033
   1.008   (  -3.458   -0.000    7.250)    8.033
   1.487   (   0.128    0.000   -2.663)    2.666
   1.487   (   0.128    0.000    2.663)    2.666
   1.776   (  -0.183   -0.000   -8.248)    8.250
   1.776   (  -0.183   -0.000    8.248)    8.250
   2.190   (  -3.936   -0.000   -7.751)    8.694
   2.190   (  -3.936   -0.000    7.751)    8.694
   2.507   (  -6.444   -0.000   -3.631)    7.396
   2.507   (  -6.444   -0.000    3.631)    7.396
   2.669   (   3.339    0.000   -1.073)    3.507
   2.669   (   3.339    0.000    1.073)    3.507
   2.991   (   8.185    0.000   -0.960)    8.241
   2.991   (   8.185    0.000    0.960)    8.241
   3.474   (  -2.022   -0.000   -1.910)    2.781
   3.474   (  -2.022   -0.000    1.910)    2.781
   3.754   (  -1.291   -0.000   -3.186)    3.437
   3.754   (  -1.291   -0.000    3.186)    3.437
   3.981   (   1.999    0.000   -0.817)    2.160
   3.981   (   1.999    0.000    0.817)    2.160
   4.486   (  -0.296   -0.000   -1.310)    1.343
   4.486   (  -0.296   -0.000    1.310)    1.343
   4.761   (  -1.725   -0.000   -6.791)    7.007
   4.761   (  -1.725   -0.000    6.791)    7.007
   5.579   (   0.451    0.000   -5.460)    5.478
   5.579   (   0.451    0.000    5.460)    5.478
   8.085   (   0.837    0.000   -2.937)    3.054
   8.085   (   0.837    0.000    2.937)    3.054
======================= Grid point 595 (179/186) =======================
q-point: (-0.60  0.30 -0.50)
Mass variance parameters: 1.64e-04 1.64e-04 1.64e-04 1.64e-04 0.00e+00 0.00e+00 0.00e+00 0.00e+00 3.39e-05 3.39e-05 
Number of triplets: 300
Frequency     group velocity (x, y, z)     |gv|
   0.741   (  -0.883   -0.154   -1.856)    2.061
   0.741   (  -0.883   -0.154    1.856)    2.061
   0.992   (   0.145   -2.128   -7.331)    7.635
   0.992   (   0.145   -2.128    7.331)    7.635
   1.457   (  -3.889    0.000   -1.399)    4.133
   1.457   (  -3.889    0.000    1.399)    4.133
   1.782   (   0.479   -0.295   -7.439)    7.460
   1.782   (   0.479   -0.295    7.439)    7.460
   2.119   (  -3.895    0.238   -7.401)    8.367
   2.119   (  -3.895    0.238    7.401)    8.367
   2.438   (  -2.569    1.002   -4.243)    5.060
   2.438   (  -2.569    1.002    4.243)    5.060
   2.701   (   0.314   -1.594   -1.548)    2.244
   2.701   (   0.314   -1.594    1.548)    2.244
   3.108   (   6.961    1.639   -1.799)    7.375
   3.108   (   6.961    1.639    1.799)    7.375
   3.445   (  -1.830   -0.706   -2.726)    3.358
   3.445   (  -1.830   -0.706    2.726)    3.358
   3.735   (  -0.804   -0.195   -3.113)    3.221
   3.735   (  -0.804   -0.195    3.113)    3.221
   4.001   (   0.966    1.148   -1.070)    1.842
   4.001   (   0.966    1.148    1.070)    1.842
   4.491   (   0.539   -0.766   -1.206)    1.527
   4.491   (   0.539   -0.766    1.206)    1.527
   4.723   (  -2.982    0.171   -6.953)    7.568
   4.723   (  -2.982    0.171    6.953)    7.568
   5.587   (   0.554    0.095   -5.406)    5.435
   5.587   (   0.554    0.095    5.406)    5.435
   8.103   (   1.403   -0.039   -2.861)    3.187
   8.103   (   1.403   -0.039    2.861)    3.187
======================= Grid point 597 (180/186) =======================
q-point: (-0.50  0.30 -0.50)
Mass variance parameters: 1.64e-04 1.64e-04 1.64e-04 1.64e-04 0.00e+00 0.00e+00 0.00e+00 0.00e+00 3.39e-05 3.39e-05 
Number of triplets: 300
Frequency     group velocity (x, y, z)     |gv|
   0.730   (  -0.643    0.328   -1.439)    1.610
   0.730   (  -0.643    0.328    1.439)    1.610
   1.029   (   1.506   -3.669   -7.912)    8.850
   1.029   (   1.506   -3.669    7.912)    8.850
   1.379   (  -6.221   -1.132   -1.095)    6.418
   1.379   (  -6.221   -1.132    1.095)    6.418
   1.786   (  -0.553   -1.242   -9.924)   10.016
   1.786   (  -0.553   -1.242    9.924)   10.016
   2.097   (   1.601    0.942   -5.641)    5.938
   2.097   (   1.601    0.942    5.641)    5.938
   2.399   (  -1.736    1.265   -2.979)    3.673
   2.399   (  -1.736    1.265    2.979)    3.673
   2.706   (  -1.495   -2.776   -1.805)    3.633
   2.706   (  -1.495   -2.776    1.805)    3.633
   3.164   (   2.215    2.598   -2.116)    4.017
   3.164   (   2.215    2.598    2.116)    4.017
   3.430   (  -0.234    0.803   -2.996)    3.110
   3.430   (  -0.234    0.803    2.996)    3.110
   3.747   (   1.921   -1.271   -2.547)    3.434
   3.747   (   1.921   -1.271    2.547)    3.434
   3.992   (  -0.883    1.835   -1.279)    2.405
   3.992   (  -0.883    1.835    1.279)    2.405
   4.511   (   1.029   -1.328   -1.210)    2.071
   4.511   (   1.029   -1.328    1.210)    2.071
   4.672   (  -3.269    0.363   -6.965)    7.703
   4.672   (  -3.269    0.363    6.965)    7.703
   5.594   (   0.482    0.252   -5.321)    5.348
   5.594   (   0.482    0.252    5.321)    5.348
   8.126   (   1.403   -0.102   -3.012)    3.325
   8.126   (   1.403   -0.102    3.012)    3.325
======================= Grid point 599 (181/186) =======================
q-point: (-0.40  0.30 -0.50)
Mass variance parameters: 1.64e-04 1.64e-04 1.64e-04 1.64e-04 0.00e+00 0.00e+00 0.00e+00 0.00e+00 3.39e-05 3.39e-05 
Number of triplets: 300
Frequency     group velocity (x, y, z)     |gv|
   0.713   (  -0.795    1.502   -1.352)    2.171
   0.713   (  -0.795    1.502    1.352)    2.171
   1.076   (   0.991   -3.839   -9.454)   10.252
   1.076   (   0.991   -3.839    9.454)   10.252
   1.302   (  -4.731   -2.429   -0.554)    5.347
   1.302   (  -4.731   -2.429    0.554)    5.347
   1.793   (  -0.227   -2.939  -11.863)   12.224
   1.793   (  -0.227   -2.939   11.863)   12.224
   2.133   (   3.502    2.312   -6.240)    7.520
   2.133   (   3.502    2.312    6.240)    7.520
   2.371   (  -1.038   -0.236   -2.928)    3.115
   2.371   (  -1.038   -0.236    2.928)    3.115
   2.698   (  -2.102   -3.425   -1.413)    4.260
   2.698   (  -2.102   -3.425    1.413)    4.260
   3.156   (  -0.147    2.996   -2.923)    4.189
   3.156   (  -0.147    2.996    2.923)    4.189
   3.416   (   0.021    3.089   -2.840)    4.196
   3.416   (   0.021    3.089    2.840)    4.196
   3.808   (   4.173   -1.874   -1.116)    4.708
   3.808   (   4.173   -1.874    1.116)    4.708
   3.951   (  -2.721    1.708   -1.395)    3.502
   3.951   (  -2.721    1.708    1.395)    3.502
   4.538   (   1.140   -1.429   -1.383)    2.292
   4.538   (   1.140   -1.429    1.383)    2.292
   4.623   (  -2.538    0.489   -7.078)    7.535
   4.623   (  -2.538    0.489    7.078)    7.535
   5.597   (   0.266    0.416   -5.245)    5.268
   5.597   (   0.266    0.416    5.245)    5.268
   8.145   (   0.865   -0.167   -3.336)    3.451
   8.145   (   0.865   -0.167    3.336)    3.451
======================= Grid point 601 (182/186) =======================
q-point: (-0.30  0.30 -0.50)
Mass variance parameters: 1.64e-04 1.64e-04 1.64e-04 1.64e-04 0.00e+00 0.00e+00 0.00e+00 0.00e+00 3.39e-05 3.39e-05 
Number of triplets: 165
Frequency     group velocity (x, y, z)     |gv|
   0.691   (  -0.000    2.336   -1.863)    2.988
   0.691   (  -0.000    2.336    1.863)    2.988
   1.110   (   0.000   -4.022  -10.724)   11.454
   1.110   (   0.000   -4.022   10.724)   11.454
   1.283   (   0.000   -3.061   -0.952)    3.206
   1.283   (   0.000   -3.061    0.952)    3.206
   1.817   (   0.000   -3.840  -12.289)   12.875
   1.817   (   0.000   -3.840   12.289)   12.875
   2.143   (  -0.000    3.446   -7.748)    8.480
   2.143   (  -0.000    3.446    7.748)    8.480
   2.375   (   0.000   -2.176   -5.466)    5.883
   2.375   (   0.000   -2.176    5.466)    5.883
   2.702   (   0.000   -3.635   -1.092)    3.796
   2.702   (   0.000   -3.635    1.092)    3.796
   3.130   (  -0.000    3.668   -3.172)    4.849
   3.130   (  -0.000    3.668    3.172)    4.849
   3.391   (  -0.000    3.992   -3.116)    5.064
   3.391   (  -0.000    3.992    3.116)    5.064
   3.876   (   0.000   -2.408   -0.449)    2.450
   3.876   (   0.000   -2.408    0.449)    2.450
   3.898   (  -0.000    2.178   -1.976)    2.941
   3.898   (  -0.000    2.178    1.976)    2.941
   4.561   (   0.000   -1.607   -1.582)    2.255
   4.561   (   0.000   -1.607    1.582)    2.255
   4.596   (  -0.000    0.714   -8.079)    8.111
   4.596   (  -0.000    0.714    8.079)    8.111
   5.596   (  -0.000    0.523   -5.209)    5.235
   5.596   (  -0.000    0.523    5.209)    5.235
   8.153   (   0.000   -0.207   -3.694)    3.700
   8.153   (   0.000   -0.207    3.694)    3.700
======================= Grid point 615 (183/186) =======================
q-point: (-0.60  0.40 -0.50)
Mass variance parameters: 1.64e-04 1.64e-04 1.64e-04 1.64e-04 0.00e+00 0.00e+00 0.00e+00 0.00e+00 3.39e-05 3.39e-05 
Number of triplets: 165
Frequency     group velocity (x, y, z)     |gv|
   0.732   (  -0.271   -0.000   -1.636)    1.658
   0.732   (  -0.271   -0.000    1.636)    1.658
   1.003   (   1.860    0.000   -7.190)    7.426
   1.003   (   1.860    0.000    7.190)    7.426
   1.371   (  -6.633   -0.000   -0.834)    6.685
   1.371   (  -6.633   -0.000    0.834)    6.685
   1.777   (  -1.007   -0.000   -9.947)    9.997
   1.777   (  -1.007   -0.000    9.947)    9.997
   2.103   (   1.863    0.000   -5.954)    6.239
   2.103   (   1.863    0.000    5.954)    6.239
   2.409   (  -2.064   -0.000   -2.883)    3.546
   2.409   (  -2.064   -0.000    2.883)    3.546
   2.685   (  -1.490   -0.000   -0.770)    1.677
   2.685   (  -1.490   -0.000    0.770)    1.677
   3.183   (   1.900    0.000   -2.382)    3.047
   3.183   (   1.900    0.000    2.382)    3.047
   3.435   (   0.784    0.000   -3.126)    3.223
   3.435   (   0.784    0.000    3.126)    3.223
   3.738   (   1.594    0.000   -2.714)    3.148
   3.738   (   1.594    0.000    2.714)    3.148
   4.005   (  -1.103   -0.000   -0.817)    1.373
   4.005   (  -1.103   -0.000    0.817)    1.373
   4.501   (   1.118    0.000   -1.112)    1.577
   4.501   (   1.118    0.000    1.112)    1.577
   4.675   (  -3.252   -0.000   -7.027)    7.743
   4.675   (  -3.252   -0.000    7.027)    7.743
   5.595   (   0.510    0.000   -5.329)    5.353
   5.595   (   0.510    0.000    5.329)    5.353
   8.125   (   1.392    0.000   -2.811)    3.137
   8.125   (   1.392    0.000    2.811)    3.137
======================= Grid point 619 (184/186) =======================
q-point: (-0.50  0.40 -0.50)
Mass variance parameters: 1.64e-04 1.64e-04 1.64e-04 1.64e-04 0.00e+00 0.00e+00 0.00e+00 0.00e+00 3.39e-05 3.39e-05 
Number of triplets: 300
Frequency     group velocity (x, y, z)     |gv|
   0.728   (  -0.196    0.587   -1.157)    1.312
   0.728   (  -0.196    0.587    1.157)    1.312
   1.038   (   1.712   -1.461   -7.517)    7.847
   1.038   (   1.712   -1.461    7.517)    7.847
   1.278   (  -5.112   -0.941   -0.185)    5.202
   1.278   (  -5.112   -0.941    0.185)    5.202
   1.763   (  -0.895   -1.161  -11.998)   12.087
   1.763   (  -0.895   -1.161   11.998)   12.087
   2.156   (   4.364    0.872   -6.360)    7.762
   2.156   (   4.364    0.872    6.360)    7.762
   2.372   (  -2.475    0.163   -1.575)    2.938
   2.372   (  -2.475    0.163    1.575)    2.938
   2.662   (  -1.887   -1.483   -0.681)    2.495
   2.662   (  -1.887   -1.483    0.681)    2.495
   3.186   (  -0.270    1.165   -3.056)    3.281
   3.186   (  -0.270    1.165    3.056)    3.281
   3.447   (   0.669    1.179   -2.382)    2.741
   3.447   (   0.669    1.179    2.382)    2.741
   3.788   (   4.232   -0.839   -1.392)    4.533
   3.788   (   4.232   -0.839    1.392)    4.533
   3.968   (  -3.139    0.710   -0.575)    3.269
   3.968   (  -3.139    0.710    0.575)    3.269
   4.523   (   1.323   -0.600   -0.904)    1.711
   4.523   (   1.323   -0.600    0.904)    1.711
   4.628   (  -2.518    0.208   -7.175)    7.607
   4.628   (  -2.518    0.208    7.175)    7.607
   5.601   (   0.297    0.157   -5.258)    5.269
   5.601   (   0.297    0.157    5.258)    5.269
   8.143   (   0.854   -0.064   -2.899)    3.022
   8.143   (   0.854   -0.064    2.899)    3.022
======================= Grid point 621 (185/186) =======================
q-point: (-0.40  0.40 -0.50)
Mass variance parameters: 1.64e-04 1.64e-04 1.64e-04 1.64e-04 0.00e+00 0.00e+00 0.00e+00 0.00e+00 3.39e-05 3.39e-05 
Number of triplets: 165
Frequency     group velocity (x, y, z)     |gv|
   0.718   (  -0.000    1.479   -1.096)    1.841
   0.718   (  -0.000    1.479    1.096)    1.841
   1.066   (   0.000   -2.309   -8.709)    9.010
   1.066   (   0.000   -2.309    8.709)    9.010
   1.246   (   0.000   -2.018   -0.659)    2.123
   1.246   (   0.000   -2.018    0.659)    2.123
   1.770   (   0.000   -2.588  -12.405)   12.672
   1.770   (   0.000   -2.588   12.405)   12.672
   2.186   (  -0.000    2.545   -8.996)    9.349
   2.186   (  -0.000    2.545    8.996)    9.349
   2.351   (   0.000   -1.208   -5.885)    6.008
   2.351   (   0.000   -1.208    5.885)    6.008
   2.659   (   0.000   -2.462   -1.015)    2.663
   2.659   (   0.000   -2.462    1.015)    2.663
   3.171   (  -0.000    2.148   -3.400)    4.022
   3.171   (  -0.000    2.148    3.400)    4.022
   3.438   (  -0.000    2.550   -2.314)    3.444
   3.438   (  -0.000    2.550    2.314)    3.444
   3.846   (   0.000   -1.669   -0.356)    1.706
   3.846   (   0.000   -1.669    0.356)    1.706
   3.922   (  -0.000    1.292   -1.258)    1.804
   3.922   (  -0.000    1.292    1.258)    1.804
   4.542   (   0.000   -1.011   -1.005)    1.426
   4.542   (   0.000   -1.011    1.005)    1.426
   4.604   (  -0.000    0.423   -7.839)    7.850
   4.604   (  -0.000    0.423    7.839)    7.850
   5.602   (  -0.000    0.318   -5.227)    5.237
   5.602   (  -0.000    0.318    5.227)    5.237
   8.151   (   0.000   -0.128   -3.106)    3.108
   8.151   (   0.000   -0.128    3.106)    3.108
======================= Grid point 641 (186/186) =======================
q-point: ( 0.50 -0.50 -0.50)
Mass variance parameters: 1.64e-04 1.64e-04 1.64e-04 1.64e-04 0.00e+00 0.00e+00 0.00e+00 0.00e+00 3.39e-05 3.39e-05 
Number of triplets: 93
Frequency     group velocity (x, y, z)     |gv|
   0.729   (   0.000   -0.000   -0.971)    0.971
   0.729   (   0.000   -0.000    0.971)    0.971
   1.049   (   0.000   -0.000   -7.321)    7.321
   1.049   (  -0.000    0.000    7.321)    7.321
   1.232   (  -0.000    0.000   -0.546)    0.546
   1.232   (  -0.000    0.000    0.546)    0.546
   1.751   (  -0.000    0.000  -12.543)   12.543
   1.751   (   0.000    0.000   12.543)   12.543
   2.205   (   0.000   -0.000   -9.638)    9.638
   2.205   (   0.000   -0.000    9.638)    9.638
   2.343   (   0.000   -0.000   -6.022)    6.022
   2.343   (   0.000   -0.000    6.022)    6.022
   2.641   (  -0.000    0.000   -1.474)    1.474
   2.641   (  -0.000    0.000    1.474)    1.474
   3.187   (   0.000   -0.000   -3.422)    3.422
   3.187   (   0.000   -0.000    3.422)    3.422
   3.456   (   0.000   -0.000   -1.734)    1.734
   3.456   (   0.000   -0.000    1.734)    1.734
   3.834   (  -0.000    0.000   -0.125)    0.125
   3.834   (  -0.000    0.000    0.125)    0.125
   3.931   (  -0.000    0.000   -0.830)    0.830
   3.931   (   0.000    0.000    0.830)    0.830
   4.535   (  -0.000    0.000   -0.095)    0.095
   4.535   (   0.000   -0.000    0.095)    0.095
   4.607   (  -0.000    0.000   -7.749)    7.749
   4.607   (   0.000   -0.000    7.749)    7.749
   5.604   (   0.000   -0.000   -5.234)    5.234
   5.604   (   0.000   -0.000    5.234)    5.234
   8.150   (   0.000   -0.000   -2.848)    2.848
   8.150   (   0.000   -0.000    2.848)    2.848
=================== End of collection of collisions ===================
----------- Thermal conductivity (W/m-k) with tetrahedron method -----------
#  T(K)        xx         yy         zz         yz         xz         xy
  300.0       0.293      0.393      0.426      0.000      0.000     -0.000
  400.0       0.219      0.293      0.319      0.000      0.000     -0.000
  500.0       0.175      0.234      0.256      0.000      0.000     -0.000
  600.0       0.146      0.195      0.213      0.000      0.000     -0.000
  700.0       0.125      0.167      0.182      0.000      0.000     -0.000
  800.0       0.110      0.146      0.160      0.000      0.000     -0.000
  900.0       0.097      0.130      0.142      0.000      0.000     -0.000

Thermal conductivity related properties were written into 
"kappa-m101010.m101010.hdf5".
