/home/gwins/codespace/mlfcs-new/tutorial/phono3py_thermal_conductivity.py:53: PrimitiveMatrixAutoDefaultWarning: primitive_matrix defaulted to 'auto' and was resolved to a non-identity matrix:
  [ 0.50000,  0.00000,  0.00000]
  [ 0.00000,  0.25000,  0.00000]
  [ 0.00000,  0.00000,  0.25000]
This differs from phonopy v3, whose default was the identity matrix. Pass primitive_matrix='P' (or --pa P on the command line) to restore the v3 behaviour.
  ph3 = Phono3py(unitcell, np.eye(3, dtype=int), primitive_matrix="auto", log_level=1)
-------------------- Lattice thermal conductivity (RTA) --------------------
Running heat capacity calculations...
Running velocity calculations...
Running isotope scattering calculations with tetrahedron method...
======================= Grid point 0 (1/512) =======================
q-point: ( 0.00  0.00  0.00)
Mass variance parameters: 4.63e-04 4.63e-04 4.63e-04 4.63e-04 3.34e-04 3.34e-04 3.34e-04 3.34e-04 
Number of triplets: 512
Frequency     group velocity (x, y, z)     |gv|
  -0.000   (   0.000    0.000    0.000)    0.000
  -0.000   (   0.000    0.000    0.000)    0.000
   0.000   (   0.000    0.000    0.000)    0.000
   0.893   (   0.000    0.000    0.000)    0.000
   0.913   (   0.000    0.000    0.000)    0.000
   1.296   (   0.000    0.000    0.000)    0.000
   1.401   (   0.000    0.000    0.000)    0.000
   1.544   (   0.000    0.000    0.000)    0.000
   1.676   (   0.000    0.000    0.000)    0.000
   1.816   (   0.000    0.000    0.000)    0.000
   1.850   (   0.000    0.000    0.000)    0.000
   2.310   (   0.000    0.000    0.000)    0.000
   3.381   (   0.000    0.000    0.000)    0.000
   3.505   (   0.000    0.000    0.000)    0.000
   3.541   (   0.000    0.000    0.000)    0.000
   3.599   (   0.000    0.000    0.000)    0.000
   3.697   (   0.000    0.000    0.000)    0.000
   3.872   (   0.000    0.000    0.000)    0.000
   3.909   (   0.000    0.000    0.000)    0.000
   3.972   (   0.000    0.000    0.000)    0.000
   4.466   (   0.000    0.000    0.000)    0.000
   4.472   (   0.000    0.000    0.000)    0.000
   4.542   (   0.000    0.000    0.000)    0.000
   5.228   (   0.000    0.000    0.000)    0.000
======================= Grid point 1 (2/512) =======================
q-point: ( 0.07  0.00  0.00)
Mass variance parameters: 4.63e-04 4.63e-04 4.63e-04 4.63e-04 3.34e-04 3.34e-04 3.34e-04 3.34e-04 
Number of triplets: 512
Frequency     group velocity (x, y, z)     |gv|
   0.081   (  14.029    0.000    0.000)   14.029
   0.096   (  16.502    0.000    0.000)   16.502
   0.187   (  32.223    0.000    0.000)   32.223
   0.890   (  -1.220    0.000    0.000)    1.220
   0.905   (  -2.964    0.000    0.000)    2.964
   1.301   (   1.859    0.000    0.000)    1.859
   1.404   (   1.103    0.000    0.000)    1.103
   1.542   (  -0.597    0.000    0.000)    0.597
   1.673   (  -1.050    0.000    0.000)    1.050
   1.821   (   1.672    0.000    0.000)    1.672
   1.840   (  -3.500    0.000    0.000)    3.500
   2.304   (  -1.941    0.000    0.000)    1.941
   3.382   (   0.405    0.000    0.000)    0.405
   3.506   (   0.122    0.000    0.000)    0.122
   3.538   (  -1.193    0.000    0.000)    1.193
   3.598   (  -0.415    0.000    0.000)    0.415
   3.701   (   1.251    0.000    0.000)    1.251
   3.871   (  -0.449    0.000    0.000)    0.449
   3.911   (   0.456    0.000    0.000)    0.456
   3.971   (  -0.275    0.000    0.000)    0.275
   4.472   (   2.199    0.000    0.000)    2.199
   4.473   (   0.334    0.000    0.000)    0.334
   4.544   (   0.805    0.000    0.000)    0.805
   5.221   (  -2.502    0.000    0.000)    2.502
======================= Grid point 2 (3/512) =======================
q-point: ( 0.13  0.00  0.00)
Mass variance parameters: 4.63e-04 4.63e-04 4.63e-04 4.63e-04 3.34e-04 3.34e-04 3.34e-04 3.34e-04 
Number of triplets: 512
Frequency     group velocity (x, y, z)     |gv|
   0.162   (  13.918    0.000    0.000)   13.918
   0.191   (  16.237    0.000    0.000)   16.237
   0.372   (  31.754    0.000    0.000)   31.754
   0.879   (  -2.608    0.000    0.000)    2.608
   0.880   (  -5.481    0.000    0.000)    5.481
   1.316   (   3.275    0.000    0.000)    3.275
   1.414   (   2.255    0.000    0.000)    2.255
   1.537   (  -1.187    0.000    0.000)    1.187
   1.664   (  -2.205    0.000    0.000)    2.205
   1.809   (  -6.816    0.000    0.000)    6.816
   1.836   (   3.303    0.000    0.000)    3.303
   2.288   (  -3.799    0.000    0.000)    3.799
   3.385   (   0.804    0.000    0.000)    0.804
   3.507   (   0.304    0.000    0.000)    0.304
   3.528   (  -2.079    0.000    0.000)    2.079
   3.595   (  -0.820    0.000    0.000)    0.820
   3.711   (   2.192    0.000    0.000)    2.192
   3.867   (  -0.890    0.000    0.000)    0.890
   3.915   (   0.799    0.000    0.000)    0.799
   3.969   (  -0.510    0.000    0.000)    0.510
   4.476   (   0.625    0.000    0.000)    0.625
   4.489   (   3.127    0.000    0.000)    3.127
   4.554   (   2.714    0.000    0.000)    2.714
   5.199   (  -4.925    0.000    0.000)    4.925
======================= Grid point 3 (4/512) =======================
q-point: ( 0.20  0.00  0.00)
Mass variance parameters: 4.63e-04 4.63e-04 4.63e-04 4.63e-04 3.34e-04 3.34e-04 3.34e-04 3.34e-04 
Number of triplets: 512
Frequency     group velocity (x, y, z)     |gv|
   0.242   (  13.734    0.000    0.000)   13.734
   0.284   (  15.795    0.000    0.000)   15.795
   0.554   (  30.970    0.000    0.000)   30.970
   0.842   (  -7.419    0.000    0.000)    7.419
   0.859   (  -4.218    0.000    0.000)    4.218
   1.338   (   4.122    0.000    0.000)    4.122
   1.431   (   3.411    0.000    0.000)    3.411
   1.529   (  -1.763    0.000    0.000)    1.763
   1.647   (  -3.781    0.000    0.000)    3.781
   1.762   (  -9.559    0.000    0.000)    9.559
   1.859   (   4.850    0.000    0.000)    4.850
   2.261   (  -5.490    0.000    0.000)    5.490
   3.391   (   1.189    0.000    0.000)    1.189
   3.510   (   0.573    0.000    0.000)    0.573
   3.514   (  -2.600    0.000    0.000)    2.600
   3.589   (  -1.200    0.000    0.000)    1.200
   3.726   (   2.760    0.000    0.000)    2.760
   3.860   (  -1.315    0.000    0.000)    1.315
   3.920   (   0.979    0.000    0.000)    0.979
   3.966   (  -0.679    0.000    0.000)    0.679
   4.480   (   0.842    0.000    0.000)    0.842
   4.504   (   1.843    0.000    0.000)    1.843
   4.580   (   6.501    0.000    0.000)    6.501
   5.164   (  -7.191    0.000    0.000)    7.191
======================= Grid point 4 (5/512) =======================
q-point: ( 0.27  0.00  0.00)
Mass variance parameters: 4.63e-04 4.63e-04 4.63e-04 4.63e-04 3.34e-04 3.34e-04 3.34e-04 3.34e-04 
Number of triplets: 512
Frequency     group velocity (x, y, z)     |gv|
   0.321   (  13.475    0.000    0.000)   13.475
   0.373   (  15.179    0.000    0.000)   15.179
   0.730   (  29.861    0.000    0.000)   29.861
   0.795   (  -8.877    0.000    0.000)    8.877
   0.830   (  -5.967    0.000    0.000)    5.967
   1.363   (   4.504    0.000    0.000)    4.504
   1.453   (   4.434    0.000    0.000)    4.434
   1.517   (  -2.318    0.000    0.000)    2.318
   1.617   (  -7.114    0.000    0.000)    7.114
   1.702   ( -10.324    0.000    0.000)   10.324
   1.891   (   6.260    0.000    0.000)    6.260
   2.225   (  -6.933    0.000    0.000)    6.933
   3.399   (   1.554    0.000    0.000)    1.554
   3.499   (  -2.843    0.000    0.000)    2.843
   3.514   (   0.910    0.000    0.000)    0.910
   3.581   (  -1.530    0.000    0.000)    1.530
   3.743   (   3.042    0.000    0.000)    3.042
   3.851   (  -1.718    0.000    0.000)    1.718
   3.926   (   1.021    0.000    0.000)    1.021
   3.961   (  -0.777    0.000    0.000)    0.777
   4.485   (   0.969    0.000    0.000)    0.969
   4.510   (   0.520    0.000    0.000)    0.520
   4.628   (   9.837    0.000    0.000)    9.837
   5.116   (  -9.221    0.000    0.000)    9.221
======================= Grid point 5 (6/512) =======================
q-point: ( 0.33  0.00  0.00)
Mass variance parameters: 4.63e-04 4.63e-04 4.63e-04 4.63e-04 3.34e-04 3.34e-04 3.34e-04 3.34e-04 
Number of triplets: 512
Frequency     group velocity (x, y, z)     |gv|
   0.398   (  13.139    0.000    0.000)   13.139
   0.459   (  14.388    0.000    0.000)   14.388
   0.740   (  -9.997    0.000    0.000)    9.997
   0.790   (  -7.742    0.000    0.000)    7.742
   0.899   (  28.443    0.000    0.000)   28.443
   1.390   (   4.568    0.000    0.000)    4.568
   1.481   (   5.184    0.000    0.000)    5.184
   1.502   (  -2.843    0.000    0.000)    2.843
   1.557   ( -13.717    0.000    0.000)   13.717
   1.650   (  -7.533    0.000    0.000)    7.533
   1.931   (   7.467    0.000    0.000)    7.467
   2.181   (  -8.053    0.000    0.000)    8.053
   3.409   (   1.894    0.000    0.000)    1.894
   3.482   (  -2.901    0.000    0.000)    2.901
   3.520   (   1.265    0.000    0.000)    1.265
   3.571   (  -1.779    0.000    0.000)    1.779
   3.761   (   3.127    0.000    0.000)    3.127
   3.840   (  -2.090    0.000    0.000)    2.090
   3.931   (   0.984    0.000    0.000)    0.984
   3.957   (  -0.819    0.000    0.000)    0.819
   4.491   (   1.004    0.000    0.000)    1.004
   4.511   (  -0.105    0.000    0.000)    0.105
   4.691   (  11.878    0.000    0.000)   11.878
   5.058   ( -10.933    0.000    0.000)   10.933
======================= Grid point 6 (7/512) =======================
q-point: ( 0.40  0.00  0.00)
Mass variance parameters: 4.63e-04 4.63e-04 4.63e-04 4.63e-04 3.34e-04 3.34e-04 3.34e-04 3.34e-04 
Number of triplets: 512
Frequency     group velocity (x, y, z)     |gv|
   0.473   (  12.722    0.000    0.000)   12.722
   0.540   (  13.420    0.000    0.000)   13.420
   0.680   ( -10.887    0.000    0.000)   10.887
   0.740   (  -9.425    0.000    0.000)    9.425
   1.059   (  26.702    0.000    0.000)   26.702
   1.416   (   4.423    0.000    0.000)    4.423
   1.462   ( -18.795    0.000    0.000)   18.795
   1.484   (  -3.331    0.000    0.000)    3.331
   1.513   (   5.601    0.000    0.000)    5.601
   1.612   (  -5.920    0.000    0.000)    5.920
   1.977   (   8.390    0.000    0.000)    8.390
   2.132   (  -8.787    0.000    0.000)    8.787
   3.421   (   2.200    0.000    0.000)    2.200
   3.465   (  -2.835    0.000    0.000)    2.835
   3.528   (   1.583    0.000    0.000)    1.583
   3.560   (  -1.921    0.000    0.000)    1.921
   3.779   (   3.078    0.000    0.000)    3.078
   3.827   (  -2.422    0.000    0.000)    2.422
   3.937   (   0.923    0.000    0.000)    0.923
   3.952   (  -0.833    0.000    0.000)    0.833
   4.497   (   0.958    0.000    0.000)    0.958
   4.510   (  -0.445    0.000    0.000)    0.445
   4.764   (  12.989    0.000    0.000)   12.989
   4.991   ( -12.248    0.000    0.000)   12.248
======================= Grid point 7 (8/512) =======================
q-point: ( 0.47  0.00  0.00)
Mass variance parameters: 4.63e-04 4.63e-04 4.63e-04 4.63e-04 3.34e-04 3.34e-04 3.34e-04 3.34e-04 
Number of triplets: 512
Frequency     group velocity (x, y, z)     |gv|
   0.545   (  12.218    0.000    0.000)   12.218
   0.614   (  12.272    0.000    0.000)   12.272
   0.614   ( -11.614    0.000    0.000)   11.614
   0.681   ( -10.940    0.000    0.000)   10.940
   1.208   (  24.597    0.000    0.000)   24.597
   1.343   ( -22.059    0.000    0.000)   22.059
   1.440   (   4.143    0.000    0.000)    4.143
   1.463   (  -3.770    0.000    0.000)    3.770
   1.546   (   5.726    0.000    0.000)    5.726
   1.579   (  -5.708    0.000    0.000)    5.708
   2.028   (   8.951    0.000    0.000)    8.951
   2.080   (  -9.091    0.000    0.000)    9.091
   3.434   (   2.467    0.000    0.000)    2.467
   3.449   (  -2.683    0.000    0.000)    2.683
   3.538   (   1.817    0.000    0.000)    1.817
   3.549   (  -1.934    0.000    0.000)    1.934
   3.796   (   2.929    0.000    0.000)    2.929
   3.812   (  -2.706    0.000    0.000)    2.706
   3.942   (   0.872    0.000    0.000)    0.872
   3.947   (  -0.844    0.000    0.000)    0.844
   4.502   (   0.845    0.000    0.000)    0.845
   4.507   (  -0.675    0.000    0.000)    0.675
   4.840   (  13.358    0.000    0.000)   13.358
   4.917   ( -13.083    0.000    0.000)   13.083
======================= Grid point 15 (9/512) =======================
q-point: ( 0.00  0.07  0.00)
Mass variance parameters: 4.63e-04 4.63e-04 4.63e-04 4.63e-04 3.34e-04 3.34e-04 3.34e-04 3.34e-04 
Number of triplets: 512
Frequency     group velocity (x, y, z)     |gv|
   0.258   (   0.000   16.261    0.000)   16.261
   0.379   (   0.000   23.364    0.000)   23.364
   0.541   (   0.000   33.313    0.000)   33.313
   0.942   (   0.000    5.886    0.000)    5.886
   1.026   (   0.000   12.823    0.000)   12.823
   1.320   (   0.000    2.800    0.000)    2.800
   1.454   (   0.000    6.373    0.000)    6.373
   1.634   (   0.000   10.780    0.000)   10.780
   1.723   (   0.000    5.112    0.000)    5.112
   1.831   (   0.000    1.813    0.000)    1.813
   1.916   (   0.000    8.580    0.000)    8.580
   2.288   (   0.000   -2.261    0.000)    2.261
   3.441   (   0.000    5.574    0.000)    5.574
   3.551   (   0.000    7.267    0.000)    7.267
   3.557   (   0.000    0.832    0.000)    0.832
   3.663   (   0.000    8.766    0.000)    8.766
   3.705   (   0.000    0.877    0.000)    0.877
   3.855   (   0.000   -1.301    0.000)    1.301
   3.941   (   0.000    3.192    0.000)    3.192
   3.992   (   0.000    2.410    0.000)    2.410
   4.461   (   0.000   -0.508    0.000)    0.508
   4.472   (   0.000   -0.020    0.000)    0.020
   4.542   (   0.000   -0.091    0.000)    0.091
   5.227   (   0.000   -0.121    0.000)    0.121
======================= Grid point 16 (10/512) =======================
q-point: ( 0.07  0.07  0.00)
Mass variance parameters: 4.63e-04 4.63e-04 4.63e-04 4.63e-04 3.34e-04 3.34e-04 3.34e-04 3.34e-04 
Number of triplets: 904
Frequency     group velocity (x, y, z)     |gv|
   0.304   (  14.305   13.671    0.000)   19.788
   0.390   (   3.862   22.613    0.000)   22.941
   0.553   (   4.547   32.424    0.000)   32.741
   0.939   (  -1.019    5.949    0.000)    6.036
   1.017   (  -2.811   12.834    0.000)   13.139
   1.325   (   1.658    2.775    0.000)    3.232
   1.457   (   0.993    6.333    0.000)    6.411
   1.632   (  -0.649   10.741    0.000)   10.761
   1.721   (  -0.890    5.139    0.000)    5.215
   1.836   (   1.761    1.866    0.000)    2.566
   1.907   (  -3.250    8.678    0.000)    9.266
   2.283   (  -1.742   -2.193    0.000)    2.801
   3.440   (  -0.104    5.431    0.000)    5.432
   3.552   (   0.296    7.278    0.000)    7.284
   3.555   (  -0.836    0.927    0.000)    1.248
   3.659   (  -1.330    8.096    0.000)    8.205
   3.710   (   1.771    1.442    0.000)    2.284
   3.855   (  -0.058   -1.207    0.000)    1.208
   3.942   (   0.208    3.162    0.000)    3.168
   3.991   (  -0.250    2.418    0.000)    2.431
   4.469   (   2.470   -0.417    0.000)    2.505
   4.473   (   0.330   -0.022    0.000)    0.330
   4.543   (   0.612   -0.153    0.000)    0.631
   5.220   (  -2.489   -0.115    0.000)    2.491
======================= Grid point 17 (11/512) =======================
q-point: ( 0.13  0.07  0.00)
Mass variance parameters: 4.63e-04 4.63e-04 4.63e-04 4.63e-04 3.34e-04 3.34e-04 3.34e-04 3.34e-04 
Number of triplets: 904
Frequency     group velocity (x, y, z)     |gv|
   0.400   (  16.998   11.894    0.000)   20.746
   0.422   (   6.985   20.716    0.000)   21.862
   0.597   (  11.144   28.494    0.000)   30.595
   0.930   (  -2.186    6.148    0.000)    6.525
   0.994   (  -5.070   12.926    0.000)   13.885
   1.338   (   2.689    2.623    0.000)    3.757
   1.466   (   2.032    6.213    0.000)    6.537
   1.627   (  -1.178   10.680    0.000)   10.744
   1.713   (  -1.781    5.230    0.000)    5.525
   1.851   (   3.383    1.970    0.000)    3.914
   1.879   (  -6.322    8.983    0.000)   10.984
   2.268   (  -3.412   -1.993    0.000)    3.952
   3.440   (  -0.079    5.046    0.000)    5.047
   3.548   (  -1.583    1.177    0.000)    1.973
   3.555   (   0.587    7.297    0.000)    7.320
   3.650   (  -1.714    7.268    0.000)    7.467
   3.723   (   2.522    1.993    0.000)    3.215
   3.854   (  -0.253   -0.946    0.000)    0.980
   3.944   (   0.414    3.074    0.000)    3.102
   3.989   (  -0.465    2.440    0.000)    2.484
   4.476   (   0.620   -0.027    0.000)    0.621
   4.488   (   3.682   -0.119    0.000)    3.684
   4.551   (   2.299   -0.368    0.000)    2.328
   5.198   (  -4.902   -0.099    0.000)    4.903
======================= Grid point 18 (12/512) =======================
q-point: ( 0.20  0.07  0.00)
Mass variance parameters: 4.63e-04 4.63e-04 4.63e-04 4.63e-04 3.34e-04 3.34e-04 3.34e-04 3.34e-04 
Number of triplets: 904
Frequency     group velocity (x, y, z)     |gv|
   0.469   (   9.079   18.360    0.000)   20.482
   0.487   (  12.707   15.307    0.000)   19.894
   0.686   (  19.363   20.042    0.000)   27.867
   0.913   (  -3.553    6.499    0.000)    7.406
   0.960   (  -6.666   13.186    0.000)   14.775
   1.354   (   2.852    2.204    0.000)    3.604
   1.481   (   3.085    6.014    0.000)    6.759
   1.619   (  -1.536   10.711    0.000)   10.820
   1.700   (  -2.688    5.435    0.000)    6.063
   1.834   (  -8.973    9.516    0.000)   13.079
   1.875   (   4.804    2.023    0.000)    5.212
   2.244   (  -4.937   -1.674    0.000)    5.213
   3.440   (   0.141    4.525    0.000)    4.527
   3.537   (  -2.165    1.500    0.000)    2.634
   3.559   (   0.866    7.295    0.000)    7.346
   3.640   (  -1.755    6.774    0.000)    6.998
   3.739   (   2.801    2.127    0.000)    3.517
   3.852   (  -0.612   -0.577    0.000)    0.841
   3.947   (   0.593    2.949    0.000)    3.008
   3.986   (  -0.624    2.471    0.000)    2.549
   4.480   (   0.841   -0.033    0.000)    0.842
   4.506   (   2.134    0.226    0.000)    2.146
   4.575   (   6.378   -0.599    0.000)    6.406
   5.163   (  -7.164   -0.077    0.000)    7.164
======================= Grid point 19 (13/512) =======================
q-point: ( 0.27  0.07  0.00)
Mass variance parameters: 4.63e-04 4.63e-04 4.63e-04 4.63e-04 3.34e-04 3.34e-04 3.34e-04 3.34e-04 
Number of triplets: 904
Frequency     group velocity (x, y, z)     |gv|
   0.525   (  10.237   16.047    0.000)   19.034
   0.551   (   9.960   18.347    0.000)   20.876
   0.813   (  23.518   12.584    0.000)   26.673
   0.888   (  -5.043    7.021    0.000)    8.644
   0.918   (  -7.747   13.649    0.000)   15.695
   1.369   (   1.990    1.388    0.000)    2.426
   1.502   (   4.029    5.751    0.000)    7.022
   1.609   (  -1.702   10.941    0.000)   11.072
   1.681   (  -3.684    5.919    0.000)    6.972
   1.777   ( -10.734   10.227    0.000)   14.826
   1.906   (   6.019    1.952    0.000)    6.327
   2.211   (  -6.244   -1.252    0.000)    6.368
   3.442   (   0.540    3.976    0.000)    4.013
   3.523   (  -2.539    1.814    0.000)    3.121
   3.565   (   1.121    7.248    0.000)    7.334
   3.630   (  -1.747    6.527    0.000)    6.756
   3.755   (   2.885    2.027    0.000)    3.525
   3.847   (  -1.062   -0.166    0.000)    1.075
   3.950   (   0.714    2.818    0.000)    2.908
   3.982   (  -0.722    2.503    0.000)    2.605
   4.485   (   0.977   -0.034    0.000)    0.978
   4.513   (   0.489    0.273    0.000)    0.560
   4.623   (  10.032   -0.524    0.000)   10.046
   5.116   (  -9.198   -0.053    0.000)    9.198
======================= Grid point 20 (14/512) =======================
q-point: ( 0.33  0.07  0.00)
Mass variance parameters: 4.63e-04 4.63e-04 4.63e-04 4.63e-04 3.34e-04 3.34e-04 3.34e-04 3.34e-04 
Number of triplets: 904
Frequency     group velocity (x, y, z)     |gv|
   0.586   (  10.666   13.993    0.000)   17.594
   0.607   (   9.328   18.867    0.000)   21.047
   0.855   (  -6.554    7.667    0.000)   10.087
   0.871   (  -8.470   14.313    0.000)   16.631
   0.952   (  23.988    8.070    0.000)   25.309
   1.374   (  -0.486    0.139    0.000)    0.505
   1.527   (   4.703    5.451    0.000)    7.199
   1.600   (  -1.580   11.457    0.000)   11.566
   1.656   (  -5.053    7.388    0.000)    8.951
   1.714   ( -10.486   10.480    0.000)   14.825
   1.944   (   7.016    1.730    0.000)    7.226
   2.172   (  -7.267   -0.752    0.000)    7.306
   3.446   (   1.047    3.479    0.000)    3.633
   3.508   (  -2.698    2.080    0.000)    3.406
   3.572   (   1.342    7.148    0.000)    7.273
   3.619   (  -1.747    6.456    0.000)    6.689
   3.772   (   2.855    1.815    0.000)    3.383
   3.840   (  -1.519    0.234    0.000)    1.537
   3.955   (   0.773    2.711    0.000)    2.820
   3.977   (  -0.770    2.530    0.000)    2.644
   4.491   (   1.027   -0.026    0.000)    1.027
   4.513   (  -0.193    0.209    0.000)    0.284
   4.688   (  12.098   -0.355    0.000)   12.103
   5.057   ( -10.926   -0.035    0.000)   10.926
======================= Grid point 21 (15/512) =======================
q-point: ( 0.40  0.07  0.00)
Mass variance parameters: 4.63e-04 4.63e-04 4.63e-04 4.63e-04 3.34e-04 3.34e-04 3.34e-04 3.34e-04 
Number of triplets: 904
Frequency     group velocity (x, y, z)     |gv|
   0.648   (  10.545   12.244    0.000)   16.159
   0.660   (   9.289   18.229    0.000)   20.459
   0.812   (  -7.945    8.519    0.000)   11.649
   0.820   (  -8.935   15.155    0.000)   17.593
   1.087   (  22.450    4.865    0.000)   22.971
   1.357   (  -5.772   -0.958    0.000)    5.851
   1.555   (   4.808    5.265    0.000)    7.130
   1.592   (  -0.723   12.239    0.000)   12.261
   1.623   (  -6.205   11.038    0.000)   12.663
   1.661   (  -7.429    8.549    0.000)   11.326
   1.987   (   7.757    1.369    0.000)    7.877
   2.128   (  -7.951   -0.203    0.000)    7.954
   3.454   (   1.579    3.072    0.000)    3.454
   3.492   (  -2.655    2.301    0.000)    3.514
   3.580   (   1.518    7.001    0.000)    7.163
   3.609   (  -1.745    6.514    0.000)    6.743
   3.788   (   2.737    1.550    0.000)    3.146
   3.830   (  -1.929    0.604    0.000)    2.022
   3.959   (   0.791    2.638    0.000)    2.755
   3.973   (  -0.786    2.551    0.000)    2.669
   4.497   (   0.999   -0.006    0.000)    0.999
   4.511   (  -0.533    0.138    0.000)    0.551
   4.761   (  13.164   -0.211    0.000)   13.166
   4.990   ( -12.270   -0.032    0.000)   12.270
======================= Grid point 22 (16/512) =======================
q-point: ( 0.47  0.07  0.00)
Mass variance parameters: 4.63e-04 4.63e-04 4.63e-04 4.63e-04 3.34e-04 3.34e-04 3.34e-04 3.34e-04 
Number of triplets: 904
Frequency     group velocity (x, y, z)     |gv|
   0.708   (  10.000   10.775    0.000)   14.700
   0.714   (   9.299   17.214    0.000)   19.565
   0.763   (  -9.113    9.545    0.000)   13.196
   0.768   (  -9.199   16.143    0.000)   18.580
   1.208   (  19.069    2.085    0.000)   19.183
   1.303   ( -13.204   -0.280    0.000)   13.207
   1.578   (   2.554    8.419    0.000)    8.798
   1.593   (  -3.659   12.360    0.000)   12.890
   1.597   (   3.228   10.157    0.000)   10.658
   1.625   (  -5.542    7.397    0.000)    9.243
   2.033   (   8.188    0.898    0.000)    8.237
   2.081   (  -8.261    0.360    0.000)    8.269
   3.465   (   2.061    2.757    0.000)    3.442
   3.478   (  -2.433    2.513    0.000)    3.498
   3.589   (   1.643    6.826    0.000)    7.021
   3.599   (  -1.716    6.651    0.000)    6.869
   3.803   (   2.542    1.258    0.000)    2.836
   3.817   (  -2.272    0.943    0.000)    2.460
   3.964   (   0.792    2.595    0.000)    2.713
   3.968   (  -0.790    2.570    0.000)    2.688
   4.502   (   0.904    0.028    0.000)    0.905
   4.507   (  -0.751    0.077    0.000)    0.755
   4.839   (  13.475   -0.111    0.000)   13.476
   4.916   ( -13.147   -0.054    0.000)   13.147
======================= Grid point 30 (17/512) =======================
q-point: ( 0.00  0.13  0.00)
Mass variance parameters: 4.63e-04 4.63e-04 4.63e-04 4.63e-04 3.34e-04 3.34e-04 3.34e-04 3.34e-04 
Number of triplets: 512
Frequency     group velocity (x, y, z)     |gv|
   0.518   (   0.000   16.143    0.000)   16.143
   0.739   (   0.000   21.510    0.000)   21.510
   1.051   (   0.000   26.627    0.000)   26.627
   1.074   (   0.000   13.806    0.000)   13.806
   1.268   (   0.000   15.850    0.000)   15.850
   1.373   (   0.000    3.420    0.000)    3.420
   1.588   (   0.000    9.612    0.000)    9.612
   1.819   (   0.000    6.549    0.000)    6.549
   1.866   (   0.000   17.578    0.000)   17.578
   1.875   (   0.000    3.780    0.000)    3.780
   2.120   (   0.000   16.341    0.000)   16.341
   2.261   (   0.000   -0.291    0.000)    0.291
   3.514   (   0.000    4.233    0.000)    4.233
   3.572   (   0.000    1.471    0.000)    1.471
   3.724   (   0.000    1.536    0.000)    1.536
   3.757   (   0.000   16.894    0.000)   16.894
   3.839   (   0.000   -0.641    0.000)    0.641
   3.857   (   0.000   14.451    0.000)   14.451
   4.002   (   0.000    4.298    0.000)    4.298
   4.047   (   0.000    4.310    0.000)    4.310
   4.453   (   0.000   -0.413    0.000)    0.413
   4.472   (   0.000    0.086    0.000)    0.086
   4.540   (   0.000   -0.128    0.000)    0.128
   5.224   (   0.000   -0.235    0.000)    0.235
======================= Grid point 31 (18/512) =======================
q-point: ( 0.07  0.13  0.00)
Mass variance parameters: 4.63e-04 4.63e-04 4.63e-04 4.63e-04 3.34e-04 3.34e-04 3.34e-04 3.34e-04 
Number of triplets: 904
Frequency     group velocity (x, y, z)     |gv|
   0.540   (   7.307   15.262    0.000)   16.922
   0.744   (   1.732   21.294    0.000)   21.365
   1.055   (   1.284   23.845    0.000)   23.879
   1.074   (   0.043   16.413    0.000)   16.413
   1.257   (  -3.727   15.090    0.000)   15.543
   1.381   (   2.527    4.189    0.000)    4.892
   1.590   (   0.696    9.552    0.000)    9.577
   1.817   (  -0.777    6.577    0.000)    6.623
   1.854   (  -2.353   12.956    0.000)   13.168
   1.891   (   3.575    8.429    0.000)    9.156
   2.112   (  -2.692   16.380    0.000)   16.600
   2.257   (  -1.205   -0.136    0.000)    1.213
   3.513   (  -0.410    4.225    0.000)    4.245
   3.571   (  -0.505    1.510    0.000)    1.592
   3.724   (  -0.032    1.643    0.000)    1.643
   3.753   (  -1.362   15.623    0.000)   15.682
   3.844   (   1.478    0.524    0.000)    1.568
   3.857   (   0.121   14.309    0.000)   14.309
   4.002   (   0.108    4.286    0.000)    4.287
   4.046   (  -0.211    4.315    0.000)    4.320
   4.462   (   3.189   -0.254    0.000)    3.199
   4.473   (   0.296    0.074    0.000)    0.305
   4.540   (   0.161   -0.213    0.000)    0.267
   5.217   (  -2.426   -0.216    0.000)    2.436
======================= Grid point 32 (19/512) =======================
q-point: ( 0.13  0.13  0.00)
Mass variance parameters: 4.63e-04 4.63e-04 4.63e-04 4.63e-04 3.34e-04 3.34e-04 3.34e-04 3.34e-04 
Number of triplets: 904
Frequency     group velocity (x, y, z)     |gv|
   0.598   (  12.348   13.270    0.000)   18.127
   0.759   (   3.316   20.678    0.000)   20.942
   1.059   (  -0.462   12.444    0.000)   12.453
   1.081   (   3.113   27.231    0.000)   27.408
   1.229   (  -5.591   14.144    0.000)   15.209
   1.398   (   3.084    5.166    0.000)    6.017
   1.596   (   1.447    9.375    0.000)    9.486
   1.810   (  -1.540    6.661    0.000)    6.837
   1.842   (  -1.808   12.940    0.000)   13.066
   1.913   (   4.238    8.525    0.000)    9.520
   2.089   (  -5.128   16.534    0.000)   17.311
   2.247   (  -2.402    0.285    0.000)    2.418
   3.509   (  -0.660    4.192    0.000)    4.243
   3.566   (  -0.985    1.625    0.000)    1.900
   3.724   (  -0.068    1.959    0.000)    1.960
   3.744   (  -1.744   13.346    0.000)   13.459
   3.854   (   1.908    2.527    0.000)    3.166
   3.858   (   0.249   13.894    0.000)   13.896
   4.003   (   0.229    4.252    0.000)    4.258
   4.044   (  -0.402    4.324    0.000)    4.343
   4.475   (   0.565    0.041    0.000)    0.567
   4.488   (   5.285    0.283    0.000)    5.292
   4.543   (   1.148   -0.558    0.000)    1.276
   5.196   (  -4.785   -0.160    0.000)    4.788
======================= Grid point 33 (20/512) =======================
q-point: ( 0.20  0.13  0.00)
Mass variance parameters: 4.63e-04 4.63e-04 4.63e-04 4.63e-04 3.34e-04 3.34e-04 3.34e-04 3.34e-04 
Number of triplets: 904
Frequency     group velocity (x, y, z)     |gv|
   0.677   (  14.517   11.341    0.000)   18.422
   0.782   (   4.631   19.741    0.000)   20.277
   1.051   (  -2.074   10.478    0.000)   10.681
   1.108   (   6.065   28.029    0.000)   28.677
   1.194   (  -6.487   13.677    0.000)   15.137
   1.415   (   2.436    5.709    0.000)    6.207
   1.606   (   2.255    9.098    0.000)    9.373
   1.799   (  -2.273    6.801    0.000)    7.170
   1.833   (  -1.196   13.508    0.000)   13.561
   1.940   (   4.828    8.086    0.000)    9.418
   2.054   (  -7.072   16.862    0.000)   18.285
   2.230   (  -3.543    0.887    0.000)    3.652
   3.505   (  -0.645    4.109    0.000)    4.159
   3.559   (  -1.407    1.807    0.000)    2.290
   3.723   (  -0.109    2.463    0.000)    2.465
   3.734   (  -1.486   11.373    0.000)   11.470
   3.860   (   0.384   13.236    0.000)   13.242
   3.864   (   1.607    4.157    0.000)    4.457
   4.005   (   0.366    4.205    0.000)    4.221
   4.041   (  -0.562    4.331    0.000)    4.367
   4.479   (   0.788   -0.002    0.000)    0.788
   4.514   (   2.606    0.904    0.000)    2.758
   4.562   (   6.415   -0.935    0.000)    6.483
   5.162   (  -7.011   -0.074    0.000)    7.011
======================= Grid point 34 (21/512) =======================
q-point: ( 0.27  0.13  0.00)
Mass variance parameters: 4.63e-04 4.63e-04 4.63e-04 4.63e-04 3.34e-04 3.34e-04 3.34e-04 3.34e-04 
Number of triplets: 904
Frequency     group velocity (x, y, z)     |gv|
   0.762   (  14.352   10.298    0.000)   17.664
   0.812   (   5.603   18.588    0.000)   19.414
   1.036   (  -3.176   10.907    0.000)   11.360
   1.150   (   8.448   25.588    0.000)   26.946
   1.155   (  -7.025   13.504    0.000)   15.221
   1.425   (   1.013    6.069    0.000)    6.153
   1.622   (   3.059    8.760    0.000)    9.278
   1.784   (  -2.964    6.993    0.000)    7.595
   1.829   (  -0.496   14.303    0.000)   14.311
   1.969   (   5.366    7.466    0.000)    9.195
   2.009   (  -8.279   17.353    0.000)   19.227
   2.206   (  -4.556    1.605    0.000)    4.830
   3.502   (  -0.355    3.962    0.000)    3.978
   3.550   (  -1.725    2.043    0.000)    2.674
   3.723   (  -0.152    3.120    0.000)    3.124
   3.727   (  -1.029    9.821    0.000)    9.874
   3.863   (   0.512   12.389    0.000)   12.399
   3.872   (   1.033    5.403    0.000)    5.501
   4.008   (   0.509    4.160    0.000)    4.191
   4.038   (  -0.683    4.327    0.000)    4.381
   4.484   (   0.949   -0.040    0.000)    0.950
   4.520   (   0.051    0.601    0.000)    0.603
   4.614   (  10.911   -0.413    0.000)   10.919
   5.115   (  -9.034    0.033    0.000)    9.034
======================= Grid point 35 (22/512) =======================
q-point: ( 0.33  0.13  0.00)
Mass variance parameters: 4.63e-04 4.63e-04 4.63e-04 4.63e-04 3.34e-04 3.34e-04 3.34e-04 3.34e-04 
Number of triplets: 904
Frequency     group velocity (x, y, z)     |gv|
   0.841   (  12.815   10.389    0.000)   16.497
   0.846   (   6.200   17.321    0.000)   18.397
   1.015   (  -4.203   11.655    0.000)   12.390
   1.113   (  -7.445   13.427    0.000)   15.353
   1.205   (  10.306   21.906    0.000)   24.210
   1.425   (  -1.149    6.603    0.000)    6.702
   1.642   (   3.762    8.420    0.000)    9.222
   1.765   (  -3.599    7.228    0.000)    8.074
   1.828   (   0.411   15.246    0.000)   15.251
   1.960   (  -8.478   17.878    0.000)   19.786
   2.001   (   5.826    6.735    0.000)    8.905
   2.177   (  -5.373    2.404    0.000)    5.887
   3.502   (   0.136    3.755    0.000)    3.757
   3.540   (  -1.892    2.318    0.000)    2.992
   3.722   (  -0.184    3.889    0.000)    3.894
   3.722   (  -0.589    8.563    0.000)    8.584
   3.866   (   0.608   11.418    0.000)   11.434
   3.876   (   0.445    6.445    0.000)    6.460
   4.011   (   0.639    4.135    0.000)    4.184
   4.034   (  -0.765    4.307    0.000)    4.374
   4.490   (   1.046   -0.062    0.000)    1.048
   4.518   (  -0.566    0.347    0.000)    0.664
   4.684   (  12.768   -0.012    0.000)   12.768
   5.058   ( -10.787    0.144    0.000)   10.788
======================= Grid point 36 (23/512) =======================
q-point: ( 0.40  0.13  0.00)
Mass variance parameters: 4.63e-04 4.63e-04 4.63e-04 4.63e-04 3.34e-04 3.34e-04 3.34e-04 3.34e-04 
Number of triplets: 904
Frequency     group velocity (x, y, z)     |gv|
   0.883   (   6.418   16.022    0.000)   17.260
   0.909   (  10.919   11.217    0.000)   15.654
   0.988   (  -5.067   12.601    0.000)   13.581
   1.068   (  -7.890   13.289    0.000)   15.455
   1.267   (  10.915   17.552    0.000)   20.669
   1.410   (  -4.019    7.753    0.000)    8.733
   1.665   (   4.278    8.137    0.000)    9.193
   1.742   (  -4.140    7.480    0.000)    8.550
   1.834   (   1.690   16.275    0.000)   16.362
   1.913   (  -7.507   18.173    0.000)   19.663
   2.036   (   6.162    5.921    0.000)    8.546
   2.145   (  -5.949    3.262    0.000)    6.784
   3.504   (   0.708    3.501    0.000)    3.571
   3.529   (  -1.871    2.614    0.000)    3.214
   3.720   (  -0.244    7.490    0.000)    7.493
   3.720   (  -0.185    4.728    0.000)    4.731
   3.870   (   0.639   10.394    0.000)   10.413
   3.877   (  -0.039    7.412    0.000)    7.412
   4.015   (   0.739    4.139    0.000)    4.204
   4.029   (  -0.812    4.269    0.000)    4.345
   4.496   (   1.079   -0.055    0.000)    1.080
   4.514   (  -0.823    0.181    0.000)    0.842
   4.760   (  13.587    0.210    0.000)   13.589
   4.991   ( -12.198    0.243    0.000)   12.200
======================= Grid point 37 (24/512) =======================
q-point: ( 0.47  0.13  0.00)
Mass variance parameters: 4.63e-04 4.63e-04 4.63e-04 4.63e-04 3.34e-04 3.34e-04 3.34e-04 3.34e-04 
Number of triplets: 904
Frequency     group velocity (x, y, z)     |gv|
   0.920   (   6.262   14.743    0.000)   16.017
   0.954   (  -4.207   13.202    0.000)   13.856
   0.970   (   7.865   12.639    0.000)   14.886
   1.021   (  -8.491   12.955    0.000)   15.489
   1.328   (   9.791   13.336    0.000)   16.544
   1.378   (  -7.196    9.955    0.000)   12.284
   1.691   (   4.541    7.920    0.000)    9.130
   1.717   (  -4.492    7.717    0.000)    8.929
   1.849   (   3.469   17.262    0.000)   17.608
   1.875   (  -5.606   17.974    0.000)   18.828
   2.073   (   6.324    5.051    0.000)    8.093
   2.109   (  -6.263    4.154    0.000)    7.515
   3.510   (   1.242    3.217    0.000)    3.448
   3.518   (  -1.648    2.917    0.000)    3.351
   3.719   (  -0.007    6.520    0.000)    6.520
   3.720   (  -0.129    5.606    0.000)    5.608
   3.873   (   0.572    9.370    0.000)    9.388
   3.876   (  -0.378    8.377    0.000)    8.385
   4.019   (   0.800    4.171    0.000)    4.247
   4.024   (  -0.824    4.219    0.000)    4.299
   4.503   (   1.052   -0.014    0.000)    1.053
   4.508   (  -0.970    0.064    0.000)    0.972
   4.839   (  13.685    0.304    0.000)   13.689
   4.918   ( -13.191    0.305    0.000)   13.195
======================= Grid point 45 (25/512) =======================
q-point: ( 0.00  0.20  0.00)
Mass variance parameters: 4.63e-04 4.63e-04 4.63e-04 4.63e-04 3.34e-04 3.34e-04 3.34e-04 3.34e-04 
Number of triplets: 512
Frequency     group velocity (x, y, z)     |gv|
   0.770   (   0.000   15.229    0.000)   15.229
   1.056   (   0.000   17.779    0.000)   17.779
   1.230   (   0.000    9.938    0.000)    9.938
   1.419   (   0.000    2.264    0.000)    2.264
   1.487   (   0.000   10.609    0.000)   10.609
   1.510   (   0.000   25.309    0.000)   25.309
   1.741   (   0.000    9.074    0.000)    9.074
   1.922   (   0.000    6.019    0.000)    6.019
   1.957   (   0.000    6.985    0.000)    6.985
   2.172   (   0.000   19.912    0.000)   19.912
   2.305   (   0.000    6.265    0.000)    6.265
   2.413   (   0.000   19.464    0.000)   19.464
   3.593   (   0.000    5.816    0.000)    5.816
   3.616   (   0.000    4.358    0.000)    4.358
   3.755   (   0.000    2.444    0.000)    2.444
   3.839   (   0.000    0.796    0.000)    0.796
   4.041   (   0.000   17.275    0.000)   17.275
   4.074   (   0.000    4.520    0.000)    4.520
   4.098   (   0.000   15.002    0.000)   15.002
   4.123   (   0.000    5.069    0.000)    5.069
   4.453   (   0.000    0.579    0.000)    0.579
   4.476   (   0.000    0.540    0.000)    0.540
   4.541   (   0.000    0.549    0.000)    0.549
   5.218   (   0.000   -0.577    0.000)    0.577
======================= Grid point 46 (26/512) =======================
q-point: ( 0.07  0.20  0.00)
Mass variance parameters: 4.63e-04 4.63e-04 4.63e-04 4.63e-04 3.34e-04 3.34e-04 3.34e-04 3.34e-04 
Number of triplets: 904
Frequency     group velocity (x, y, z)     |gv|
   0.782   (   4.087   14.801    0.000)   15.355
   1.059   (   0.887   17.665    0.000)   17.687
   1.229   (  -0.251    9.985    0.000)    9.988
   1.406   (  -4.121    3.414    0.000)    5.351
   1.498   (   3.134    9.527    0.000)   10.030
   1.512   (   0.666   25.057    0.000)   25.066
   1.742   (   0.490    9.086    0.000)    9.099
   1.921   (  -0.532    6.077    0.000)    6.101
   1.960   (   0.812    7.110    0.000)    7.156
   2.174   (   0.640   19.852    0.000)   19.862
   2.300   (  -1.394    6.441    0.000)    6.590
   2.408   (  -1.626   19.415    0.000)   19.483
   3.591   (  -0.419    5.821    0.000)    5.836
   3.615   (  -0.370    4.366    0.000)    4.381
   3.756   (   0.177    2.465    0.000)    2.471
   3.836   (  -1.066    1.024    0.000)    1.478
   4.042   (   0.395   16.834    0.000)   16.839
   4.074   (   0.061    4.532    0.000)    4.533
   4.097   (  -0.188   14.925    0.000)   14.926
   4.123   (  -0.181    5.131    0.000)    5.135
   4.465   (   4.194    0.758    0.000)    4.262
   4.477   (   0.173    0.503    0.000)    0.532
   4.540   (  -0.271    0.522    0.000)    0.588
   5.212   (  -2.256   -0.533    0.000)    2.318
======================= Grid point 47 (27/512) =======================
q-point: ( 0.13  0.20  0.00)
Mass variance parameters: 4.63e-04 4.63e-04 4.63e-04 4.63e-04 3.34e-04 3.34e-04 3.34e-04 3.34e-04 
Number of triplets: 904
Frequency     group velocity (x, y, z)     |gv|
   0.815   (   7.483   13.654    0.000)   15.571
   1.066   (   1.712   17.331    0.000)   17.416
   1.226   (  -0.584   10.133    0.000)   10.150
   1.377   (  -5.593    4.583    0.000)    7.231
   1.518   (   3.566    8.571    0.000)    9.284
   1.518   (   1.264   24.280    0.000)   24.313
   1.747   (   1.077    9.129    0.000)    9.192
   1.916   (  -1.056    6.249    0.000)    6.338
   1.967   (   1.629    7.481    0.000)    7.657
   2.179   (   1.251   19.672    0.000)   19.712
   2.288   (  -2.832    6.998    0.000)    7.549
   2.394   (  -3.005   19.228    0.000)   19.462
   3.588   (  -0.726    5.827    0.000)    5.872
   3.612   (  -0.712    4.394    0.000)    4.452
   3.757   (   0.343    2.522    0.000)    2.545
   3.827   (  -1.732    1.547    0.000)    2.322
   4.045   (   0.712   15.823    0.000)   15.839
   4.074   (   0.138    4.549    0.000)    4.551
   4.096   (  -0.369   14.705    0.000)   14.709
   4.121   (  -0.365    5.298    0.000)    5.311
   4.478   (   0.354    0.403    0.000)    0.537
   4.500   (   7.793    1.211    0.000)    7.887
   4.538   (  -0.523    0.408    0.000)    0.663
   5.192   (  -4.459   -0.402    0.000)    4.477
======================= Grid point 48 (28/512) =======================
q-point: ( 0.20  0.20  0.00)
Mass variance parameters: 4.63e-04 4.63e-04 4.63e-04 4.63e-04 3.34e-04 3.34e-04 3.34e-04 3.34e-04 
Number of triplets: 904
Frequency     group velocity (x, y, z)     |gv|
   0.866   (   9.783   12.116    0.000)   15.573
   1.078   (   2.417   16.800    0.000)   16.973
   1.222   (  -1.035   10.402    0.000)   10.454
   1.342   (  -6.292    5.277    0.000)    8.213
   1.527   (   1.713   22.937    0.000)   23.001
   1.537   (   3.123    8.269    0.000)    8.839
   1.755   (   1.803    9.217    0.000)    9.391
   1.908   (  -1.567    6.528    0.000)    6.713
   1.978   (   2.467    8.089    0.000)    8.457
   2.188   (   1.815   19.377    0.000)   19.462
   2.268   (  -4.318    7.979    0.000)    9.073
   2.374   (  -3.939   18.822    0.000)   19.229
   3.583   (  -0.832    5.815    0.000)    5.874
   3.607   (  -0.994    4.454    0.000)    4.563
   3.760   (   0.489    2.604    0.000)    2.649
   3.817   (  -1.915    2.085    0.000)    2.831
   4.050   (   0.920   14.815    0.000)   14.843
   4.076   (   0.252    4.527    0.000)    4.534
   4.093   (  -0.530   14.381    0.000)   14.391
   4.118   (  -0.553    5.510    0.000)    5.538
   4.481   (   0.547    0.268    0.000)    0.609
   4.534   (  -0.722    0.686    0.000)    0.996
   4.554   (  10.476    1.242    0.000)   10.550
   5.160   (  -6.552   -0.193    0.000)    6.555
======================= Grid point 49 (29/512) =======================
q-point: ( 0.27  0.20  0.00)
Mass variance parameters: 4.63e-04 4.63e-04 4.63e-04 4.63e-04 3.34e-04 3.34e-04 3.34e-04 3.34e-04 
Number of triplets: 904
Frequency     group velocity (x, y, z)     |gv|
   0.927   (  10.928   10.524    0.000)   15.172
   1.094   (   2.954   16.104    0.000)   16.373
   1.214   (  -1.579   10.809    0.000)   10.923
   1.304   (  -6.825    5.757    0.000)    8.929
   1.537   (   1.938   21.028    0.000)   21.117
   1.553   (   2.372    8.422    0.000)    8.749
   1.768   (   2.608    9.330    0.000)    9.688
   1.898   (  -2.068    6.903    0.000)    7.206
   1.995   (   3.356    8.910    0.000)    9.521
   2.200   (   2.333   18.976    0.000)   19.119
   2.238   (  -5.733    9.304    0.000)   10.929
   2.350   (  -4.372   18.205    0.000)   18.723
   3.579   (  -0.704    5.761    0.000)    5.804
   3.601   (  -1.182    4.554    0.000)    4.705
   3.763   (   0.611    2.696    0.000)    2.765
   3.806   (  -1.778    2.490    0.000)    3.060
   4.056   (   1.011   14.151    0.000)   14.187
   4.078   (   0.426    4.454    0.000)    4.474
   4.089   (  -0.656   14.013    0.000)   14.029
   4.115   (  -0.742    5.688    0.000)    5.737
   4.485   (   0.744    0.132    0.000)    0.756
   4.529   (  -0.963    0.399    0.000)    1.042
   4.621   (  12.329    1.668    0.000)   12.441
   5.117   (  -8.484    0.083    0.000)    8.484
======================= Grid point 50 (30/512) =======================
q-point: ( 0.33  0.20  0.00)
Mass variance parameters: 4.63e-04 4.63e-04 4.63e-04 4.63e-04 3.34e-04 3.34e-04 3.34e-04 3.34e-04 
Number of triplets: 904
Frequency     group velocity (x, y, z)     |gv|
   0.991   (  11.097    9.125    0.000)   14.367
   1.112   (   3.278   15.276    0.000)   15.624
   1.204   (  -2.146   11.356    0.000)   11.557
   1.263   (  -7.366    6.156    0.000)    9.599
   1.549   (   1.901   18.669    0.000)   18.766
   1.564   (   1.480    8.997    0.000)    9.118
   1.785   (   3.326    9.386    0.000)    9.958
   1.885   (  -2.570    7.360    0.000)    7.795
   2.017   (   4.328    9.882    0.000)   10.788
   2.202   (  -6.809   10.651    0.000)   12.641
   2.215   (   2.813   18.495    0.000)   18.708
   2.324   (  -4.425   17.590    0.000)   18.138
   3.576   (  -0.373    5.654    0.000)    5.666
   3.594   (  -1.242    4.698    0.000)    4.860
   3.767   (   0.711    2.786    0.000)    2.876
   3.796   (  -1.518    2.742    0.000)    3.134
   4.062   (   0.986   13.823    0.000)   13.858
   4.081   (   0.669    4.419    0.000)    4.469
   4.085   (  -0.735   13.667    0.000)   13.687
   4.110   (  -0.920    5.759    0.000)    5.832
   4.490   (   0.929    0.028    0.000)    0.930
   4.523   (  -1.113    0.260    0.000)    1.143
   4.695   (  13.339    1.747    0.000)   13.452
   5.063   ( -10.197    0.408    0.000)   10.205
======================= Grid point 51 (31/512) =======================
q-point: ( 0.40  0.20  0.00)
Mass variance parameters: 4.63e-04 4.63e-04 4.63e-04 4.63e-04 3.34e-04 3.34e-04 3.34e-04 3.34e-04 
Number of triplets: 904
Frequency     group velocity (x, y, z)     |gv|
   1.054   (  10.566    8.043    0.000)   13.279
   1.131   (   3.294   14.302    0.000)   14.676
   1.190   (  -2.633   12.028    0.000)   12.313
   1.219   (  -7.921    6.607    0.000)   10.315
   1.559   (   1.603   16.114    0.000)   16.193
   1.570   (   0.547   10.042    0.000)   10.057
   1.806   (   3.757    9.268    0.000)   10.000
   1.868   (  -3.069    7.880    0.000)    8.457
   2.045   (   5.373   10.869    0.000)   12.125
   2.161   (  -7.289   11.614    0.000)   13.712
   2.233   (   3.258   17.983    0.000)   18.276
   2.299   (  -4.270   17.236    0.000)   17.757
   3.575   (   0.072    5.496    0.000)    5.497
   3.587   (  -1.153    4.881    0.000)    5.016
   3.771   (   0.805    2.861    0.000)    2.972
   3.788   (  -1.261    2.874    0.000)    3.139
   4.067   (   0.889   13.597    0.000)   13.626
   4.081   (  -0.771   13.408    0.000)   13.431
   4.085   (   0.927    4.604    0.000)    4.697
   4.104   (  -1.061    5.673    0.000)    5.772
   4.495   (   1.083   -0.024    0.000)    1.083
   4.516   (  -1.204    0.139    0.000)    1.212
   4.774   (  13.673    1.645    0.000)   13.772
   4.999   ( -11.635    0.759    0.000)   11.660
======================= Grid point 52 (32/512) =======================
q-point: ( 0.47  0.20  0.00)
Mass variance parameters: 4.63e-04 4.63e-04 4.63e-04 4.63e-04 3.34e-04 3.34e-04 3.34e-04 3.34e-04 
Number of triplets: 904
Frequency     group velocity (x, y, z)     |gv|
   1.112   (   9.406    7.368    0.000)   11.949
   1.147   (   0.813   11.929    0.000)   11.956
   1.174   (  -2.724   12.716    0.000)   13.005
   1.174   (  -6.328    8.484    0.000)   10.584
   1.567   (   1.067   13.673    0.000)   13.715
   1.571   (  -0.330   11.605    0.000)   11.610
   1.828   (   3.801    8.926    0.000)    9.702
   1.849   (  -3.520    8.427    0.000)    9.133
   2.080   (   6.376   11.645    0.000)   13.276
   2.119   (  -7.100   11.950    0.000)   13.900
   2.253   (   3.661   17.525    0.000)   17.904
   2.275   (  -4.004   17.236    0.000)   17.695
   3.576   (   0.528    5.301    0.000)    5.327
   3.581   (  -0.907    5.089    0.000)    5.169
   3.776   (   0.912    2.911    0.000)    3.051
   3.782   (  -1.058    2.922    0.000)    3.107
   4.072   (   0.811   13.382    0.000)   13.407
   4.077   (  -0.783   13.301    0.000)   13.324
   4.091   (   1.097    5.009    0.000)    5.127
   4.098   (  -1.133    5.413    0.000)    5.530
   4.502   (   1.187   -0.017    0.000)    1.187
   4.509   (  -1.229    0.041    0.000)    1.230
   4.852   (  13.443    1.415    0.000)   13.517
   4.928   ( -12.739    1.106    0.000)   12.787
======================= Grid point 60 (33/512) =======================
q-point: ( 0.00  0.27  0.00)
Mass variance parameters: 4.63e-04 4.63e-04 4.63e-04 4.63e-04 3.34e-04 3.34e-04 3.34e-04 3.34e-04 
Number of triplets: 512
Frequency     group velocity (x, y, z)     |gv|
   1.000   (   0.000   13.578    0.000)   13.578
   1.295   (   0.000   11.725    0.000)   11.725
   1.373   (   0.000    7.736    0.000)    7.736
   1.446   (   0.000    1.116    0.000)    1.116
   1.607   (   0.000    5.301    0.000)    5.301
   1.823   (   0.000   12.712    0.000)   12.712
   1.867   (   0.000    6.505    0.000)    6.505
   2.000   (   0.000    3.485    0.000)    3.485
   2.129   (   0.000   15.285    0.000)   15.285
   2.457   (   0.000   12.053    0.000)   12.053
   2.479   (   0.000   17.868    0.000)   17.868
   2.716   (   0.000   17.646    0.000)   17.646
   3.701   (   0.000    7.767    0.000)    7.767
   3.715   (   0.000    7.875    0.000)    7.875
   3.808   (   0.000    4.371    0.000)    4.371
   3.869   (   0.000    3.058    0.000)    3.058
   4.143   (   0.000    4.035    0.000)    4.035
   4.202   (   0.000    4.646    0.000)    4.646
   4.264   (   0.000    9.144    0.000)    9.144
   4.319   (   0.000   12.262    0.000)   12.262
   4.474   (   0.000    2.139    0.000)    2.139
   4.493   (   0.000    1.685    0.000)    1.685
   4.576   (   0.000    4.682    0.000)    4.682
   5.202   (   0.000   -1.611    0.000)    1.611
======================= Grid point 61 (34/512) =======================
q-point: ( 0.07  0.27  0.00)
Mass variance parameters: 4.63e-04 4.63e-04 4.63e-04 4.63e-04 3.34e-04 3.34e-04 3.34e-04 3.34e-04 
Number of triplets: 904
Frequency     group velocity (x, y, z)     |gv|
   1.007   (   2.306   13.324    0.000)   13.522
   1.296   (   0.364   11.642    0.000)   11.647
   1.373   (  -0.070    7.753    0.000)    7.754
   1.439   (  -2.055    1.357    0.000)    2.463
   1.612   (   1.616    5.190    0.000)    5.436
   1.818   (  -1.424   12.133    0.000)   12.216
   1.871   (   1.345    6.924    0.000)    7.054
   1.999   (  -0.231    3.530    0.000)    3.538
   2.133   (   1.334   15.326    0.000)   15.384
   2.454   (  -0.887   12.115    0.000)   12.147
   2.481   (   0.542   17.870    0.000)   17.879
   2.711   (  -1.535   17.682    0.000)   17.748
   3.700   (  -0.364    7.782    0.000)    7.791
   3.714   (  -0.439    7.837    0.000)    7.849
   3.809   (   0.350    4.419    0.000)    4.433
   3.868   (  -0.450    3.131    0.000)    3.163
   4.143   (  -0.026    4.024    0.000)    4.024
   4.201   (  -0.380    4.619    0.000)    4.635
   4.260   (  -1.014    9.046    0.000)    9.103
   4.319   (  -0.024   12.294    0.000)   12.294
   4.486   (   3.827    1.788    0.000)    4.224
   4.493   (  -0.139    1.601    0.000)    1.607
   4.578   (   0.726    5.026    0.000)    5.078
   5.196   (  -1.927   -1.536    0.000)    2.464
======================= Grid point 62 (35/512) =======================
q-point: ( 0.13  0.27  0.00)
Mass variance parameters: 4.63e-04 4.63e-04 4.63e-04 4.63e-04 3.34e-04 3.34e-04 3.34e-04 3.34e-04 
Number of triplets: 904
Frequency     group velocity (x, y, z)     |gv|
   1.027   (   4.344   12.607    0.000)   13.334
   1.299   (   0.688   11.388    0.000)   11.409
   1.372   (  -0.189    7.809    0.000)    7.811
   1.423   (  -3.521    1.943    0.000)    4.022
   1.625   (   2.636    5.006    0.000)    5.657
   1.808   (  -2.158   11.192    0.000)   11.398
   1.881   (   2.027    7.392    0.000)    7.665
   1.997   (  -0.470    3.662    0.000)    3.692
   2.145   (   2.630   15.437    0.000)   15.659
   2.446   (  -1.783   12.301    0.000)   12.429
   2.485   (   1.054   17.876    0.000)   17.907
   2.698   (  -2.914   17.778    0.000)   18.015
   3.697   (  -0.661    7.818    0.000)    7.846
   3.710   (  -0.791    7.747    0.000)    7.788
   3.812   (   0.625    4.539    0.000)    4.582
   3.864   (  -0.770    3.331    0.000)    3.419
   4.142   (   0.015    3.994    0.000)    3.994
   4.198   (  -0.714    4.544    0.000)    4.599
   4.254   (  -1.066    8.881    0.000)    8.945
   4.318   (  -0.169   12.357    0.000)   12.358
   4.492   (  -0.170    1.382    0.000)    1.392
   4.513   (   4.556    0.642    0.000)    4.601
   4.588   (   3.217    6.048    0.000)    6.851
   5.180   (  -3.814   -1.312    0.000)    4.034
======================= Grid point 63 (36/512) =======================
q-point: ( 0.20  0.27  0.00)
Mass variance parameters: 4.63e-04 4.63e-04 4.63e-04 4.63e-04 3.34e-04 3.34e-04 3.34e-04 3.34e-04 
Number of triplets: 904
Frequency     group velocity (x, y, z)     |gv|
   1.057   (   5.919   11.542    0.000)   12.971
   1.304   (   0.912   10.946    0.000)   10.983
   1.370   (  -0.380    7.915    0.000)    7.924
   1.400   (  -4.393    2.715    0.000)    5.164
   1.641   (   3.073    4.945    0.000)    5.823
   1.794   (  -2.525   10.353    0.000)   10.656
   1.894   (   2.371    7.469    0.000)    7.836
   1.994   (  -0.722    3.873    0.000)    3.940
   2.163   (   3.844   15.584    0.000)   16.051
   2.434   (  -2.700   12.613    0.000)   12.899
   2.493   (   1.526   17.885    0.000)   17.950
   2.678   (  -3.993   17.908    0.000)   18.348
   3.693   (  -0.822    7.856    0.000)    7.899
   3.705   (  -1.008    7.654    0.000)    7.720
   3.816   (   0.792    4.679    0.000)    4.745
   3.859   (  -0.908    3.614    0.000)    3.726
   4.143   (   0.161    3.950    0.000)    3.953
   4.193   (  -0.975    4.434    0.000)    4.540
   4.249   (  -0.436    8.810    0.000)    8.821
   4.316   (  -0.497   12.366    0.000)   12.376
   4.491   (  -0.022    1.113    0.000)    1.113
   4.531   (   1.562    0.124    0.000)    1.567
   4.620   (   8.106    6.234    0.000)   10.226
   5.152   (  -5.621   -0.948    0.000)    5.700
======================= Grid point 64 (37/512) =======================
q-point: ( 0.27  0.27  0.00)
Mass variance parameters: 4.63e-04 4.63e-04 4.63e-04 4.63e-04 3.34e-04 3.34e-04 3.34e-04 3.34e-04 
Number of triplets: 904
Frequency     group velocity (x, y, z)     |gv|
   1.094   (   6.937   10.277    0.000)   12.400
   1.309   (   0.865   10.183    0.000)   10.220
   1.367   (  -0.630    8.085    0.000)    8.110
   1.373   (  -4.763    3.760    0.000)    6.069
   1.660   (   3.168    5.082    0.000)    5.988
   1.779   (  -2.724    9.575    0.000)    9.955
   1.908   (   2.547    7.241    0.000)    7.676
   1.989   (  -0.997    4.154    0.000)    4.272
   2.189   (   4.916   15.711    0.000)   16.462
   2.415   (  -3.644   13.051    0.000)   13.550
   2.503   (   1.971   17.897    0.000)   18.005
   2.653   (  -4.656   18.032    0.000)   18.623
   3.688   (  -0.798    7.875    0.000)    7.915
   3.699   (  -1.081    7.593    0.000)    7.669
   3.821   (   0.863    4.795    0.000)    4.872
   3.854   (  -0.901    3.926    0.000)    4.028
   4.145   (   0.397    3.904    0.000)    3.924
   4.187   (  -1.155    4.307    0.000)    4.459
   4.249   (   0.365    8.893    0.000)    8.900
   4.312   (  -0.977   12.217    0.000)   12.256
   4.492   (   0.299    0.904    0.000)    0.952
   4.534   (  -0.308    0.597    0.000)    0.672
   4.677   (  10.955    5.232    0.000)   12.140
   5.115   (  -7.305   -0.457    0.000)    7.319
======================= Grid point 65 (38/512) =======================
q-point: ( 0.33  0.27  0.00)
Mass variance parameters: 4.63e-04 4.63e-04 4.63e-04 4.63e-04 3.34e-04 3.34e-04 3.34e-04 3.34e-04 
Number of triplets: 904
Frequency     group velocity (x, y, z)     |gv|
   1.136   (   7.411    8.953    0.000)   11.622
   1.311   (  -0.628    8.182    0.000)    8.206
   1.347   (  -3.656    6.031    0.000)    7.053
   1.363   (  -0.897    8.329    0.000)    8.377
   1.678   (   3.108    5.415    0.000)    6.244
   1.763   (  -2.824    8.808    0.000)    9.250
   1.923   (   2.580    6.829    0.000)    7.300
   1.982   (  -1.300    4.494    0.000)    4.678
   2.220   (   5.764   15.746    0.000)   16.768
   2.391   (  -4.594   13.602    0.000)   14.357
   2.516   (   2.428   17.917    0.000)   18.080
   2.625   (  -4.851   18.107    0.000)   18.746
   3.684   (  -0.591    7.862    0.000)    7.884
   3.693   (  -1.016    7.579    0.000)    7.647
   3.826   (   0.863    4.863    0.000)    4.939
   3.849   (  -0.833    4.225    0.000)    4.307
   4.148   (   0.666    3.872    0.000)    3.929
   4.180   (  -1.256    4.178    0.000)    4.363
   4.253   (   1.084    9.140    0.000)    9.204
   4.305   (  -1.485   11.855    0.000)   11.947
   4.495   (   0.703    0.825    0.000)    1.084
   4.530   (  -1.019    0.917    0.000)    1.371
   4.744   (  12.020    4.229    0.000)   12.742
   5.068   (  -8.823    0.147    0.000)    8.824
======================= Grid point 66 (39/512) =======================
q-point: ( 0.40  0.27  0.00)
Mass variance parameters: 4.63e-04 4.63e-04 4.63e-04 4.63e-04 3.34e-04 3.34e-04 3.34e-04 3.34e-04 
Number of triplets: 904
Frequency     group velocity (x, y, z)     |gv|
   1.179   (   7.425    7.675    0.000)   10.679
   1.294   (  -4.951    5.250    0.000)    7.217
   1.338   (   0.215    9.280    0.000)    9.282
   1.357   (  -1.128    8.648    0.000)    8.721
   1.695   (   3.011    5.919    0.000)    6.641
   1.746   (  -2.866    8.036    0.000)    8.532
   1.938   (   2.474    6.332    0.000)    6.798
   1.974   (  -1.625    4.887    0.000)    5.150
   2.255   (   6.293   15.626    0.000)   16.845
   2.362   (  -5.468   14.220    0.000)   15.235
   2.531   (   2.938   17.951    0.000)   18.190
   2.597   (  -4.624   18.115    0.000)   18.696
   3.682   (  -0.250    7.816    0.000)    7.820
   3.687   (  -0.824    7.610    0.000)    7.655
   3.831   (   0.825    4.869    0.000)    4.939
   3.844   (  -0.774    4.482    0.000)    4.548
   4.152   (   0.914    3.868    0.000)    3.975
   4.172   (  -1.280    4.062    0.000)    4.259
   4.261   (   1.628    9.541    0.000)    9.679
   4.295   (  -1.874   11.313    0.000)   11.467
   4.500   (   1.073    0.866    0.000)    1.379
   4.523   (  -1.321    1.039    0.000)    1.681
   4.814   (  12.231    3.310    0.000)   12.671
   5.013   ( -10.131    0.844    0.000)   10.166
======================= Grid point 67 (40/512) =======================
q-point: ( 0.47  0.27  0.00)
Mass variance parameters: 4.63e-04 4.63e-04 4.63e-04 4.63e-04 3.34e-04 3.34e-04 3.34e-04 3.34e-04 
Number of triplets: 904
Frequency     group velocity (x, y, z)     |gv|
   1.221   (   7.092    6.514    0.000)    9.630
   1.261   (  -6.451    5.546    0.000)    8.507
   1.343   (   1.181    9.410    0.000)    9.484
   1.350   (  -1.263    9.030    0.000)    9.118
   1.713   (   2.933    6.554    0.000)    7.180
   1.729   (  -2.890    7.274    0.000)    7.827
   1.951   (   2.251    5.818    0.000)    6.239
   1.964   (  -1.954    5.331    0.000)    5.677
   2.292   (   6.421   15.313    0.000)   16.605
   2.328   (  -6.123   14.822    0.000)   16.037
   2.550   (   3.516   18.004    0.000)   18.344
   2.572   (  -4.120   18.069    0.000)   18.532
   3.681   (   0.146    7.747    0.000)    7.749
   3.683   (  -0.523    7.673    0.000)    7.690
   3.835   (   0.780    4.809    0.000)    4.872
   3.840   (  -0.757    4.679    0.000)    4.740
   4.158   (   1.106    3.900    0.000)    4.054
   4.165   (  -1.230    3.966    0.000)    4.153
   4.272   (   1.957   10.071    0.000)   10.260
   4.284   (  -2.043   10.686    0.000)   10.879
   4.507   (   1.320    0.960    0.000)    1.633
   4.515   (  -1.408    1.036    0.000)    1.748
   4.884   (  11.905    2.440    0.000)   12.152
   4.951   ( -11.178    1.614    0.000)   11.294
======================= Grid point 75 (41/512) =======================
q-point: ( 0.00  0.33  0.00)
Mass variance parameters: 4.63e-04 4.63e-04 4.63e-04 4.63e-04 3.34e-04 3.34e-04 3.34e-04 3.34e-04 
Number of triplets: 512
Frequency     group velocity (x, y, z)     |gv|
   1.200   (   0.000   11.306    0.000)   11.306
   1.423   (   0.000    4.539    0.000)    4.539
   1.457   (   0.000    0.437    0.000)    0.437
   1.473   (   0.000    4.710    0.000)    4.710
   1.688   (   0.000    5.418    0.000)    5.418
   1.948   (   0.000    3.753    0.000)    3.753
   1.949   (   0.000    4.729    0.000)    4.729
   2.030   (   0.000    0.254    0.000)    0.254
   2.403   (   0.000   17.104    0.000)   17.104
   2.663   (   0.000   13.036    0.000)   13.036
   2.723   (   0.000   12.154    0.000)   12.154
   2.952   (   0.000   11.395    0.000)   11.395
   3.836   (   0.000    8.931    0.000)    8.931
   3.855   (   0.000    9.047    0.000)    9.047
   3.899   (   0.000    6.953    0.000)    6.953
   3.936   (   0.000    5.194    0.000)    5.194
   4.201   (   0.000    3.158    0.000)    3.158
   4.270   (   0.000    3.994    0.000)    3.994
   4.325   (   0.000   -0.143    0.000)    0.143
   4.485   (   0.000    8.829    0.000)    8.829
   4.522   (   0.000    3.797    0.000)    3.797
   4.531   (   0.000    2.908    0.000)    2.908
   4.683   (   0.000    7.225    0.000)    7.225
   5.161   (   0.000   -3.665    0.000)    3.665
======================= Grid point 76 (42/512) =======================
q-point: ( 0.07  0.33  0.00)
Mass variance parameters: 4.63e-04 4.63e-04 4.63e-04 4.63e-04 3.34e-04 3.34e-04 3.34e-04 3.34e-04 
Number of triplets: 904
Frequency     group velocity (x, y, z)     |gv|
   1.203   (   1.192   11.144    0.000)   11.207
   1.422   (  -0.293    4.329    0.000)    4.339
   1.456   (  -0.579    0.814    0.000)    0.998
   1.472   (  -0.044    4.705    0.000)    4.705
   1.691   (   1.201    5.339    0.000)    5.472
   1.936   (  -2.258    4.447    0.000)    4.987
   1.959   (   1.764    4.008    0.000)    4.379
   2.030   (  -0.034    0.284    0.000)    0.286
   2.406   (   1.212   17.057    0.000)   17.100
   2.661   (  -0.627   13.068    0.000)   13.083
   2.724   (   0.588   12.167    0.000)   12.181
   2.948   (  -1.303   11.447    0.000)   11.521
   3.836   (  -0.294    8.941    0.000)    8.946
   3.853   (  -0.691    9.015    0.000)    9.041
   3.901   (   0.607    6.979    0.000)    7.005
   3.936   (  -0.105    5.249    0.000)    5.250
   4.201   (  -0.080    3.151    0.000)    3.152
   4.269   (  -0.573    3.950    0.000)    3.991
   4.324   (  -0.367    0.055    0.000)    0.371
   4.486   (   0.134    8.812    0.000)    8.813
   4.527   (   1.821    3.535    0.000)    3.977
   4.529   (  -0.636    2.854    0.000)    2.924
   4.688   (   1.600    7.213    0.000)    7.388
   5.157   (  -1.440   -3.566    0.000)    3.846
======================= Grid point 77 (43/512) =======================
q-point: ( 0.13  0.33  0.00)
Mass variance parameters: 4.63e-04 4.63e-04 4.63e-04 4.63e-04 3.34e-04 3.34e-04 3.34e-04 3.34e-04 
Number of triplets: 904
Frequency     group velocity (x, y, z)     |gv|
   1.214   (   2.272   10.676    0.000)   10.915
   1.419   (  -0.827    3.697    0.000)    3.788
   1.451   (  -0.756    1.898    0.000)    2.043
   1.472   (  -0.120    4.691    0.000)    4.692
   1.701   (   2.208    5.150    0.000)    5.604
   1.922   (  -2.627    4.660    0.000)    5.349
   1.969   (   1.659    3.710    0.000)    4.064
   2.030   (  -0.085    0.375    0.000)    0.384
   2.417   (   2.380   16.917    0.000)   17.084
   2.655   (  -1.259   13.164    0.000)   13.225
   2.729   (   1.140   12.203    0.000)   12.256
   2.937   (  -2.500   11.592    0.000)   11.859
   3.833   (  -0.555    8.965    0.000)    8.982
   3.848   (  -1.090    8.967    0.000)    9.033
   3.906   (   0.936    7.007    0.000)    7.070
   3.935   (  -0.146    5.404    0.000)    5.406
   4.200   (  -0.100    3.126    0.000)    3.128
   4.264   (  -1.060    3.827    0.000)    3.971
   4.322   (  -0.183    0.504    0.000)    0.537
   4.485   (  -0.316    8.530    0.000)    8.535
   4.525   (  -0.708    2.922    0.000)    3.007
   4.540   (   2.482    3.053    0.000)    3.935
   4.703   (   3.558    7.040    0.000)    7.888
   5.145   (  -2.857   -3.271    0.000)    4.344
======================= Grid point 78 (44/512) =======================
q-point: ( 0.20  0.33  0.00)
Mass variance parameters: 4.63e-04 4.63e-04 4.63e-04 4.63e-04 3.34e-04 3.34e-04 3.34e-04 3.34e-04 
Number of triplets: 904
Frequency     group velocity (x, y, z)     |gv|
   1.229   (   3.149    9.951    0.000)   10.437
   1.412   (  -1.668    2.963    0.000)    3.400
   1.448   (  -0.417    3.265    0.000)    3.291
   1.471   (  -0.240    4.674    0.000)    4.680
   1.717   (   2.940    4.951    0.000)    5.758
   1.906   (  -3.012    4.819    0.000)    5.683
   1.979   (   1.603    3.397    0.000)    3.756
   2.029   (  -0.168    0.523    0.000)    0.549
   2.434   (   3.443   16.694    0.000)   17.045
   2.646   (  -1.905   13.328    0.000)   13.464
   2.737   (   1.644   12.259    0.000)   12.369
   2.920   (  -3.490   11.805    0.000)   12.310
   3.829   (  -0.727    8.994    0.000)    9.023
   3.841   (  -1.224    8.948    0.000)    9.031
   3.911   (   1.024    6.998    0.000)    7.072
   3.934   (  -0.114    5.632    0.000)    5.633
   4.200   (  -0.006    3.074    0.000)    3.074
   4.257   (  -1.408    3.648    0.000)    3.910
   4.323   (   0.508    1.000    0.000)    1.122
   4.480   (  -1.736    7.361    0.000)    7.563
   4.523   (   0.183    3.734    0.000)    3.738
   4.554   (   1.926    2.871    0.000)    3.457
   4.730   (   5.758    6.441    0.000)    8.640
   5.124   (  -4.226   -2.793    0.000)    5.065
======================= Grid point 79 (45/512) =======================
q-point: ( 0.27  0.33  0.00)
Mass variance parameters: 4.63e-04 4.63e-04 4.63e-04 4.63e-04 3.34e-04 3.34e-04 3.34e-04 3.34e-04 
Number of triplets: 904
Frequency     group velocity (x, y, z)     |gv|
   1.249   (   3.765    9.038    0.000)    9.791
   1.400   (  -2.473    2.793    0.000)    3.730
   1.447   (   0.048    4.170    0.000)    4.170
   1.469   (  -0.392    4.661    0.000)    4.677
   1.735   (   3.420    4.812    0.000)    5.903
   1.887   (  -3.360    4.921    0.000)    5.959
   1.988   (   1.550    3.060    0.000)    3.430
   2.027   (  -0.293    0.725    0.000)    0.782
   2.456   (   4.318   16.396    0.000)   16.955
   2.633   (  -2.578   13.562    0.000)   13.805
   2.748   (   2.115   12.329    0.000)   12.510
   2.897   (  -4.184   12.044    0.000)   12.750
   3.825   (  -0.750    9.021    0.000)    9.052
   3.834   (  -1.182    8.956    0.000)    9.034
   3.917   (   0.970    6.954    0.000)    7.022
   3.934   (  -0.062    5.895    0.000)    5.896
   4.200   (   0.215    3.001    0.000)    3.008
   4.248   (  -1.606    3.442    0.000)    3.798
   4.329   (   1.414    1.469    0.000)    2.039
   4.465   (  -3.113    5.864    0.000)    6.639
   4.527   (   1.073    4.732    0.000)    4.852
   4.562   (   0.925    3.129    0.000)    3.263
   4.769   (   7.601    5.402    0.000)    9.325
   5.096   (  -5.515   -2.148    0.000)    5.919
======================= Grid point 80 (46/512) =======================
q-point: ( 0.33  0.33  0.00)
Mass variance parameters: 4.63e-04 4.63e-04 4.63e-04 4.63e-04 3.34e-04 3.34e-04 3.34e-04 3.34e-04 
Number of triplets: 904
Frequency     group velocity (x, y, z)     |gv|
   1.272   (   4.108    8.013    0.000)    9.005
   1.384   (  -3.057    3.222    0.000)    4.442
   1.448   (   0.376    4.546    0.000)    4.561
   1.466   (  -0.546    4.656    0.000)    4.688
   1.756   (   3.709    4.755    0.000)    6.031
   1.867   (  -3.633    4.964    0.000)    6.151
   1.996   (   1.462    2.702    0.000)    3.072
   2.025   (  -0.464    0.977    0.000)    1.081
   2.483   (   4.917   16.031    0.000)   16.768
   2.616   (  -3.281   13.870    0.000)   14.253
   2.762   (   2.592   12.406    0.000)   12.673
   2.872   (  -4.518   12.263    0.000)   13.069
   3.821   (  -0.602    9.040    0.000)    9.060
   3.827   (  -1.016    8.979    0.000)    9.036
   3.922   (   0.835    6.890    0.000)    6.940
   3.934   (  -0.055    6.154    0.000)    6.154
   4.202   (   0.525    2.926    0.000)    2.973
   4.238   (  -1.664    3.240    0.000)    3.642
   4.339   (   2.318    1.921    0.000)    3.010
   4.445   (  -3.867    4.796    0.000)    6.161
   4.535   (   1.437    5.171    0.000)    5.367
   4.565   (   0.052    3.616    0.000)    3.616
   4.816   (   8.710    4.162    0.000)    9.653
   5.060   (  -6.690   -1.356    0.000)    6.826
======================= Grid point 81 (47/512) =======================
q-point: ( 0.40  0.33  0.00)
Mass variance parameters: 4.63e-04 4.63e-04 4.63e-04 4.63e-04 3.34e-04 3.34e-04 3.34e-04 3.34e-04 
Number of triplets: 904
Frequency     group velocity (x, y, z)     |gv|
   1.297   (   4.199    6.944    0.000)    8.115
   1.365   (  -3.494    3.971    0.000)    5.290
   1.451   (   0.580    4.663    0.000)    4.699
   1.463   (  -0.665    4.662    0.000)    4.709
   1.778   (   3.867    4.771    0.000)    6.141
   1.845   (  -3.816    4.953    0.000)    6.252
   2.005   (   1.320    2.331    0.000)    2.679
   2.022   (  -0.673    1.272    0.000)    1.439
   2.512   (   5.168   15.611    0.000)   16.444
   2.595   (  -3.988   14.250    0.000)   14.798
   2.778   (   3.106   12.474    0.000)   12.855
   2.846   (  -4.486   12.424    0.000)   13.209
   3.818   (  -0.316    9.049    0.000)    9.055
   3.822   (  -0.754    9.006    0.000)    9.037
   3.927   (   0.654    6.807    0.000)    6.838
   3.933   (  -0.124    6.379    0.000)    6.381
   4.206   (   0.864    2.878    0.000)    3.005
   4.229   (  -1.600    3.067    0.000)    3.459
   4.355   (   3.107    2.380    0.000)    3.914
   4.422   (  -4.152    4.029    0.000)    5.785
   4.543   (   1.478    5.194    0.000)    5.400
   4.563   (  -0.583    4.138    0.000)    4.179
   4.868   (   9.125    2.908    0.000)    9.577
   5.019   (  -7.704   -0.438    0.000)    7.717
======================= Grid point 82 (48/512) =======================
q-point: ( 0.47  0.33  0.00)
Mass variance parameters: 4.63e-04 4.63e-04 4.63e-04 4.63e-04 3.34e-04 3.34e-04 3.34e-04 3.34e-04 
Number of triplets: 904
Frequency     group velocity (x, y, z)     |gv|
   1.321   (   4.091    5.887    0.000)    7.168
   1.344   (  -3.841    4.882    0.000)    6.212
   1.455   (   0.691    4.684    0.000)    4.734
   1.459   (  -0.718    4.674    0.000)    4.729
   1.800   (   3.929    4.830    0.000)    6.226
   1.823   (  -3.912    4.900    0.000)    6.270
   2.012   (   1.127    1.960    0.000)    2.261
   2.017   (  -0.902    1.603    0.000)    1.840
   2.542   (   5.051   15.153    0.000)   15.973
   2.570   (  -4.619   14.688    0.000)   15.397
   2.798   (   3.651   12.517    0.000)   13.038
   2.821   (  -4.154   12.507    0.000)   13.179
   3.818   (   0.046    9.045    0.000)    9.046
   3.819   (  -0.419    9.030    0.000)    9.040
   3.930   (   0.454    6.700    0.000)    6.716
   3.932   (  -0.266    6.561    0.000)    6.566
   4.212   (   1.178    2.880    0.000)    3.112
   4.220   (  -1.432    2.943    0.000)    3.273
   4.375   (   3.713    2.870    0.000)    4.693
   4.398   (  -4.079    3.410    0.000)    5.317
   4.551   (   1.326    4.977    0.000)    5.150
   4.558   (  -1.029    4.608    0.000)    4.721
   4.921   (   9.009    1.709    0.000)    9.170
   4.972   (  -8.502    0.589    0.000)    8.522
======================= Grid point 90 (49/512) =======================
q-point: ( 0.00  0.40  0.00)
Mass variance parameters: 4.63e-04 4.63e-04 4.63e-04 4.63e-04 3.34e-04 3.34e-04 3.34e-04 3.34e-04 
Number of triplets: 512
Frequency     group velocity (x, y, z)     |gv|
   1.359   (   0.000    8.462    0.000)    8.462
   1.460   (   0.000    0.840    0.000)    0.840
   1.462   (   0.000    0.154    0.000)    0.154
   1.523   (   0.000    1.589    0.000)    1.589
   1.780   (   0.000    5.913    0.000)    5.913
   1.991   (   0.000    1.818    0.000)    1.818
   1.999   (   0.000    1.843    0.000)    1.843
   2.010   (   0.000   -2.570    0.000)    2.570
   2.646   (   0.000   12.943    0.000)   12.943
   2.857   (   0.000   10.969    0.000)   10.969
   2.860   (   0.000    4.982    0.000)    4.982
   3.072   (   0.000    3.797    0.000)    3.797
   3.977   (   0.000    8.350    0.000)    8.350
   3.984   (   0.000    6.606    0.000)    6.606
   4.012   (   0.000    6.297    0.000)    6.297
   4.025   (   0.000    5.529    0.000)    5.529
   4.237   (   0.000    1.094    0.000)    1.094
   4.295   (   0.000   -2.970    0.000)    2.970
   4.338   (   0.000    4.956    0.000)    4.956
   4.559   (   0.000    0.257    0.000)    0.257
   4.597   (   0.000    5.630    0.000)    5.630
   4.629   (   0.000    9.386    0.000)    9.386
   4.767   (   0.000    2.703    0.000)    2.703
   5.081   (   0.000   -6.521    0.000)    6.521
======================= Grid point 91 (50/512) =======================
q-point: ( 0.07  0.40  0.00)
Mass variance parameters: 4.63e-04 4.63e-04 4.63e-04 4.63e-04 3.34e-04 3.34e-04 3.34e-04 3.34e-04 
Number of triplets: 904
Frequency     group velocity (x, y, z)     |gv|
   1.360   (   0.484    8.363    0.000)    8.377
   1.455   (  -1.061    0.711    0.000)    1.277
   1.467   (   1.015    0.408    0.000)    1.094
   1.523   (  -0.090    1.581    0.000)    1.584
   1.783   (   0.821    5.853    0.000)    5.910
   1.986   (  -1.398    2.072    0.000)    2.499
   2.002   (   0.833    1.586    0.000)    1.791
   2.011   (   0.134   -2.538    0.000)    2.542
   2.648   (   0.985   12.910    0.000)   12.948
   2.856   (  -0.530   10.973    0.000)   10.986
   2.862   (   0.666    4.997    0.000)    5.041
   3.070   (  -0.993    3.855    0.000)    3.980
   3.977   (  -0.260    8.356    0.000)    8.360
   3.983   (  -0.393    6.719    0.000)    6.730
   4.013   (   0.285    6.189    0.000)    6.195
   4.025   (   0.061    5.524    0.000)    5.525
   4.237   (  -0.071    1.108    0.000)    1.110
   4.296   (   0.382   -2.866    0.000)    2.892
   4.336   (  -0.870    4.890    0.000)    4.966
   4.555   (  -1.343    0.226    0.000)    1.362
   4.600   (   1.104    5.558    0.000)    5.666
   4.630   (   0.426    9.341    0.000)    9.351
   4.771   (   1.274    2.643    0.000)    2.934
   5.078   (  -0.869   -6.416    0.000)    6.474
======================= Grid point 92 (51/512) =======================
q-point: ( 0.13  0.40  0.00)
Mass variance parameters: 4.63e-04 4.63e-04 4.63e-04 4.63e-04 3.34e-04 3.34e-04 3.34e-04 3.34e-04 
Number of triplets: 904
Frequency     group velocity (x, y, z)     |gv|
   1.364   (   0.923    8.072    0.000)    8.125
   1.449   (  -1.058    1.000    0.000)    1.456
   1.473   (   0.972    0.477    0.000)    1.083
   1.522   (  -0.201    1.560    0.000)    1.573
   1.790   (   1.587    5.685    0.000)    5.902
   1.976   (  -1.908    2.380    0.000)    3.051
   2.007   (   0.778    1.264    0.000)    1.484
   2.012   (   0.249   -2.442    0.000)    2.455
   2.657   (   1.937   12.813    0.000)   12.958
   2.851   (  -1.061   10.986    0.000)   11.037
   2.867   (   1.290    5.042    0.000)    5.204
   3.061   (  -1.931    4.018    0.000)    4.458
   3.974   (  -0.499    8.370    0.000)    8.385
   3.979   (  -0.659    6.984    0.000)    7.015
   4.016   (   0.463    5.937    0.000)    5.955
   4.026   (   0.149    5.509    0.000)    5.511
   4.236   (  -0.111    1.149    0.000)    1.154
   4.300   (   0.956   -2.590    0.000)    2.760
   4.329   (  -1.612    4.697    0.000)    4.965
   4.544   (  -2.593    0.140    0.000)    2.596
   4.609   (   1.827    5.415    0.000)    5.715
   4.633   (   0.748    9.205    0.000)    9.236
   4.782   (   2.577    2.433    0.000)    3.544
   5.071   (  -1.743   -6.108    0.000)    6.352
======================= Grid point 93 (52/512) =======================
q-point: ( 0.20  0.40  0.00)
Mass variance parameters: 4.63e-04 4.63e-04 4.63e-04 4.63e-04 3.34e-04 3.34e-04 3.34e-04 3.34e-04 
Number of triplets: 904
Frequency     group velocity (x, y, z)     |gv|
   1.370   (   1.276    7.612    0.000)    7.718
   1.443   (  -1.054    1.422    0.000)    1.770
   1.478   (   0.931    0.608    0.000)    1.112
   1.520   (  -0.344    1.529    0.000)    1.567
   1.801   (   2.252    5.438    0.000)    5.885
   1.964   (  -2.363    2.689    0.000)    3.580
   2.011   (   0.673    0.926    0.000)    1.144
   2.014   (   0.328   -2.283    0.000)    2.307
   2.671   (   2.804   12.653    0.000)   12.960
   2.843   (  -1.594   11.012    0.000)   11.127
   2.876   (   1.851    5.113    0.000)    5.438
   3.047   (  -2.755    4.265    0.000)    5.078
   3.971   (  -0.662    8.384    0.000)    8.410
   3.975   (  -0.783    7.292    0.000)    7.333
   4.018   (   0.537    5.656    0.000)    5.681
   4.027   (   0.238    5.476    0.000)    5.481
   4.236   (  -0.035    1.225    0.000)    1.225
   4.308   (   1.729   -2.225    0.000)    2.818
   4.318   (  -2.143    4.395    0.000)    4.889
   4.525   (  -3.661    0.010    0.000)    3.661
   4.621   (   2.022    5.353    0.000)    5.723
   4.638   (   0.903    8.980    0.000)    9.025
   4.801   (   3.851    2.018    0.000)    4.347
   5.058   (  -2.622   -5.616    0.000)    6.198
======================= Grid point 94 (53/512) =======================
q-point: ( 0.27  0.40  0.00)
Mass variance parameters: 4.63e-04 4.63e-04 4.63e-04 4.63e-04 3.34e-04 3.34e-04 3.34e-04 3.34e-04 
Number of triplets: 904
Frequency     group velocity (x, y, z)     |gv|
   1.379   (   1.516    7.015    0.000)    7.177
   1.436   (  -1.078    1.954    0.000)    2.232
   1.484   (   0.912    0.772    0.000)    1.194
   1.518   (  -0.509    1.490    0.000)    1.574
   1.816   (   2.787    5.146    0.000)    5.852
   1.949   (  -2.783    3.003    0.000)    4.094
   2.015   (   0.553    0.558    0.000)    0.786
   2.016   (   0.358   -2.062    0.000)    2.093
   2.689   (   3.514   12.439    0.000)   12.926
   2.833   (  -2.135   11.058    0.000)   11.262
   2.889   (   2.350    5.203    0.000)    5.709
   3.030   (  -3.405    4.560    0.000)    5.691
   3.967   (  -0.688    8.392    0.000)    8.420
   3.971   (  -0.790    7.582    0.000)    7.623
   4.022   (   0.543    5.408    0.000)    5.435
   4.028   (   0.267    5.415    0.000)    5.421
   4.236   (   0.223    1.360    0.000)    1.378
   4.304   (  -2.437    4.010    0.000)    4.693
   4.320   (   2.587   -1.853    0.000)    3.182
   4.502   (  -4.478   -0.150    0.000)    4.481
   4.632   (   1.802    5.481    0.000)    5.770
   4.644   (   0.877    8.668    0.000)    8.713
   4.826   (   4.936    1.375    0.000)    5.124
   5.040   (  -3.487   -4.967    0.000)    6.069
======================= Grid point 95 (54/512) =======================
q-point: ( 0.33  0.40  0.00)
Mass variance parameters: 4.63e-04 4.63e-04 4.63e-04 4.63e-04 3.34e-04 3.34e-04 3.34e-04 3.34e-04 
Number of triplets: 904
Frequency     group velocity (x, y, z)     |gv|
   1.388   (   1.634    6.319    0.000)    6.527
   1.430   (  -1.150    2.576    0.000)    2.821
   1.489   (   0.918    0.940    0.000)    1.314
   1.514   (  -0.674    1.444    0.000)    1.593
   1.833   (   3.180    4.839    0.000)    5.791
   1.932   (  -3.134    3.318    0.000)    4.564
   2.018   (   0.334   -1.665    0.000)    1.698
   2.018   (   0.405    0.046    0.000)    0.407
   2.711   (   3.990   12.185    0.000)   12.821
   2.819   (  -2.686   11.135    0.000)   11.454
   2.904   (   2.808    5.293    0.000)    5.991
   3.008   (  -3.827    4.856    0.000)    6.183
   3.963   (  -0.562    8.387    0.000)    8.406
   3.966   (  -0.698    7.833    0.000)    7.864
   4.025   (   0.499    5.224    0.000)    5.248
   4.030   (   0.206    5.323    0.000)    5.327
   4.239   (   0.643    1.574    0.000)    1.700
   4.290   (  -2.505    3.574    0.000)    4.364
   4.338   (   3.425   -1.515    0.000)    3.745
   4.474   (  -5.000   -0.330    0.000)    5.011
   4.641   (   1.377    5.802    0.000)    5.963
   4.648   (   0.695    8.278    0.000)    8.308
   4.857   (   5.676    0.545    0.000)    5.702
   5.018   (  -4.308   -4.191    0.000)    6.010
======================= Grid point 96 (55/512) =======================
q-point: ( 0.40  0.40  0.00)
Mass variance parameters: 4.63e-04 4.63e-04 4.63e-04 4.63e-04 3.34e-04 3.34e-04 3.34e-04 3.34e-04 
Number of triplets: 904
Frequency     group velocity (x, y, z)     |gv|
   1.397   (   1.638    5.564    0.000)    5.800
   1.423   (  -1.270    3.268    0.000)    3.506
   1.494   (   0.936    1.091    0.000)    1.437
   1.510   (  -0.811    1.387    0.000)    1.607
   1.852   (   3.431    4.533    0.000)    5.685
   1.913   (  -3.388    3.628    0.000)    4.964
   2.019   (   0.242   -1.450    0.000)    1.470
   2.020   (   0.242   -0.251    0.000)    0.349
   2.735   (   4.175   11.914    0.000)   12.624
   2.802   (  -3.231   11.255    0.000)   11.710
   2.921   (   3.237    5.356    0.000)    6.258
   2.986   (  -3.987    5.109    0.000)    6.480
   3.961   (  -0.322    8.358    0.000)    8.364
   3.963   (  -0.519    8.035    0.000)    8.052
   4.027   (   0.410    5.116    0.000)    5.133
   4.031   (   0.067    5.218    0.000)    5.219
   4.244   (   1.148    1.870    0.000)    2.194
   4.276   (  -2.374    3.115    0.000)    3.917
   4.360   (   4.168   -1.221    0.000)    4.343
   4.444   (  -5.210   -0.525    0.000)    5.236
   4.648   (   0.895    6.258    0.000)    6.321
   4.651   (   0.396    7.821    0.000)    7.831
   4.891   (   6.008   -0.399    0.000)    6.021
   4.990   (  -5.037   -3.316    0.000)    6.030
======================= Grid point 97 (56/512) =======================
q-point: ( 0.47  0.40  0.00)
Mass variance parameters: 4.63e-04 4.63e-04 4.63e-04 4.63e-04 3.34e-04 3.34e-04 3.34e-04 3.34e-04 
Number of triplets: 904
Frequency     group velocity (x, y, z)     |gv|
   1.407   (   1.554    4.784    0.000)    5.030
   1.415   (  -1.417    4.011    0.000)    4.254
   1.500   (   0.938    1.216    0.000)    1.536
   1.505   (  -0.901    1.313    0.000)    1.593
   1.872   (   3.545    4.231    0.000)    5.520
   1.893   (  -3.528    3.931    0.000)    5.283
   2.020   (   0.105   -1.074    0.000)    1.079
   2.021   (   0.063   -0.669    0.000)    0.672
   2.759   (   4.066   11.654    0.000)   12.342
   2.781   (  -3.720   11.429    0.000)   12.019
   2.941   (   3.621    5.362    0.000)    6.470
   2.963   (  -3.898    5.282    0.000)    6.565
   3.960   (  -0.026    8.295    0.000)    8.295
   3.960   (  -0.269    8.189    0.000)    8.193
   4.029   (   0.276    5.088    0.000)    5.095
   4.030   (  -0.108    5.129    0.000)    5.131
   4.252   (   1.650    2.239    0.000)    2.781
   4.263   (  -2.077    2.662    0.000)    3.376
   4.386   (   4.751   -0.963    0.000)    4.848
   4.414   (  -5.116   -0.735    0.000)    5.168
   4.651   (   0.423    6.779    0.000)    6.792
   4.653   (   0.014    7.312    0.000)    7.312
   4.926   (   5.962   -1.387    0.000)    6.122
   4.960   (  -5.612   -2.372    0.000)    6.093
======================= Grid point 105 (57/512) =======================
q-point: ( 0.00  0.47  0.00)
Mass variance parameters: 4.63e-04 4.63e-04 4.63e-04 4.63e-04 3.34e-04 3.34e-04 3.34e-04 3.34e-04 
Number of triplets: 512
Frequency     group velocity (x, y, z)     |gv|
   1.464   (   0.000    0.108    0.000)    0.108
   1.465   (   0.000   -0.019    0.000)    0.019
   1.468   (   0.000    5.154    0.000)    5.154
   1.522   (   0.000   -1.694    0.000)    1.694
   1.872   (   0.000    5.495    0.000)    5.495
   1.953   (   0.000   -4.484    0.000)    4.484
   2.010   (   0.000    0.711    0.000)    0.711
   2.015   (   0.000    0.252    0.000)    0.252
   2.810   (   0.000    7.578    0.000)    7.578
   2.885   (   0.000   -1.673    0.000)    1.673
   3.004   (   0.000    7.207    0.000)    7.207
   3.082   (   0.000   -2.355    0.000)    2.355
   4.060   (   0.000    2.936    0.000)    2.936
   4.075   (   0.000    1.308    0.000)    1.308
   4.088   (   0.000    4.708    0.000)    4.708
   4.099   (   0.000    3.063    0.000)    3.063
   4.235   (   0.000   -0.862    0.000)    0.862
   4.246   (   0.000   -2.630    0.000)    2.630
   4.433   (   0.000    6.556    0.000)    6.556
   4.526   (   0.000   -4.324    0.000)    4.324
   4.693   (   0.000    5.874    0.000)    5.874
   4.766   (   0.000   -2.692    0.000)    2.692
   4.791   (   0.000   10.599    0.000)   10.599
   4.953   (   0.000   -9.298    0.000)    9.298
======================= Grid point 106 (58/512) =======================
q-point: ( 0.07  0.47  0.00)
Mass variance parameters: 4.63e-04 4.63e-04 4.63e-04 4.63e-04 3.34e-04 3.34e-04 3.34e-04 3.34e-04 
Number of triplets: 904
Frequency     group velocity (x, y, z)     |gv|
   1.462   (  -0.190    0.367    0.000)    0.414
   1.467   (   0.611   -0.235    0.000)    0.654
   1.468   (   0.079    5.105    0.000)    5.105
   1.522   (  -0.086   -1.682    0.000)    1.684
   1.874   (   0.544    5.452    0.000)    5.479
   1.954   (   0.324   -4.447    0.000)    4.459
   2.008   (  -0.622    0.864    0.000)    1.065
   2.015   (   0.054    0.100    0.000)    0.113
   2.813   (   0.844    7.558    0.000)    7.605
   2.887   (   0.750   -1.658    0.000)    1.819
   3.002   (  -0.569    7.189    0.000)    7.212
   3.080   (  -0.724   -2.315    0.000)    2.426
   4.060   (  -0.038    2.956    0.000)    2.956
   4.075   (  -0.008    1.299    0.000)    1.299
   4.087   (  -0.267    4.691    0.000)    4.698
   4.098   (  -0.196    2.992    0.000)    2.998
   4.235   (   0.206   -0.749    0.000)    0.777
   4.248   (   0.772   -2.618    0.000)    2.730
   4.430   (  -1.233    6.503    0.000)    6.619
   4.521   (  -1.401   -4.317    0.000)    4.538
   4.696   (   0.921    5.866    0.000)    5.938
   4.769   (   1.003   -2.725    0.000)    2.903
   4.792   (   0.107   10.531    0.000)   10.532
   4.952   (  -0.326   -9.207    0.000)    9.213
======================= Grid point 107 (59/512) =======================
q-point: ( 0.13  0.47  0.00)
Mass variance parameters: 4.63e-04 4.63e-04 4.63e-04 4.63e-04 3.34e-04 3.34e-04 3.34e-04 3.34e-04 
Number of triplets: 904
Frequency     group velocity (x, y, z)     |gv|
   1.462   (   0.009    0.713    0.000)    0.713
   1.469   (   0.138    4.957    0.000)    4.959
   1.471   (   0.792   -0.453    0.000)    0.912
   1.521   (  -0.187   -1.645    0.000)    1.655
   1.878   (   1.063    5.322    0.000)    5.427
   1.956   (   0.627   -4.337    0.000)    4.382
   2.004   (  -1.022    1.159    0.000)    1.545
   2.015   (  -0.123   -0.192    0.000)    0.228
   2.820   (   1.654    7.498    0.000)    7.678
   2.894   (   1.459   -1.610    0.000)    2.173
   2.998   (  -1.130    7.138    0.000)    7.227
   3.073   (  -1.424   -2.202    0.000)    2.622
   4.060   (  -0.068    3.016    0.000)    3.016
   4.075   (   0.001    1.270    0.000)    1.270
   4.085   (  -0.558    4.636    0.000)    4.669
   4.097   (  -0.318    2.787    0.000)    2.805
   4.237   (   0.526   -0.393    0.000)    0.657
   4.255   (   1.532   -2.618    0.000)    3.033
   4.419   (  -2.323    6.341    0.000)    6.753
   4.510   (  -2.683   -4.288    0.000)    5.058
   4.704   (   1.684    5.866    0.000)    6.103
   4.777   (   1.940   -2.835    0.000)    3.436
   4.792   (   0.128   10.332    0.000)   10.332
   4.949   (  -0.701   -8.945    0.000)    8.972
======================= Grid point 108 (60/512) =======================
q-point: ( 0.20  0.47  0.00)
Mass variance parameters: 4.63e-04 4.63e-04 4.63e-04 4.63e-04 3.34e-04 3.34e-04 3.34e-04 3.34e-04 
Number of triplets: 904
Frequency     group velocity (x, y, z)     |gv|
   1.462   (   0.183    1.082    0.000)    1.098
   1.470   (   0.161    4.719    0.000)    4.722
   1.476   (   0.922   -0.622    0.000)    1.112
   1.520   (  -0.314   -1.581    0.000)    1.612
   1.886   (   1.532    5.113    0.000)    5.338
   1.961   (   0.893   -4.154    0.000)    4.249
   1.997   (  -1.392    1.512    0.000)    2.055
   2.013   (  -0.339   -0.545    0.000)    0.641
   2.832   (   2.386    7.396    0.000)    7.771
   2.904   (   2.094   -1.530    0.000)    2.594
   2.989   (  -1.676    7.060    0.000)    7.256
   3.063   (  -2.077   -2.025    0.000)    2.901
   4.059   (  -0.078    3.116    0.000)    3.117
   4.075   (   0.039    1.224    0.000)    1.225
   4.081   (  -0.796    4.549    0.000)    4.618
   4.095   (  -0.398    2.474    0.000)    2.506
   4.242   (   1.001    0.186    0.000)    1.018
   4.266   (   2.283   -2.662    0.000)    3.507
   4.403   (  -3.171    6.067    0.000)    6.845
   4.491   (  -3.747   -4.224    0.000)    5.646
   4.715   (   2.189    5.932    0.000)    6.323
   4.791   (   2.743   -3.059    0.000)    4.108
   4.793   (   0.010   10.014    0.000)   10.014
   4.944   (  -1.153   -8.532    0.000)    8.609
======================= Grid point 109 (61/512) =======================
q-point: ( 0.27  0.47  0.00)
Mass variance parameters: 4.63e-04 4.63e-04 4.63e-04 4.63e-04 3.34e-04 3.34e-04 3.34e-04 3.34e-04 
Number of triplets: 904
Frequency     group velocity (x, y, z)     |gv|
   1.464   (   0.303    1.468    0.000)    1.499
   1.470   (   0.139    4.402    0.000)    4.405
   1.482   (   1.007   -0.748    0.000)    1.254
   1.518   (  -0.464   -1.494    0.000)    1.564
   1.896   (   1.927    4.835    0.000)    5.205
   1.967   (   1.101   -3.901    0.000)    4.053
   1.988   (  -1.744    1.911    0.000)    2.587
   2.011   (  -0.564   -0.947    0.000)    1.102
   2.847   (   2.990    7.258    0.000)    7.850
   2.918   (   2.633   -1.425    0.000)    2.994
   2.978   (  -2.198    6.965    0.000)    7.303
   3.050   (  -2.650   -1.809    0.000)    3.209
   4.059   (  -0.056    3.255    0.000)    3.255
   4.075   (   0.110    1.169    0.000)    1.174
   4.076   (  -0.892    4.442    0.000)    4.530
   4.092   (  -0.480    2.100    0.000)    2.154
   4.249   (   1.603    0.914    0.000)    1.846
   4.281   (   3.017   -2.756    0.000)    4.087
   4.383   (  -3.732    5.683    0.000)    6.799
   4.467   (  -4.533   -4.114    0.000)    6.122
   4.728   (   2.418    6.117    0.000)    6.578
   4.792   (  -0.249    9.599    0.000)    9.602
   4.809   (   3.342   -3.421    0.000)    4.783
   4.936   (  -1.676   -7.997    0.000)    8.171
======================= Grid point 110 (62/512) =======================
q-point: ( 0.33  0.47  0.00)
Mass variance parameters: 4.63e-04 4.63e-04 4.63e-04 4.63e-04 3.34e-04 3.34e-04 3.34e-04 3.34e-04 
Number of triplets: 904
Frequency     group velocity (x, y, z)     |gv|
   1.466   (   0.353    1.869    0.000)    1.902
   1.471   (   0.072    4.024    0.000)    4.025
   1.488   (   1.047   -0.848    0.000)    1.348
   1.515   (  -0.624   -1.386    0.000)    1.520
   1.908   (   2.228    4.498    0.000)    5.019
   1.974   (   1.238   -3.583    0.000)    3.791
   1.977   (  -2.056    2.344    0.000)    3.118
   2.007   (  -0.789   -1.389    0.000)    1.597
   2.866   (   3.417    7.100    0.000)    7.880
   2.934   (   3.061   -1.313    0.000)    3.331
   2.964   (  -2.682    6.872    0.000)    7.377
   3.033   (  -3.109   -1.583    0.000)    3.489
   4.059   (   0.010    3.425    0.000)    3.425
   4.070   (  -0.843    4.317    0.000)    4.398
   4.076   (   0.209    1.118    0.000)    1.138
   4.089   (  -0.546    1.732    0.000)    1.816
   4.260   (   2.258    1.708    0.000)    2.831
   4.301   (   3.709   -2.899    0.000)    4.707
   4.361   (  -4.008    5.197    0.000)    6.563
   4.439   (  -5.017   -3.956    0.000)    6.389
   4.742   (   2.410    6.440    0.000)    6.876
   4.790   (  -0.619    9.105    0.000)    9.126
   4.829   (   3.691   -3.923    0.000)    5.386
   4.925   (  -2.238   -7.371    0.000)    7.703
======================= Grid point 111 (63/512) =======================
q-point: ( 0.40  0.47  0.00)
Mass variance parameters: 4.63e-04 4.63e-04 4.63e-04 4.63e-04 3.34e-04 3.34e-04 3.34e-04 3.34e-04 
Number of triplets: 904
Frequency     group velocity (x, y, z)     |gv|
   1.468   (   0.333    2.286    0.000)    2.310
   1.471   (  -0.029    3.604    0.000)    3.604
   1.494   (   1.044   -0.940    0.000)    1.405
   1.510   (  -0.778   -1.267    0.000)    1.487
   1.922   (   2.420    4.114    0.000)    4.773
   1.964   (  -2.299    2.796    0.000)    3.620
   1.981   (   1.294   -3.206    0.000)    3.458
   2.002   (  -0.995   -1.855    0.000)    2.105
   2.887   (   3.632    6.950    0.000)    7.842
   2.947   (  -3.108    6.806    0.000)    7.482
   2.953   (   3.369   -1.225    0.000)    3.585
   3.014   (  -3.421   -1.384    0.000)    3.690
   4.059   (   0.129    3.614    0.000)    3.616
   4.066   (  -0.693    4.169    0.000)    4.227
   4.078   (   0.324    1.094    0.000)    1.141
   4.086   (  -0.564    1.431    0.000)    1.538
   4.275   (   2.886    2.503    0.000)    3.820
   4.324   (   4.322   -3.083    0.000)    5.309
   4.337   (  -4.023    4.622    0.000)    6.128
   4.409   (  -5.203   -3.756    0.000)    6.417
   4.756   (   2.220    6.884    0.000)    7.233
   4.785   (  -1.051    8.558    0.000)    8.622
   4.851   (   3.775   -4.540    0.000)    5.905
   4.910   (  -2.790   -6.681    0.000)    7.241
======================= Grid point 112 (64/512) =======================
q-point: ( 0.47  0.47  0.00)
Mass variance parameters: 4.63e-04 4.63e-04 4.63e-04 4.63e-04 3.34e-04 3.34e-04 3.34e-04 3.34e-04 
Number of triplets: 904
Frequency     group velocity (x, y, z)     |gv|
   1.469   (   0.256    2.720    0.000)    2.732
   1.471   (  -0.146    3.163    0.000)    3.167
   1.500   (   0.997   -1.038    0.000)    1.439
   1.506   (  -0.906   -1.148    0.000)    1.463
   1.936   (   2.494    3.694    0.000)    4.457
   1.950   (  -2.451    3.251    0.000)    4.071
   1.988   (   1.266   -2.783    0.000)    3.057
   1.995   (  -1.161   -2.326    0.000)    2.600
   2.908   (   3.631    6.840    0.000)    7.744
   2.928   (  -3.440    6.790    0.000)    7.612
   2.973   (   3.543   -1.196    0.000)    3.740
   2.994   (  -3.566   -1.248    0.000)    3.778
   4.060   (   0.296    3.810    0.000)    3.821
   4.063   (  -0.495    3.998    0.000)    4.029
   4.080   (   0.436    1.123    0.000)    1.204
   4.083   (  -0.523    1.228    0.000)    1.335
   4.294   (   3.421    3.264    0.000)    4.728
   4.315   (  -3.814    3.974    0.000)    5.508
   4.350   (   4.809   -3.299    0.000)    5.832
   4.379   (  -5.120   -3.530    0.000)    6.219
   4.768   (   1.899    7.412    0.000)    7.652
   4.778   (  -1.494    7.983    0.000)    8.121
   4.872   (   3.619   -5.232    0.000)    6.362
   4.892   (  -3.271   -5.958    0.000)    6.797
======================= Grid point 225 (65/512) =======================
q-point: ( 0.00  0.00  0.07)
Mass variance parameters: 4.63e-04 4.63e-04 4.63e-04 4.63e-04 3.34e-04 3.34e-04 3.34e-04 3.34e-04 
Number of triplets: 512
Frequency     group velocity (x, y, z)     |gv|
   0.215   (   0.000    0.000   14.226)   14.226
   0.369   (   0.000    0.000   23.513)   23.513
   0.430   (   0.000    0.000   27.503)   27.503
   0.960   (   0.000    0.000    8.585)    8.585
   0.988   (   0.000    0.000    9.123)    9.123
   1.326   (   0.000    0.000    3.840)    3.840
   1.367   (   0.000    0.000   -3.252)    3.252
   1.572   (   0.000    0.000    3.502)    3.502
   1.746   (   0.000    0.000    8.771)    8.771
   1.846   (   0.000    0.000    3.683)    3.683
   1.944   (   0.000    0.000   11.041)   11.041
   2.288   (   0.000    0.000   -2.529)    2.529
   3.396   (   0.000    0.000    2.072)    2.072
   3.555   (   0.000    0.000    1.766)    1.766
   3.586   (   0.000    0.000   10.096)   10.096
   3.678   (   0.000    0.000    9.917)    9.917
   3.714   (   0.000    0.000    2.194)    2.194
   3.884   (   0.000    0.000    1.575)    1.575
   3.908   (   0.000    0.000   -0.066)    0.066
   3.978   (   0.000    0.000    0.748)    0.748
   4.462   (   0.000    0.000   -1.117)    1.117
   4.476   (   0.000    0.000    1.335)    1.335
   4.556   (   0.000    0.000    1.630)    1.630
   5.242   (   0.000    0.000    1.723)    1.723
======================= Grid point 226 (66/512) =======================
q-point: ( 0.07  0.00  0.07)
Mass variance parameters: 4.63e-04 4.63e-04 4.63e-04 4.63e-04 3.34e-04 3.34e-04 3.34e-04 3.34e-04 
Number of triplets: 904
Frequency     group velocity (x, y, z)     |gv|
   0.258   (  12.647    0.000   12.074)   17.485
   0.378   (   3.008    0.000   22.959)   23.155
   0.456   (   8.939    0.000   25.637)   27.151
   0.956   (  -1.353    0.000    8.524)    8.631
   0.979   (  -2.844    0.000    9.156)    9.587
   1.332   (   1.895    0.000    3.858)    4.298
   1.370   (   0.826    0.000   -3.281)    3.383
   1.570   (  -0.585    0.000    3.506)    3.555
   1.743   (  -1.089    0.000    8.706)    8.774
   1.850   (   1.481    0.000    3.721)    4.005
   1.936   (  -2.818    0.000   11.166)   11.516
   2.283   (  -1.692    0.000   -2.439)    2.969
   3.397   (   0.405    0.000    2.072)    2.111
   3.551   (  -1.148    0.000    1.784)    2.121
   3.586   (   0.033    0.000   10.065)   10.066
   3.676   (  -0.715    0.000    9.788)    9.814
   3.718   (   1.196    0.000    2.172)    2.480
   3.883   (  -0.439    0.000    1.579)    1.639
   3.910   (   0.597    0.000    0.003)    0.597
   3.977   (  -0.281    0.000    0.748)    0.800
   4.463   (   0.431    0.000   -1.069)    1.152
   4.484   (   2.472    0.000    1.409)    2.846
   4.558   (   0.569    0.000    1.559)    1.660
   5.235   (  -2.484    0.000    1.730)    3.027
======================= Grid point 227 (67/512) =======================
q-point: ( 0.13  0.00  0.07)
Mass variance parameters: 4.63e-04 4.63e-04 4.63e-04 4.63e-04 3.34e-04 3.34e-04 3.34e-04 3.34e-04 
Number of triplets: 904
Frequency     group velocity (x, y, z)     |gv|
   0.339   (  14.084    0.000   11.238)   18.018
   0.403   (   5.581    0.000   21.514)   22.226
   0.534   (  17.896    0.000   19.982)   26.824
   0.944   (  -2.791    0.000    8.377)    8.830
   0.956   (  -5.192    0.000    9.277)   10.631
   1.347   (   3.307    0.000    3.890)    5.106
   1.377   (   1.500    0.000   -3.409)    3.725
   1.565   (  -1.163    0.000    3.519)    3.706
   1.734   (  -1.996    0.000    8.637)    8.864
   1.861   (   1.986    0.000    3.976)    4.445
   1.913   (  -4.628    0.000   11.303)   12.214
   2.268   (  -3.314    0.000   -2.175)    3.964
   3.401   (   0.803    0.000    2.071)    2.221
   3.542   (  -2.013    0.000    1.827)    2.719
   3.587   (   0.124    0.000    9.971)    9.972
   3.670   (  -1.284    0.000    9.470)    9.556
   3.728   (   2.107    0.000    2.119)    2.988
   3.879   (  -0.870    0.000    1.590)    1.812
   3.915   (   1.008    0.000    0.169)    1.022
   3.974   (  -0.523    0.000    0.748)    0.912
   4.467   (   0.828    0.000   -0.956)    1.265
   4.502   (   3.560    0.000    1.642)    3.920
   4.565   (   2.312    0.000    1.353)    2.679
   5.213   (  -4.892    0.000    1.751)    5.196
======================= Grid point 228 (68/512) =======================
q-point: ( 0.20  0.00  0.07)
Mass variance parameters: 4.63e-04 4.63e-04 4.63e-04 4.63e-04 3.34e-04 3.34e-04 3.34e-04 3.34e-04 
Number of triplets: 904
Frequency     group velocity (x, y, z)     |gv|
   0.416   (  12.861    0.000   11.964)   17.565
   0.441   (   7.514    0.000   19.631)   21.020
   0.656   (  23.314    0.000   13.608)   26.995
   0.920   (  -6.920    0.000    9.521)   11.771
   0.924   (  -4.317    0.000    8.236)    9.299
   1.369   (   4.121    0.000    3.907)    5.679
   1.386   (   1.719    0.000   -3.738)    4.114
   1.557   (  -1.727    0.000    3.541)    3.940
   1.720   (  -2.722    0.000    8.781)    9.193
   1.856   (  -5.434    0.000    8.861)   10.394
   1.899   (   1.826    0.000    6.899)    7.136
   2.245   (  -4.793    0.000   -1.751)    5.103
   3.407   (   1.187    0.000    2.069)    2.385
   3.529   (  -2.535    0.000    1.878)    3.155
   3.588   (   0.305    0.000    9.812)    9.816
   3.662   (  -1.658    0.000    9.102)    9.252
   3.742   (   2.668    0.000    2.052)    3.366
   3.873   (  -1.286    0.000    1.609)    2.059
   3.921   (   1.179    0.000    0.349)    1.229
   3.971   (  -0.698    0.000    0.745)    1.021
   4.472   (   1.139    0.000   -0.788)    1.385
   4.519   (   1.809    0.000    1.777)    2.536
   4.590   (   6.513    0.000    1.240)    6.630
   5.178   (  -7.149    0.000    1.782)    7.367
======================= Grid point 229 (69/512) =======================
q-point: ( 0.27  0.00  0.07)
Mass variance parameters: 4.63e-04 4.63e-04 4.63e-04 4.63e-04 3.34e-04 3.34e-04 3.34e-04 3.34e-04 
Number of triplets: 904
Frequency     group velocity (x, y, z)     |gv|
   0.489   (   8.821    0.000   17.698)   19.774
   0.489   (  12.379    0.000   11.829)   17.122
   0.797   (  24.786    0.000    8.963)   26.357
   0.877   (  -8.144    0.000    9.910)   12.827
   0.895   (  -5.720    0.000    8.279)   10.063
   1.394   (   4.469    0.000    3.896)    5.929
   1.394   (   0.880    0.000   -4.340)    4.428
   1.545   (  -2.270    0.000    3.572)    4.232
   1.703   (  -3.247    0.000    9.358)    9.905
   1.811   (  -8.949    0.000   11.818)   14.824
   1.923   (   5.254    0.000    4.367)    6.832
   2.213   (  -6.057    0.000   -1.186)    6.173
   3.415   (   1.550    0.000    2.065)    2.582
   3.513   (  -2.788    0.000    1.924)    3.388
   3.590   (   0.575    0.000    9.596)    9.613
   3.651   (  -1.861    0.000    8.804)    8.999
   3.758   (   2.952    0.000    1.984)    3.557
   3.864   (  -1.679    0.000    1.634)    2.343
   3.928   (   1.173    0.000    0.492)    1.272
   3.966   (  -0.801    0.000    0.739)    1.090
   4.480   (   1.344    0.000   -0.568)    1.459
   4.524   (   0.138    0.000    1.580)    1.586
   4.639   (  10.104    0.000    1.413)   10.202
   5.131   (  -9.177    0.000    1.818)    9.355
======================= Grid point 230 (70/512) =======================
q-point: ( 0.33  0.00  0.07)
Mass variance parameters: 4.63e-04 4.63e-04 4.63e-04 4.63e-04 3.34e-04 3.34e-04 3.34e-04 3.34e-04 
Number of triplets: 904
Frequency     group velocity (x, y, z)     |gv|
   0.542   (   9.616    0.000   15.926)   18.604
   0.560   (  12.076    0.000   11.098)   16.401
   0.827   (  -9.006    0.000   10.450)   13.795
   0.855   (  -7.164    0.000    7.914)   10.675
   0.942   (  24.275    0.000    6.162)   25.045
   1.392   (  -2.043    0.000   -4.965)    5.369
   1.420   (   4.508    0.000    3.862)    5.936
   1.531   (  -2.785    0.000    3.610)    4.560
   1.684   (  -3.211    0.000   10.569)   11.046
   1.759   (  -8.738    0.000   12.684)   15.403
   1.957   (   6.500    0.000    3.490)    7.377
   2.175   (  -7.039    0.000   -0.506)    7.057
   3.425   (   1.887    0.000    2.058)    2.792
   3.497   (  -2.857    0.000    1.963)    3.467
   3.595   (   0.902    0.000    9.345)    9.388
   3.640   (  -1.934    0.000    8.632)    8.846
   3.776   (   3.043    0.000    1.918)    3.597
   3.853   (  -2.042    0.000    1.667)    2.636
   3.935   (   1.087    0.000    0.587)    1.236
   3.962   (  -0.848    0.000    0.729)    1.118
   4.488   (   1.442    0.000   -0.304)    1.474
   4.522   (  -0.573    0.000    1.285)    1.407
   4.704   (  12.117    0.000    1.611)   12.224
   5.073   ( -10.900    0.000    1.852)   11.056
======================= Grid point 231 (71/512) =======================
q-point: ( 0.40  0.00  0.07)
Mass variance parameters: 4.63e-04 4.63e-04 4.63e-04 4.63e-04 3.34e-04 3.34e-04 3.34e-04 3.34e-04 
Number of triplets: 904
Frequency     group velocity (x, y, z)     |gv|
   0.599   (  10.017    0.000   14.391)   17.534
   0.629   (  11.604    0.000   10.239)   15.475
   0.773   (  -9.600    0.000   11.150)   14.713
   0.808   (  -8.744    0.000    8.332)   12.078
   1.079   (  22.672    0.000    3.258)   22.905
   1.365   (  -7.763    0.000   -4.573)    9.010
   1.446   (   4.351    0.000    3.815)    5.787
   1.513   (  -3.264    0.000    3.656)    4.901
   1.668   (  -1.663    0.000   11.972)   12.087
   1.714   (  -6.651    0.000   12.576)   14.226
   1.997   (   7.328    0.000    2.713)    7.814
   2.132   (  -7.679    0.000    0.259)    7.684
   3.436   (   2.189    0.000    2.049)    2.999
   3.480   (  -2.802    0.000    1.994)    3.439
   3.601   (   1.237    0.000    9.086)    9.170
   3.629   (  -1.898    0.000    8.596)    8.803
   3.793   (   3.000    0.000    1.857)    3.528
   3.841   (  -2.366    0.000    1.706)    2.917
   3.941   (   0.991    0.000    0.644)    1.182
   3.957   (  -0.865    0.000    0.717)    1.123
   4.496   (   1.441    0.000   -0.008)    1.441
   4.518   (  -0.947    0.000    0.968)    1.354
   4.777   (  13.154    0.000    1.755)   13.271
   5.005   ( -12.239    0.000    1.875)   12.382
======================= Grid point 232 (72/512) =======================
q-point: ( 0.47  0.00  0.07)
Mass variance parameters: 4.63e-04 4.63e-04 4.63e-04 4.63e-04 3.34e-04 3.34e-04 3.34e-04 3.34e-04 
Number of triplets: 904
Frequency     group velocity (x, y, z)     |gv|
   0.658   (  10.116    0.000   13.097)   16.549
   0.694   (  10.887    0.000    9.452)   14.418
   0.716   (  -9.968    0.000   12.025)   15.619
   0.754   (  -9.931    0.000    8.810)   13.275
   1.202   (  19.469    0.000    0.478)   19.475
   1.301   ( -14.418    0.000   -2.404)   14.617
   1.470   (   4.067    0.000    3.761)    5.540
   1.493   (  -3.696    0.000    3.707)    5.235
   1.667   (   1.284    0.000   12.378)   12.444
   1.683   (  -4.084    0.000   12.275)   12.936
   2.041   (   7.818    0.000    1.904)    8.047
   2.087   (  -7.942    0.000    1.075)    8.014
   3.450   (   2.450    0.000    2.036)    3.185
   3.465   (  -2.659    0.000    2.018)    3.338
   3.609   (   1.536    0.000    8.853)    8.985
   3.619   (  -1.763    0.000    8.679)    8.856
   3.810   (   2.859    0.000    1.801)    3.379
   3.826   (  -2.642    0.000    1.751)    3.170
   3.946   (   0.919    0.000    0.679)    1.142
   3.952   (  -0.881    0.000    0.701)    1.125
   4.504   (   1.354    0.000    0.311)    1.389
   4.512   (  -1.191    0.000    0.640)    1.352
   4.855   (  13.450    0.000    1.839)   13.575
   4.932   ( -13.116    0.000    1.875)   13.249
======================= Grid point 240 (73/512) =======================
q-point: ( 0.00  0.07  0.07)
Mass variance parameters: 4.63e-04 4.63e-04 4.63e-04 4.63e-04 3.34e-04 3.34e-04 3.34e-04 3.34e-04 
Number of triplets: 904
Frequency     group velocity (x, y, z)     |gv|
   0.320   (   0.000   13.603    6.680)   15.154
   0.340   (   0.000   12.671    9.376)   15.763
   0.788   (   0.000   25.306   19.336)   31.848
   0.944   (   0.000    3.322    4.154)    5.319
   1.133   (   0.000   12.453   10.871)   16.531
   1.350   (   0.000    2.581    3.730)    4.536
   1.414   (   0.000    5.766   -4.020)    7.029
   1.616   (   0.000    5.643   -0.115)    5.644
   1.818   (   0.000    8.138    9.892)   12.809
   1.859   (   0.000    1.714    3.561)    3.952
   2.005   (   0.000    7.751   10.387)   12.960
   2.277   (   0.000   -0.968   -1.169)    1.518
   3.433   (   0.000    3.660   -0.318)    3.674
   3.523   (   0.000   -0.714    0.651)    0.967
   3.685   (   0.000    8.471   11.164)   14.014
   3.720   (   0.000    0.676    1.955)    2.069
   3.737   (   0.000    8.132    9.329)   12.376
   3.864   (   0.000   -1.471    1.110)    1.843
   3.938   (   0.000    2.752   -0.281)    2.767
   4.000   (   0.000    2.711    1.130)    2.937
   4.461   (   0.000   -0.033   -1.117)    1.117
   4.472   (   0.000   -0.465    1.375)    1.451
   4.556   (   0.000   -0.002    1.708)    1.708
   5.239   (   0.000   -0.391    1.446)    1.498
======================= Grid point 241 (74/512) =======================
q-point: ( 0.07  0.07  0.07)
Mass variance parameters: 4.63e-04 4.63e-04 4.63e-04 4.63e-04 3.34e-04 3.34e-04 3.34e-04 3.34e-04 
Number of triplets: 1688
Frequency     group velocity (x, y, z)     |gv|
   0.330   (   3.785   13.704    5.822)   15.363
   0.378   (  12.045   10.814    8.764)   18.407
   0.796   (   2.796   24.830   18.974)   31.375
   0.939   (  -1.649    3.499    4.199)    5.709
   1.126   (  -2.241   12.408   10.882)   16.655
   1.355   (   1.742    2.574    3.767)    4.884
   1.417   (   0.805    5.762   -4.020)    7.072
   1.614   (  -0.633    5.633   -0.112)    5.669
   1.813   (  -1.483    7.689    9.394)   12.230
   1.866   (   2.131    2.224    4.008)    5.055
   1.998   (  -2.724    7.794   10.499)   13.357
   2.273   (  -1.530   -0.910   -1.089)    2.087
   3.433   (   0.123    3.575   -0.265)    3.587
   3.522   (  -0.431   -0.660    0.600)    0.990
   3.682   (  -0.966    8.152   10.612)   13.417
   3.718   (  -0.671    2.239    4.555)    5.119
   3.740   (   1.266    6.722    7.060)    9.830
   3.864   (   0.144   -1.320    1.215)    1.800
   3.939   (   0.296    2.737   -0.239)    2.763
   3.999   (  -0.262    2.719    1.130)    2.956
   4.463   (   0.427   -0.037   -1.064)    1.147
   4.480   (   2.723   -0.381    1.436)    3.102
   4.557   (   0.380   -0.061    1.639)    1.683
   5.231   (  -2.467   -0.384    1.455)    2.889
======================= Grid point 242 (75/512) =======================
q-point: ( 0.13  0.07  0.07)
Mass variance parameters: 4.63e-04 4.63e-04 4.63e-04 4.63e-04 3.34e-04 3.34e-04 3.34e-04 3.34e-04 
Number of triplets: 1688
Frequency     group velocity (x, y, z)     |gv|
   0.362   (   7.161   12.605    4.817)   15.277
   0.467   (  17.602    8.621    7.108)   20.849
   0.821   (   5.710   23.023   17.494)   29.473
   0.925   (  -3.089    4.274    4.655)    7.033
   1.108   (  -3.948   12.351   10.932)   16.960
   1.368   (   2.745    2.455    3.810)    5.299
   1.424   (   1.601    5.772   -4.017)    7.212
   1.608   (  -1.242    5.606   -0.112)    5.743
   1.803   (  -2.068    7.320    8.916)   11.720
   1.882   (   3.165    2.835    4.372)    6.097
   1.975   (  -5.029    7.868   10.823)   14.294
   2.260   (  -2.999   -0.741   -0.857)    3.205
   3.434   (   0.289    3.336   -0.121)    3.351
   3.518   (  -0.834   -0.501    0.470)    1.080
   3.675   (  -1.242    7.691    9.869)   12.573
   3.712   (  -1.344    3.866    6.974)    8.087
   3.750   (   2.104    5.124    4.829)    7.349
   3.865   (   0.017   -0.930    1.436)    1.711
   3.942   (   0.587    2.690   -0.113)    2.755
   3.997   (  -0.495    2.740    1.126)    3.003
   4.466   (   0.828   -0.039   -0.952)    1.262
   4.501   (   4.141   -0.092    1.667)    4.465
   4.563   (   1.831   -0.289    1.417)    2.334
   5.210   (  -4.861   -0.364    1.479)    5.094
======================= Grid point 243 (76/512) =======================
q-point: ( 0.20  0.07  0.07)
Mass variance parameters: 4.63e-04 4.63e-04 4.63e-04 4.63e-04 3.34e-04 3.34e-04 3.34e-04 3.34e-04 
Number of triplets: 1688
Frequency     group velocity (x, y, z)     |gv|
   0.410   (   9.238   11.023    3.989)   14.925
   0.572   (  18.006    7.929    6.200)   20.629
   0.859   (   6.186   15.933   11.024)   20.338
   0.908   (  -1.335    9.120    9.073)   12.934
   1.082   (  -5.116   12.397   11.034)   17.367
   1.385   (   2.675    2.101    3.653)    4.992
   1.435   (   2.395    5.839   -3.906)    7.422
   1.599   (  -1.811    5.575   -0.134)    5.864
   1.790   (  -2.336    7.357    8.845)   11.740
   1.899   (   1.670    4.132    5.053)    6.737
   1.944   (  -4.598    7.058   10.624)   13.558
   2.238   (  -4.343   -0.471   -0.484)    4.395
   3.436   (   0.524    2.987    0.071)    3.034
   3.512   (  -1.196   -0.254    0.322)    1.265
   3.668   (  -1.075    7.351    9.418)   11.996
   3.704   (  -1.657    4.520    7.667)    9.053
   3.764   (   2.462    4.241    3.893)    6.261
   3.864   (  -0.373   -0.429    1.636)    1.732
   3.946   (   0.823    2.626    0.075)    2.753
   3.994   (  -0.679    2.762    1.112)    3.054
   4.472   (   1.145   -0.038   -0.781)    1.387
   4.521   (   2.121    0.297    1.843)    2.826
   4.585   (   6.316   -0.598    1.232)    6.462
   5.175   (  -7.108   -0.334    1.518)    7.276
======================= Grid point 244 (77/512) =======================
q-point: ( 0.27  0.07  0.07)
Mass variance parameters: 4.63e-04 4.63e-04 4.63e-04 4.63e-04 3.34e-04 3.34e-04 3.34e-04 3.34e-04 
Number of triplets: 1688
Frequency     group velocity (x, y, z)     |gv|
   0.467   (  10.338    9.497    3.304)   14.422
   0.669   (  15.273    9.215    6.872)   19.116
   0.856   (  -5.412    3.722    1.483)    6.734
   0.947   (  12.948   17.421   15.135)   26.461
   1.050   (  -5.797   12.645   11.247)   17.889
   1.397   (   1.248    1.628    2.951)    3.594
   1.451   (   3.197    5.911   -3.369)    7.517
   1.587   (  -2.321    5.549   -0.189)    6.017
   1.776   (  -2.421    7.680    9.110)   12.159
   1.879   (  -7.335    8.344   10.295)   15.146
   1.945   (   4.146    3.223    5.764)    7.797
   2.210   (  -5.496   -0.116    0.009)    5.497
   3.440   (   0.827    2.583    0.259)    2.725
   3.504   (  -1.506    0.054    0.225)    1.524
   3.663   (  -0.699    7.055    9.107)   11.541
   3.694   (  -1.707    4.831    7.766)    9.304
   3.778   (   2.580    3.607    3.396)    5.586
   3.860   (  -0.859    0.092    1.786)    1.984
   3.951   (   0.958    2.576    0.281)    2.762
   3.990   (  -0.805    2.775    1.081)    3.085
   4.479   (   1.362   -0.032   -0.557)    1.472
   4.526   (   0.080    0.333    1.635)    1.670
   4.634   (  10.261   -0.556    1.376)   10.368
   5.128   (  -9.135   -0.299    1.566)    9.273
======================= Grid point 245 (78/512) =======================
q-point: ( 0.33  0.07  0.07)
Mass variance parameters: 4.63e-04 4.63e-04 4.63e-04 4.63e-04 3.34e-04 3.34e-04 3.34e-04 3.34e-04 
Number of triplets: 1688
Frequency     group velocity (x, y, z)     |gv|
   0.529   (  10.768    8.190    2.759)   13.807
   0.747   (  11.421   11.138    7.985)   17.839
   0.818   (  -6.915    4.198    2.269)    8.402
   1.006   (  -3.820   12.332   10.486)   16.632
   1.043   (  14.171   13.333   11.653)   22.680
   1.396   (  -1.788    1.426    1.885)    2.964
   1.472   (   3.787    5.849   -2.426)    7.378
   1.573   (  -2.731    5.522   -0.277)    6.167
   1.762   (  -2.163    8.213    9.691)   12.886
   1.833   (  -8.123    9.230   11.932)   17.133
   1.975   (   5.987    2.550    4.322)    7.812
   2.175   (  -6.395    0.303    0.602)    6.430
   3.446   (   1.164    2.173    0.399)    2.497
   3.495   (  -1.743    0.394    0.215)    1.800
   3.660   (  -0.229    6.738    8.808)   11.092
   3.684   (  -1.599    5.082    7.760)    9.413
   3.793   (   2.565    3.052    3.043)    5.015
   3.854   (  -1.318    0.593    1.924)    2.406
   3.957   (   1.000    2.562    0.468)    2.790
   3.985   (  -0.882    2.768    1.029)    3.082
   4.488   (   1.475   -0.016   -0.288)    1.503
   4.524   (  -0.675    0.255    1.329)    1.513
   4.700   (  12.283   -0.423    1.539)   12.386
   5.070   ( -10.866   -0.266    1.617)   10.989
======================= Grid point 246 (79/512) =======================
q-point: ( 0.40  0.07  0.07)
Mass variance parameters: 4.63e-04 4.63e-04 4.63e-04 4.63e-04 3.34e-04 3.34e-04 3.34e-04 3.34e-04 
Number of triplets: 1688
Frequency     group velocity (x, y, z)     |gv|
   0.591   (  10.740    7.106    2.332)   13.087
   0.763   (  -7.620    5.310    1.602)    9.425
   0.819   (   8.915   12.136   10.198)   18.187
   0.968   (  -7.480   12.879   10.993)   18.511
   1.142   (  17.665    8.900    7.417)   21.125
   1.373   (  -6.421    1.909    1.446)    6.853
   1.494   (   3.946    5.706   -1.578)    7.115
   1.556   (  -3.045    5.491   -0.412)    6.292
   1.752   (  -1.235    8.827   10.546)   13.808
   1.790   (  -6.319    9.501   12.427)   16.871
   2.012   (   6.757    2.150    3.503)    7.909
   2.136   (  -6.989    0.766    1.273)    7.145
   3.454   (   1.485    1.785    0.465)    2.368
   3.484   (  -1.874    0.740    0.281)    2.034
   3.660   (   0.258    6.390    8.494)   10.632
   3.675   (  -1.386    5.358    7.809)    9.571
   3.808   (   2.460    2.531    2.750)    4.474
   3.845   (  -1.710    1.074    2.081)    2.900
   3.963   (   0.993    2.586    0.624)    2.839
   3.979   (  -0.924    2.738    0.956)    3.044
   4.496   (   1.491    0.012    0.015)    1.491
   4.519   (  -1.045    0.177    1.006)    1.461
   4.774   (  13.272   -0.320    1.641)   13.377
   5.003   ( -12.226   -0.241    1.661)   12.341
======================= Grid point 247 (80/512) =======================
q-point: ( 0.47  0.07  0.07)
Mass variance parameters: 4.63e-04 4.63e-04 4.63e-04 4.63e-04 3.34e-04 3.34e-04 3.34e-04 3.34e-04 
Number of triplets: 1688
Frequency     group velocity (x, y, z)     |gv|
   0.652   (  10.373    6.205    1.993)   12.250
   0.711   (  -9.674    5.462    1.704)   11.240
   0.872   (   8.962   13.204   10.941)   19.348
   0.922   (  -8.253   13.190   11.081)   19.102
   1.240   (  15.726    5.705    4.420)   17.303
   1.320   ( -11.639    3.362    2.330)   12.336
   1.517   (   3.752    5.575   -1.002)    6.794
   1.537   (  -3.388    5.495   -0.638)    6.487
   1.750   (   0.672    9.267   11.457)   14.751
   1.762   (  -3.416    9.456   12.161)   15.779
   2.053   (   7.168    1.716    2.743)    7.864
   2.095   (  -7.249    1.247    1.995)    7.621
   3.463   (   1.736    1.425    0.451)    2.290
   3.474   (  -1.873    1.081    0.377)    2.195
   3.663   (   0.706    6.028    8.194)   10.197
   3.668   (  -1.086    5.677    7.955)    9.833
   3.822   (   2.279    2.032    2.494)    3.942
   3.834   (  -2.029    1.549    2.271)    3.417
   3.968   (   0.971    2.634    0.754)    2.907
   3.974   (  -0.949    2.690    0.864)    2.981
   4.505   (   1.422    0.054    0.339)    1.463
   4.513   (  -1.275    0.109    0.673)    1.446
   4.852   (  13.515   -0.260    1.687)   13.622
   4.930   ( -13.136   -0.236    1.689)   13.247
======================= Grid point 255 (81/512) =======================
q-point: ( 0.00  0.13  0.07)
Mass variance parameters: 4.63e-04 4.63e-04 4.63e-04 4.63e-04 3.34e-04 3.34e-04 3.34e-04 3.34e-04 
Number of triplets: 904
Frequency     group velocity (x, y, z)     |gv|
   0.564   (   0.000   14.586    5.629)   15.635
   0.641   (   0.000   22.422   -6.882)   23.454
   1.030   (   0.000    9.481   -2.965)    9.934
   1.211   (   0.000   23.950   14.342)   27.916
   1.345   (   0.000   13.408    8.572)   15.914
   1.395   (   0.000    2.800    2.770)    3.939
   1.541   (   0.000    9.609   -4.912)   10.792
   1.743   (   0.000    9.517   -4.312)   10.448
   1.901   (   0.000    3.521    3.160)    4.731
   1.984   (   0.000   12.478    9.642)   15.769
   2.186   (   0.000   14.301    7.661)   16.224
   2.275   (   0.000    1.442    1.983)    2.452
   3.491   (   0.000    3.711   -2.617)    4.541
   3.533   (   0.000    1.681   -2.497)    3.010
   3.735   (   0.000    1.142    1.282)    1.716
   3.846   (   0.000   -0.644    0.993)    1.184
   3.862   (   0.000   13.838   11.020)   17.690
   3.920   (   0.000   13.602    7.554)   15.558
   3.992   (   0.000    3.929   -1.106)    4.081
   4.057   (   0.000    4.172    1.261)    4.358
   4.461   (   0.000    0.013   -1.144)    1.144
   4.464   (   0.000   -0.394    1.424)    1.478
   4.557   (   0.000    0.138    2.012)    2.017
   5.230   (   0.000   -0.737    0.652)    0.984
======================= Grid point 256 (82/512) =======================
q-point: ( 0.07  0.13  0.07)
Mass variance parameters: 4.63e-04 4.63e-04 4.63e-04 4.63e-04 3.34e-04 3.34e-04 3.34e-04 3.34e-04 
Number of triplets: 1688
Frequency     group velocity (x, y, z)     |gv|
   0.583   (   6.623   13.874    5.384)   16.289
   0.647   (   2.125   22.169   -6.825)   23.293
   1.027   (  -1.055    9.529   -3.067)   10.066
   1.215   (   1.195   23.699   14.119)   27.612
   1.332   (  -3.810   12.003    8.138)   14.994
   1.407   (   3.167    4.295    3.349)    6.300
   1.543   (   0.703    9.574   -4.877)   10.767
   1.741   (  -0.649    9.527   -4.297)   10.471
   1.901   (   0.073    3.792    3.316)    5.038
   1.987   (   0.927   12.277    9.448)   15.519
   2.178   (  -2.558   14.237    7.669)   16.372
   2.273   (  -0.988    1.644    2.080)    2.829
   3.490   (  -0.219    3.678   -2.537)    4.473
   3.532   (  -0.263    1.698   -2.487)    3.023
   3.735   (   0.032    1.187    1.308)    1.766
   3.832   (  -3.316    3.601    4.175)    6.434
   3.875   (   2.829    9.499    7.635)   12.511
   3.920   (  -0.118   13.510    7.466)   15.436
   3.993   (   0.320    3.953   -1.000)    4.090
   4.057   (  -0.167    4.208    1.293)    4.405
   4.462   (   0.408    0.000   -1.068)    1.143
   4.474   (   3.356   -0.255    1.437)    3.660
   4.557   (  -0.053    0.060    1.950)    1.952
   5.223   (  -2.395   -0.716    0.664)    2.587
======================= Grid point 257 (83/512) =======================
q-point: ( 0.13  0.13  0.07)
Mass variance parameters: 4.63e-04 4.63e-04 4.63e-04 4.63e-04 3.34e-04 3.34e-04 3.34e-04 3.34e-04 
Number of triplets: 1688
Frequency     group velocity (x, y, z)     |gv|
   0.634   (   9.866   13.141    3.663)   16.836
   0.667   (   5.664   20.478   -5.519)   21.951
   1.017   (  -2.205    9.714   -3.333)   10.504
   1.225   (   2.220   22.637   13.252)   26.324
   1.307   (  -4.554   11.500    8.427)   14.967
   1.426   (   3.355    5.325    3.657)    7.279
   1.550   (   1.439    9.471   -4.782)   10.707
   1.735   (  -1.266    9.551   -4.269)   10.538
   1.901   (   0.084    4.586    3.775)    5.940
   1.995   (   1.889   11.703    8.895)   14.821
   2.157   (  -4.797   14.140    7.733)   16.815
   2.264   (  -2.030    2.138    2.324)    3.754
   3.488   (  -0.336    3.582   -2.321)    4.282
   3.530   (  -0.524    1.745   -2.446)    3.050
   3.735   (   0.075    1.321    1.388)    1.917
   3.812   (  -3.247    4.431    4.874)    7.344
   3.890   (   2.317    8.418    6.363)   10.803
   3.919   (  -0.197   13.250    7.222)   15.092
   3.996   (   0.631    4.024   -0.697)    4.132
   4.055   (  -0.342    4.303    1.374)    4.530
   4.466   (   0.804   -0.016   -0.962)    1.254
   4.502   (   5.781    0.224    1.636)    6.013
   4.557   (   0.514   -0.281    1.714)    1.811
   5.202   (  -4.725   -0.655    0.698)    4.821
======================= Grid point 258 (84/512) =======================
q-point: ( 0.20  0.13  0.07)
Mass variance parameters: 4.63e-04 4.63e-04 4.63e-04 4.63e-04 3.34e-04 3.34e-04 3.34e-04 3.34e-04 
Number of triplets: 1688
Frequency     group velocity (x, y, z)     |gv|
   0.679   (   5.975   18.003   -3.861)   19.358
   0.726   (  13.664   12.635    1.651)   18.683
   1.001   (  -3.423   10.102   -3.676)   11.282
   1.237   (   1.188   18.372   10.361)   21.126
   1.283   (  -2.624   14.356   10.673)   18.080
   1.444   (   2.653    5.738    3.746)    7.348
   1.560   (   2.196    9.317   -4.651)   10.642
   1.726   (  -1.848    9.576   -4.261)   10.643
   1.902   (   0.106    5.816    4.475)    7.339
   2.009   (   2.819   10.884    8.088)   13.850
   2.124   (  -6.478   14.112    7.909)   17.426
   2.249   (  -3.067    2.755    2.647)    4.900
   3.486   (  -0.283    3.432   -2.038)    4.002
   3.526   (  -0.778    1.819   -2.353)    3.074
   3.736   (   0.142    1.540    1.523)    2.171
   3.795   (  -2.846    4.447    4.855)    7.172
   3.901   (   1.579    8.071    5.551)    9.922
   3.918   (  -0.213   12.854    6.877)   14.580
   4.000   (   0.904    4.134   -0.253)    4.239
   4.053   (  -0.523    4.424    1.471)    4.692
   4.471   (   1.132   -0.037   -0.776)    1.373
   4.531   (   2.799    1.060    2.032)    3.618
   4.572   (   5.971   -0.953    1.211)    6.166
   5.168   (  -6.924   -0.560    0.754)    6.988
======================= Grid point 259 (85/512) =======================
q-point: ( 0.27  0.13  0.07)
Mass variance parameters: 4.63e-04 4.63e-04 4.63e-04 4.63e-04 3.34e-04 3.34e-04 3.34e-04 3.34e-04 
Number of triplets: 1688
Frequency     group velocity (x, y, z)     |gv|
   0.714   (   6.238   18.112   -5.238)   19.859
   0.811   (  15.086    9.704    2.952)   18.179
   0.978   (  -4.591   10.701   -4.023)   12.320
   1.226   (  -4.705   10.620    6.695)   13.407
   1.289   (   4.115   20.285   13.286)   24.596
   1.456   (   1.436    6.078    3.885)    7.355
   1.575   (   2.901    9.143   -4.514)   10.601
   1.714   (  -2.411    9.581   -4.291)   10.771
   1.903   (   0.316    7.337    5.298)    9.056
   2.027   (   3.361   10.186    7.162)   12.898
   2.083   (  -7.168   13.926    8.203)   17.681
   2.229   (  -3.992    3.425    3.023)    6.067
   3.485   (  -0.055    3.240   -1.763)    3.690
   3.521   (  -1.009    1.919   -2.195)    3.085
   3.737   (   0.240    1.834    1.718)    2.524
   3.780   (  -2.355    4.245    4.561)    6.661
   3.908   (   0.912    7.977    4.928)    9.421
   3.916   (  -0.167   12.334    6.479)   13.934
   4.006   (   1.097    4.269    0.237)    4.414
   4.049   (  -0.698    4.539    1.550)    4.847
   4.479   (   1.380   -0.048   -0.527)    1.478
   4.535   (  -0.423    0.751    1.816)    2.010
   4.624   (  11.006   -0.516    1.235)   11.087
   5.122   (  -8.927   -0.440    0.828)    8.976
======================= Grid point 260 (86/512) =======================
q-point: ( 0.33  0.13  0.07)
Mass variance parameters: 4.63e-04 4.63e-04 4.63e-04 4.63e-04 3.34e-04 3.34e-04 3.34e-04 3.34e-04 
Number of triplets: 1688
Frequency     group velocity (x, y, z)     |gv|
   0.751   (   6.819   17.098   -5.392)   19.181
   0.896   (  14.282    8.517    3.353)   16.963
   0.948   (  -5.529   11.419   -4.263)   13.384
   1.192   (  -6.626    9.274    6.413)   13.078
   1.321   (   6.407   19.122   11.952)   23.442
   1.460   (  -0.267    6.712    4.248)    7.948
   1.593   (   3.452    9.003   -4.410)   10.603
   1.698   (  -2.953    9.540   -4.346)   10.891
   1.906   (   0.899    9.023    6.145)   10.954
   2.031   (  -5.443   14.100    7.577)   16.907
   2.059   (   2.198    9.059    7.183)   11.769
   2.203   (  -4.720    4.142    3.450)    7.165
   3.486   (   0.294    3.024   -1.557)    3.414
   3.515   (  -1.186    2.045   -1.988)    3.089
   3.739   (   0.377    2.181    1.978)    2.968
   3.767   (  -1.873    3.965    4.131)    6.024
   3.912   (   0.428    8.200    4.570)    9.397
   3.916   (  -0.090   11.602    6.018)   13.070
   4.013   (   1.198    4.405    0.683)    4.616
   4.045   (  -0.857    4.624    1.585)    4.963
   4.487   (   1.542   -0.039   -0.229)    1.559
   4.530   (  -1.077    0.482    1.492)    1.902
   4.694   (  12.779   -0.198    1.279)   12.845
   5.065   ( -10.665   -0.308    0.916)   10.709
======================= Grid point 261 (87/512) =======================
q-point: ( 0.40  0.13  0.07)
Mass variance parameters: 4.63e-04 4.63e-04 4.63e-04 4.63e-04 3.34e-04 3.34e-04 3.34e-04 3.34e-04 
Number of triplets: 1688
Frequency     group velocity (x, y, z)     |gv|
   0.792   (   7.144   15.897   -5.318)   18.222
   0.913   (  -6.340   12.536   -4.732)   14.823
   0.975   (  12.668    7.941    4.175)   15.523
   1.150   (  -7.820    8.870    6.148)   13.328
   1.360   (   7.004   16.306   10.045)   20.393
   1.452   (  -2.393    7.984    5.009)    9.724
   1.615   (   3.782    8.967   -4.366)   10.667
   1.680   (  -3.429    9.432   -4.392)   10.955
   1.914   (   1.986   10.761    6.953)   12.965
   1.992   (  -6.819   14.421    8.224)   17.947
   2.083   (   4.891    7.527    5.867)   10.724
   2.174   (  -5.198    4.913    3.937)    8.164
   3.489   (   0.675    2.800   -1.453)    3.227
   3.507   (  -1.263    2.198   -1.768)    3.091
   3.741   (   0.558    2.557    2.306)    3.488
   3.758   (  -1.444    3.646    3.645)    5.354
   3.914   (   0.179    8.830    4.580)    9.949
   3.915   (  -0.056   10.602    5.448)   11.919
   4.020   (   1.219    4.524    1.039)    4.799
   4.039   (  -0.994    4.667    1.561)    5.020
   4.496   (   1.618   -0.002    0.103)    1.621
   4.523   (  -1.362    0.303    1.158)    1.813
   4.770   (  13.531   -0.056    1.258)   13.590
   4.999   ( -12.070   -0.180    1.012)   12.114
======================= Grid point 262 (88/512) =======================
q-point: ( 0.47  0.13  0.07)
Mass variance parameters: 4.63e-04 4.63e-04 4.63e-04 4.63e-04 3.34e-04 3.34e-04 3.34e-04 3.34e-04 
Number of triplets: 1688
Frequency     group velocity (x, y, z)     |gv|
   0.834   (   7.173   14.693   -5.160)   17.145
   0.875   (  -6.914   13.553   -4.957)   16.002
   1.044   (  10.848    8.126    4.924)   14.421
   1.101   (  -9.180    8.497    5.634)   13.719
   1.399   (   6.357   13.081    8.049)   16.623
   1.432   (  -4.630   10.138    6.290)   12.797
   1.637   (   3.881    9.068   -4.377)   10.791
   1.659   (  -3.758    9.255   -4.400)   10.915
   1.930   (   3.573   12.387    7.647)   14.990
   1.956   (  -5.383   13.668    8.110)   16.780
   2.112   (   5.319    6.610    5.119)    9.909
   2.144   (  -5.401    5.737    4.489)    9.069
   3.494   (   1.000    2.582   -1.465)    3.132
   3.500   (  -1.205    2.379   -1.579)    3.099
   3.745   (   0.791    2.936    2.702)    4.068
   3.751   (  -1.084    3.302    3.156)    4.694
   3.914   (   0.114    9.393    4.752)   10.527
   3.915   (  -0.086    9.843    4.994)   11.038
   4.027   (   1.182    4.613    1.299)    4.936
   4.033   (  -1.104    4.662    1.469)    5.012
   4.506   (   1.612    0.067    0.453)    1.676
   4.515   (  -1.528    0.168    0.809)    1.737
   4.849   (  13.587   -0.028    1.195)   13.639
   4.926   ( -13.070   -0.079    1.109)   13.117
======================= Grid point 270 (89/512) =======================
q-point: ( 0.00  0.20  0.07)
Mass variance parameters: 4.63e-04 4.63e-04 4.63e-04 4.63e-04 3.34e-04 3.34e-04 3.34e-04 3.34e-04 
Number of triplets: 904
Frequency     group velocity (x, y, z)     |gv|
   0.795   (   0.000   14.160    3.203)   14.517
   0.985   (   0.000   19.937   -7.349)   21.248
   1.197   (   0.000   10.787   -3.741)   11.418
   1.432   (   0.000    1.762    1.630)    2.401
   1.488   (   0.000    9.403    1.380)    9.504
   1.600   (   0.000   18.225    8.253)   20.006
   1.701   (   0.000    9.701   -4.630)   10.749
   1.891   (   0.000    8.229   -3.410)    8.908
   1.981   (   0.000    7.371    3.321)    8.084
   2.213   (   0.000   15.917    4.605)   16.570
   2.340   (   0.000    6.818    4.417)    8.123
   2.442   (   0.000   17.146    3.484)   17.496
   3.562   (   0.000    5.478   -3.872)    6.708
   3.579   (   0.000    4.262   -3.644)    5.607
   3.758   (   0.000    1.928    0.335)    1.957
   3.846   (   0.000    0.789    0.997)    1.272
   4.061   (   0.000    4.573   -1.575)    4.837
   4.096   (   0.000   14.214    6.315)   15.553
   4.127   (   0.000    4.419    0.568)    4.455
   4.146   (   0.000   14.044    5.657)   15.141
   4.463   (   0.000    0.300   -1.293)    1.327
   4.464   (   0.000    0.406    1.249)    1.314
   4.565   (   0.000    1.196    2.790)    3.036
   5.214   (   0.000   -1.214   -0.526)    1.323
======================= Grid point 271 (90/512) =======================
q-point: ( 0.07  0.20  0.07)
Mass variance parameters: 4.63e-04 4.63e-04 4.63e-04 4.63e-04 3.34e-04 3.34e-04 3.34e-04 3.34e-04 
Number of triplets: 1688
Frequency     group velocity (x, y, z)     |gv|
   0.806   (   3.883   13.773    3.125)   14.647
   0.988   (   1.103   19.807   -7.290)   21.134
   1.195   (  -0.635   10.857   -3.832)   11.531
   1.420   (  -3.554    2.662    1.810)    4.795
   1.498   (   2.882    8.611    1.305)    9.174
   1.600   (   0.152   17.872    8.037)   19.596
   1.702   (   0.641    9.764   -4.564)   10.797
   1.889   (  -0.546    8.250   -3.418)    8.947
   1.984   (   0.965    7.513    3.379)    8.294
   2.215   (   0.583   15.901    4.592)   16.561
   2.336   (  -1.329    6.970    4.439)    8.369
   2.437   (  -1.551   17.100    3.508)   17.525
   3.561   (  -0.313    5.470   -3.807)    6.672
   3.578   (  -0.207    4.265   -3.629)    5.604
   3.759   (   0.140    1.945    0.327)    1.977
   3.844   (  -0.845    0.902    1.053)    1.624
   4.061   (  -0.028    4.754   -1.538)    4.997
   4.093   (  -0.869   12.810    5.441)   13.945
   4.129   (   0.497    5.738    1.422)    5.932
   4.146   (   0.061   13.665    5.515)   14.736
   4.464   (   0.343    0.291   -1.220)    1.300
   4.476   (   4.106    0.510    1.203)    4.309
   4.564   (  -0.385    1.192    2.759)    3.030
   5.208   (  -2.220   -1.169   -0.513)    2.561
======================= Grid point 272 (91/512) =======================
q-point: ( 0.13  0.20  0.07)
Mass variance parameters: 4.63e-04 4.63e-04 4.63e-04 4.63e-04 3.34e-04 3.34e-04 3.34e-04 3.34e-04 
Number of triplets: 1688
Frequency     group velocity (x, y, z)     |gv|
   0.838   (   7.069   12.749    2.883)   14.860
   0.997   (   2.203   19.402   -7.086)   20.773
   1.190   (  -1.322   11.067   -4.085)   11.870
   1.396   (  -4.757    3.468    2.144)    6.265
   1.517   (   3.386    8.106    1.259)    8.875
   1.601   (   0.222   16.862    7.419)   18.424
   1.708   (   1.350    9.943   -4.380)   10.949
   1.884   (  -1.091    8.316   -3.446)    9.067
   1.993   (   1.938    7.929    3.549)    8.900
   2.220   (   1.143   15.845    4.554)   16.526
   2.325   (  -2.697    7.452    4.507)    9.117
   2.424   (  -2.870   16.929    3.572)   17.539
   3.559   (  -0.533    5.445   -3.634)    6.568
   3.576   (  -0.406    4.280   -3.573)    5.590
   3.760   (   0.290    1.993    0.311)    2.038
   3.837   (  -1.472    1.184    1.175)    2.224
   4.061   (  -0.032    5.247   -1.423)    5.437
   4.088   (  -0.960   10.516    3.993)   11.290
   4.131   (   0.332    7.906    2.811)    8.398
   4.146   (   0.113   12.604    5.132)   13.609
   4.467   (   0.686    0.233   -1.068)    1.291
   4.510   (   7.618    0.720    1.119)    7.733
   4.561   (  -0.739    1.223    2.677)    3.034
   5.189   (  -4.386   -1.037   -0.472)    4.531
======================= Grid point 273 (92/512) =======================
q-point: ( 0.20  0.20  0.07)
Mass variance parameters: 4.63e-04 4.63e-04 4.63e-04 4.63e-04 3.34e-04 3.34e-04 3.34e-04 3.34e-04 
Number of triplets: 1688
Frequency     group velocity (x, y, z)     |gv|
   0.886   (   9.067   11.458    2.404)   14.808
   1.013   (   3.348   18.651   -6.618)   20.071
   1.180   (  -2.069   11.409   -4.448)   12.419
   1.366   (  -5.366    3.931    2.479)    7.098
   1.536   (   3.219    8.086    1.321)    8.803
   1.603   (   0.170   15.365    6.501)   16.685
   1.718   (   2.124   10.186   -4.132)   11.196
   1.876   (  -1.632    8.438   -3.494)    9.278
   2.007   (   2.923    8.580    3.817)    9.836
   2.228   (   1.663   15.725    4.495)   16.439
   2.305   (  -4.106    8.310    4.625)   10.359
   2.405   (  -3.768   16.563    3.666)   17.378
   3.555   (  -0.589    5.391   -3.406)    6.404
   3.573   (  -0.590    4.311   -3.463)    5.561
   3.762   (   0.453    2.064    0.299)    2.134
   3.827   (  -1.788    1.522    1.273)    2.671
   4.061   (   0.019    5.880   -1.240)    6.010
   4.083   (  -0.736    8.655    2.713)    9.100
   4.132   (   0.076    9.500    3.860)   10.255
   4.147   (   0.036   11.435    4.769)   12.390
   4.472   (   1.019    0.163   -0.808)    1.310
   4.554   (   0.033   -0.219    2.016)    2.028
   4.563   (   9.166    2.349    1.485)    9.578
   5.157   (  -6.444   -0.825   -0.404)    6.509
======================= Grid point 274 (93/512) =======================
q-point: ( 0.27  0.20  0.07)
Mass variance parameters: 4.63e-04 4.63e-04 4.63e-04 4.63e-04 3.34e-04 3.34e-04 3.34e-04 3.34e-04 
Number of triplets: 1688
Frequency     group velocity (x, y, z)     |gv|
   0.940   (   9.558   10.512    1.392)   14.275
   1.037   (   4.728   17.266   -5.540)   18.739
   1.166   (  -2.823   11.864   -4.850)   13.124
   1.334   (  -5.916    4.333    2.732)    7.825
   1.554   (   2.849    8.224    1.478)    8.828
   1.603   (   0.013   13.651    5.452)   14.699
   1.733   (   2.865   10.390   -3.907)   11.464
   1.865   (  -2.164    8.629   -3.563)    9.583
   2.026   (   3.923    9.401    4.156)   11.002
   2.239   (   2.096   15.456    4.410)   16.209
   2.277   (  -5.410    9.556    4.793)   11.981
   2.382   (  -4.186   16.008    3.773)   16.971
   3.552   (  -0.462    5.305   -3.172)    6.198
   3.569   (  -0.743    4.368   -3.304)    5.527
   3.765   (   0.627    2.144    0.310)    2.255
   3.817   (  -1.842    1.825    1.283)    2.893
   4.061   (   0.135    6.427   -1.034)    6.511
   4.079   (  -0.552    7.455    1.669)    7.660
   4.133   (   0.023   10.233    4.463)   11.164
   4.146   (  -0.158   10.659    4.608)   11.614
   4.479   (   1.325    0.111   -0.467)    1.409
   4.548   (  -1.387    0.664    2.188)    2.675
   4.628   (  12.063    1.481    0.915)   12.188
   5.115   (  -8.340   -0.543   -0.309)    8.363
======================= Grid point 275 (94/512) =======================
q-point: ( 0.33  0.20  0.07)
Mass variance parameters: 4.63e-04 4.63e-04 4.63e-04 4.63e-04 3.34e-04 3.34e-04 3.34e-04 3.34e-04 
Number of triplets: 1688
Frequency     group velocity (x, y, z)     |gv|
   0.993   (   8.368   10.844   -0.743)   13.717
   1.069   (   6.600   14.565   -3.234)   16.315
   1.147   (  -3.487   12.400   -5.210)   13.894
   1.298   (  -6.560    4.823    2.832)    8.620
   1.569   (   2.376    8.399    1.709)    8.894
   1.603   (  -0.217   12.005    4.442)   12.802
   1.751   (   3.441   10.444   -3.778)   11.627
   1.851   (  -2.677    8.894   -3.643)    9.978
   2.052   (   4.925   10.285    4.518)   12.266
   2.241   (  -5.842   10.493    4.787)   12.929
   2.255   (   1.910   15.473    4.506)   16.229
   2.357   (  -4.236   15.434    3.882)   16.469
   3.550   (  -0.190    5.184   -2.976)    5.980
   3.565   (  -0.834    4.454   -3.124)    5.504
   3.769   (   0.807    2.220    0.364)    2.390
   3.806   (  -1.736    2.053    1.190)    2.940
   4.062   (   0.284    6.772   -0.833)    6.829
   4.076   (  -0.497    6.890    0.869)    6.963
   4.133   (   0.133   10.374    4.758)   11.413
   4.145   (  -0.358   10.227    4.592)   11.216
   4.487   (   1.582    0.098   -0.071)    1.587
   4.539   (  -1.635    0.591    1.916)    2.588
   4.701   (  13.066    1.380    0.707)   13.158
   5.061   ( -10.020   -0.208   -0.190)   10.023
======================= Grid point 276 (95/512) =======================
q-point: ( 0.40  0.20  0.07)
Mass variance parameters: 4.63e-04 4.63e-04 4.63e-04 4.63e-04 3.34e-04 3.34e-04 3.34e-04 3.34e-04 
Number of triplets: 1688
Frequency     group velocity (x, y, z)     |gv|
   1.036   (   6.477   12.322   -3.395)   14.328
   1.111   (   6.258   10.979   -0.932)   12.672
   1.127   (  -2.058   12.823   -4.816)   13.851
   1.258   (  -7.327    5.514    2.720)    9.565
   1.581   (   1.854    8.625    2.011)    9.048
   1.601   (  -0.512   10.633    3.581)   11.232
   1.772   (   3.750   10.303   -3.747)   11.587
   1.834   (  -3.150    9.231   -3.716)   10.438
   2.083   (   5.880   11.085    4.836)   13.448
   2.202   (  -7.118   11.311    5.049)   14.286
   2.270   (   3.042   15.290    4.299)   16.171
   2.333   (  -4.079   15.052    3.990)   16.097
   3.550   (   0.149    5.037   -2.847)    5.787
   3.560   (  -0.831    4.571   -2.960)    5.509
   3.775   (   0.989    2.276    0.470)    2.526
   3.797   (  -1.560    2.201    1.023)    2.886
   4.064   (   0.421    6.923   -0.632)    6.965
   4.073   (  -0.520    6.765    0.293)    6.791
   4.134   (   0.310   10.238    4.855)   11.335
   4.142   (  -0.493   10.011    4.650)   11.049
   4.497   (   1.769    0.135    0.354)    1.809
   4.529   (  -1.801    0.465    1.580)    2.441
   4.778   (  13.402    1.179    0.503)   13.463
   4.999   ( -11.427    0.159   -0.045)   11.428
======================= Grid point 277 (96/512) =======================
q-point: ( 0.47  0.20  0.07)
Mass variance parameters: 4.63e-04 4.63e-04 4.63e-04 4.63e-04 3.34e-04 3.34e-04 3.34e-04 3.34e-04 
Number of triplets: 1688
Frequency     group velocity (x, y, z)     |gv|
   1.070   (   5.314   13.148   -4.865)   14.992
   1.098   (  -4.592   13.086   -5.265)   14.834
   1.164   (   8.581    8.312    1.360)   12.024
   1.213   (  -8.119    6.568    2.311)   10.696
   1.590   (   1.341    8.996    2.396)    9.406
   1.597   (  -0.886    9.634    2.905)   10.102
   1.794   (   3.767   10.000   -3.759)   11.328
   1.815   (  -3.538    9.617   -3.758)   10.914
   2.120   (   6.677   11.621    5.048)   14.322
   2.160   (  -7.149   11.731    5.117)   14.659
   2.289   (   3.462   15.049    4.195)   16.002
   2.310   (  -3.810   14.941    4.094)   15.953
   3.552   (   0.470    4.875   -2.802)    5.643
   3.555   (  -0.709    4.715   -2.844)    5.552
   3.781   (   1.175    2.301    0.628)    2.658
   3.788   (  -1.366    2.280    0.822)    2.782
   4.067   (   0.512    6.926   -0.403)    6.956
   4.070   (  -0.541    6.838   -0.111)    6.860
   4.137   (   0.462   10.056    4.827)   11.164
   4.139   (  -0.530    9.961    4.741)   11.045
   4.507   (   1.872    0.217    0.784)    2.041
   4.518   (  -1.882    0.333    1.198)    2.256
   4.855   (  13.186    0.885    0.305)   13.219
   4.930   ( -12.503    0.534    0.121)   12.515
======================= Grid point 285 (97/512) =======================
q-point: ( 0.00  0.27  0.07)
Mass variance parameters: 4.63e-04 4.63e-04 4.63e-04 4.63e-04 3.34e-04 3.34e-04 3.34e-04 3.34e-04 
Number of triplets: 904
Frequency     group velocity (x, y, z)     |gv|
   1.011   (   0.000   12.815    1.391)   12.890
   1.259   (   0.000   13.822   -4.464)   14.524
   1.354   (   0.000    8.494   -2.469)    8.846
   1.452   (   0.000    0.778    0.825)    1.134
   1.591   (   0.000    4.708   -1.535)    4.952
   1.822   (   0.000    9.251   -0.489)    9.264
   1.837   (   0.000    7.148   -3.565)    7.988
   1.992   (   0.000    4.374   -1.112)    4.513
   2.162   (   0.000   14.849    4.244)   15.444
   2.473   (   0.000   15.834   -0.776)   15.853
   2.484   (   0.000   10.654    3.300)   11.154
   2.712   (   0.000   15.964   -0.512)   15.973
   3.669   (   0.000    7.825   -4.254)    8.906
   3.672   (   0.000    7.481   -4.748)    8.861
   3.802   (   0.000    3.820   -0.678)    3.880
   3.874   (   0.000    2.792    0.681)    2.874
   4.132   (   0.000    4.130   -1.604)    4.430
   4.195   (   0.000    4.105   -0.525)    4.138
   4.276   (   0.000    7.250    1.568)    7.417
   4.349   (   0.000   10.980    3.332)   11.474
   4.474   (   0.000    1.308   -1.761)    2.194
   4.479   (   0.000    1.589    0.499)    1.665
   4.611   (   0.000    5.022    3.924)    6.374
   5.188   (   0.000   -2.217   -1.823)    2.870
======================= Grid point 286 (98/512) =======================
q-point: ( 0.07  0.27  0.07)
Mass variance parameters: 4.63e-04 4.63e-04 4.63e-04 4.63e-04 3.34e-04 3.34e-04 3.34e-04 3.34e-04 
Number of triplets: 1688
Frequency     group velocity (x, y, z)     |gv|
   1.018   (   2.234   12.575    1.362)   12.844
   1.260   (   0.504   13.726   -4.416)   14.428
   1.353   (  -0.383    8.512   -2.549)    8.893
   1.447   (  -1.840    1.018    0.876)    2.278
   1.596   (   1.663    4.598   -1.528)    5.122
   1.814   (  -1.984    8.674   -1.022)    8.957
   1.844   (   1.857    7.648   -3.033)    8.435
   1.991   (  -0.351    4.421   -1.151)    4.581
   2.166   (   1.362   14.832    4.241)   15.487
   2.473   (  -0.115   14.898   -0.240)   14.900
   2.483   (  -0.208   11.646    2.772)   11.973
   2.708   (  -1.495   15.995   -0.498)   16.073
   3.668   (  -0.364    7.830   -4.261)    8.922
   3.672   (  -0.208    7.456   -4.670)    8.800
   3.803   (   0.288    3.859   -0.694)    3.931
   3.873   (  -0.452    2.849    0.679)    2.964
   4.132   (   0.079    4.115   -1.569)    4.405
   4.193   (  -0.875    4.173   -0.619)    4.309
   4.275   (  -0.477    7.075    1.662)    7.283
   4.348   (  -0.225   11.004    3.266)   11.481
   4.475   (   0.134    1.192   -1.612)    2.010
   4.491   (   3.859    1.431    0.414)    4.136
   4.612   (   0.301    5.220    3.834)    6.484
   5.183   (  -1.894   -2.143   -1.811)    3.385
======================= Grid point 287 (99/512) =======================
q-point: ( 0.13  0.27  0.07)
Mass variance parameters: 4.63e-04 4.63e-04 4.63e-04 4.63e-04 3.34e-04 3.34e-04 3.34e-04 3.34e-04 
Number of triplets: 1688
Frequency     group velocity (x, y, z)     |gv|
   1.036   (   4.199   11.897    1.275)   12.681
   1.264   (   0.975   13.436   -4.268)   14.131
   1.350   (  -0.860    8.543   -2.773)    9.023
   1.432   (  -3.004    1.617    1.028)    3.563
   1.609   (   2.693    4.417   -1.519)    5.392
   1.801   (  -2.404    8.270   -1.156)    8.690
   1.856   (   2.189    7.816   -2.902)    8.620
   1.988   (  -0.693    4.555   -1.262)    4.777
   2.178   (   2.664   14.783    4.228)   15.605
   2.469   (  -1.429   12.102    1.776)   12.315
   2.484   (   0.753   14.609    0.781)   14.650
   2.695   (  -2.844   16.080   -0.457)   16.336
   3.665   (  -0.636    7.823   -4.236)    8.919
   3.670   (  -0.397    7.412   -4.492)    8.676
   3.806   (   0.543    3.960   -0.730)    4.063
   3.869   (  -0.813    3.007    0.660)    3.184
   4.133   (   0.165    4.073   -1.474)    4.335
   4.186   (  -1.359    4.307   -0.839)    4.594
   4.272   (  -0.487    6.741    1.841)    7.005
   4.346   (  -0.488   11.016    3.078)   11.448
   4.476   (   0.421    1.061   -1.311)    1.738
   4.520   (   5.486    0.685    0.519)    5.553
   4.616   (   1.617    5.836    3.405)    6.948
   5.166   (  -3.746   -1.924   -1.773)    4.570
======================= Grid point 288 (100/512) =======================
q-point: ( 0.20  0.27  0.07)
Mass variance parameters: 4.63e-04 4.63e-04 4.63e-04 4.63e-04 3.34e-04 3.34e-04 3.34e-04 3.34e-04 
Number of triplets: 1688
Frequency     group velocity (x, y, z)     |gv|
   1.065   (   5.689   10.902    1.123)   12.348
   1.271   (   1.370   12.933   -4.010)   13.610
   1.343   (  -1.504    8.527   -3.070)    9.187
   1.413   (  -3.484    2.489    1.222)    4.453
   1.626   (   3.143    4.351   -1.513)    5.577
   1.787   (  -2.662    7.928   -1.141)    8.441
   1.869   (   2.411    7.753   -2.918)    8.628
   1.983   (  -1.028    4.764   -1.435)    5.081
   2.197   (   3.848   14.705    4.195)   15.769
   2.457   (  -2.541   11.380    2.619)   11.951
   2.491   (   1.464   15.618   -0.009)   15.686
   2.675   (  -3.908   16.191   -0.400)   16.661
   3.661   (  -0.750    7.790   -4.147)    8.856
   3.667   (  -0.551    7.378   -4.285)    8.550
   3.809   (   0.744    4.088   -0.761)    4.225
   3.864   (  -1.037    3.235    0.599)    3.449
   4.134   (   0.267    4.011   -1.348)    4.240
   4.178   (  -1.416    4.393   -1.083)    4.741
   4.270   (  -0.142    6.523    1.968)    6.815
   4.343   (  -0.902   10.878    2.793)   11.267
   4.480   (   0.839    0.993   -0.809)    1.531
   4.547   (   3.209    0.013    1.355)    3.483
   4.636   (   5.650    6.166    2.117)    8.627
   5.139   (  -5.516   -1.567   -1.710)    5.984
======================= Grid point 289 (101/512) =======================
q-point: ( 0.27  0.27  0.07)
Mass variance parameters: 4.63e-04 4.63e-04 4.63e-04 4.63e-04 3.34e-04 3.34e-04 3.34e-04 3.34e-04 
Number of triplets: 1688
Frequency     group velocity (x, y, z)     |gv|
   1.101   (   6.609    9.745    0.892)   11.809
   1.280   (   1.578   12.125   -3.611)   12.749
   1.332   (  -2.274    8.415   -3.260)    9.306
   1.393   (  -3.476    3.743    1.255)    5.260
   1.645   (   3.269    4.452   -1.497)    5.722
   1.771   (  -2.851    7.547   -1.123)    8.146
   1.884   (   2.596    7.556   -2.929)    8.509
   1.976   (  -1.361    5.036   -1.655)    5.473
   2.222   (   4.857   14.586    4.130)   15.918
   2.440   (  -3.488   11.533    2.914)   12.396
   2.501   (   1.972   15.876   -0.215)   16.000
   2.651   (  -4.579   16.291   -0.342)   16.925
   3.657   (  -0.683    7.737   -4.014)    8.743
   3.664   (  -0.649    7.364   -4.078)    8.443
   3.814   (   0.887    4.206   -0.758)    4.365
   3.857   (  -1.133    3.493    0.474)    3.703
   4.136   (   0.393    3.946   -1.235)    4.153
   4.170   (  -1.269    4.386   -1.274)    4.740
   4.270   (   0.363    6.534    2.002)    6.844
   4.336   (  -1.411   10.503    2.464)   10.880
   4.486   (   1.326    1.048   -0.179)    1.700
   4.556   (   0.108    0.589    2.265)    2.342
   4.682   (   9.647    5.066    0.686)   10.918
   5.103   (  -7.161   -1.083   -1.618)    7.420
======================= Grid point 290 (102/512) =======================
q-point: ( 0.33  0.27  0.07)
Mass variance parameters: 4.63e-04 4.63e-04 4.63e-04 4.63e-04 3.34e-04 3.34e-04 3.34e-04 3.34e-04 
Number of triplets: 1688
Frequency     group velocity (x, y, z)     |gv|
   1.141   (   6.964    8.590    0.563)   11.072
   1.288   (   0.779   10.369   -2.953)   10.809
   1.318   (  -2.290    8.835   -3.165)    9.660
   1.373   (  -3.193    5.417    0.847)    6.345
   1.664   (   3.249    4.707   -1.461)    5.903
   1.754   (  -2.973    7.106   -1.135)    7.786
   1.899   (   2.699    7.263   -2.892)    8.270
   1.968   (  -1.695    5.358   -1.904)    5.933
   2.252   (   5.626   14.396    4.024)   15.972
   2.417   (  -4.397   11.965    3.109)   13.121
   2.514   (   2.455   15.982   -0.275)   16.172
   2.623   (  -4.799   16.338   -0.295)   17.031
   3.653   (  -0.469    7.673   -3.874)    8.608
   3.660   (  -0.668    7.373   -3.897)    8.366
   3.820   (   0.978    4.285   -0.701)    4.450
   3.851   (  -1.146    3.748    0.288)    3.930
   4.139   (   0.538    3.903   -1.172)    4.110
   4.163   (  -1.109    4.302   -1.369)    4.648
   4.274   (   0.925    6.778    1.967)    7.118
   4.326   (  -1.854    9.916    2.169)   10.318
   4.495   (   1.761    1.204    0.479)    2.186
   4.552   (  -1.247    1.181    2.476)    3.014
   4.743   (  11.292    3.813   -0.091)   11.919
   5.057   (  -8.635   -0.486   -1.494)    8.777
======================= Grid point 291 (103/512) =======================
q-point: ( 0.40  0.27  0.07)
Mass variance parameters: 4.63e-04 4.63e-04 4.63e-04 4.63e-04 3.34e-04 3.34e-04 3.34e-04 3.34e-04 
Number of triplets: 1688
Frequency     group velocity (x, y, z)     |gv|
   1.181   (   6.832    7.580    0.114)   10.206
   1.280   (  -3.560    7.051   -2.003)    8.148
   1.314   (   1.197   10.727   -2.791)   11.149
   1.356   (  -2.887    7.208   -0.014)    7.764
   1.682   (   3.185    5.090   -1.401)    6.166
   1.736   (  -3.040    6.610   -1.179)    7.371
   1.915   (   2.686    6.904   -2.790)    7.916
   1.957   (  -2.022    5.719   -2.163)    6.440
   2.286   (   6.082   14.101    3.876)   15.838
   2.389   (  -5.226   12.532    3.298)   13.973
   2.529   (   2.974   16.058   -0.285)   16.334
   2.596   (  -4.606   16.315   -0.270)   16.955
   3.652   (  -0.168    7.600   -3.758)    8.480
   3.656   (  -0.590    7.405   -3.763)    8.327
   3.825   (   1.032    4.305   -0.581)    4.465
   3.844   (  -1.122    3.972    0.059)    4.127
   4.142   (   0.683    3.901   -1.174)    4.131
   4.157   (  -0.994    4.176   -1.369)    4.506
   4.281   (   1.458    7.216    1.902)    7.604
   4.315   (  -2.103    9.212    1.964)    9.651
   4.506   (   2.055    1.383    1.087)    2.705
   4.542   (  -1.837    1.466    2.339)    3.316
   4.810   (  11.732    2.764   -0.555)   12.066
   5.003   (  -9.892    0.208   -1.336)    9.984
======================= Grid point 292 (104/512) =======================
q-point: ( 0.47  0.27  0.07)
Mass variance parameters: 4.63e-04 4.63e-04 4.63e-04 4.63e-04 3.34e-04 3.34e-04 3.34e-04 3.34e-04 
Number of triplets: 1688
Frequency     group velocity (x, y, z)     |gv|
   1.219   (   6.316    6.844   -0.476)    9.326
   1.253   (  -5.435    6.516   -1.202)    8.570
   1.325   (   2.335   10.066   -1.979)   10.521
   1.340   (  -2.648    8.786   -1.028)    9.233
   1.701   (   3.126    5.563   -1.325)    6.517
   1.719   (  -3.082    6.084   -1.246)    6.933
   1.930   (   2.552    6.510   -2.627)    7.469
   1.944   (  -2.319    6.108   -2.411)    6.964
   2.322   (   6.164   13.676    3.694)   15.449
   2.357   (  -5.857   13.133    3.496)   14.799
   2.548   (   3.548   16.142   -0.276)   16.530
   2.570   (  -4.133   16.237   -0.266)   16.757
   3.652   (   0.145    7.526   -3.693)    8.385
   3.653   (  -0.411    7.458   -3.693)    8.333
   3.832   (   1.065    4.259   -0.403)    4.408
   3.838   (  -1.092    4.146   -0.182)    4.291
   4.147   (   0.807    3.951   -1.229)    4.216
   4.152   (  -0.906    4.049   -1.308)    4.350
   4.291   (   1.876    7.801    1.854)    8.235
   4.302   (  -2.107    8.484    1.864)    8.939
   4.518   (   2.172    1.515    1.609)    3.099
   4.531   (  -2.108    1.556    2.032)    3.315
   4.878   (  11.526    1.835   -0.883)   11.704
   4.943   ( -10.879    0.985   -1.136)   10.982
======================= Grid point 300 (105/512) =======================
q-point: ( 0.00  0.33  0.07)
Mass variance parameters: 4.63e-04 4.63e-04 4.63e-04 4.63e-04 3.34e-04 3.34e-04 3.34e-04 3.34e-04 
Number of triplets: 904
Frequency     group velocity (x, y, z)     |gv|
   1.200   (   0.000   10.794    0.095)   10.795
   1.411   (   0.000    5.331   -1.547)    5.551
   1.459   (   0.000    0.202    0.267)    0.334
   1.463   (   0.000    5.116   -1.324)    5.285
   1.669   (   0.000    5.635   -2.291)    6.083
   1.926   (   0.000    4.094   -2.610)    4.855
   1.927   (   0.000    4.709   -2.797)    5.477
   2.031   (   0.000    0.546   -0.080)    0.552
   2.411   (   0.000   15.175    1.032)   15.210
   2.665   (   0.000   11.587    0.288)   11.590
   2.696   (   0.000   11.413   -3.503)   11.938
   2.930   (   0.000   10.718   -2.923)   11.109
   3.800   (   0.000    8.600   -4.362)    9.643
   3.814   (   0.000    9.473   -5.305)   10.858
   3.885   (   0.000    6.410   -1.747)    6.644
   3.935   (   0.000    4.752   -0.125)    4.754
   4.189   (   0.000    2.837   -1.798)    3.359
   4.258   (   0.000    3.748   -1.399)    4.001
   4.323   (   0.000   -0.450   -0.315)    0.549
   4.495   (   0.000    7.245    0.738)    7.282
   4.507   (   0.000    2.702   -2.477)    3.665
   4.515   (   0.000    3.024   -0.860)    3.144
   4.712   (   0.000    6.358    3.112)    7.079
   5.139   (   0.000   -4.027   -2.842)    4.929
======================= Grid point 301 (106/512) =======================
q-point: ( 0.07  0.33  0.07)
Mass variance parameters: 4.63e-04 4.63e-04 4.63e-04 4.63e-04 3.34e-04 3.34e-04 3.34e-04 3.34e-04 
Number of triplets: 1688
Frequency     group velocity (x, y, z)     |gv|
   1.204   (   1.169   10.637    0.085)   10.702
   1.411   (  -0.177    5.146   -1.508)    5.366
   1.456   (  -0.998    1.608   -0.232)    1.906
   1.465   (   0.255    4.054   -0.863)    4.153
   1.673   (   1.238    5.551   -2.280)    6.127
   1.915   (  -2.191    4.570   -2.682)    5.734
   1.938   (   1.847    4.214   -2.673)    5.322
   2.030   (  -0.130    0.580   -0.111)    0.604
   2.414   (   1.136   15.133    1.004)   15.209
   2.662   (  -0.886   11.594    0.108)   11.629
   2.698   (   0.825   11.443   -3.332)   11.947
   2.926   (  -1.283   10.765   -2.915)   11.226
   3.800   (  -0.217    8.610   -4.341)    9.645
   3.812   (  -0.516    9.428   -5.248)   10.803
   3.886   (   0.507    6.445   -1.781)    6.706
   3.935   (  -0.160    4.802   -0.139)    4.807
   4.189   (  -0.017    2.822   -1.768)    3.330
   4.255   (  -0.805    3.734   -1.466)    4.092
   4.322   (  -0.325   -0.322   -0.316)    0.556
   4.493   (  -0.627    6.489   -0.105)    6.520
   4.506   (   0.117    3.349   -1.475)    3.661
   4.524   (   2.611    2.848   -0.816)    3.949
   4.714   (   0.850    6.360    2.917)    7.049
   5.135   (  -1.422   -3.932   -2.836)    5.052
======================= Grid point 302 (107/512) =======================
q-point: ( 0.13  0.33  0.07)
Mass variance parameters: 4.63e-04 4.63e-04 4.63e-04 4.63e-04 3.34e-04 3.34e-04 3.34e-04 3.34e-04 
Number of triplets: 1688
Frequency     group velocity (x, y, z)     |gv|
   1.214   (   2.224   10.185    0.055)   10.425
   1.409   (  -0.558    4.565   -1.380)    4.802
   1.449   (  -1.168    2.686   -0.497)    2.970
   1.465   (   0.031    3.981   -0.717)    4.045
   1.683   (   2.267    5.354   -2.252)    6.235
   1.901   (  -2.507    4.732   -2.621)    5.963
   1.948   (   1.821    3.989   -2.586)    5.091
   2.029   (  -0.269    0.679   -0.204)    0.759
   2.424   (   2.235   15.009    0.923)   15.202
   2.655   (  -1.531   11.647   -0.156)   11.749
   2.705   (   1.383   11.506   -3.086)   11.992
   2.915   (  -2.466   10.898   -2.892)   11.542
   3.798   (  -0.428    8.640   -4.286)    9.654
   3.808   (  -0.833    9.326   -5.102)   10.663
   3.890   (   0.856    6.513   -1.846)    6.823
   3.934   (  -0.281    4.943   -0.192)    4.955
   4.188   (  -0.017    2.776   -1.689)    3.249
   4.249   (  -1.344    3.685   -1.619)    4.243
   4.320   (  -0.206   -0.035   -0.343)    0.401
   4.486   (  -1.862    4.938   -1.373)    5.453
   4.510   (   1.219    4.630   -0.074)    4.789
   4.543   (   3.612    2.469   -0.315)    4.387
   4.722   (   2.098    6.282    2.300)    7.011
   5.123   (  -2.818   -3.650   -2.815)    5.403
======================= Grid point 303 (108/512) =======================
q-point: ( 0.20  0.33  0.07)
Mass variance parameters: 4.63e-04 4.63e-04 4.63e-04 4.63e-04 3.34e-04 3.34e-04 3.34e-04 3.34e-04 
Number of triplets: 1688
Frequency     group velocity (x, y, z)     |gv|
   1.229   (   3.074    9.489    0.004)    9.974
   1.404   (  -1.312    3.719   -1.150)    4.108
   1.443   (  -0.794    3.961   -0.727)    4.104
   1.465   (  -0.181    4.134   -0.684)    4.195
   1.698   (   3.003    5.148   -2.219)    6.359
   1.886   (  -2.866    4.867   -2.530)    6.189
   1.959   (   1.838    3.734   -2.449)    4.829
   2.027   (  -0.428    0.842   -0.352)    1.008
   2.440   (   3.241   14.810    0.795)   15.181
   2.645   (  -2.082   11.774   -0.312)   11.960
   2.714   (   1.807   11.572   -2.946)   12.077
   2.898   (  -3.451   11.093   -2.860)   11.964
   3.795   (  -0.595    8.693   -4.231)    9.686
   3.803   (  -0.912    9.213   -4.893)   10.472
   3.896   (   1.019    6.559   -1.885)    6.900
   3.932   (  -0.349    5.153   -0.302)    5.174
   4.188   (   0.035    2.706   -1.595)    3.142
   4.240   (  -1.573    3.579   -1.768)    4.290
   4.320   (   0.353    0.295   -0.430)    0.630
   4.473   (  -2.763    4.167   -1.724)    5.288
   4.519   (   1.817    5.059    0.543)    5.402
   4.563   (   3.171    2.235    0.475)    3.908
   4.740   (   3.963    5.882    1.265)    7.205
   5.103   (  -4.160   -3.191   -2.778)    5.933
======================= Grid point 304 (109/512) =======================
q-point: ( 0.27  0.33  0.07)
Mass variance parameters: 4.63e-04 4.63e-04 4.63e-04 4.63e-04 3.34e-04 3.34e-04 3.34e-04 3.34e-04 
Number of triplets: 1688
Frequency     group velocity (x, y, z)     |gv|
   1.249   (   3.665    8.620   -0.069)    9.367
   1.394   (  -2.209    3.233   -0.906)    4.019
   1.441   (  -0.153    4.932   -0.906)    5.017
   1.463   (  -0.385    4.316   -0.691)    4.388
   1.717   (   3.476    5.003   -2.189)    6.473
   1.868   (  -3.212    4.965   -2.427)    6.392
   1.970   (   1.845    3.441   -2.270)    4.516
   2.024   (  -0.613    1.063   -0.545)    1.342
   2.461   (   4.075   14.544    0.631)   15.118
   2.631   (  -2.644   11.979   -0.369)   12.272
   2.725   (   2.211   11.635   -2.885)   12.189
   2.876   (  -4.151   11.312   -2.828)   12.377
   3.791   (  -0.635    8.763   -4.199)    9.738
   3.798   (  -0.852    9.110   -4.642)   10.260
   3.902   (   1.044    6.559   -1.869)    6.900
   3.930   (  -0.385    5.403   -0.479)    5.438
   4.189   (   0.178    2.630   -1.530)    3.048
   4.231   (  -1.616    3.400   -1.849)    4.194
   4.325   (   1.162    0.652   -0.581)    1.453
   4.455   (  -3.423    3.670   -1.745)    5.313
   4.530   (   2.114    5.118    0.936)    5.616
   4.578   (   1.777    2.447    1.320)    3.300
   4.769   (   6.067    4.978    0.067)    7.848
   5.075   (  -5.415   -2.570   -2.718)    6.581
======================= Grid point 305 (110/512) =======================
q-point: ( 0.33  0.33  0.07)
Mass variance parameters: 4.63e-04 4.63e-04 4.63e-04 4.63e-04 3.34e-04 3.34e-04 3.34e-04 3.34e-04 
Number of triplets: 1688
Frequency     group velocity (x, y, z)     |gv|
   1.271   (   3.986    7.655   -0.161)    8.632
   1.379   (  -2.886    3.417   -0.732)    4.532
   1.441   (   0.330    5.283   -0.967)    5.381
   1.461   (  -0.571    4.507   -0.720)    4.600
   1.738   (   3.750    4.937   -2.166)    6.567
   1.849   (  -3.504    5.021   -2.329)    6.551
   1.980   (   1.802    3.111   -2.055)    4.141
   2.020   (  -0.825    1.336   -0.773)    1.750
   2.486   (   4.651   14.219    0.442)   14.967
   2.614   (  -3.244   12.259   -0.349)   12.686
   2.740   (   2.652   11.694   -2.859)   12.327
   2.850   (  -4.504   11.516   -2.805)   12.680
   3.788   (  -0.494    8.827   -4.172)    9.776
   3.793   (  -0.744    9.033   -4.406)   10.078
   3.908   (   0.980    6.513   -1.794)    6.826
   3.927   (  -0.422    5.661   -0.713)    5.722
   4.191   (   0.412    2.573   -1.518)    3.016
   4.222   (  -1.567    3.170   -1.852)    3.992
   4.334   (   2.038    1.045   -0.767)    2.415
   4.433   (  -3.839    3.228   -1.649)    5.280
   4.543   (   2.197    5.014    1.274)    5.621
   4.584   (   0.349    2.981    1.883)    3.543
   4.809   (   7.654    3.736   -0.919)    8.567
   5.040   (  -6.543   -1.804   -2.628)    7.278
======================= Grid point 306 (111/512) =======================
q-point: ( 0.40  0.33  0.07)
Mass variance parameters: 4.63e-04 4.63e-04 4.63e-04 4.63e-04 3.34e-04 3.34e-04 3.34e-04 3.34e-04 
Number of triplets: 1688
Frequency     group velocity (x, y, z)     |gv|
   1.295   (   4.065    6.662   -0.268)    7.809
   1.361   (  -3.356    4.009   -0.607)    5.263
   1.444   (   0.610    5.272   -0.945)    5.391
   1.457   (  -0.711    4.710   -0.765)    4.824
   1.760   (   3.884    4.935   -2.155)    6.640
   1.828   (  -3.721    5.034   -2.248)    6.651
   1.990   (   1.692    2.751   -1.814)    3.704
   2.015   (  -1.059    1.653   -1.025)    2.215
   2.514   (   4.899   13.843    0.241)   14.686
   2.593   (  -3.860   12.608   -0.266)   13.189
   2.756   (   3.153   11.743   -2.842)   12.487
   2.824   (  -4.496   11.668   -2.797)   12.814
   3.786   (  -0.226    8.876   -4.137)    9.795
   3.790   (  -0.589    8.982   -4.236)    9.948
   3.913   (   0.865    6.422   -1.660)    6.689
   3.925   (  -0.490    5.905   -0.977)    6.005
   4.194   (   0.702    2.563   -1.557)    3.080
   4.213   (  -1.446    2.937   -1.799)    3.736
   4.348   (   2.836    1.468   -0.961)    3.335
   4.411   (  -3.987    2.791   -1.502)    5.093
   4.555   (   2.102    4.800    1.584)    5.474
   4.582   (  -0.696    3.565    2.089)    4.191
   4.856   (   8.440    2.440   -1.587)    8.928
   4.999   (  -7.492   -0.909   -2.495)    7.949
======================= Grid point 307 (112/512) =======================
q-point: ( 0.47  0.33  0.07)
Mass variance parameters: 4.63e-04 4.63e-04 4.63e-04 4.63e-04 3.34e-04 3.34e-04 3.34e-04 3.34e-04 
Number of triplets: 1688
Frequency     group velocity (x, y, z)     |gv|
   1.318   (   3.953    5.697   -0.381)    6.944
   1.340   (  -3.705    4.798   -0.495)    6.082
   1.448   (   0.749    5.119   -0.888)    5.249
   1.452   (  -0.777    4.919   -0.823)    5.047
   1.783   (   3.913    4.970   -2.162)    6.685
   1.806   (  -3.857    5.011   -2.192)    6.693
   2.000   (   1.518    2.377   -1.555)    3.220
   2.008   (  -1.298    2.005   -1.289)    2.714
   2.543   (   4.803   13.430    0.045)   14.263
   2.569   (  -4.419   13.008   -0.130)   13.739
   2.776   (   3.693   11.770   -2.823)   12.654
   2.799   (  -4.185   11.752   -2.805)   12.786
   3.785   (   0.083    8.913   -4.118)    9.819
   3.787   (  -0.367    8.946   -4.144)    9.866
   3.918   (   0.728    6.290   -1.471)    6.501
   3.922   (  -0.596    6.117   -1.238)    6.269
   4.199   (   0.996    2.617   -1.630)    3.240
   4.205   (  -1.253    2.744   -1.718)    3.472
   4.367   (   3.463    1.905   -1.150)    4.116
   4.388   (  -3.857    2.349   -1.331)    4.708
   4.567   (   1.839    4.487    1.853)    5.191
   4.576   (  -1.390    4.075    2.044)    4.766
   4.905   (   8.557    1.219   -2.018)    8.876
   4.954   (  -8.195    0.101   -2.303)    8.513
======================= Grid point 315 (113/512) =======================
q-point: ( 0.00  0.40  0.07)
Mass variance parameters: 4.63e-04 4.63e-04 4.63e-04 4.63e-04 3.34e-04 3.34e-04 3.34e-04 3.34e-04 
Number of triplets: 904
Frequency     group velocity (x, y, z)     |gv|
   1.353   (   0.000    8.171   -0.737)    8.205
   1.454   (   0.000    0.976   -0.764)    1.239
   1.461   (   0.000   -0.007   -0.130)    0.130
   1.516   (   0.000    1.535   -0.911)    1.785
   1.768   (   0.000    6.316   -1.676)    6.535
   1.970   (   0.000    1.312   -2.189)    2.552
   1.982   (   0.000    2.254   -2.270)    3.199
   2.016   (   0.000   -1.908    0.236)    1.922
   2.628   (   0.000   11.773   -2.180)   11.973
   2.826   (   0.000    4.830   -4.343)    6.495
   2.842   (   0.000   10.204   -1.984)   10.396
   3.045   (   0.000    3.740   -3.625)    5.209
   3.932   (   0.000    7.422   -4.872)    8.878
   3.958   (   0.000    8.287   -4.172)    9.278
   3.991   (   0.000    5.980   -2.631)    6.534
   4.019   (   0.000    5.408   -0.814)    5.469
   4.217   (   0.000    0.602   -2.587)    2.657
   4.290   (   0.000   -3.176   -0.740)    3.261
   4.320   (   0.000    4.361   -2.390)    4.973
   4.529   (   0.000   -0.101   -3.901)    3.902
   4.579   (   0.000    4.947   -2.306)    5.458
   4.609   (   0.000    7.102   -1.922)    7.357
   4.787   (   0.000    2.805    1.941)    3.411
   5.056   (   0.000   -6.375   -3.097)    7.088
======================= Grid point 316 (114/512) =======================
q-point: ( 0.07  0.40  0.07)
Mass variance parameters: 4.63e-04 4.63e-04 4.63e-04 4.63e-04 3.34e-04 3.34e-04 3.34e-04 3.34e-04 
Number of triplets: 1688
Frequency     group velocity (x, y, z)     |gv|
   1.354   (   0.477    8.072   -0.740)    8.120
   1.450   (  -0.994    0.861   -0.602)    1.447
   1.464   (   0.950    0.233   -0.292)    1.021
   1.516   (  -0.092    1.531   -0.911)    1.784
   1.770   (   0.833    6.253   -1.671)    6.526
   1.966   (  -1.159    1.824   -2.217)    3.096
   1.984   (   0.756    1.730   -2.180)    2.884
   2.016   (   0.039   -1.870    0.200)    1.881
   2.631   (   0.959   11.749   -2.191)   11.990
   2.826   (  -0.038    5.537   -4.267)    6.991
   2.842   (   0.133    9.515   -2.074)    9.740
   3.042   (  -1.002    3.792   -3.627)    5.343
   3.932   (  -0.174    7.436   -4.852)    8.881
   3.956   (  -0.589    8.283   -4.195)    9.303
   3.993   (   0.494    5.965   -2.617)    6.533
   4.019   (   0.006    5.404   -0.811)    5.464
   4.217   (  -0.022    0.626   -2.570)    2.645
   4.290   (   0.204   -3.063   -0.802)    3.173
   4.317   (  -0.905    4.299   -2.399)    5.006
   4.525   (  -1.410   -0.108   -3.899)    4.147
   4.584   (   1.498    4.815   -2.105)    5.464
   4.612   (   0.954    7.117   -1.891)    7.426
   4.788   (   0.578    2.724    1.762)    3.295
   5.054   (  -0.888   -6.281   -3.104)    7.062
======================= Grid point 317 (115/512) =======================
q-point: ( 0.13  0.40  0.07)
Mass variance parameters: 4.63e-04 4.63e-04 4.63e-04 4.63e-04 3.34e-04 3.34e-04 3.34e-04 3.34e-04 
Number of triplets: 1688
Frequency     group velocity (x, y, z)     |gv|
   1.358   (   0.911    7.783   -0.749)    7.872
   1.444   (  -1.067    1.069   -0.561)    1.611
   1.470   (   0.975    0.383   -0.335)    1.100
   1.515   (  -0.199    1.517   -0.909)    1.780
   1.777   (   1.607    6.075   -1.657)    6.499
   1.958   (  -1.698    2.399   -2.197)    3.669
   1.989   (   0.879    1.126   -2.025)    2.478
   2.017   (   0.060   -1.765    0.098)    1.769
   2.639   (   1.886   11.678   -2.223)   12.036
   2.825   (  -0.594    7.537   -3.873)    8.495
   2.844   (   0.757    7.571   -2.511)    8.012
   3.034   (  -1.950    3.941   -3.635)    5.705
   3.930   (  -0.322    7.483   -4.796)    8.894
   3.952   (  -0.892    8.294   -4.253)    9.363
   3.997   (   0.731    5.892   -2.571)    6.469
   4.019   (   0.008    5.385   -0.819)    5.447
   4.217   (  -0.028    0.696   -2.520)    2.614
   4.293   (   0.645   -2.749   -0.976)    2.987
   4.310   (  -1.655    4.099   -2.419)    5.039
   4.514   (  -2.490   -0.225   -3.831)    4.575
   4.595   (   2.157    4.728   -1.673)    5.460
   4.620   (   1.855    7.026   -1.707)    7.464
   4.794   (   1.306    2.460    1.227)    3.044
   5.046   (  -1.775   -6.003   -3.125)    6.996
======================= Grid point 318 (116/512) =======================
q-point: ( 0.20  0.40  0.07)
Mass variance parameters: 4.63e-04 4.63e-04 4.63e-04 4.63e-04 3.34e-04 3.34e-04 3.34e-04 3.34e-04 
Number of triplets: 1688
Frequency     group velocity (x, y, z)     |gv|
   1.364   (   1.267    7.331   -0.759)    7.478
   1.438   (  -1.082    1.455   -0.563)    1.898
   1.476   (   0.932    0.549   -0.345)    1.135
   1.513   (  -0.326    1.493   -0.899)    1.773
   1.788   (   2.274    5.815   -1.639)    6.455
   1.947   (  -2.156    2.855   -2.122)    4.160
   1.994   (   0.899    0.642   -1.844)    2.150
   2.017   (   0.052   -1.617   -0.050)    1.619
   2.653   (   2.731   11.560   -2.275)   12.094
   2.819   (  -1.333    9.138   -3.394)    9.839
   2.851   (   1.520    6.061   -3.042)    6.950
   3.020   (  -2.784    4.164   -3.648)    6.197
   3.928   (  -0.401    7.574   -4.713)    8.930
   3.947   (  -0.972    8.321   -4.308)    9.420
   4.001   (   0.774    5.758   -2.499)    6.325
   4.019   (   0.002    5.338   -0.876)    5.409
   4.217   (   0.045    0.816   -2.449)    2.582
   4.298   (  -0.539    1.572   -1.893)    2.519
   4.299   (  -0.270   -0.125   -1.763)    1.788
   4.497   (  -3.387   -0.419   -3.661)    5.005
   4.608   (   2.229    4.953   -1.277)    5.579
   4.633   (   2.305    6.691   -1.213)    7.180
   4.804   (   2.290    1.972    0.371)    3.045
   5.033   (  -2.653   -5.556   -3.150)    6.916
======================= Grid point 319 (117/512) =======================
q-point: ( 0.27  0.40  0.07)
Mass variance parameters: 4.63e-04 4.63e-04 4.63e-04 4.63e-04 3.34e-04 3.34e-04 3.34e-04 3.34e-04 
Number of triplets: 1688
Frequency     group velocity (x, y, z)     |gv|
   1.373   (   1.518    6.753   -0.765)    6.963
   1.432   (  -1.116    1.959   -0.583)    2.329
   1.481   (   0.885    0.733   -0.361)    1.205
   1.511   (  -0.463    1.455   -0.872)    1.758
   1.803   (   2.801    5.509   -1.623)    6.390
   1.933   (  -2.585    3.248   -2.016)    4.615
   2.000   (   0.875    0.236   -1.647)    1.880
   2.017   (   0.007   -1.446   -0.229)    1.464
   2.671   (   3.425   11.400   -2.342)   12.132
   2.810   (  -1.972    9.865   -3.103)   10.528
   2.862   (   2.140    5.459   -3.380)    6.767
   3.002   (  -3.445    4.430   -3.667)    6.703
   3.926   (  -0.364    7.705   -4.617)    8.990
   3.941   (  -0.948    8.335   -4.330)    9.440
   4.005   (   0.723    5.596   -2.408)    6.135
   4.019   (  -0.022    5.262   -1.008)    5.357
   4.218   (   0.265    0.998   -2.384)    2.598
   4.285   (  -2.439    3.638   -2.455)    5.021
   4.309   (   2.222   -2.171   -1.471)    3.437
   4.475   (  -4.106   -0.619   -3.415)    5.376
   4.620   (   2.138    5.298   -0.954)    5.793
   4.645   (   1.965    6.346   -0.525)    6.664
   4.821   (   3.472    1.246   -0.659)    3.747
   5.015   (  -3.500   -4.964   -3.170)    6.851
======================= Grid point 320 (118/512) =======================
q-point: ( 0.33  0.40  0.07)
Mass variance parameters: 4.63e-04 4.63e-04 4.63e-04 4.63e-04 3.34e-04 3.34e-04 3.34e-04 3.34e-04 
Number of triplets: 1688
Frequency     group velocity (x, y, z)     |gv|
   1.382   (   1.651    6.089   -0.761)    6.355
   1.425   (  -1.195    2.553   -0.612)    2.885
   1.486   (   0.851    0.911   -0.397)    1.309
   1.508   (  -0.593    1.405   -0.821)    1.732
   1.821   (   3.176    5.188   -1.616)    6.294
   1.917   (  -2.958    3.603   -1.902)    5.035
   2.004   (   0.800   -0.109   -1.442)    1.653
   2.017   (  -0.079   -1.264   -0.423)    1.336
   2.692   (   3.888   11.208   -2.421)   12.108
   2.796   (  -2.559   10.210   -2.927)   10.925
   2.876   (   2.679    5.261   -3.576)    6.903
   2.980   (  -3.873    4.696   -3.691)    7.118
   3.924   (  -0.205    7.856   -4.522)    9.067
   3.936   (  -0.870    8.324   -4.321)    9.419
   4.009   (   0.624    5.429   -2.291)    5.926
   4.018   (  -0.069    5.177   -1.212)    5.318
   4.221   (   0.639    1.252   -2.345)    2.734
   4.271   (  -2.481    3.232   -2.446)    4.752
   4.324   (   3.074   -1.839   -1.730)    3.978
   4.450   (  -4.587   -0.804   -3.129)    5.610
   4.632   (   1.963    5.577   -0.625)    5.946
   4.654   (   1.109    6.155    0.043)    6.254
   4.844   (   4.572    0.345   -1.615)    4.861
   4.993   (  -4.279   -4.251   -3.168)    6.812
======================= Grid point 321 (119/512) =======================
q-point: ( 0.40  0.40  0.07)
Mass variance parameters: 4.63e-04 4.63e-04 4.63e-04 4.63e-04 3.34e-04 3.34e-04 3.34e-04 3.34e-04 
Number of triplets: 1688
Frequency     group velocity (x, y, z)     |gv|
   1.391   (   1.672    5.377   -0.746)    5.680
   1.418   (  -1.320    3.214   -0.647)    3.534
   1.491   (   0.831    1.063   -0.462)    1.426
   1.504   (  -0.699    1.345   -0.745)    1.689
   1.840   (   3.400    4.870   -1.626)    6.158
   1.899   (  -3.244    3.934   -1.798)    5.407
   2.009   (   0.677   -0.404   -1.236)    1.466
   2.016   (  -0.203   -1.076   -0.624)    1.260
   2.715   (   4.067   11.001   -2.508)   11.994
   2.780   (  -3.116   10.424   -2.802)   11.235
   2.893   (   3.177    5.204   -3.684)    7.124
   2.957   (  -4.033    4.922   -3.716)    7.369
   3.924   (   0.037    8.002   -4.434)    9.149
   3.931   (  -0.739    8.287   -4.310)    9.370
   4.012   (   0.498    5.279   -2.138)    5.717
   4.018   (  -0.142    5.117   -1.459)    5.323
   4.226   (   1.108    1.576   -2.337)    3.028
   4.257   (  -2.325    2.806   -2.420)    4.375
   4.344   (   3.812   -1.570   -1.988)    4.577
   4.422   (  -4.791   -0.979   -2.830)    5.650
   4.643   (   1.666    5.772   -0.281)    6.014
   4.658   (   0.177    6.064    0.302)    6.074
   4.873   (   5.294   -0.632   -2.318)    5.813
   4.966   (  -4.933   -3.440   -3.122)    6.776
======================= Grid point 322 (120/512) =======================
q-point: ( 0.47  0.40  0.07)
Mass variance parameters: 4.63e-04 4.63e-04 4.63e-04 4.63e-04 3.34e-04 3.34e-04 3.34e-04 3.34e-04 
Number of triplets: 1688
Frequency     group velocity (x, y, z)     |gv|
   1.401   (   1.599    4.646   -0.719)    4.966
   1.410   (  -1.468    3.918   -0.685)    4.240
   1.495   (   0.810    1.182   -0.551)    1.534
   1.500   (  -0.770    1.272   -0.650)    1.623
   1.860   (   3.478    4.558   -1.657)    5.969
   1.880   (  -3.423    4.249   -1.715)    5.719
   2.012   (   0.521   -0.657   -1.031)    1.329
   2.015   (  -0.356   -0.877   -0.827)    1.257
   2.738   (   3.955   10.796   -2.600)   11.788
   2.760   (  -3.608   10.606   -2.697)   11.523
   2.912   (   3.616    5.165   -3.730)    7.326
   2.934   (  -3.929    5.080   -3.734)    7.429
   3.925   (   0.304    8.127   -4.364)    9.229
   3.927   (  -0.548    8.222   -4.322)    9.305
   4.015   (   0.365    5.166   -1.944)    5.532
   4.017   (  -0.242    5.110   -1.713)    5.395
   4.233   (   1.590    1.957   -2.354)    3.449
   4.244   (  -2.014    2.375   -2.386)    3.923
   4.368   (   4.375   -1.347   -2.254)    5.103
   4.395   (  -4.714   -1.155   -2.535)    5.476
   4.651   (   1.222    5.904    0.040)    6.030
   4.657   (  -0.613    5.994    0.267)    6.031
   4.904   (   5.543   -1.610   -2.756)    6.397
   4.936   (  -5.387   -2.553   -3.001)    6.674
======================= Grid point 330 (121/512) =======================
q-point: ( 0.00  0.47  0.07)
Mass variance parameters: 4.63e-04 4.63e-04 4.63e-04 4.63e-04 3.34e-04 3.34e-04 3.34e-04 3.34e-04 
Number of triplets: 904
Frequency     group velocity (x, y, z)     |gv|
   1.459   (   0.000    4.265   -1.123)    4.410
   1.460   (   0.000    0.049   -0.576)    0.578
   1.461   (   0.000    0.820   -0.399)    0.912
   1.514   (   0.000   -1.790   -1.094)    2.098
   1.864   (   0.000    5.670   -1.074)    5.770
   1.945   (   0.000   -4.166   -1.058)    4.298
   2.003   (   0.000    0.546   -1.527)    1.622
   2.004   (   0.000    0.249   -0.906)    0.940
   2.780   (   0.000    7.123   -3.824)    8.085
   2.851   (   0.000   -1.584   -4.374)    4.652
   2.981   (   0.000    6.905   -3.093)    7.566
   3.055   (   0.000   -2.239   -3.535)    4.184
   4.023   (   0.000    3.759   -4.278)    5.695
   4.048   (   0.000    0.884   -3.267)    3.384
   4.071   (   0.000    5.259   -2.788)    5.952
   4.093   (   0.000    2.861   -0.961)    3.018
   4.210   (   0.000   -0.726   -3.194)    3.276
   4.234   (   0.000   -3.377   -1.522)    3.704
   4.405   (   0.000    6.039   -3.717)    7.091
   4.493   (   0.000   -4.332   -4.246)    6.066
   4.664   (   0.000    4.976   -3.709)    6.207
   4.701   (   0.000    2.099   -5.525)    5.910
   4.826   (   0.000    4.384    1.781)    4.732
   4.939   (   0.000   -8.048   -1.871)    8.262
======================= Grid point 331 (122/512) =======================
q-point: ( 0.07  0.47  0.07)
Mass variance parameters: 4.63e-04 4.63e-04 4.63e-04 4.63e-04 3.34e-04 3.34e-04 3.34e-04 3.34e-04 
Number of triplets: 1688
Frequency     group velocity (x, y, z)     |gv|
   1.457   (  -0.307    2.281   -0.955)    2.492
   1.460   (   0.070    2.802   -0.616)    2.870
   1.464   (   0.718    0.039   -0.536)    0.897
   1.514   (  -0.061   -1.772   -1.084)    2.078
   1.866   (   0.546    5.625   -1.073)    5.752
   1.946   (   0.313   -4.116   -1.061)    4.262
   2.000   (  -0.691    0.700   -1.255)    1.595
   2.005   (   0.187    0.081   -1.154)    1.172
   2.783   (   0.850    7.105   -3.823)    8.113
   2.853   (   0.729   -1.554   -4.382)    4.706
   2.979   (  -0.582    6.875   -3.099)    7.563
   3.053   (  -0.754   -2.201   -3.546)    4.241
   4.023   (  -0.032    3.782   -4.280)    5.711
   4.047   (  -0.160    1.049   -3.270)    3.438
   4.070   (  -0.106    5.033   -2.830)    5.775
   4.092   (  -0.342    2.770   -0.962)    2.952
   4.211   (   0.390   -0.601   -3.145)    3.225
   4.236   (   0.603   -3.329   -1.566)    3.728
   4.401   (  -1.203    5.985   -3.705)    7.141
   4.489   (  -1.410   -4.311   -4.246)    6.213
   4.667   (   1.164    4.958   -3.610)    6.243
   4.705   (   1.205    2.135   -5.461)    5.986
   4.826   (  -0.111    4.271    1.694)    4.596
   4.938   (  -0.440   -7.985   -1.912)    8.222
======================= Grid point 332 (123/512) =======================
q-point: ( 0.13  0.47  0.07)
Mass variance parameters: 4.63e-04 4.63e-04 4.63e-04 4.63e-04 3.34e-04 3.34e-04 3.34e-04 3.34e-04 
Number of triplets: 1688
Frequency     group velocity (x, y, z)     |gv|
   1.456   (  -0.089    2.089   -0.974)    2.307
   1.461   (   0.136    3.030   -0.650)    3.101
   1.468   (   0.857   -0.027   -0.505)    0.996
   1.513   (  -0.144   -1.719   -1.056)    2.023
   1.870   (   1.065    5.494   -1.070)    5.697
   1.948   (   0.598   -3.957   -1.072)    4.143
   1.995   (  -0.983    0.962   -1.196)    1.823
   2.006   (  -0.036   -0.234   -1.144)    1.168
   2.790   (   1.667    7.050   -3.821)    8.190
   2.860   (   1.425   -1.462   -4.403)    4.853
   2.974   (  -1.156    6.785   -3.115)    7.554
   3.046   (  -1.486   -2.094   -3.578)    4.404
   4.023   (  -0.035    3.850   -4.279)    5.756
   4.046   (  -0.281    1.497   -3.287)    3.623
   4.069   (  -0.217    4.412   -2.925)    5.298
   4.089   (  -0.646    2.519   -0.986)    2.781
   4.215   (   0.781   -0.237   -3.005)    3.114
   4.241   (   1.284   -3.215   -1.697)    3.855
   4.391   (  -2.244    5.829   -3.660)    7.240
   4.477   (  -2.627   -4.262   -4.217)    6.546
   4.677   (   2.070    4.952   -3.359)    6.332
   4.715   (   2.230    2.265   -5.264)    6.149
   4.825   (  -0.212    3.891    1.435)    4.153
   4.934   (  -0.910   -7.801   -2.026)    8.111
======================= Grid point 333 (124/512) =======================
q-point: ( 0.20  0.47  0.07)
Mass variance parameters: 4.63e-04 4.63e-04 4.63e-04 4.63e-04 3.34e-04 3.34e-04 3.34e-04 3.34e-04 
Number of triplets: 1688
Frequency     group velocity (x, y, z)     |gv|
   1.456   (   0.127    2.171   -1.000)    2.394
   1.462   (   0.177    3.140   -0.687)    3.219
   1.474   (   0.919   -0.269   -0.475)    1.069
   1.512   (  -0.260   -1.637   -1.016)    1.944
   1.878   (   1.532    5.283   -1.067)    5.603
   1.953   (   0.817   -3.639   -1.103)    3.889
   1.989   (  -1.272    1.178   -1.115)    2.061
   2.005   (  -0.261   -0.592   -1.108)    1.283
   2.802   (   2.410    6.961   -3.813)    8.295
   2.870   (   2.055   -1.300   -4.430)    5.054
   2.965   (  -1.707    6.630   -3.139)    7.532
   3.036   (  -2.167   -1.928   -3.631)    4.647
   4.023   (   0.013    3.961   -4.264)    5.820
   4.044   (  -0.355    2.141   -3.321)    3.967
   4.068   (  -0.318    3.521   -3.008)    4.642
   4.085   (  -0.865    2.160   -1.078)    2.564
   4.221   (   1.211    0.326   -2.826)    3.092
   4.251   (   2.024   -3.102   -1.891)    4.159
   4.376   (  -3.024    5.576   -3.572)    7.279
   4.459   (  -3.574   -4.196   -4.119)    6.881
   4.690   (   2.629    5.042   -3.042)    6.449
   4.730   (   2.893    2.600   -4.918)    6.270
   4.824   (  -0.245    3.098    0.996)    3.263
   4.927   (  -1.423   -7.508   -2.197)    7.951
======================= Grid point 334 (125/512) =======================
q-point: ( 0.27  0.47  0.07)
Mass variance parameters: 4.63e-04 4.63e-04 4.63e-04 4.63e-04 3.34e-04 3.34e-04 3.34e-04 3.34e-04 
Number of triplets: 1688
Frequency     group velocity (x, y, z)     |gv|
   1.457   (   0.288    2.308   -0.999)    2.531
   1.463   (   0.177    3.213   -0.720)    3.298
   1.479   (   0.932   -0.544   -0.480)    1.181
   1.510   (  -0.403   -1.536   -0.971)    1.861
   1.888   (   1.922    5.003   -1.066)    5.464
   1.958   (   0.855   -2.925   -1.190)    3.271
   1.981   (  -1.442    1.105   -0.972)    2.060
   2.003   (  -0.491   -0.995   -1.064)    1.537
   2.818   (   3.028    6.845   -3.798)    8.393
   2.883   (   2.576   -1.039   -4.459)    5.253
   2.954   (  -2.206    6.380   -3.164)    7.455
   3.022   (  -2.764   -1.727   -3.702)    4.932
   4.023   (   0.120    4.106   -4.221)    5.890
   4.042   (  -0.407    2.900   -3.378)    4.470
   4.066   (  -0.360    2.500   -3.021)    3.938
   4.080   (  -0.960    1.748   -1.266)    2.362
   4.229   (   1.708    1.017   -2.685)    3.341
   4.264   (   2.750   -3.044   -2.112)    4.614
   4.357   (  -3.515    5.227   -3.433)    7.173
   4.436   (  -4.245   -4.104   -3.936)    7.096
   4.706   (   2.878    5.272   -2.708)    6.588
   4.747   (   2.938    3.452   -4.353)    6.285
   4.823   (  -0.018    1.572    0.310)    1.602
   4.917   (  -1.970   -7.124   -2.401)    7.772
======================= Grid point 335 (126/512) =======================
q-point: ( 0.33  0.47  0.07)
Mass variance parameters: 4.63e-04 4.63e-04 4.63e-04 4.63e-04 3.34e-04 3.34e-04 3.34e-04 3.34e-04 
Number of triplets: 1688
Frequency     group velocity (x, y, z)     |gv|
   1.459   (   0.367    2.466   -0.967)    2.674
   1.464   (   0.124    3.229   -0.747)    3.317
   1.484   (   0.919   -0.792   -0.528)    1.323
   1.507   (  -0.554   -1.426   -0.922)    1.786
   1.900   (   2.212    4.668   -1.071)    5.275
   1.961   (  -0.169   -0.194   -1.421)    1.444
   1.974   (  -0.597   -0.888   -0.689)    1.273
   1.999   (  -0.719   -1.438   -1.017)    1.902
   2.837   (   3.468    6.723   -3.773)    8.453
   2.899   (   2.832   -0.460   -4.506)    5.342
   2.940   (  -2.496    5.815   -3.159)    7.073
   3.004   (  -3.237   -1.523   -3.786)    5.208
   4.025   (   0.274    4.272   -4.141)    5.956
   4.040   (  -0.478    3.670   -3.462)    5.068
   4.064   (  -0.281    1.521   -2.933)    3.316
   4.074   (  -0.919    1.326   -1.540)    2.231
   4.240   (   2.245    1.756   -2.630)    3.878
   4.282   (   3.392   -3.041   -2.356)    5.129
   4.336   (  -3.721    4.766   -3.243)    6.862
   4.410   (  -4.647   -3.972   -3.685)    7.137
   4.723   (   2.871    5.636   -2.376)    6.756
   4.762   (   1.948    5.182   -3.406)    6.500
   4.825   (   0.890   -1.019   -0.787)    1.565
   4.904   (  -2.514   -6.673   -2.612)    7.594
======================= Grid point 336 (127/512) =======================
q-point: ( 0.40  0.47  0.07)
Mass variance parameters: 4.63e-04 4.63e-04 4.63e-04 4.63e-04 3.34e-04 3.34e-04 3.34e-04 3.34e-04 
Number of triplets: 1688
Frequency     group velocity (x, y, z)     |gv|
   1.461   (   0.354    2.644   -0.914)    2.820
   1.464   (   0.018    3.165   -0.773)    3.258
   1.490   (   0.894   -0.983   -0.609)    1.462
   1.504   (  -0.689   -1.321   -0.864)    1.722
   1.913   (   2.384    4.290   -1.087)    5.027
   1.954   (  -1.904    2.765   -1.317)    3.606
   1.976   (   0.935   -3.030   -0.752)    3.259
   1.994   (  -0.925   -1.908   -0.970)    2.332
   2.858   (   3.687    6.623   -3.742)    8.453
   2.912   (   0.242    3.509   -4.429)    5.656
   2.929   (   0.008    1.852   -3.259)    3.748
   2.984   (  -3.543   -1.353   -3.872)    5.421
   4.027   (   0.442    4.436   -4.024)    6.005
   4.037   (  -0.569    4.266   -3.580)    5.598
   4.063   (  -0.063    0.815   -2.747)    2.866
   4.069   (  -0.764    0.935   -1.864)    2.221
   4.255   (   2.765    2.482   -2.667)    4.574
   4.303   (   3.199   -2.286   -2.799)    4.827
   4.315   (  -2.960    3.402   -2.852)    5.336
   4.383   (  -4.793   -3.800   -3.391)    6.994
   4.739   (   2.641    6.107   -2.063)    6.966
   4.768   (   0.090    6.819   -2.297)    7.196
   4.834   (   2.366   -3.653   -2.066)    4.818
   4.888   (  -2.991   -6.176   -2.793)    7.409
======================= Grid point 337 (128/512) =======================
q-point: ( 0.47  0.47  0.07)
Mass variance parameters: 4.63e-04 4.63e-04 4.63e-04 4.63e-04 3.34e-04 3.34e-04 3.34e-04 3.34e-04 
Number of triplets: 1688
Frequency     group velocity (x, y, z)     |gv|
   1.463   (   0.261    2.837   -0.855)    2.975
   1.464   (  -0.123    3.024   -0.807)    3.132
   1.495   (   0.857   -1.118   -0.704)    1.574
   1.499   (  -0.792   -1.222   -0.792)    1.657
   1.927   (   2.426    3.881   -1.121)    4.712
   1.941   (  -2.313    3.432   -1.186)    4.306
   1.982   (   1.142   -2.829   -0.860)    3.169
   1.988   (  -1.082   -2.384   -0.921)    2.775
   2.879   (   3.653    6.573   -3.720)    8.390
   2.899   (  -3.238    6.514   -3.781)    8.198
   2.943   (   3.364   -1.162   -3.905)    5.283
   2.963   (  -3.638   -1.252   -3.939)    5.506
   4.030   (   0.572    4.556   -3.879)    6.011
   4.033   (  -0.618    4.545   -3.725)    5.908
   4.063   (   0.235    0.541   -2.492)    2.561
   4.065   (  -0.526    0.635   -2.191)    2.342
   4.272   (   3.209    3.165   -2.785)    5.298
   4.292   (  -3.488    3.763   -2.977)    5.932
   4.329   (   4.359   -3.379   -2.755)    6.165
   4.355   (  -4.702   -3.603   -3.079)    6.676
   4.753   (   2.174    6.633   -1.821)    7.214
   4.764   (  -1.356    7.061   -1.794)    7.410
   4.851   (   3.207   -4.971   -2.744)    6.522
   4.870   (  -3.292   -5.641   -2.884)    7.140
======================= Grid point 450 (129/512) =======================
q-point: ( 0.00  0.00  0.13)
Mass variance parameters: 4.63e-04 4.63e-04 4.63e-04 4.63e-04 3.34e-04 3.34e-04 3.34e-04 3.34e-04 
Number of triplets: 512
Frequency     group velocity (x, y, z)     |gv|
   0.434   (   0.000    0.000   14.267)   14.267
   0.710   (   0.000    0.000   20.818)   20.818
   0.824   (   0.000    0.000   23.290)   23.290
   1.149   (   0.000    0.000   15.841)   15.841
   1.165   (   0.000    0.000   13.177)   13.177
   1.333   (   0.000    0.000   -0.734)    0.734
   1.404   (   0.000    0.000    5.984)    5.984
   1.644   (   0.000    0.000    5.633)    5.633
   1.920   (   0.000    0.000    5.615)    5.615
   1.927   (   0.000    0.000   14.272)   14.272
   2.149   (   0.000    0.000   14.944)   14.944
   2.251   (   0.000    0.000   -1.474)    1.474
   3.445   (   0.000    0.000    4.351)    4.351
   3.596   (   0.000    0.000    3.592)    3.592
   3.763   (   0.000    0.000    4.017)    4.017
   3.792   (   0.000    0.000   15.927)   15.927
   3.881   (   0.000    0.000   15.792)   15.792
   3.911   (   0.000    0.000    0.532)    0.532
   3.919   (   0.000    0.000    2.875)    2.875
   3.998   (   0.000    0.000    2.112)    2.112
   4.445   (   0.000    0.000   -0.914)    0.914
   4.505   (   0.000    0.000    2.403)    2.403
   4.587   (   0.000    0.000    2.377)    2.377
   5.276   (   0.000    0.000    2.517)    2.517
======================= Grid point 451 (130/512) =======================
q-point: ( 0.07  0.00  0.13)
Mass variance parameters: 4.63e-04 4.63e-04 4.63e-04 4.63e-04 3.34e-04 3.34e-04 3.34e-04 3.34e-04 
Number of triplets: 904
Frequency     group velocity (x, y, z)     |gv|
   0.456   (   7.395    0.000   13.512)   15.403
   0.715   (   1.567    0.000   20.678)   20.737
   0.835   (   3.786    0.000   22.776)   23.089
   1.143   (  -2.148    0.000   15.453)   15.601
   1.157   (  -2.731    0.000   13.164)   13.445
   1.337   (   1.349    0.000   -0.367)    1.398
   1.410   (   2.063    0.000    6.047)    6.389
   1.642   (  -0.554    0.000    5.640)    5.667
   1.909   (  -2.308    0.000    9.152)    9.439
   1.939   (   2.570    0.000   10.706)   11.010
   2.142   (  -2.484    0.000   14.881)   15.087
   2.249   (  -0.963    0.000   -1.218)    1.553
   3.446   (   0.397    0.000    4.348)    4.366
   3.593   (  -1.025    0.000    3.622)    3.764
   3.766   (   1.051    0.000    3.983)    4.120
   3.791   (  -0.226    0.000   15.844)   15.846
   3.871   (  -2.865    0.000   13.095)   13.405
   3.917   (  -0.409    0.000    2.882)    2.911
   3.920   (   2.323    0.000    3.106)    3.879
   3.998   (  -0.174    0.000    2.192)    2.199
   4.446   (   0.624    0.000   -0.899)    1.094
   4.515   (   3.108    0.000    2.578)    4.038
   4.588   (   0.111    0.000    2.275)    2.278
   5.269   (  -2.420    0.000    2.535)    3.505
======================= Grid point 452 (131/512) =======================
q-point: ( 0.13  0.00  0.13)
Mass variance parameters: 4.63e-04 4.63e-04 4.63e-04 4.63e-04 3.34e-04 3.34e-04 3.34e-04 3.34e-04 
Number of triplets: 904
Frequency     group velocity (x, y, z)     |gv|
   0.514   (  11.932    0.000   12.035)   16.947
   0.728   (   3.044    0.000   20.276)   20.504
   0.868   (   7.483    0.000   21.168)   22.451
   1.125   (  -3.829    0.000   14.653)   15.145
   1.135   (  -4.783    0.000   13.200)   14.040
   1.347   (   2.086    0.000    0.403)    2.125
   1.427   (   3.464    0.000    6.160)    7.067
   1.638   (  -1.101    0.000    5.660)    5.766
   1.896   (  -2.257    0.000   10.025)   10.276
   1.954   (   2.735    0.000    9.780)   10.155
   2.121   (  -4.554    0.000   14.777)   15.463
   2.240   (  -1.964    0.000   -0.565)    2.044
   3.450   (   0.786    0.000    4.338)    4.409
   3.584   (  -1.827    0.000    3.697)    4.124
   3.774   (   1.878    0.000    3.895)    4.324
   3.789   (  -0.402    0.000   15.595)   15.600
   3.853   (  -3.165    0.000   11.635)   12.058
   3.914   (  -0.811    0.000    2.904)    3.015
   3.933   (   2.240    0.000    4.271)    4.822
   3.996   (  -0.345    0.000    2.402)    2.427
   4.452   (   1.228    0.000   -0.820)    1.476
   4.538   (   4.518    0.000    3.051)    5.452
   4.591   (   1.573    0.000    1.956)    2.510
   5.248   (  -4.772    0.000    2.588)    5.428
======================= Grid point 453 (132/512) =======================
q-point: ( 0.20  0.00  0.13)
Mass variance parameters: 4.63e-04 4.63e-04 4.63e-04 4.63e-04 3.34e-04 3.34e-04 3.34e-04 3.34e-04 
Number of triplets: 904
Frequency     group velocity (x, y, z)     |gv|
   0.588   (  13.349    0.000   11.022)   17.311
   0.749   (   4.360    0.000   19.662)   20.139
   0.921   (  10.627    0.000   18.315)   21.175
   1.100   (  -4.805    0.000   14.066)   14.864
   1.103   (  -6.104    0.000   13.380)   14.706
   1.359   (   1.965    0.000    1.103)    2.253
   1.449   (   4.166    0.000    6.230)    7.494
   1.630   (  -1.635    0.000    5.694)    5.925
   1.883   (  -2.068    0.000   10.651)   10.850
   1.970   (   2.452    0.000    9.247)    9.567
   2.091   (  -5.630    0.000   14.645)   15.690
   2.226   (  -2.951    0.000    0.298)    2.966
   3.455   (   1.160    0.000    4.322)    4.475
   3.572   (  -2.340    0.000    3.792)    4.456
   3.787   (  -0.475    0.000   15.181)   15.188
   3.787   (   2.411    0.000    3.780)    4.483
   3.835   (  -2.892    0.000   11.224)   11.590
   3.908   (  -1.199    0.000    2.940)    3.175
   3.945   (   1.818    0.000    4.375)    4.738
   3.994   (  -0.501    0.000    2.675)    2.721
   4.461   (   1.737    0.000   -0.645)    1.853
   4.556   (   1.157    0.000    3.079)    3.290
   4.615   (   7.258    0.000    2.045)    7.541
   5.214   (  -6.986    0.000    2.669)    7.478
======================= Grid point 454 (133/512) =======================
q-point: ( 0.27  0.00  0.13)
Mass variance parameters: 4.63e-04 4.63e-04 4.63e-04 4.63e-04 3.34e-04 3.34e-04 3.34e-04 3.34e-04 
Number of triplets: 904
Frequency     group velocity (x, y, z)     |gv|
   0.665   (  12.904    0.000   10.822)   16.841
   0.778   (   5.465    0.000   18.899)   19.673
   0.985   (  10.314    0.000   13.841)   17.261
   1.065   (  -6.911    0.000   13.724)   15.365
   1.074   (  -2.921    0.000   14.529)   14.820
   1.368   (   0.867    0.000    1.596)    1.816
   1.474   (   4.403    0.000    6.234)    7.632
   1.619   (  -2.150    0.000    5.742)    6.131
   1.872   (  -1.619    0.000   11.347)   11.462
   1.979   (   0.140    0.000    9.729)    9.730
   2.061   (  -3.920    0.000   13.607)   14.160
   2.206   (  -3.824    0.000    1.275)    4.031
   3.463   (   1.512    0.000    4.298)    4.556
   3.558   (  -2.609    0.000    3.888)    4.683
   3.784   (  -0.399    0.000   14.627)   14.632
   3.802   (   2.696    0.000    3.656)    4.543
   3.820   (  -2.446    0.000   11.241)   11.504
   3.900   (  -1.566    0.000    2.990)    3.375
   3.954   (   1.428    0.000    4.184)    4.421
   3.991   (  -0.623    0.000    2.943)    3.008
   4.472   (   2.107    0.000   -0.376)    2.140
   4.556   (  -0.892    0.000    2.541)    2.693
   4.670   (  10.983    0.000    2.587)   11.284
   5.167   (  -8.993    0.000    2.773)    9.411
======================= Grid point 455 (134/512) =======================
q-point: ( 0.33  0.00  0.13)
Mass variance parameters: 4.63e-04 4.63e-04 4.63e-04 4.63e-04 3.34e-04 3.34e-04 3.34e-04 3.34e-04 
Number of triplets: 904
Frequency     group velocity (x, y, z)     |gv|
   0.737   (  11.863    0.000   11.063)   16.221
   0.812   (   6.339    0.000   18.053)   19.134
   1.004   (  -4.256    0.000   10.763)   11.574
   1.024   (  -7.377    0.000   14.214)   16.014
   1.100   (  11.837    0.000   13.599)   18.029
   1.367   (  -1.343    0.000    2.045)    2.447
   1.500   (   4.369    0.000    6.191)    7.577
   1.605   (  -2.638    0.000    5.802)    6.373
   1.865   (  -0.705    0.000   12.184)   12.205
   1.965   (  -4.888    0.000   12.534)   13.453
   2.054   (   1.430    0.000   10.176)   10.276
   2.182   (  -4.499    0.000    2.342)    5.072
   3.473   (   1.836    0.000    4.267)    4.645
   3.542   (  -2.703    0.000    3.977)    4.809
   3.782   (  -0.164    0.000   13.999)   14.000
   3.807   (  -1.972    0.000   11.487)   11.655
   3.818   (   2.799    0.000    3.535)    4.509
   3.890   (  -1.903    0.000    3.053)    3.597
   3.962   (   1.145    0.000    3.952)    4.114
   3.987   (  -0.705    0.000    3.167)    3.244
   4.485   (   2.329    0.000   -0.036)    2.329
   4.548   (  -1.589    0.000    2.081)    2.618
   4.739   (  12.691    0.000    2.908)   13.020
   5.110   ( -10.725    0.000    2.886)   11.106
======================= Grid point 456 (135/512) =======================
q-point: ( 0.40  0.00  0.13)
Mass variance parameters: 4.63e-04 4.63e-04 4.63e-04 4.63e-04 3.34e-04 3.34e-04 3.34e-04 3.34e-04 
Number of triplets: 904
Frequency     group velocity (x, y, z)     |gv|
   0.802   (  10.840    0.000   11.310)   15.666
   0.851   (   6.978    0.000   17.184)   18.547
   0.966   (  -7.790    0.000   11.195)   13.639
   0.980   (  -7.593    0.000   14.827)   16.658
   1.178   (  13.838    0.000    9.607)   16.846
   1.350   (  -4.631    0.000    2.802)    5.413
   1.524   (   4.174    0.000    6.119)    7.407
   1.588   (  -3.095    0.000    5.872)    6.638
   1.865   (   0.825    0.000   13.106)   13.132
   1.931   (  -6.140    0.000   14.132)   15.408
   2.071   (   3.978    0.000    7.669)    8.640
   2.155   (  -4.917    0.000    3.495)    6.033
   3.484   (   2.123    0.000    4.228)    4.731
   3.527   (  -2.673    0.000    4.055)    4.857
   3.782   (   0.197    0.000   13.373)   13.375
   3.797   (  -1.515    0.000   11.856)   11.953
   3.834   (   2.773    0.000    3.419)    4.403
   3.878   (  -2.203    0.000    3.128)    3.826
   3.968   (   0.963    0.000    3.757)    3.878
   3.982   (  -0.756    0.000    3.340)    3.425
   4.498   (   2.414    0.000    0.354)    2.440
   4.538   (  -1.976    0.000    1.645)    2.571
   4.815   (  13.469    0.000    3.065)   13.813
   5.044   ( -12.111    0.000    2.994)   12.476
======================= Grid point 457 (136/512) =======================
q-point: ( 0.47  0.00  0.13)
Mass variance parameters: 4.63e-04 4.63e-04 4.63e-04 4.63e-04 3.34e-04 3.34e-04 3.34e-04 3.34e-04 
Number of triplets: 904
Frequency     group velocity (x, y, z)     |gv|
   0.862   (   9.918    0.000   11.403)   15.113
   0.893   (   7.393    0.000   16.335)   17.930
   0.917   (  -8.991    0.000   11.359)   14.487
   0.936   (  -7.596    0.000   15.541)   17.298
   1.253   (  11.887    0.000    6.511)   13.553
   1.313   (  -8.470    0.000    4.236)    9.470
   1.548   (   3.877    0.000    6.037)    7.174
   1.569   (  -3.512    0.000    5.952)    6.911
   1.876   (   2.857    0.000   13.925)   14.215
   1.898   (  -4.908    0.000   14.374)   15.189
   2.097   (   4.799    0.000    6.075)    7.742
   2.126   (  -5.036    0.000    4.732)    6.911
   3.497   (   2.365    0.000    4.180)    4.803
   3.511   (  -2.554    0.000    4.123)    4.849
   3.785   (   0.624    0.000   12.802)   12.817
   3.790   (  -1.069    0.000   12.298)   12.344
   3.850   (   2.651    0.000    3.312)    4.243
   3.865   (  -2.456    0.000    3.215)    4.046
   3.973   (   0.857    0.000    3.606)    3.707
   3.978   (  -0.798    0.000    3.478)    3.568
   4.512   (   2.376    0.000    0.774)    2.499
   4.526   (  -2.229    0.000    1.209)    2.535
   4.893   (  13.562    0.000    3.109)   13.913
   4.971   ( -13.082    0.000    3.076)   13.438
======================= Grid point 465 (137/512) =======================
q-point: ( 0.00  0.07  0.13)
Mass variance parameters: 4.63e-04 4.63e-04 4.63e-04 4.63e-04 3.34e-04 3.34e-04 3.34e-04 3.34e-04 
Number of triplets: 904
Frequency     group velocity (x, y, z)     |gv|
   0.509   (   0.000    8.533   12.009)   14.732
   0.562   (   0.000   -5.091   20.571)   21.192
   0.978   (   0.000    2.694    8.900)    9.299
   1.157   (   0.000   13.299   18.928)   23.133
   1.320   (   0.000   11.243   13.262)   17.386
   1.364   (   0.000    3.799   -1.880)    4.239
   1.425   (   0.000    2.433    5.686)    6.185
   1.648   (   0.000    1.402    4.177)    4.406
   1.930   (   0.000    1.254    5.251)    5.399
   1.995   (   0.000    7.408   12.770)   14.763
   2.196   (   0.000    5.728   13.669)   14.820
   2.267   (   0.000    2.117    0.444)    2.163
   3.449   (   0.000    0.437    2.658)    2.694
   3.557   (   0.000   -3.219    3.468)    4.732
   3.761   (   0.000   -0.174    3.260)    3.265
   3.881   (   0.000    9.403   14.218)   17.046
   3.892   (   0.000   -1.515    2.704)    3.100
   3.929   (   0.000    5.871   14.907)   16.022
   3.936   (   0.000    1.808    0.073)    1.810
   4.028   (   0.000    3.091    2.493)    3.971
   4.445   (   0.000    0.000   -0.873)    0.873
   4.502   (   0.000   -0.444    2.384)    2.425
   4.589   (   0.000    0.220    2.521)    2.531
   5.267   (   0.000   -1.113    2.053)    2.335
======================= Grid point 466 (138/512) =======================
q-point: ( 0.07  0.07  0.13)
Mass variance parameters: 4.63e-04 4.63e-04 4.63e-04 4.63e-04 3.34e-04 3.34e-04 3.34e-04 3.34e-04 
Number of triplets: 1688
Frequency     group velocity (x, y, z)     |gv|
   0.522   (   4.159    6.678   12.732)   14.967
   0.577   (   5.304   -3.510   18.888)   19.931
   0.977   (  -0.341    1.975    8.754)    8.980
   1.157   (   0.085   13.840   18.798)   23.343
   1.308   (  -3.615   10.366   11.473)   15.879
   1.371   (   2.174    4.575   -0.093)    5.066
   1.432   (   2.159    2.515    5.833)    6.709
   1.646   (  -0.616    1.386    4.184)    4.450
   1.928   (  -0.515    1.575    5.563)    5.805
   1.997   (   0.970    7.154   12.440)   14.383
   2.188   (  -2.528    5.693   13.509)   14.876
   2.265   (  -0.788    2.197    0.767)    2.456
   3.450   (   0.301    0.407    2.676)    2.723
   3.555   (  -0.593   -3.137    3.454)    4.703
   3.762   (   0.329   -0.238    3.355)    3.380
   3.877   (  -1.582    5.668   10.963)   12.443
   3.892   (  -0.150    2.981    7.035)    7.642
   3.922   (  -1.388    3.683    7.993)    8.909
   3.946   (   2.171    3.168    5.561)    6.758
   4.027   (  -0.079    3.144    2.635)    4.103
   4.446   (   0.636    0.005   -0.852)    1.063
   4.511   (   3.299   -0.387    2.540)    4.182
   4.589   (  -0.073    0.167    2.425)    2.432
   5.260   (  -2.394   -1.103    2.072)    3.353
======================= Grid point 467 (139/512) =======================
q-point: ( 0.13  0.07  0.13)
Mass variance parameters: 4.63e-04 4.63e-04 4.63e-04 4.63e-04 3.34e-04 3.34e-04 3.34e-04 3.34e-04 
Number of triplets: 1688
Frequency     group velocity (x, y, z)     |gv|
   0.551   (   5.562    2.325   14.720)   15.907
   0.625   (  11.053    0.259   14.522)   18.251
   0.973   (  -1.275    0.163    8.486)    8.583
   1.160   (   1.020   15.040   18.301)   23.710
   1.283   (  -4.951    9.823   10.143)   14.963
   1.386   (   2.642    5.071    1.379)    5.882
   1.448   (   3.335    2.570    6.049)    7.370
   1.641   (  -1.217    1.338    4.205)    4.577
   1.924   (  -0.834    2.327    6.303)    6.770
   2.005   (   1.729    6.611   11.662)   13.517
   2.167   (  -4.602    5.637   13.258)   15.123
   2.258   (  -1.706    2.374    1.488)    3.280
   3.452   (   0.600    0.321    2.726)    2.810
   3.550   (  -1.103   -2.909    3.414)    4.618
   3.765   (   0.582   -0.392    3.640)    3.707
   3.865   (  -2.390    2.680    8.774)    9.481
   3.890   (  -0.448    7.165   10.679)   12.868
   3.915   (  -0.801    2.337    5.249)    5.801
   3.958   (   2.019    3.135    5.904)    6.983
   4.027   (  -0.209    3.279    2.992)    4.444
   4.452   (   1.246    0.015   -0.761)    1.460
   4.537   (   5.231   -0.119    3.003)    6.033
   4.590   (   0.867   -0.095    2.078)    2.254
   5.239   (  -4.721   -1.074    2.130)    5.290
======================= Grid point 468 (140/512) =======================
q-point: ( 0.20  0.07  0.13)
Mass variance parameters: 4.63e-04 4.63e-04 4.63e-04 4.63e-04 3.34e-04 3.34e-04 3.34e-04 3.34e-04 
Number of triplets: 1688
Frequency     group velocity (x, y, z)     |gv|
   0.586   (   6.510   -0.407   15.444)   16.765
   0.699   (  14.165    2.532   10.940)   18.076
   0.961   (  -2.860   -1.736    8.477)    9.113
   1.170   (   2.697   15.555   17.028)   23.220
   1.253   (  -5.322   10.064    9.811)   15.029
   1.401   (   2.480    5.306    2.179)    6.249
   1.469   (   3.757    2.434    6.137)    7.597
   1.632   (  -1.778    1.262    4.248)    4.775
   1.919   (  -0.881    3.202    7.208)    7.936
   2.017   (   2.053    6.135   10.784)   12.576
   2.137   (  -5.830    5.565   13.127)   15.404
   2.245   (  -2.664    2.573    2.309)    4.364
   3.457   (   0.895    0.185    2.799)    2.944
   3.542   (  -1.485   -2.579    3.356)    4.485
   3.769   (   0.735   -0.544    4.107)    4.208
   3.850   (  -2.591    1.699    8.341)    8.898
   3.887   (  -0.441    8.256   10.990)   13.752
   3.912   (  -0.597    2.035    4.435)    4.916
   3.969   (   1.744    3.047    5.543)    6.561
   4.025   (  -0.393    3.435    3.423)    4.865
   4.461   (   1.761    0.030   -0.572)    1.852
   4.560   (   1.507    0.460    3.197)    3.564
   4.610   (   6.895   -0.675    1.949)    7.197
   5.205   (  -6.915   -1.027    2.221)    7.335
======================= Grid point 469 (141/512) =======================
q-point: ( 0.27  0.07  0.13)
Mass variance parameters: 4.63e-04 4.63e-04 4.63e-04 4.63e-04 3.34e-04 3.34e-04 3.34e-04 3.34e-04 
Number of triplets: 1688
Frequency     group velocity (x, y, z)     |gv|
   0.627   (   7.425   -1.612   14.967)   16.785
   0.783   (  14.372    3.643    8.794)   17.239
   0.940   (  -4.303   -2.781    8.902)   10.270
   1.185   (   0.731   12.298   13.144)   18.015
   1.228   (  -1.538   12.895   11.663)   17.455
   1.413   (   1.555    5.603    2.763)    6.437
   1.491   (   3.852    2.162    6.081)    7.515
   1.620   (  -2.257    1.170    4.324)    5.016
   1.914   (  -0.590    4.062    8.200)    9.170
   2.026   (   0.855    6.067   10.298)   11.983
   2.104   (  -4.958    5.240   12.739)   14.640
   2.227   (  -3.518    2.777    3.155)    5.481
   3.463   (   1.178    0.006    2.880)    3.111
   3.533   (  -1.738   -2.195    3.291)    4.321
   3.773   (   0.824   -0.595    4.729)    4.837
   3.835   (  -2.464    1.319    8.268)    8.728
   3.885   (  -0.189    7.893    9.920)   12.678
   3.908   (  -0.638    2.400    4.549)    5.182
   3.978   (   1.511    3.063    5.159)    6.187
   4.022   (  -0.595    3.563    3.814)    5.253
   4.472   (   2.140    0.049   -0.295)    2.161
   4.559   (  -0.994    0.466    2.624)    2.845
   4.664   (  11.036   -0.704    2.465)   11.330
   5.160   (  -8.907   -0.967    2.339)    9.260
======================= Grid point 470 (142/512) =======================
q-point: ( 0.33  0.07  0.13)
Mass variance parameters: 4.63e-04 4.63e-04 4.63e-04 4.63e-04 3.34e-04 3.34e-04 3.34e-04 3.34e-04 
Number of triplets: 1688
Frequency     group velocity (x, y, z)     |gv|
   0.671   (   8.055   -2.204   14.033)   16.330
   0.857   (   8.907    3.134    7.914)   12.320
   0.917   (  -1.315   -1.528    9.413)    9.626
   1.164   (  -6.349    8.699    9.118)   14.110
   1.248   (   6.832   14.744   13.145)   20.901
   1.417   (  -0.313    6.097    3.410)    6.992
   1.513   (   3.808    1.860    5.885)    7.252
   1.606   (  -2.600    1.090    4.450)    5.268
   1.913   (   0.151    4.865    9.292)   10.489
   2.018   (  -4.084    6.592   11.563)   13.922
   2.089   (   0.399    4.420   10.594)   11.487
   2.205   (  -4.172    2.992    4.047)    6.537
   3.470   (   1.435   -0.209    2.957)    3.293
   3.522   (  -1.880   -1.797    3.229)    4.146
   3.778   (   0.924   -0.494    5.444)    5.543
   3.822   (  -2.212    1.036    8.135)    8.494
   3.885   (   0.158    7.068    8.617)   11.146
   3.904   (  -0.738    2.979    4.909)    5.789
   3.987   (   1.345    3.168    4.885)    5.976
   4.018   (  -0.779    3.635    4.117)    5.547
   4.485   (   2.376    0.078    0.051)    2.378
   4.551   (  -1.699    0.377    2.161)    2.775
   4.733   (  12.713   -0.668    2.725)   13.019
   5.103   ( -10.631   -0.899    2.472)   10.952
======================= Grid point 471 (143/512) =======================
q-point: ( 0.40  0.07  0.13)
Mass variance parameters: 4.63e-04 4.63e-04 4.63e-04 4.63e-04 3.34e-04 3.34e-04 3.34e-04 3.34e-04 
Number of triplets: 1688
Frequency     group velocity (x, y, z)     |gv|
   0.719   (   8.336   -2.545   12.976)   15.631
   0.855   (  -5.950   -2.377    9.781)   11.693
   0.955   (  10.825    5.210    8.092)   14.485
   1.122   (  -7.913    8.345    8.585)   14.351
   1.294   (   8.416   12.517   10.788)   18.544
   1.408   (  -2.982    6.922    4.406)    8.730
   1.535   (   3.641    1.590    5.577)    6.847
   1.591   (  -2.818    1.076    4.636)    5.531
   1.917   (   1.438    5.578   10.462)   11.943
   1.987   (  -5.964    6.703   12.532)   15.413
   2.102   (   3.514    3.995    8.518)   10.044
   2.179   (  -4.569    3.221    5.006)    7.504
   3.479   (   1.651   -0.458    3.023)    3.475
   3.511   (  -1.933   -1.412    3.173)    3.975
   3.784   (   1.090   -0.256    6.171)    6.272
   3.810   (  -1.921    0.734    7.852)    8.117
   3.887   (   0.480    6.131    7.464)    9.671
   3.900   (  -0.810    3.643    5.343)    6.518
   3.994   (   1.229    3.316    4.712)    5.892
   4.013   (  -0.927    3.641    4.332)    5.734
   4.499   (   2.476    0.117    0.444)    2.518
   4.540   (  -2.076    0.298    1.729)    2.719
   4.809   (  13.446   -0.670    2.818)   13.755
   5.037   ( -12.019   -0.827    2.608)   12.327
======================= Grid point 472 (144/512) =======================
q-point: ( 0.47  0.07  0.13)
Mass variance parameters: 4.63e-04 4.63e-04 4.63e-04 4.63e-04 3.34e-04 3.34e-04 3.34e-04 3.34e-04 
Number of triplets: 1688
Frequency     group velocity (x, y, z)     |gv|
   0.767   (   8.259   -2.756   11.924)   14.764
   0.814   (  -7.745   -2.837   10.904)   13.672
   1.017   (  10.277    6.927    8.034)   14.770
   1.073   (  -9.052    7.845    8.288)   14.566
   1.342   (   7.862   10.155    8.193)   15.234
   1.382   (  -5.806    8.244    5.986)   11.726
   1.555   (   3.350    1.356    5.221)    6.350
   1.574   (  -3.042    1.169    4.893)    5.879
   1.931   (   3.188    6.149   11.572)   13.486
   1.954   (  -4.982    6.530   12.365)   14.844
   2.126   (   4.415    3.721    7.173)    9.208
   2.152   (  -4.672    3.465    6.040)    8.386
   3.489   (   1.812   -0.739    3.077)    3.647
   3.500   (  -1.908   -1.058    3.125)    3.811
   3.791   (   1.332    0.061    6.843)    6.972
   3.800   (  -1.620    0.403    7.414)    7.600
   3.890   (   0.703    5.218    6.555)    8.408
   3.895   (  -0.808    4.386    5.870)    7.372
   4.001   (   1.135    3.465    4.593)    5.865
   4.007   (  -1.041    3.580    4.480)    5.829
   4.514   (   2.452    0.167    0.864)    2.605
   4.528   (  -2.318    0.228    1.297)    2.666
   4.887   (  13.504   -0.704    2.806)   13.811
   4.964   ( -13.001   -0.759    2.727)   13.306
======================= Grid point 480 (145/512) =======================
q-point: ( 0.00  0.13  0.13)
Mass variance parameters: 4.63e-04 4.63e-04 4.63e-04 4.63e-04 3.34e-04 3.34e-04 3.34e-04 3.34e-04 
Number of triplets: 904
Frequency     group velocity (x, y, z)     |gv|
   0.629   (   0.000   12.381    6.210)   13.852
   0.675   (   0.000   11.548    8.532)   14.358
   1.015   (   0.000    4.842    1.594)    5.097
   1.395   (   0.000   11.696    8.826)   14.652
   1.431   (   0.000    3.123   -0.678)    3.196
   1.491   (   0.000    6.806    1.361)    6.940
   1.516   (   0.000   13.718   12.918)   18.843
   1.710   (   0.000    6.499    0.216)    6.503
   1.964   (   0.000    3.480    5.088)    6.164
   2.133   (   0.000    9.414    9.600)   13.446
   2.325   (   0.000    5.181    4.494)    6.858
   2.325   (   0.000   10.090    9.851)   14.102
   3.460   (   0.000    1.184   -0.605)    1.330
   3.521   (   0.000   -0.962    0.861)    1.291
   3.759   (   0.000   -0.066    1.713)    1.714
   3.873   (   0.000   -0.743    2.540)    2.646
   3.976   (   0.000    3.113   -0.746)    3.201
   4.051   (   0.000   10.335   12.935)   16.556
   4.062   (   0.000   10.983   10.280)   15.043
   4.084   (   0.000    3.732    2.261)    4.364
   4.445   (   0.000    0.060   -0.731)    0.734
   4.493   (   0.000   -0.549    2.200)    2.267
   4.596   (   0.000    0.767    3.072)    3.166
   5.241   (   0.000   -2.081    0.715)    2.201
======================= Grid point 481 (146/512) =======================
q-point: ( 0.07  0.13  0.13)
Mass variance parameters: 4.63e-04 4.63e-04 4.63e-04 4.63e-04 3.34e-04 3.34e-04 3.34e-04 3.34e-04 
Number of triplets: 1688
Frequency     group velocity (x, y, z)     |gv|
   0.634   (   1.643   12.361    6.044)   13.857
   0.692   (   5.528   11.053    8.291)   14.882
   1.011   (  -1.234    4.874    1.616)    5.281
   1.388   (  -2.218    9.573    7.314)   12.249
   1.433   (   0.603    5.911    1.148)    6.052
   1.496   (   1.429    6.773    1.611)    7.107
   1.519   (   0.953   12.890   12.219)   17.787
   1.708   (  -0.660    6.505    0.207)    6.542
   1.966   (   0.494    3.629    5.160)    6.328
   2.135   (   0.527    9.406    9.574)   13.432
   2.311   (  -3.159    8.054    7.602)   11.517
   2.330   (   0.155    7.283    6.838)    9.992
   3.461   (   0.144    1.161   -0.558)    1.296
   3.520   (  -0.293   -0.929    0.854)    1.296
   3.759   (   0.153   -0.079    1.735)    1.744
   3.870   (  -0.903   -0.679    2.655)    2.886
   3.975   (  -0.262    3.313   -0.454)    3.354
   4.050   (  -0.342    8.813   11.409)   14.420
   4.058   (  -0.794   11.148    9.757)   14.836
   4.088   (   1.103    4.772    3.765)    6.178
   4.447   (   0.665    0.067   -0.691)    0.962
   4.504   (   3.692   -0.482    2.285)    4.369
   4.595   (  -0.424    0.717    3.006)    3.119
   5.234   (  -2.303   -2.057    0.738)    3.175
======================= Grid point 482 (147/512) =======================
q-point: ( 0.13  0.13  0.13)
Mass variance parameters: 4.63e-04 4.63e-04 4.63e-04 4.63e-04 3.34e-04 3.34e-04 3.34e-04 3.34e-04 
Number of triplets: 1688
Frequency     group velocity (x, y, z)     |gv|
   0.648   (   3.252   12.113    5.669)   13.764
   0.737   (   9.858    9.941    7.586)   15.923
   1.001   (  -2.453    4.981    1.695)    5.805
   1.371   (  -3.803    6.909    5.401)    9.559
   1.438   (   1.253    9.771    3.638)   10.501
   1.507   (   2.434    6.889    2.183)    7.625
   1.526   (   1.491   10.996   10.665)   15.390
   1.703   (  -1.316    6.520    0.183)    6.654
   1.970   (   1.013    4.078    5.389)    6.834
   2.140   (   1.063    9.380    9.490)   13.386
   2.288   (  -4.666    8.509    8.104)   12.643
   2.327   (  -1.118    7.013    6.613)    9.704
   3.462   (   0.299    1.092   -0.427)    1.210
   3.517   (  -0.554   -0.834    0.833)    1.302
   3.760   (   0.323   -0.112    1.802)    1.834
   3.863   (  -1.643   -0.519    2.934)    3.402
   3.973   (  -0.308    3.761    0.196)    3.779
   4.043   (  -1.840    7.227    7.483)   10.565
   4.059   (   0.690   11.111   11.085)   15.710
   4.094   (   0.950    5.645    5.067)    7.645
   4.453   (   1.290    0.082   -0.557)    1.408
   4.535   (   6.777   -0.217    2.550)    7.244
   4.591   (  -0.644    0.482    2.748)    2.864
   5.214   (  -4.545   -1.986    0.807)    5.025
======================= Grid point 483 (148/512) =======================
q-point: ( 0.20  0.13  0.13)
Mass variance parameters: 4.63e-04 4.63e-04 4.63e-04 4.63e-04 3.34e-04 3.34e-04 3.34e-04 3.34e-04 
Number of triplets: 1688
Frequency     group velocity (x, y, z)     |gv|
   0.671   (   4.625   11.570    5.212)   13.506
   0.803   (  12.536    8.681    6.587)   16.610
   0.983   (  -3.581    5.179    1.866)    6.567
   1.345   (  -5.033    5.638    4.455)    8.773
   1.448   (   2.120   11.856    5.005)   13.043
   1.522   (   2.726    7.573    3.167)    8.649
   1.536   (   1.808    8.551    8.589)   12.254
   1.693   (  -1.957    6.532    0.149)    6.820
   1.977   (   1.596    4.824    5.802)    7.713
   2.147   (   1.579    9.349    9.330)   13.302
   2.258   (  -5.924    8.895    8.597)   13.716
   2.317   (  -2.170    6.872    6.549)    9.737
   3.464   (   0.472    0.982   -0.234)    1.114
   3.514   (  -0.765   -0.688    0.799)    1.303
   3.763   (   0.528   -0.149    1.917)    1.994
   3.852   (  -2.124   -0.333    3.225)    3.876
   3.972   (  -0.135    4.239    0.879)    4.331
   4.032   (  -2.002    6.967    6.125)    9.490
   4.064   (   1.015   10.068   10.307)   14.444
   4.098   (   0.516    6.103    5.732)    8.389
   4.462   (   1.824    0.107   -0.325)    1.856
   4.573   (   3.261    1.289    3.475)    4.937
   4.595   (   5.091   -1.024    1.732)    5.474
   5.182   (  -6.664   -1.871    0.919)    6.983
======================= Grid point 484 (149/512) =======================
q-point: ( 0.27  0.13  0.13)
Mass variance parameters: 4.63e-04 4.63e-04 4.63e-04 4.63e-04 3.34e-04 3.34e-04 3.34e-04 3.34e-04 
Number of triplets: 1688
Frequency     group velocity (x, y, z)     |gv|
   0.701   (   5.680   10.831    4.713)   13.106
   0.879   (  13.245    7.619    5.387)   16.201
   0.960   (  -4.167    5.410    2.295)    7.204
   1.312   (  -6.155    5.196    4.088)    9.033
   1.462   (   2.973   12.507    5.561)   14.007
   1.536   (   1.692    8.893    5.695)   10.695
   1.549   (   2.740    5.812    4.967)    8.121
   1.680   (  -2.556    6.518    0.128)    7.002
   1.989   (   2.308    5.835    6.412)    8.971
   2.157   (   1.808    9.445    9.086)   13.230
   2.221   (  -6.508    9.018    9.031)   14.326
   2.302   (  -2.982    6.855    6.635)    9.995
   3.468   (   0.659    0.838   -0.016)    1.066
   3.509   (  -0.929   -0.507    0.756)    1.301
   3.767   (   0.778   -0.171    2.082)    2.230
   3.839   (  -2.347   -0.187    3.405)    4.139
   3.972   (   0.161    4.669    1.491)    4.904
   4.020   (  -1.938    6.754    5.321)    8.814
   4.070   (   1.100    9.215    9.382)   13.197
   4.100   (   0.088    6.407    6.132)    8.869
   4.473   (   2.237    0.146   -0.012)    2.242
   4.571   (  -1.535    1.059    2.885)    3.436
   4.650   (  11.388   -0.864    2.087)   11.610
   5.138   (  -8.599   -1.719    1.070)    8.834
======================= Grid point 485 (150/512) =======================
q-point: ( 0.33  0.13  0.13)
Mass variance parameters: 4.63e-04 4.63e-04 4.63e-04 4.63e-04 3.34e-04 3.34e-04 3.34e-04 3.34e-04 
Number of triplets: 1688
Frequency     group velocity (x, y, z)     |gv|
   0.736   (   6.404    9.997    4.198)   12.593
   0.922   (  -3.396    6.751    1.978)    7.811
   0.967   (  11.541    5.820    5.158)   13.917
   1.273   (  -7.318    5.078    3.958)    9.747
   1.481   (   3.525   12.252    5.731)   13.978
   1.542   (   0.509    8.647    6.616)   10.899
   1.566   (   3.288    5.170    2.953)    6.801
   1.664   (  -3.057    6.439    0.163)    7.130
   2.005   (   3.211    7.021    7.181)   10.544
   2.161   (  -2.465   10.571    9.013)   14.109
   2.190   (  -2.095    7.907    9.086)   12.226
   2.283   (  -3.545    6.945    6.850)   10.379
   3.472   (   0.844    0.671    0.194)    1.096
   3.503   (  -1.050   -0.308    0.709)    1.304
   3.772   (   1.075   -0.170    2.298)    2.542
   3.825   (  -2.368   -0.103    3.429)    4.168
   3.974   (   0.499    5.054    2.049)    5.476
   4.010   (  -1.805    6.538    4.698)    8.251
   4.077   (   1.094    8.536    8.598)   12.165
   4.100   (  -0.270    6.667    6.439)    9.272
   4.487   (   2.517    0.207    0.361)    2.551
   4.561   (  -2.079    0.823    2.456)    3.321
   4.720   (  12.757   -0.781    2.135)   12.957
   5.083   ( -10.288   -1.541    1.252)   10.477
======================= Grid point 486 (151/512) =======================
q-point: ( 0.40  0.13  0.13)
Mass variance parameters: 4.63e-04 4.63e-04 4.63e-04 4.63e-04 3.34e-04 3.34e-04 3.34e-04 3.34e-04 
Number of triplets: 1688
Frequency     group velocity (x, y, z)     |gv|
   0.774   (   6.805    9.143    3.692)   11.981
   0.891   (  -6.155    6.927    2.336)    9.556
   1.041   (  12.741    5.597    4.547)   14.640
   1.227   (  -8.607    5.071    3.927)   10.734
   1.502   (   3.545   11.402    5.794)   13.271
   1.542   (  -0.583    8.527    6.409)   10.683
   1.586   (   3.361    5.184    2.073)    6.517
   1.645   (  -3.377    6.233    0.328)    7.096
   2.026   (   4.311    8.227    8.007)   12.263
   2.129   (  -6.834   10.483    9.351)   15.622
   2.198   (   2.924    7.730    8.460)   11.827
   2.262   (  -3.849    7.119    7.168)   10.811
   3.477   (   1.003    0.489    0.370)    1.175
   3.497   (  -1.128   -0.103    0.657)    1.309
   3.779   (   1.400   -0.148    2.553)    2.916
   3.811   (  -2.244   -0.074    3.312)    4.001
   3.978   (   0.833    5.407    2.582)    6.049
   4.000   (  -1.628    6.298    4.148)    7.715
   4.083   (   1.032    7.999    7.969)   11.338
   4.097   (  -0.550    6.929    6.736)    9.680
   4.502   (   2.665    0.290    0.772)    2.789
   4.548   (  -2.393    0.659    2.050)    3.219
   4.796   (  13.306   -0.842    2.037)   13.487
   5.019   ( -11.668   -1.346    1.455)   11.836
======================= Grid point 487 (152/512) =======================
q-point: ( 0.47  0.13  0.13)
Mass variance parameters: 4.63e-04 4.63e-04 4.63e-04 4.63e-04 3.34e-04 3.34e-04 3.34e-04 3.34e-04 
Number of triplets: 1688
Frequency     group velocity (x, y, z)     |gv|
   0.814   (   6.903    8.318    3.211)   11.277
   0.854   (  -6.705    7.563    2.762)   10.478
   1.111   (  11.508    5.283    4.158)   13.328
   1.174   ( -10.036    5.127    3.978)   11.951
   1.521   (   2.923   10.222    5.912)   12.165
   1.535   (  -1.809    9.112    6.128)   11.129
   1.605   (   3.404    5.443    1.327)    6.556
   1.625   (  -3.462    5.864    0.711)    6.847
   2.055   (   5.494    9.268    8.733)   13.869
   2.090   (  -6.500   10.011    9.211)   15.077
   2.217   (   3.651    7.587    7.994)   11.610
   2.239   (  -3.891    7.348    7.559)   11.237
   3.483   (   1.110    0.297    0.501)    1.253
   3.490   (  -1.151    0.100    0.592)    1.298
   3.788   (   1.725   -0.114    2.830)    3.317
   3.799   (  -2.018   -0.084    3.097)    3.697
   3.983   (   1.139    5.731    3.105)    6.617
   3.991   (  -1.406    6.029    3.624)    7.174
   4.088   (   0.923    7.571    7.470)   10.675
   4.093   (  -0.764    7.223    7.069)   10.135
   4.518   (   2.687    0.395    1.201)    2.970
   4.533   (  -2.594    0.519    1.631)    3.107
   4.873   (  13.248   -0.976    1.869)   13.415
   4.949   ( -12.678   -1.152    1.667)   12.838
======================= Grid point 495 (153/512) =======================
q-point: ( 0.00  0.20  0.13)
Mass variance parameters: 4.63e-04 4.63e-04 4.63e-04 4.63e-04 3.34e-04 3.34e-04 3.34e-04 3.34e-04 
Number of triplets: 904
Frequency     group velocity (x, y, z)     |gv|
   0.863   (   0.000   11.664    5.513)   12.901
   0.889   (   0.000   18.354   -3.782)   18.739
   1.138   (   0.000    9.796   -3.273)   10.328
   1.460   (   0.000    0.995    1.406)    1.723
   1.518   (   0.000    4.850    2.158)    5.308
   1.628   (   0.000    9.409   -3.619)   10.081
   1.711   (   0.000    8.790    5.377)   10.304
   1.841   (   0.000    8.931   -2.570)    9.293
   2.065   (   0.000    9.633    7.517)   12.218
   2.288   (   0.000   10.005    4.691)   11.050
   2.427   (   0.000    7.241    6.426)    9.682
   2.505   (   0.000   12.045    4.323)   12.797
   3.494   (   0.000    3.309   -3.960)    5.161
   3.532   (   0.000    2.572   -2.177)    3.370
   3.763   (   0.000    0.767    0.272)    0.814
   3.870   (   0.000    0.475    2.067)    2.121
   4.032   (   0.000    3.809   -1.911)    4.261
   4.142   (   0.000    3.470    1.412)    3.746
   4.204   (   0.000    8.564    6.918)   11.009
   4.246   (   0.000   10.850    6.624)   12.712
   4.448   (   0.000    0.341   -0.372)    0.505
   4.486   (   0.000   -0.288    1.513)    1.541
   4.620   (   0.000    2.468    4.253)    4.917
   5.201   (   0.000   -2.928   -1.282)    3.197
======================= Grid point 496 (154/512) =======================
q-point: ( 0.07  0.20  0.13)
Mass variance parameters: 4.63e-04 4.63e-04 4.63e-04 4.63e-04 3.34e-04 3.34e-04 3.34e-04 3.34e-04 
Number of triplets: 1688
Frequency     group velocity (x, y, z)     |gv|
   0.871   (   2.701   11.791    4.688)   12.973
   0.894   (   1.963   17.826   -3.068)   18.194
   1.135   (  -0.906    9.862   -3.286)   10.434
   1.451   (  -2.931    1.420    1.582)    3.621
   1.526   (   2.418    4.477    1.964)    5.454
   1.631   (   0.735    9.309   -3.533)    9.984
   1.709   (  -0.465    8.746    5.252)   10.213
   1.839   (  -0.617    8.928   -2.586)    9.315
   2.068   (   1.255    9.716    7.545)   12.365
   2.290   (   0.541   10.009    4.687)   11.065
   2.423   (  -1.179    7.344    6.459)    9.851
   2.501   (  -1.441   12.016    4.340)   12.857
   3.495   (   0.059    3.300   -3.906)    5.113
   3.532   (  -0.199    2.576   -2.174)    3.376
   3.763   (   0.149    0.777    0.283)    0.841
   3.868   (  -0.697    0.505    2.073)    2.245
   4.033   (   0.222    3.846   -1.850)    4.274
   4.138   (  -1.394    3.658    1.590)    4.225
   4.205   (   0.472    8.267    6.618)   10.600
   4.245   (  -0.261   10.766    6.573)   12.617
   4.450   (   0.712    0.356   -0.293)    0.848
   4.498   (   3.927   -0.275    1.482)    4.206
   4.618   (  -0.513    2.498    4.236)    4.944
   5.195   (  -2.116   -2.883   -1.257)    3.791
======================= Grid point 497 (155/512) =======================
q-point: ( 0.13  0.20  0.13)
Mass variance parameters: 4.63e-04 4.63e-04 4.63e-04 4.63e-04 3.34e-04 3.34e-04 3.34e-04 3.34e-04 
Number of triplets: 1688
Frequency     group velocity (x, y, z)     |gv|
   0.889   (   2.984   13.897    0.675)   14.230
   0.916   (   5.766   14.598    0.642)   15.709
   1.127   (  -1.791   10.058   -3.319)   10.741
   1.430   (  -4.183    1.927    1.805)    4.947
   1.542   (   3.099    4.122    1.704)    5.431
   1.637   (   1.345    8.981   -3.256)    9.647
   1.705   (  -0.779    8.665    4.847)    9.959
   1.833   (  -1.232    8.927   -2.632)    9.388
   2.079   (   2.469    9.946    7.620)   12.771
   2.295   (   1.064   10.013    4.675)   11.102
   2.413   (  -2.391    7.675    6.560)   10.375
   2.489   (  -2.678   11.902    4.384)   12.963
   3.495   (   0.128    3.272   -3.748)    4.977
   3.530   (  -0.373    2.587   -2.169)    3.396
   3.765   (   0.329    0.807    0.318)    0.928
   3.862   (  -1.307    0.586    2.079)    2.525
   4.035   (   0.453    3.948   -1.676)    4.313
   4.127   (  -2.031    3.941    1.797)    4.784
   4.208   (   0.515    7.741    6.097)    9.867
   4.243   (  -0.474   10.530    6.433)   12.349
   4.456   (   1.384    0.403   -0.068)    1.444
   4.530   (   7.098   -0.374    1.343)    7.234
   4.614   (  -0.886    2.650    4.202)    5.046
   5.177   (  -4.178   -2.750   -1.181)    5.139
======================= Grid point 498 (156/512) =======================
q-point: ( 0.20  0.20  0.13)
Mass variance parameters: 4.63e-04 4.63e-04 4.63e-04 4.63e-04 3.34e-04 3.34e-04 3.34e-04 3.34e-04 
Number of triplets: 1688
Frequency     group velocity (x, y, z)     |gv|
   0.906   (   3.095   15.290   -1.848)   15.709
   0.959   (   8.774   11.560    2.737)   14.769
   1.114   (  -2.620   10.379   -3.352)   11.217
   1.403   (  -4.954    2.323    1.957)    5.811
   1.561   (   3.183    3.971    1.544)    5.318
   1.646   (   1.590    8.308   -2.633)    8.860
   1.701   (  -0.707    8.729    3.986)    9.622
   1.824   (  -1.836    8.948   -2.703)    9.526
   2.097   (   3.605   10.277    7.720)   13.349
   2.302   (   1.558    9.996    4.662)   11.139
   2.396   (  -3.650    8.288    6.727)   11.281
   2.470   (  -3.535   11.639    4.441)   12.949
   3.496   (   0.219    3.224   -3.511)    4.772
   3.527   (  -0.512    2.607   -2.170)    3.430
   3.767   (   0.560    0.852    0.385)    1.090
   3.853   (  -1.769    0.698    2.054)    2.799
   4.038   (   0.692    4.088   -1.407)    4.378
   4.115   (  -2.106    4.109    1.773)    4.946
   4.211   (   0.384    7.359    5.715)    9.326
   4.240   (  -0.628   10.162    6.238)   11.940
   4.466   (   1.978    0.485    0.269)    2.055
   4.575   (   7.470   -1.104    1.109)    7.633
   4.611   (   0.689    3.321    4.100)    5.321
   5.147   (  -6.134   -2.532   -1.055)    6.719
======================= Grid point 499 (157/512) =======================
q-point: ( 0.27  0.20  0.13)
Mass variance parameters: 4.63e-04 4.63e-04 4.63e-04 4.63e-04 3.34e-04 3.34e-04 3.34e-04 3.34e-04 
Number of triplets: 1688
Frequency     group velocity (x, y, z)     |gv|
   0.925   (   3.626   15.271   -2.617)   15.912
   1.015   (  10.247    9.649    3.021)   14.395
   1.097   (  -3.346   10.808   -3.363)   11.803
   1.372   (  -5.715    2.731    2.066)    6.663
   1.579   (   3.083    3.902    1.506)    5.196
   1.653   (   0.964    7.072   -1.149)    7.229
   1.699   (   0.226    9.243    2.140)    9.490
   1.812   (  -2.403    9.011   -2.787)    9.734
   2.121   (   4.635   10.641    7.816)   13.993
   2.313   (   1.990    9.905    4.658)   11.125
   2.371   (  -4.866    9.204    6.943)   12.514
   2.449   (  -3.944   11.213    4.500)   12.710
   3.498   (   0.340    3.156   -3.230)    4.529
   3.524   (  -0.622    2.639   -2.184)    3.482
   3.771   (   0.842    0.907    0.493)    1.332
   3.842   (  -2.057    0.814    1.969)    2.962
   4.043   (   0.928    4.233   -1.072)    4.464
   4.103   (  -1.973    4.200    1.556)    4.894
   4.213   (   0.300    7.192    5.509)    9.064
   4.236   (  -0.728    9.687    6.023)   11.430
   4.479   (   2.460    0.600    0.681)    2.622
   4.589   (  -1.297    0.655    2.910)    3.253
   4.648   (  10.618    1.342    1.810)   10.855
   5.106   (  -7.930   -2.239   -0.880)    8.287
======================= Grid point 500 (158/512) =======================
q-point: ( 0.33  0.20  0.13)
Mass variance parameters: 4.63e-04 4.63e-04 4.63e-04 4.63e-04 3.34e-04 3.34e-04 3.34e-04 3.34e-04 
Number of triplets: 1688
Frequency     group velocity (x, y, z)     |gv|
   0.948   (   4.114   14.800   -2.945)   15.641
   1.074   (   3.643   10.359   -0.803)   11.010
   1.077   (   3.134    9.073    0.335)    9.605
   1.337   (  -6.592    3.221    2.158)    7.647
   1.596   (   2.884    3.875    1.593)    5.087
   1.655   (  -0.497    5.681    0.980)    5.787
   1.705   (   1.934    9.877   -0.451)   10.074
   1.797   (  -2.900    9.130   -2.863)    9.998
   2.150   (   5.530   10.966    7.877)   14.591
   2.324   (   1.330    9.275    4.929)   10.587
   2.341   (  -4.821   10.711    6.916)   13.630
   2.425   (  -4.003   10.745    4.558)   12.339
   3.500   (   0.482    3.073   -2.949)    4.286
   3.520   (  -0.708    2.683   -2.217)    3.552
   3.777   (   1.160    0.963    0.648)    1.641
   3.830   (  -2.178    0.915    1.816)    2.979
   4.049   (   1.146    4.353   -0.698)    4.555
   4.093   (  -1.817    4.275    1.233)    4.805
   4.215   (   0.315    7.213    5.425)    9.031
   4.231   (  -0.766    9.147    5.821)   10.870
   4.494   (   2.807    0.738    1.130)    3.114
   4.577   (  -2.353    1.198    3.013)    4.006
   4.715   (  12.195    0.430    1.101)   12.252
   5.055   (  -9.515   -1.882   -0.657)    9.721
======================= Grid point 501 (159/512) =======================
q-point: ( 0.40  0.20  0.13)
Mass variance parameters: 4.63e-04 4.63e-04 4.63e-04 4.63e-04 3.34e-04 3.34e-04 3.34e-04 3.34e-04 
Number of triplets: 1688
Frequency     group velocity (x, y, z)     |gv|
   0.973   (   4.452   14.155   -3.130)   15.165
   1.052   (  -4.347   12.040   -3.395)   13.243
   1.137   (  10.434    6.673    2.743)   12.685
   1.296   (  -7.595    3.834    2.256)    8.802
   1.612   (   2.616    3.923    1.775)    5.038
   1.649   (  -1.476    4.880    2.009)    5.480
   1.720   (   3.033    9.942   -1.983)   10.582
   1.779   (  -3.279    9.304   -2.896)   10.281
   2.184   (   6.251   11.176    7.876)   15.034
   2.301   (  -6.506   10.264    7.355)   14.205
   2.343   (   2.758   10.438    4.733)   11.788
   2.403   (  -3.870   10.399    4.607)   12.014
   3.503   (   0.619    2.983   -2.701)    4.071
   3.516   (  -0.763    2.741   -2.274)    3.642
   3.785   (   1.483    1.008    0.851)    1.985
   3.817   (  -2.154    0.987    1.602)    2.860
   4.056   (   1.330    4.428   -0.306)    4.634
   4.082   (  -1.692    4.351    0.864)    4.748
   4.217   (   0.408    7.386    5.414)    9.167
   4.227   (  -0.741    8.601    5.654)   10.319
   4.511   (   3.007    0.887    1.584)    3.513
   4.563   (  -2.751    1.237    2.769)    4.095
   4.787   (  12.607   -0.090    0.659)   12.625
   4.996   ( -10.833   -1.473   -0.389)   10.939
======================= Grid point 502 (160/512) =======================
q-point: ( 0.47  0.20  0.13)
Mass variance parameters: 4.63e-04 4.63e-04 4.63e-04 4.63e-04 3.34e-04 3.34e-04 3.34e-04 3.34e-04 
Number of triplets: 1688
Frequency     group velocity (x, y, z)     |gv|
   0.999   (   4.610   13.442   -3.250)   14.577
   1.026   (  -4.577   12.721   -3.334)   13.925
   1.196   (   9.677    5.541    2.537)   11.436
   1.249   (  -8.666    4.599    2.377)   10.095
   1.626   (   2.310    4.092    1.996)    5.105
   1.639   (  -1.966    4.404    2.152)    5.282
   1.739   (   3.450    9.752   -2.601)   10.666
   1.759   (  -3.487    9.520   -2.838)   10.528
   2.222   (   6.735   11.193    7.795)   15.212
   2.262   (  -6.888   10.938    7.630)   15.010
   2.361   (   3.290   10.232    4.667)   11.718
   2.381   (  -3.628   10.235    4.642)   11.809
   3.507   (   0.723    2.893   -2.506)    3.895
   3.512   (  -0.772    2.811   -2.366)    3.755
   3.794   (   1.778    1.032    1.092)    2.328
   3.805   (  -2.011    1.026    1.351)    2.631
   4.064   (   1.475    4.447    0.088)    4.686
   4.073   (  -1.588    4.416    0.480)    4.717
   4.219   (   0.535    7.688    5.452)    9.440
   4.223   (  -0.657    8.101    5.531)    9.831
   4.528   (   3.062    1.033    2.022)    3.812
   4.546   (  -2.976    1.158    2.424)    4.009
   4.860   (  12.445   -0.566    0.272)   12.461
   4.930   ( -11.829   -1.029   -0.078)   11.874
======================= Grid point 510 (161/512) =======================
q-point: ( 0.00  0.27  0.13)
Mass variance parameters: 4.63e-04 4.63e-04 4.63e-04 4.63e-04 3.34e-04 3.34e-04 3.34e-04 3.34e-04 
Number of triplets: 904
Frequency     group velocity (x, y, z)     |gv|
   1.043   (   0.000   10.797    2.784)   11.150
   1.174   (   0.000   16.266   -5.993)   17.335
   1.299   (   0.000    9.590   -4.418)   10.559
   1.468   (   0.000    0.079    1.106)    1.109
   1.573   (   0.000    2.719   -0.694)    2.807
   1.771   (   0.000    7.960   -4.594)    9.190
   1.804   (   0.000    4.172   -1.657)    4.489
   1.966   (   0.000    6.030   -2.178)    6.411
   2.249   (   0.000   12.238    6.668)   13.937
   2.455   (   0.000   10.699   -1.746)   10.840
   2.547   (   0.000    7.626    4.514)    8.862
   2.698   (   0.000   11.672   -1.480)   11.766
   3.573   (   0.000    6.587   -6.942)    9.570
   3.603   (   0.000    6.084   -4.591)    7.622
   3.789   (   0.000    2.636   -1.035)    2.832
   3.889   (   0.000    1.927    1.208)    2.275
   4.093   (   0.000    3.632   -3.230)    4.861
   4.193   (   0.000    2.879    0.155)    2.883
   4.302   (   0.000    3.326    1.447)    3.627
   4.390   (   0.000    6.661    0.608)    6.689
   4.462   (   0.000    1.877    1.182)    2.218
   4.485   (   0.000    0.157    0.067)    0.171
   4.681   (   0.000    5.047    4.884)    7.023
   5.147   (   0.000   -3.845   -3.481)    5.187
======================= Grid point 511 (162/512) =======================
q-point: ( 0.07  0.27  0.13)
Mass variance parameters: 4.63e-04 4.63e-04 4.63e-04 4.63e-04 3.34e-04 3.34e-04 3.34e-04 3.34e-04 
Number of triplets: 1688
Frequency     group velocity (x, y, z)     |gv|
   1.049   (   1.952   10.606    2.693)   11.116
   1.176   (   0.845   16.161   -5.906)   17.227
   1.298   (  -0.631    9.618   -4.433)   10.609
   1.463   (  -1.701    0.299    1.108)    2.052
   1.578   (   1.617    2.617   -0.710)    3.157
   1.770   (  -0.441    7.490   -4.244)    8.620
   1.805   (   0.444    4.639   -1.962)    5.056
   1.964   (  -0.560    6.062   -2.215)    6.479
   2.253   (   1.228   12.180    6.624)   13.919
   2.456   (   0.488   10.669   -1.724)   10.818
   2.544   (  -0.771    7.697    4.496)    8.947
   2.693   (  -1.390   11.702   -1.453)   11.874
   3.572   (  -0.005    6.567   -6.885)    9.515
   3.602   (  -0.204    6.084   -4.586)    7.622
   3.789   (   0.246    2.660   -1.036)    2.865
   3.888   (  -0.514    1.967    1.187)    2.354
   4.094   (   0.304    3.630   -3.173)    4.831
   4.190   (  -1.032    2.902    0.162)    3.084
   4.301   (  -0.427    3.230    1.405)    3.548
   4.388   (  -0.711    6.571    0.572)    6.634
   4.464   (   0.922    1.935    1.274)    2.493
   4.496   (   3.620    0.062    0.016)    3.621
   4.680   (  -0.158    5.110    4.814)    7.022
   5.142   (  -1.801   -3.776   -3.460)    5.429
======================= Grid point 512 (163/512) =======================
q-point: ( 0.13  0.27  0.13)
Mass variance parameters: 4.63e-04 4.63e-04 4.63e-04 4.63e-04 3.34e-04 3.34e-04 3.34e-04 3.34e-04 
Number of triplets: 1688
Frequency     group velocity (x, y, z)     |gv|
   1.065   (   3.582   10.100    2.393)   10.981
   1.183   (   1.722   15.814   -5.614)   16.869
   1.292   (  -1.253    9.696   -4.465)   10.748
   1.450   (  -2.783    0.818    1.116)    3.108
   1.591   (   2.580    2.455   -0.768)    3.643
   1.765   (  -1.070    6.414   -3.423)    7.349
   1.810   (   1.088    5.694   -2.657)    6.377
   1.959   (  -1.094    6.156   -2.323)    6.670
   2.264   (   2.404   12.012    6.498)   13.867
   2.460   (   0.900   10.559   -1.638)   10.723
   2.538   (  -1.471    7.933    4.428)    9.203
   2.682   (  -2.660   11.783   -1.382)   12.158
   3.572   (   0.005    6.510   -6.722)    9.358
   3.601   (  -0.379    6.083   -4.580)    7.624
   3.792   (   0.503    2.725   -1.032)    2.957
   3.883   (  -0.984    2.078    1.118)    2.557
   4.096   (   0.587    3.620   -3.007)    4.742
   4.182   (  -1.673    2.950    0.151)    3.395
   4.298   (  -0.481    3.036    1.309)    3.341
   4.382   (  -1.285    6.338    0.489)    6.486
   4.472   (   1.760    2.081    1.519)    3.120
   4.524   (   5.900   -0.279   -0.056)    5.907
   4.680   (   0.042    5.289    4.544)    6.973
   5.126   (  -3.559   -3.572   -3.394)    6.077
======================= Grid point 513 (164/512) =======================
q-point: ( 0.20  0.27  0.13)
Mass variance parameters: 4.63e-04 4.63e-04 4.63e-04 4.63e-04 3.34e-04 3.34e-04 3.34e-04 3.34e-04 
Number of triplets: 1688
Frequency     group velocity (x, y, z)     |gv|
   1.089   (   4.627    9.480    1.798)   10.701
   1.196   (   2.657   15.110   -5.023)   16.143
   1.283   (  -1.834    9.822   -4.490)   10.954
   1.432   (  -3.402    1.503    1.110)    3.881
   1.607   (   3.006    2.387   -0.858)    3.933
   1.757   (  -1.737    5.398   -2.617)    6.245
   1.818   (   1.787    6.642   -3.280)    7.620
   1.952   (  -1.585    6.303   -2.494)    6.961
   2.281   (   3.475   11.754    6.306)   13.784
   2.466   (   1.083   10.283   -1.376)   10.431
   2.528   (  -1.948    8.431    4.217)    9.626
   2.663   (  -3.695   11.890   -1.284)   12.517
   3.573   (   0.051    6.429   -6.467)    9.119
   3.598   (  -0.514    6.083   -4.588)    7.636
   3.795   (   0.773    2.813   -1.008)    3.087
   3.876   (  -1.371    2.240    0.991)    2.807
   4.100   (   0.830    3.596   -2.748)    4.601
   4.171   (  -1.863    2.994    0.071)    3.527
   4.296   (  -0.221    2.887    1.200)    3.135
   4.373   (  -1.748    6.004    0.420)    6.268
   4.484   (   2.435    2.250    1.836)    3.790
   4.560   (   5.984   -0.738    0.211)    6.033
   4.683   (   1.433    5.424    3.774)    6.761
   5.101   (  -5.227   -3.236   -3.281)    6.968
======================= Grid point 514 (165/512) =======================
q-point: ( 0.27  0.27  0.13)
Mass variance parameters: 4.63e-04 4.63e-04 4.63e-04 4.63e-04 3.34e-04 3.34e-04 3.34e-04 3.34e-04 
Number of triplets: 1688
Frequency     group velocity (x, y, z)     |gv|
   1.117   (   4.968    9.052    0.810)   10.357
   1.214   (   3.602   13.832   -4.017)   14.847
   1.271   (  -2.290   10.022   -4.482)   11.214
   1.411   (  -3.855    2.350    1.050)    4.635
   1.625   (   3.157    2.437   -0.956)    4.101
   1.745   (  -2.274    4.696   -2.050)    5.606
   1.830   (   2.367    7.194   -3.632)    8.399
   1.941   (  -2.027    6.493   -2.713)    7.322
   2.304   (   4.378   11.420    6.063)   13.651
   2.471   (   0.463    9.575   -0.430)    9.596
   2.517   (  -1.617    9.482    3.379)   10.195
   2.640   (  -4.391   11.985   -1.189)   12.820
   3.573   (   0.146    6.338   -6.153)    8.835
   3.595   (  -0.613    6.081   -4.625)    7.664
   3.801   (   1.050    2.901   -0.941)    3.226
   3.868   (  -1.654    2.425    0.798)    3.042
   4.106   (   1.018    3.550   -2.422)    4.417
   4.161   (  -1.782    3.028   -0.095)    3.515
   4.296   (   0.205    2.862    1.093)    3.071
   4.362   (  -2.087    5.594    0.403)    5.984
   4.500   (   2.914    2.387    2.165)    4.345
   4.587   (   3.023   -0.457    1.406)    3.365
   4.701   (   5.129    4.681    1.980)    7.220
   5.066   (  -6.760   -2.777   -3.118)    7.946
======================= Grid point 515 (166/512) =======================
q-point: ( 0.33  0.27  0.13)
Mass variance parameters: 4.63e-04 4.63e-04 4.63e-04 4.63e-04 3.34e-04 3.34e-04 3.34e-04 3.34e-04 
Number of triplets: 1688
Frequency     group velocity (x, y, z)     |gv|
   1.145   (   4.734    9.048   -0.515)   10.224
   1.236   (   3.444   11.475   -2.730)   12.288
   1.258   (  -1.621   10.683   -4.325)   11.639
   1.387   (  -4.299    3.393    0.906)    5.551
   1.644   (   3.186    2.591   -1.049)    4.239
   1.731   (  -2.649    4.207   -1.691)    5.251
   1.845   (   2.773    7.426   -3.762)    8.774
   1.928   (  -2.414    6.712   -2.959)    7.723
   2.331   (   5.047   11.011    5.782)   13.421
   2.467   (  -1.976    8.555    2.060)    9.018
   2.513   (   0.564   10.991    1.077)   11.058
   2.613   (  -4.677   12.023   -1.119)   12.949
   3.574   (   0.285    6.253   -5.819)    8.546
   3.591   (  -0.678    6.080   -4.701)    7.716
   3.807   (   1.318    2.966   -0.815)    3.346
   3.857   (  -1.825    2.608    0.543)    3.229
   4.112   (   1.147    3.480   -2.056)    4.201
   4.151   (  -1.613    3.066   -0.333)    3.480
   4.298   (   0.712    2.987    0.986)    3.225
   4.349   (  -2.266    5.128    0.440)    5.623
   4.518   (   3.191    2.464    2.481)    4.734
   4.594   (  -0.337    0.757    2.673)    2.799
   4.742   (   8.688    2.902    0.064)    9.160
   5.023   (  -8.110   -2.201   -2.898)    8.889
======================= Grid point 516 (167/512) =======================
q-point: ( 0.40  0.27  0.13)
Mass variance parameters: 4.63e-04 4.63e-04 4.63e-04 4.63e-04 3.34e-04 3.34e-04 3.34e-04 3.34e-04 
Number of triplets: 1688
Frequency     group velocity (x, y, z)     |gv|
   1.172   (   4.277    9.354   -1.843)   10.449
   1.235   (  -2.784    9.684   -3.675)   10.726
   1.271   (   4.858   10.369   -1.805)   11.593
   1.361   (  -4.765    4.673    0.640)    6.704
   1.662   (   3.163    2.827   -1.133)    4.391
   1.715   (  -2.888    3.814   -1.465)    5.003
   1.862   (   3.000    7.451   -3.745)    8.862
   1.913   (  -2.732    6.945   -3.210)    8.124
   2.361   (   5.409   10.512    5.465)   13.025
   2.449   (  -4.003    8.635    3.867)   10.273
   2.522   (   2.421   11.561   -0.465)   11.821
   2.586   (  -4.549   11.975   -1.080)   12.855
   3.577   (   0.442    6.182   -5.501)    8.287
   3.587   (  -0.701    6.085   -4.823)    7.796
   3.816   (   1.554    2.991   -0.622)    3.428
   3.847   (  -1.889    2.769    0.244)    3.360
   4.119   (   1.229    3.388   -1.675)    3.975
   4.142   (  -1.460    3.119   -0.623)    3.500
   4.304   (   1.236    3.258    0.872)    3.592
   4.336   (  -2.259    4.627    0.521)    5.175
   4.537   (   3.271    2.463    2.770)    4.944
   4.587   (  -2.004    1.653    3.139)    4.075
   4.798   (  10.150    1.371   -1.068)   10.298
   4.973   (  -9.220   -1.515   -2.613)    9.703
======================= Grid point 517 (168/512) =======================
q-point: ( 0.47  0.27  0.13)
Mass variance parameters: 4.63e-04 4.63e-04 4.63e-04 4.63e-04 3.34e-04 3.34e-04 3.34e-04 3.34e-04 
Number of triplets: 1688
Frequency     group velocity (x, y, z)     |gv|
   1.195   (   3.856    9.654   -2.854)   10.780
   1.216   (  -3.477    9.776   -3.481)   10.944
   1.301   (   5.371    8.131   -0.548)    9.760
   1.332   (  -5.181    6.236    0.191)    8.109
   1.680   (   3.113    3.123   -1.218)    4.575
   1.698   (  -3.030    3.456   -1.319)    4.782
   1.879   (   3.054    7.348   -3.628)    8.745
   1.897   (  -2.955    7.166   -3.442)    8.481
   2.393   (   5.401    9.917    5.100)   12.390
   2.423   (  -4.970    9.250    4.636)   11.479
   2.539   (   3.398   11.720   -0.914)   12.237
   2.561   (  -4.087   11.857   -1.039)   12.584
   3.579   (   0.580    6.131   -5.223)    8.075
   3.583   (  -0.670    6.100   -4.996)    7.913
   3.825   (   1.739    2.967   -0.367)    3.459
   3.836   (  -1.856    2.891   -0.069)    3.437
   4.126   (   1.288    3.288   -1.302)    3.764
   4.134   (  -1.355    3.195   -0.949)    3.597
   4.313   (   1.708    3.651    0.751)    4.100
   4.324   (  -2.065    4.122    0.630)    4.653
   4.555   (   3.147    2.365    3.013)    4.957
   4.572   (  -2.776    2.127    3.168)    4.719
   4.857   (  10.406    0.219   -1.759)   10.556
   4.917   ( -10.022   -0.717   -2.244)   10.295
======================= Grid point 525 (169/512) =======================
q-point: ( 0.00  0.33  0.13)
Mass variance parameters: 4.63e-04 4.63e-04 4.63e-04 4.63e-04 3.34e-04 3.34e-04 3.34e-04 3.34e-04 
Number of triplets: 904
Frequency     group velocity (x, y, z)     |gv|
   1.205   (   0.000    9.329    0.510)    9.343
   1.375   (   0.000    7.843   -3.257)    8.493
   1.427   (   0.000    6.411   -3.496)    7.302
   1.465   (   0.000   -0.364    0.495)    0.614
   1.627   (   0.000    4.785   -2.792)    5.540
   1.869   (   0.000    4.107   -4.620)    6.181
   1.874   (   0.000    4.934   -4.009)    6.357
   2.023   (   0.000    1.177   -0.987)    1.536
   2.432   (   0.000   10.465    1.677)   10.599
   2.618   (   0.000    9.133   -6.592)   11.264
   2.671   (   0.000    7.991    0.474)    8.005
   2.863   (   0.000    8.572   -5.781)   10.339
   3.702   (   0.000    9.293   -8.859)   12.839
   3.717   (   0.000    7.778   -6.193)    9.942
   3.851   (   0.000    5.062   -2.567)    5.676
   3.933   (   0.000    3.560   -0.155)    3.564
   4.142   (   0.000    2.254   -4.232)    4.795
   4.233   (   0.000    2.175   -1.816)    2.833
   4.314   (   0.000   -1.378   -0.967)    1.684
   4.445   (   0.000    1.181   -4.702)    4.848
   4.494   (   0.000    1.237   -1.912)    2.277
   4.520   (   0.000    4.336    1.507)    4.590
   4.762   (   0.000    4.445    3.125)    5.434
   5.077   (   0.000   -4.941   -5.147)    7.135
======================= Grid point 526 (170/512) =======================
q-point: ( 0.07  0.33  0.13)
Mass variance parameters: 4.63e-04 4.63e-04 4.63e-04 4.63e-04 3.34e-04 3.34e-04 3.34e-04 3.34e-04 
Number of triplets: 1688
Frequency     group velocity (x, y, z)     |gv|
   1.208   (   1.067    9.192    0.478)    9.266
   1.375   (   0.129    7.659   -3.175)    8.293
   1.425   (  -0.567    6.410   -3.444)    7.299
   1.464   (  -0.381   -0.051    0.405)    0.559
   1.631   (   1.248    4.719   -2.804)    5.629
   1.860   (  -1.998    4.431   -4.366)    6.534
   1.884   (   1.986    4.604   -4.191)    6.535
   2.022   (  -0.326    1.222   -1.028)    1.630
   2.435   (   0.936   10.431    1.630)   10.599
   2.618   (   0.093    9.048   -6.432)   11.101
   2.670   (  -0.208    8.098    0.299)    8.106
   2.860   (  -1.202    8.610   -5.755)   10.425
   3.701   (  -0.197    9.240   -8.802)   12.763
   3.716   (  -0.172    7.791   -6.191)    9.953
   3.852   (   0.378    5.084   -2.585)    5.716
   3.932   (  -0.263    3.612   -0.180)    3.626
   4.142   (   0.211    2.225   -4.178)    4.738
   4.230   (  -0.980    2.185   -1.814)    3.004
   4.312   (  -0.506   -1.336   -1.030)    1.761
   4.442   (  -0.788    1.151   -4.621)    4.827
   4.503   (   2.995    1.130   -1.891)    3.718
   4.522   (   0.768    4.298    1.524)    4.624
   4.762   (  -0.021    4.437    3.001)    5.357
   5.073   (  -1.377   -4.859   -5.137)    7.204
======================= Grid point 527 (171/512) =======================
q-point: ( 0.13  0.33  0.13)
Mass variance parameters: 4.63e-04 4.63e-04 4.63e-04 4.63e-04 3.34e-04 3.34e-04 3.34e-04 3.34e-04 
Number of triplets: 1688
Frequency     group velocity (x, y, z)     |gv|
   1.217   (   2.016    8.803    0.380)    9.039
   1.376   (   0.095    7.063   -2.926)    7.645
   1.421   (  -0.961    6.524   -3.308)    7.378
   1.461   (  -0.599    0.754    0.157)    0.976
   1.641   (   2.263    4.576   -2.844)    5.844
   1.847   (  -2.227    4.502   -4.240)    6.573
   1.896   (   2.161    4.510   -4.112)    6.474
   2.019   (  -0.649    1.355   -1.149)    1.891
   2.443   (   1.850   10.329    1.492)   10.599
   2.618   (  -0.031    8.792   -5.855)   10.563
   2.669   (  -0.192    8.418   -0.314)    8.426
   2.849   (  -2.320    8.717   -5.682)   10.661
   3.700   (  -0.332    9.096   -8.631)   12.544
   3.715   (  -0.315    7.831   -6.204)    9.996
   3.855   (   0.713    5.136   -2.623)    5.811
   3.930   (  -0.529    3.756   -0.262)    3.802
   4.144   (   0.401    2.140   -4.020)    4.572
   4.223   (  -1.636    2.198   -1.826)    3.293
   4.309   (  -0.544   -1.241   -1.188)    1.802
   4.436   (  -1.482    1.103   -4.431)    4.800
   4.527   (   4.583    0.944   -1.417)    4.889
   4.529   (   1.794    4.099    1.241)    4.644
   4.762   (   0.156    4.389    2.597)    5.103
   5.061   (  -2.720   -4.615   -5.107)    7.401
======================= Grid point 528 (172/512) =======================
q-point: ( 0.20  0.33  0.13)
Mass variance parameters: 4.63e-04 4.63e-04 4.63e-04 4.63e-04 3.34e-04 3.34e-04 3.34e-04 3.34e-04 
Number of triplets: 1688
Frequency     group velocity (x, y, z)     |gv|
   1.231   (   2.756    8.221    0.214)    8.673
   1.376   (  -0.373    5.993   -2.519)    6.511
   1.415   (  -0.834    7.001   -3.150)    7.722
   1.457   (  -0.708    1.752   -0.174)    1.897
   1.657   (   2.974    4.456   -2.912)    6.098
   1.834   (  -2.512    4.555   -4.085)    6.614
   1.909   (   2.325    4.397   -3.952)    6.352
   2.015   (  -0.966    1.567   -1.340)    2.277
   2.456   (   2.700   10.165    1.272)   10.594
   2.617   (  -0.575    8.430   -4.704)    9.671
   2.669   (   0.265    8.892   -1.499)    9.021
   2.833   (  -3.271    8.876   -5.576)   10.980
   3.698   (  -0.353    8.899   -8.363)   12.217
   3.713   (  -0.429    7.894   -6.254)   10.080
   3.860   (   0.984    5.188   -2.645)    5.906
   3.926   (  -0.792    3.964   -0.417)    4.064
   4.147   (   0.557    2.010   -3.771)    4.309
   4.212   (  -1.887    2.180   -1.879)    3.442
   4.307   (  -0.123   -1.118   -1.394)    1.791
   4.425   (  -2.172    1.046   -4.156)    4.804
   4.539   (   2.189    3.964    1.646)    4.818
   4.557   (   5.337    0.642   -1.349)    5.542
   4.765   (   0.801    4.206    1.809)    4.648
   5.042   (  -3.992   -4.215   -5.050)    7.694
======================= Grid point 529 (173/512) =======================
q-point: ( 0.27  0.33  0.13)
Mass variance parameters: 4.63e-04 4.63e-04 4.63e-04 4.63e-04 3.34e-04 3.34e-04 3.34e-04 3.34e-04 
Number of triplets: 1688
Frequency     group velocity (x, y, z)     |gv|
   1.248   (   3.244    7.527   -0.019)    8.196
   1.371   (  -1.378    4.868   -2.080)    5.470
   1.413   (  -0.048    7.571   -2.942)    8.122
   1.453   (  -0.824    2.723   -0.503)    2.889
   1.675   (   3.424    4.408   -3.000)    6.337
   1.818   (  -2.838    4.606   -3.907)    6.673
   1.922   (   2.453    4.226   -3.737)    6.151
   2.008   (  -1.277    1.847   -1.589)    2.751
   2.474   (   3.413    9.944    0.982)   10.559
   2.611   (  -1.463    8.176   -3.235)    8.913
   2.673   (   1.112    9.310   -2.966)    9.834
   2.812   (  -3.977    9.063   -5.455)   11.300
   3.696   (  -0.246    8.697   -8.039)   11.846
   3.710   (  -0.522    7.966   -6.343)   10.197
   3.866   (   1.189    5.212   -2.614)    5.951
   3.921   (  -1.035    4.202   -0.652)    4.376
   4.151   (   0.686    1.858   -3.461)    3.988
   4.201   (  -1.864    2.109   -1.975)    3.438
   4.308   (   0.580   -0.941   -1.631)    1.970
   4.411   (  -2.759    0.944   -3.828)    4.812
   4.553   (   2.612    3.791    1.737)    4.921
   4.586   (   4.417    0.603   -0.522)    4.489
   4.773   (   2.223    3.687    0.515)    4.336
   5.015   (  -5.151   -3.667   -4.954)    8.033
======================= Grid point 530 (174/512) =======================
q-point: ( 0.33  0.33  0.13)
Mass variance parameters: 4.63e-04 4.63e-04 4.63e-04 4.63e-04 3.34e-04 3.34e-04 3.34e-04 3.34e-04 
Number of triplets: 1688
Frequency     group velocity (x, y, z)     |gv|
   1.268   (   3.483    6.804   -0.306)    7.650
   1.360   (  -2.300    4.453   -1.762)    5.313
   1.415   (   0.727    7.496   -2.588)    7.964
   1.448   (  -0.978    3.620   -0.803)    3.835
   1.696   (   3.678    4.430   -3.096)    6.538
   1.801   (  -3.160    4.642   -3.727)    6.740
   1.937   (   2.507    3.986   -3.478)    5.854
   2.000   (  -1.581    2.181   -1.882)    3.285
   2.495   (   3.904    9.672    0.637)   10.449
   2.600   (  -2.349    8.181   -2.039)    8.752
   2.682   (   2.022    9.522   -4.087)   10.557
   2.788   (  -4.371    9.248   -5.341)   11.539
   3.695   (  -0.046    8.521   -7.702)   11.486
   3.707   (  -0.584    8.037   -6.470)   10.335
   3.873   (   1.337    5.192   -2.505)    5.917
   3.914   (  -1.234    4.441   -0.961)    4.708
   4.155   (   0.813    1.719   -3.135)    3.667
   4.191   (  -1.717    1.985   -2.098)    3.360
   4.314   (   1.396   -0.690   -1.894)    2.452
   4.394   (  -3.149    0.778   -3.481)    4.758
   4.569   (   2.769    3.579    1.866)    4.895
   4.606   (   2.367    1.041    0.608)    2.657
   4.792   (   4.311    2.648   -1.141)    5.187
   4.982   (  -6.142   -2.980   -4.804)    8.348
======================= Grid point 531 (175/512) =======================
q-point: ( 0.40  0.33  0.13)
Mass variance parameters: 4.63e-04 4.63e-04 4.63e-04 4.63e-04 3.34e-04 3.34e-04 3.34e-04 3.34e-04 
Number of triplets: 1688
Frequency     group velocity (x, y, z)     |gv|
   1.288   (   3.519    6.118   -0.624)    7.085
   1.345   (  -2.851    4.603   -1.507)    5.621
   1.420   (   1.132    6.912   -2.168)    7.332
   1.442   (  -1.140    4.475   -1.093)    4.745
   1.718   (   3.783    4.494   -3.196)    6.688
   1.782   (  -3.439    4.651   -3.563)    6.793
   1.951   (   2.468    3.681   -3.185)    5.458
   1.990   (  -1.870    2.552   -2.202)    3.855
   2.519   (   4.106    9.358    0.246)   10.222
   2.584   (  -3.074    8.381   -1.239)    9.012
   2.696   (   2.845    9.585   -4.711)   11.052
   2.762   (  -4.415    9.404   -5.245)   11.638
   3.695   (   0.186    8.380   -7.381)   11.169
   3.703   (  -0.595    8.108   -6.635)   10.494
   3.881   (   1.430    5.123   -2.307)    5.798
   3.907   (  -1.376    4.661   -1.319)    5.035
   4.160   (   0.962    1.634   -2.837)    3.412
   4.182   (  -1.531    1.835   -2.236)    3.273
   4.324   (   2.173   -0.381   -2.181)    3.102
   4.375   (  -3.294    0.548   -3.137)    4.581
   4.585   (   2.643    3.313    2.001)    4.687
   4.613   (   0.213    1.777    1.535)    2.358
   4.822   (   6.162    1.280   -2.616)    6.816
   4.945   (  -6.890   -2.156   -4.569)    8.544
======================= Grid point 532 (176/512) =======================
q-point: ( 0.47  0.33  0.13)
Mass variance parameters: 4.63e-04 4.63e-04 4.63e-04 4.63e-04 3.34e-04 3.34e-04 3.34e-04 3.34e-04 
Number of triplets: 1688
Frequency     group velocity (x, y, z)     |gv|
   1.308   (   3.407    5.507   -0.944)    6.544
   1.327   (  -3.187    4.992   -1.241)    6.052
   1.427   (   1.276    6.141   -1.764)    6.516
   1.435   (  -1.258    5.315   -1.406)    5.640
   1.740   (   3.767    4.568   -3.302)    6.779
   1.761   (  -3.647    4.625   -3.422)    6.812
   1.965   (   2.336    3.326   -2.867)    4.974
   1.978   (  -2.129    2.941   -2.536)    4.429
   2.542   (   4.002    9.018   -0.185)    9.868
   2.565   (  -3.636    8.680   -0.664)    9.434
   2.715   (   3.565    9.574   -5.011)   11.379
   2.737   (  -4.121    9.515   -5.153)   11.579
   3.697   (   0.392    8.270   -7.091)   10.901
   3.700   (  -0.534    8.183   -6.842)   10.679
   3.890   (   1.470    5.008   -2.028)    5.599
   3.898   (  -1.454    4.852   -1.687)    5.339
   4.166   (   1.140    1.629   -2.590)    3.265
   4.173   (  -1.334    1.703   -2.394)    3.227
   4.339   (   2.789   -0.050   -2.484)    3.735
   4.356   (  -3.173    0.267   -2.803)    4.242
   4.599   (   2.193    2.955    2.077)    4.226
   4.610   (  -1.304    2.454    1.982)    3.413
   4.861   (   7.124   -0.043   -3.602)    7.983
   4.903   (  -7.279   -1.185   -4.200)    8.487
======================= Grid point 540 (177/512) =======================
q-point: ( 0.00  0.40  0.13)
Mass variance parameters: 4.63e-04 4.63e-04 4.63e-04 4.63e-04 3.34e-04 3.34e-04 3.34e-04 3.34e-04 
Number of triplets: 904
Frequency     group velocity (x, y, z)     |gv|
   1.338   (   0.000    7.272   -1.124)    7.358
   1.437   (   0.000    1.443   -1.483)    2.069
   1.459   (   0.000   -0.416   -0.065)    0.421
   1.494   (   0.000    1.713   -2.023)    2.650
   1.728   (   0.000    7.145   -3.433)    7.927
   1.929   (   0.000    1.844   -3.221)    3.712
   1.930   (   0.000    3.257   -4.480)    5.539
   2.012   (   0.000   -2.092   -0.835)    2.252
   2.584   (   0.000    8.457   -3.488)    9.148
   2.729   (   0.000    4.399   -8.334)    9.424
   2.799   (   0.000    7.778   -3.532)    8.542
   2.960   (   0.000    3.386   -7.567)    8.290
   3.840   (   0.000    7.307   -7.063)   10.163
   3.856   (   0.000    9.501   -8.906)   13.022
   3.938   (   0.000    5.071   -4.097)    6.519
   4.000   (   0.000    4.772   -1.540)    5.014
   4.157   (   0.000   -0.589   -5.389)    5.421
   4.267   (   0.000    2.393   -4.506)    5.102
   4.271   (   0.000   -3.749   -1.842)    4.177
   4.445   (   0.000   -1.316   -6.843)    6.968
   4.530   (   0.000    3.273   -3.934)    5.117
   4.580   (   0.000    3.166   -1.961)    3.724
   4.812   (   0.000    1.838    1.124)    2.155
   4.990   (   0.000   -5.843   -5.360)    7.929
======================= Grid point 541 (178/512) =======================
q-point: ( 0.07  0.40  0.13)
Mass variance parameters: 4.63e-04 4.63e-04 4.63e-04 4.63e-04 3.34e-04 3.34e-04 3.34e-04 3.34e-04 
Number of triplets: 1688
Frequency     group velocity (x, y, z)     |gv|
   1.339   (   0.443    7.176   -1.135)    7.278
   1.436   (  -0.547    1.430   -1.353)    2.043
   1.460   (   0.490   -0.283   -0.201)    0.600
   1.494   (  -0.067    1.715   -2.010)    2.643
   1.731   (   0.877    7.077   -3.422)    7.909
   1.921   (  -1.506    2.880   -3.893)    5.071
   1.938   (   1.453    2.218   -3.734)    4.580
   2.012   (  -0.112   -2.062   -0.859)    2.236
   2.586   (   0.852    8.454   -3.519)    9.197
   2.729   (   0.200    4.501   -8.312)    9.455
   2.798   (  -0.223    7.690   -3.585)    8.488
   2.957   (  -0.997    3.422   -7.559)    8.357
   3.839   (  -0.160    7.327   -7.092)   10.199
   3.855   (  -0.450    9.433   -8.831)   12.929
   3.939   (   0.423    5.068   -4.122)    6.546
   4.000   (  -0.021    4.793   -1.556)    5.039
   4.157   (   0.093   -0.580   -5.365)    5.397
   4.264   (  -0.922    2.373   -4.498)    5.169
   4.270   (  -0.153   -3.640   -1.909)    4.113
   4.442   (  -1.152   -1.379   -6.766)    7.000
   4.537   (   2.405    3.146   -3.850)    5.523
   4.582   (   0.881    3.228   -1.952)    3.874
   4.811   (  -0.197    1.789    1.014)    2.065
   4.987   (  -0.950   -5.775   -5.377)    7.948
======================= Grid point 542 (179/512) =======================
q-point: ( 0.13  0.40  0.13)
Mass variance parameters: 4.63e-04 4.63e-04 4.63e-04 4.63e-04 3.34e-04 3.34e-04 3.34e-04 3.34e-04 
Number of triplets: 1688
Frequency     group velocity (x, y, z)     |gv|
   1.343   (   0.855    6.901   -1.164)    7.051
   1.431   (  -0.857    1.514   -1.149)    2.084
   1.464   (   0.724   -0.019   -0.425)    0.840
   1.493   (  -0.138    1.712   -1.970)    2.614
   1.738   (   1.681    6.888   -3.391)    7.859
   1.912   (  -1.679    3.273   -3.916)    5.373
   1.946   (   1.510    1.810   -3.498)    4.218
   2.011   (  -0.226   -1.972   -0.930)    2.191
   2.593   (   1.680    8.445   -3.611)    9.337
   2.731   (   0.300    4.834   -8.209)    9.531
   2.796   (  -0.336    7.400   -3.772)    8.312
   2.948   (  -1.941    3.524   -7.536)    8.543
   3.838   (  -0.315    7.404   -7.191)   10.326
   3.851   (  -0.699    9.242   -8.628)   12.663
   3.943   (   0.732    5.041   -4.166)    6.580
   4.000   (  -0.129    4.833   -1.619)    5.098
   4.158   (   0.211   -0.540   -5.286)    5.317
   4.257   (  -1.674    2.291   -4.478)    5.301
   4.270   (   0.001   -3.359   -2.097)    3.960
   4.433   (  -1.977   -1.563   -6.571)    7.038
   4.556   (   3.927    2.865   -3.515)    5.999
   4.590   (   1.734    3.391   -1.969)    4.287
   4.810   (  -0.300    1.626    0.669)    1.783
   4.979   (  -1.881   -5.577   -5.423)    8.003
======================= Grid point 543 (180/512) =======================
q-point: ( 0.20  0.40  0.13)
Mass variance parameters: 4.63e-04 4.63e-04 4.63e-04 4.63e-04 3.34e-04 3.34e-04 3.34e-04 3.34e-04 
Number of triplets: 1688
Frequency     group velocity (x, y, z)     |gv|
   1.349   (   1.209    6.488   -1.203)    6.708
   1.426   (  -1.031    1.765   -1.025)    2.286
   1.468   (   0.781    0.262   -0.593)    1.015
   1.492   (  -0.207    1.683   -1.898)    2.545
   1.750   (   2.355    6.614   -3.350)    7.779
   1.901   (  -1.947    3.646   -3.855)    5.652
   1.955   (   1.553    1.408   -3.236)    3.855
   2.009   (  -0.346   -1.821   -1.044)    2.127
   2.605   (   2.442    8.426   -3.756)    9.543
   2.732   (   0.144    5.464   -7.910)    9.615
   2.795   (  -0.173    6.836   -4.182)    8.016
   2.935   (  -2.776    3.678   -7.501)    8.804
   3.836   (  -0.422    7.565   -7.359)   10.562
   3.847   (  -0.728    8.959   -8.345)   12.265
   3.948   (   0.916    4.973   -4.172)    6.556
   3.999   (  -0.348    4.845   -1.757)    5.165
   4.159   (   0.380   -0.434   -5.140)    5.172
   4.245   (  -2.165    2.134   -4.448)    5.388
   4.271   (   0.538   -3.022   -2.385)    3.887
   4.419   (  -2.630   -1.784   -6.281)    7.039
   4.581   (   4.347    2.598   -2.729)    5.753
   4.602   (   2.598    3.581   -2.174)    4.930
   4.808   (  -0.184    1.306    0.047)    1.320
   4.966   (  -2.767   -5.256   -5.485)    8.085
======================= Grid point 544 (181/512) =======================
q-point: ( 0.27  0.40  0.13)
Mass variance parameters: 4.63e-04 4.63e-04 4.63e-04 4.63e-04 3.34e-04 3.34e-04 3.34e-04 3.34e-04 
Number of triplets: 1688
Frequency     group velocity (x, y, z)     |gv|
   1.357   (   1.480    5.983   -1.240)    6.287
   1.419   (  -1.169    2.154   -0.989)    2.643
   1.473   (   0.740    0.535   -0.709)    1.156
   1.491   (  -0.263    1.613   -1.789)    2.423
   1.765   (   2.864    6.296   -3.312)    7.669
   1.889   (  -2.280    4.005   -3.742)    5.937
   1.964   (   1.546    0.997   -2.954)    3.480
   2.007   (  -0.476   -1.610   -1.198)    2.063
   2.621   (   3.068    8.397   -3.947)    9.772
   2.732   (  -0.442    6.380   -7.280)    9.690
   2.795   (   0.452    6.003   -4.918)    7.774
   2.917   (  -3.440    3.858   -7.457)    9.074
   3.833   (  -0.402    7.771   -7.538)   10.834
   3.843   (  -0.662    8.656   -8.066)   11.850
   3.953   (   1.024    4.871   -4.111)    6.455
   3.996   (  -0.628    4.799   -1.991)    5.233
   4.162   (   0.618   -0.242   -4.938)    4.983
   4.232   (  -2.396    1.912   -4.411)    5.372
   4.276   (   1.319   -2.724   -2.746)    4.086
   4.402   (  -3.173   -1.961   -5.905)    6.984
   4.604   (   3.618    2.696   -1.440)    4.736
   4.620   (   3.446    3.532   -2.577)    5.567
   4.808   (   0.332    0.760   -0.913)    1.233
   4.947   (  -3.571   -4.825   -5.543)    8.170
======================= Grid point 545 (182/512) =======================
q-point: ( 0.33  0.40  0.13)
Mass variance parameters: 4.63e-04 4.63e-04 4.63e-04 4.63e-04 3.34e-04 3.34e-04 3.34e-04 3.34e-04 
Number of triplets: 1688
Frequency     group velocity (x, y, z)     |gv|
   1.366   (   1.655    5.431   -1.262)    5.816
   1.412   (  -1.313    2.635   -1.020)    3.116
   1.477   (   0.648    0.780   -0.811)    1.298
   1.489   (  -0.301    1.506   -1.640)    2.247
   1.783   (   3.196    5.966   -3.286)    7.523
   1.875   (  -2.634    4.351   -3.609)    6.236
   1.973   (   1.472    0.577   -2.664)    3.098
   2.004   (  -0.622   -1.342   -1.386)    2.027
   2.640   (   3.479    8.358   -4.177)    9.970
   2.726   (  -1.373    7.282   -6.423)    9.807
   2.801   (   1.460    5.189   -5.833)    7.942
   2.895   (  -3.866    4.039   -7.405)    9.279
   3.831   (  -0.235    7.942   -7.654)   11.032
   3.839   (  -0.597    8.422   -7.870)   11.543
   3.959   (   1.094    4.756   -3.970)    6.291
   3.992   (  -0.885    4.711   -2.316)    5.323
   4.167   (   0.924    0.029   -4.721)    4.811
   4.218   (  -2.409    1.643   -4.373)    5.256
   4.287   (   2.144   -2.500   -3.152)    4.559
   4.383   (  -3.559   -2.078   -5.464)    6.844
   4.623   (   2.901    3.127   -0.694)    4.322
   4.639   (   3.038    3.348   -2.138)    5.001
   4.813   (   1.408   -0.069   -2.214)    2.625
   4.925   (  -4.230   -4.295   -5.566)    8.204
======================= Grid point 546 (183/512) =======================
q-point: ( 0.40  0.40  0.13)
Mass variance parameters: 4.63e-04 4.63e-04 4.63e-04 4.63e-04 3.34e-04 3.34e-04 3.34e-04 3.34e-04 
Number of triplets: 1688
Frequency     group velocity (x, y, z)     |gv|
   1.376   (   1.728    4.862   -1.259)    5.311
   1.404   (  -1.468    3.169   -1.087)    3.657
   1.480   (   0.541    0.981   -0.930)    1.456
   1.487   (  -0.334    1.383   -1.460)    2.038
   1.802   (   3.354    5.638   -3.284)    7.336
   1.859   (  -2.959    4.682   -3.481)    6.542
   1.981   (   1.337    0.153   -2.378)    2.732
   2.000   (  -0.788   -1.023   -1.603)    2.058
   2.661   (   3.609    8.310   -4.443)   10.090
   2.716   (  -2.286    7.850   -5.675)    9.953
   2.812   (   2.477    4.692   -6.567)    8.443
   2.872   (  -3.996    4.198   -7.336)    9.349
   3.831   (   0.005    8.053   -7.701)   11.143
   3.836   (  -0.527    8.277   -7.766)   11.362
   3.966   (   1.142    4.654   -3.748)    6.083
   3.986   (  -1.063    4.623   -2.696)    5.456
   4.173   (   1.278    0.347   -4.537)    4.726
   4.204   (  -2.256    1.342   -4.348)    5.079
   4.301   (   2.862   -2.351   -3.586)    5.155
   4.361   (  -3.738   -2.149   -4.990)    6.595
   4.638   (   2.381    3.410   -0.409)    4.179
   4.653   (   1.417    3.436   -1.208)    3.908
   4.825   (   2.872   -1.096   -3.608)    4.740
   4.899   (  -4.646   -3.673   -5.500)    8.082
======================= Grid point 547 (184/512) =======================
q-point: ( 0.47  0.40  0.13)
Mass variance parameters: 4.63e-04 4.63e-04 4.63e-04 4.63e-04 3.34e-04 3.34e-04 3.34e-04 3.34e-04 
Number of triplets: 1688
Frequency     group velocity (x, y, z)     |gv|
   1.386   (   1.706    4.293   -1.225)    4.779
   1.395   (  -1.610    3.726   -1.163)    4.223
   1.483   (   0.447    1.135   -1.083)    1.631
   1.485   (  -0.378    1.262   -1.266)    1.827
   1.822   (   3.352    5.318   -3.314)    7.106
   1.841   (  -3.211    5.002   -3.380)    6.838
   1.988   (   1.161   -0.263   -2.102)    2.416
   1.994   (  -0.972   -0.659   -1.842)    2.185
   2.682   (   3.437    8.243   -4.754)   10.118
   2.700   (  -2.986    8.120   -5.142)   10.065
   2.829   (   3.279    4.460   -7.000)    8.924
   2.850   (  -3.798    4.327   -7.222)    9.236
   3.831   (   0.238    8.126   -7.713)   11.206
   3.833   (  -0.415    8.190   -7.725)   11.266
   3.973   (   1.167    4.588   -3.448)    5.856
   3.979   (  -1.150    4.576   -3.088)    5.639
   4.181   (   1.646    0.683   -4.414)    4.760
   4.192   (  -1.987    1.018   -4.355)    4.894
   4.319   (   3.387   -2.259   -4.039)    5.734
   4.340   (  -3.682   -2.200   -4.510)    6.224
   4.650   (   1.594    3.551   -0.324)    3.906
   4.656   (  -0.323    3.557   -0.543)    3.613
   4.846   (   4.096   -2.097   -4.668)    6.555
   4.872   (  -4.667   -2.951   -5.252)    7.620
======================= Grid point 555 (185/512) =======================
q-point: ( 0.00  0.47  0.13)
Mass variance parameters: 4.63e-04 4.63e-04 4.63e-04 4.63e-04 3.34e-04 3.34e-04 3.34e-04 3.34e-04 
Number of triplets: 904
Frequency     group velocity (x, y, z)     |gv|
   1.433   (   0.000    4.313   -2.135)    4.812
   1.448   (   0.000    0.225   -1.106)    1.128
   1.454   (   0.000    0.192   -0.364)    0.412
   1.490   (   0.000   -1.903   -1.883)    2.677
   1.837   (   0.000    6.240   -2.509)    6.725
   1.920   (   0.000   -3.483   -2.269)    4.157
   1.967   (   0.000    1.419   -3.187)    3.488
   1.982   (   0.000   -0.943   -2.016)    2.226
   2.698   (   0.000    5.614   -6.762)    8.789
   2.754   (   0.000   -1.151   -8.191)    8.272
   2.909   (   0.000    5.716   -6.205)    8.436
   2.971   (   0.000   -1.795   -7.485)    7.697
   3.939   (   0.000    4.825   -6.555)    8.139
   3.982   (   0.000   -0.097   -5.236)    5.237
   3.993   (   0.000    7.278   -7.463)   10.424
   4.064   (   0.000    0.529   -3.255)    3.297
   4.139   (   0.000    0.758   -5.902)    5.950
   4.201   (   0.000   -4.840   -2.821)    5.602
   4.322   (   0.000    4.599   -6.914)    8.304
   4.399   (   0.000   -4.314   -7.835)    8.944
   4.589   (   0.000    3.386   -5.723)    6.650
   4.614   (   0.000    0.593   -5.570)    5.602
   4.837   (   0.000    2.168   -0.332)    2.194
   4.898   (   0.000   -5.282   -3.351)    6.256
======================= Grid point 556 (186/512) =======================
q-point: ( 0.07  0.47  0.13)
Mass variance parameters: 4.63e-04 4.63e-04 4.63e-04 4.63e-04 3.34e-04 3.34e-04 3.34e-04 3.34e-04 
Number of triplets: 1688
Frequency     group velocity (x, y, z)     |gv|
   1.432   (  -0.179    4.038   -2.098)    4.554
   1.449   (   0.459    0.737   -1.064)    1.373
   1.455   (   0.107   -0.073   -0.478)    0.495
   1.491   (   0.044   -1.865   -1.847)    2.625
   1.839   (   0.565    6.193   -2.502)    6.703
   1.921   (   0.310   -3.406   -2.265)    4.102
   1.966   (  -0.298    1.396   -3.126)    3.436
   1.982   (  -0.027   -0.966   -2.033)    2.250
   2.700   (   0.826    5.602   -6.774)    8.829
   2.756   (   0.664   -1.099   -8.210)    8.310
   2.908   (  -0.627    5.668   -6.216)    8.436
   2.969   (  -0.820   -1.765   -7.497)    7.745
   3.939   (  -0.054    4.845   -6.567)    8.161
   3.980   (  -0.518    1.061   -5.578)    5.701
   3.993   (   0.119    6.053   -7.121)    9.347
   4.062   (  -0.541    0.369   -3.330)    3.394
   4.141   (   0.681    0.898   -5.837)    5.945
   4.202   (   0.354   -4.730   -2.872)    5.545
   4.319   (  -1.059    4.550   -6.870)    8.308
   4.395   (  -1.274   -4.292   -7.781)    8.977
   4.594   (   1.791    3.284   -5.626)    6.756
   4.618   (   1.324    0.685   -5.564)    5.760
   4.835   (  -0.522    2.118   -0.399)    2.217
   4.896   (  -0.692   -5.255   -3.402)    6.299
======================= Grid point 557 (187/512) =======================
q-point: ( 0.13  0.47  0.13)
Mass variance parameters: 4.63e-04 4.63e-04 4.63e-04 4.63e-04 3.34e-04 3.34e-04 3.34e-04 3.34e-04 
Number of triplets: 1688
Frequency     group velocity (x, y, z)     |gv|
   1.432   (  -0.073    3.668   -2.049)    4.202
   1.452   (   0.237    1.731   -0.736)    1.896
   1.456   (   0.587   -0.764   -0.938)    1.345
   1.491   (   0.030   -1.764   -1.756)    2.489
   1.844   (   1.099    6.055   -2.480)    6.635
   1.923   (   0.568   -3.140   -2.259)    3.910
   1.964   (  -0.576    1.306   -2.967)    3.292
   1.981   (  -0.093   -1.048   -2.061)    2.314
   2.707   (   1.631    5.567   -6.809)    8.945
   2.762   (   1.318   -0.940   -8.259)    8.416
   2.902   (  -1.242    5.524   -6.249)    8.433
   2.962   (  -1.614   -1.680   -7.530)    7.883
   3.939   (  -0.068    4.907   -6.603)    8.227
   3.976   (  -0.814    2.940   -6.138)    6.854
   3.994   (   0.141    3.976   -6.555)    7.668
   4.057   (  -1.057   -0.004   -3.525)    3.681
   4.147   (   1.292    1.235   -5.677)    5.951
   4.205   (   0.765   -4.441   -3.028)    5.429
   4.310   (  -1.940    4.414   -6.738)    8.286
   4.385   (  -2.272   -4.258   -7.615)    9.016
   4.608   (   3.146    3.058   -5.325)    6.899
   4.629   (   2.504    0.927   -5.564)    6.171
   4.831   (  -1.028    1.954   -0.596)    2.287
   4.890   (  -1.380   -5.178   -3.549)    6.427
======================= Grid point 558 (188/512) =======================
q-point: ( 0.20  0.47  0.13)
Mass variance parameters: 4.63e-04 4.63e-04 4.63e-04 4.63e-04 3.34e-04 3.34e-04 3.34e-04 3.34e-04 
Number of triplets: 1688
Frequency     group velocity (x, y, z)     |gv|
   1.432   (   0.169    3.433   -2.006)    3.980
   1.452   (   0.015    1.922   -0.626)    2.021
   1.461   (   0.863   -0.803   -1.196)    1.680
   1.491   (  -0.062   -1.634   -1.643)    2.318
   1.852   (   1.569    5.836   -2.451)    6.521
   1.927   (   0.693   -2.540   -2.274)    3.479
   1.960   (  -0.785    1.023   -2.742)    3.030
   1.980   (  -0.215   -1.211   -2.070)    2.408
   2.719   (   2.379    5.518   -6.857)    9.117
   2.771   (   1.941   -0.668   -8.324)    8.573
   2.893   (  -1.825    5.272   -6.301)    8.416
   2.950   (  -2.353   -1.552   -7.585)    8.092
   3.938   (  -0.014    5.019   -6.661)    8.340
   3.971   (  -0.927    4.377   -6.575)    7.953
   3.995   (   0.155    2.221   -6.092)    6.486
   4.050   (  -1.467   -0.402   -3.779)    4.074
   4.156   (   1.766    1.629   -5.487)    5.990
   4.211   (   1.254   -4.057   -3.304)    5.380
   4.297   (  -2.547    4.196   -6.525)    8.165
   4.369   (  -2.949   -4.240   -7.337)    8.972
   4.629   (   3.893    2.878   -4.808)    6.823
   4.647   (   3.472    1.247   -5.595)    6.702
   4.824   (  -1.489    1.636   -0.923)    2.397
   4.880   (  -2.057   -5.058   -3.778)    6.640
======================= Grid point 559 (189/512) =======================
q-point: ( 0.27  0.47  0.13)
Mass variance parameters: 4.63e-04 4.63e-04 4.63e-04 4.63e-04 3.34e-04 3.34e-04 3.34e-04 3.34e-04 
Number of triplets: 1688
Frequency     group velocity (x, y, z)     |gv|
   1.434   (   0.419    3.283   -1.944)    3.839
   1.452   (  -0.054    2.104   -0.722)    2.225
   1.466   (   0.857   -0.907   -1.263)    1.776
   1.490   (  -0.207   -1.508   -1.536)    2.162
   1.862   (   1.946    5.549   -2.422)    6.360
   1.931   (   0.464   -1.147   -2.362)    2.667
   1.955   (  -0.721    0.095   -2.442)    2.548
   1.979   (  -0.388   -1.462   -2.051)    2.548
   2.735   (   3.019    5.471   -6.906)    9.313
   2.784   (   2.481   -0.248   -8.384)    8.746
   2.881   (  -2.327    4.868   -6.367)    8.345
   2.935   (  -2.995   -1.406   -7.657)    8.341
   3.939   (   0.117    5.181   -6.738)    8.500
   3.965   (  -0.939    5.324   -6.869)    8.741
   3.996   (   0.231    0.871   -5.735)    5.806
   4.041   (  -1.701   -0.718   -4.045)    4.447
   4.167   (   2.095    2.017   -5.332)    6.074
   4.219   (   1.765   -3.625   -3.717)    5.484
   4.282   (  -2.847    3.852   -6.222)    7.852
   4.351   (  -3.372   -4.221   -6.954)    8.806
   4.652   (   4.095    2.914   -4.172)    6.532
   4.669   (   4.141    1.593   -5.567)    7.119
   4.814   (  -1.840    1.073   -1.389)    2.543
   4.866   (  -2.695   -4.913   -4.067)    6.924
======================= Grid point 560 (190/512) =======================
q-point: ( 0.33  0.47  0.13)
Mass variance parameters: 4.63e-04 4.63e-04 4.63e-04 4.63e-04 3.34e-04 3.34e-04 3.34e-04 3.34e-04 
Number of triplets: 1688
Frequency     group velocity (x, y, z)     |gv|
   1.437   (   0.605    3.171   -1.845)    3.718
   1.451   (  -0.154    2.366   -0.875)    2.527
   1.471   (   0.784   -1.099   -1.294)    1.870
   1.488   (  -0.364   -1.416   -1.445)    2.056
   1.874   (   2.206    5.212   -2.401)    6.148
   1.931   (  -0.546    1.493   -2.534)    2.991
   1.953   (   0.049   -1.948   -2.085)    2.854
   1.976   (  -0.593   -1.792   -2.013)    2.759
   2.754   (   3.482    5.454   -6.949)    9.495
   2.799   (   2.769    0.493   -8.413)    8.871
   2.867   (  -2.587    4.126   -6.443)    8.076
   2.916   (  -3.486   -1.277   -7.738)    8.582
   3.940   (   0.304    5.389   -6.827)    8.703
   3.960   (  -0.913    5.870   -7.039)    9.211
   3.998   (   0.405   -0.111   -5.449)    5.466
   4.031   (  -1.739   -0.940   -4.304)    4.736
   4.180   (   2.332    2.400   -5.258)    6.233
   4.231   (   2.003   -2.840   -4.356)    5.572
   4.265   (  -2.655    3.012   -5.741)    7.006
   4.331   (  -3.596   -4.173   -6.487)    8.511
   4.676   (   3.968    3.249   -3.614)    6.274
   4.694   (   4.198    2.124   -5.240)    7.042
   4.803   (  -1.893    0.050   -2.047)    2.788
   4.849   (  -3.239   -4.777   -4.389)    7.251
======================= Grid point 561 (191/512) =======================
q-point: ( 0.40  0.47  0.13)
Mass variance parameters: 4.63e-04 4.63e-04 4.63e-04 4.63e-04 3.34e-04 3.34e-04 3.34e-04 3.34e-04 
Number of triplets: 1688
Frequency     group velocity (x, y, z)     |gv|
   1.440   (   0.685    3.070   -1.700)    3.576
   1.450   (  -0.318    2.621   -1.070)    2.849
   1.475   (   0.713   -1.260   -1.309)    1.952
   1.486   (  -0.497   -1.371   -1.378)    2.006
   1.887   (   2.329    4.841   -2.398)    5.883
   1.924   (  -1.587    3.294   -2.552)    4.459
   1.956   (   0.803   -3.044   -1.926)    3.690
   1.972   (  -0.797   -2.181   -1.969)    3.044
   2.775   (   3.694    5.508   -6.992)    9.637
   2.814   (   1.826    2.484   -8.274)    8.830
   2.853   (  -1.634    2.103   -6.645)    7.159
   2.895   (  -3.751   -1.210   -7.807)    8.745
   3.942   (   0.510    5.628   -6.923)    8.936
   3.955   (  -0.875    6.084   -7.102)    9.393
   4.001   (   0.678   -0.736   -5.209)    5.305
   4.021   (  -1.604   -1.081   -4.549)    4.943
   4.194   (   2.533    2.782   -5.295)    6.495
   4.237   (  -0.831    1.557   -5.696)    5.963
   4.257   (   0.698   -1.598   -4.600)    4.920
   4.310   (  -3.643   -4.090   -5.963)    8.097
   4.698   (   3.563    3.845   -3.177)    6.130
   4.715   (   3.010    3.335   -4.430)    6.309
   4.794   (  -1.038   -1.846   -3.066)    3.726
   4.829   (  -3.559   -4.701   -4.697)    7.538
======================= Grid point 562 (192/512) =======================
q-point: ( 0.47  0.47  0.13)
Mass variance parameters: 4.63e-04 4.63e-04 4.63e-04 4.63e-04 3.34e-04 3.34e-04 3.34e-04 3.34e-04 
Number of triplets: 1688
Frequency     group velocity (x, y, z)     |gv|
   1.444   (   0.646    2.961   -1.511)    3.386
   1.448   (  -0.505    2.820   -1.292)    3.142
   1.479   (   0.655   -1.341   -1.317)    1.990
   1.483   (  -0.591   -1.360   -1.336)    1.996
   1.901   (   2.297    4.443   -2.423)    5.558
   1.913   (  -2.083    3.994   -2.479)    5.142
   1.961   (   1.004   -2.962   -1.910)    3.665
   1.967   (  -0.955   -2.594   -1.932)    3.373
   2.796   (   3.511    5.659   -7.079)    9.720
   2.813   (  -2.130    5.527   -7.448)    9.516
   2.855   (   2.302   -1.009   -7.480)    7.891
   2.873   (  -3.632   -1.243   -7.805)    8.698
   3.946   (   0.687    5.867   -7.014)    9.170
   3.950   (  -0.808    6.049   -7.084)    9.350
   4.006   (   1.012   -1.049   -4.993)    5.201
   4.012   (  -1.343   -1.135   -4.777)    5.090
   4.209   (   2.698    3.144   -5.450)    6.845
   4.225   (  -2.683    3.371   -5.707)    7.151
   4.270   (   3.058   -3.762   -4.836)    6.848
   4.289   (  -3.502   -3.975   -5.407)    7.570
   4.716   (   2.554    4.601   -2.915)    6.015
   4.724   (  -0.063    4.801   -3.277)    5.813
   4.794   (   1.472   -4.087   -4.370)    6.162
   4.809   (  -3.279   -4.687   -4.854)    7.501
======================= Grid point 675 (193/512) =======================
q-point: ( 0.00  0.00  0.20)
Mass variance parameters: 4.63e-04 4.63e-04 4.63e-04 4.63e-04 3.34e-04 3.34e-04 3.34e-04 3.34e-04 
Number of triplets: 512
Frequency     group velocity (x, y, z)     |gv|
   0.647   (   0.000    0.000   13.504)   13.504
   1.000   (   0.000    0.000   16.971)   16.971
   1.125   (   0.000    0.000   15.953)   15.953
   1.349   (   0.000    0.000    2.834)    2.834
   1.369   (   0.000    0.000   12.982)   12.982
   1.425   (   0.000    0.000   18.736)   18.736
   1.499   (   0.000    0.000    6.054)    6.054
   1.735   (   0.000    0.000    5.963)    5.963
   2.006   (   0.000    0.000    5.721)    5.721
   2.162   (   0.000    0.000   15.863)   15.863
   2.266   (   0.000    0.000    3.951)    3.951
   2.382   (   0.000    0.000   14.991)   14.991
   3.529   (   0.000    0.000    6.576)    6.576
   3.664   (   0.000    0.000    5.345)    5.345
   3.833   (   0.000    0.000    5.056)    5.056
   3.928   (   0.000    0.000    1.847)    1.847
   3.969   (   0.000    0.000    3.607)    3.607
   4.045   (   0.000    0.000   16.236)   16.236
   4.047   (   0.000    0.000    4.377)    4.377
   4.131   (   0.000    0.000   15.871)   15.871
   4.443   (   0.000    0.000    1.202)    1.202
   4.548   (   0.000    0.000    3.048)    3.048
   4.630   (   0.000    0.000    3.302)    3.302
   5.312   (   0.000    0.000    2.044)    2.044
======================= Grid point 676 (194/512) =======================
q-point: ( 0.07  0.00  0.20)
Mass variance parameters: 4.63e-04 4.63e-04 4.63e-04 4.63e-04 3.34e-04 3.34e-04 3.34e-04 3.34e-04 
Number of triplets: 904
Frequency     group velocity (x, y, z)     |gv|
   0.662   (   4.865    0.000   13.150)   14.021
   1.003   (   1.078    0.000   16.908)   16.943
   1.130   (   1.833    0.000   15.702)   15.808
   1.339   (  -3.151    0.000    4.597)    5.574
   1.359   (  -3.047    0.000   12.797)   13.155
   1.432   (   2.178    0.000   16.890)   17.029
   1.507   (   2.600    0.000    6.273)    6.791
   1.733   (  -0.514    0.000    5.971)    5.993
   2.006   (   0.029    0.000    5.876)    5.876
   2.163   (   0.205    0.000   15.725)   15.726
   2.263   (  -0.992    0.000    4.165)    4.281
   2.377   (  -1.492    0.000   14.964)   15.038
   3.530   (   0.367    0.000    6.568)    6.578
   3.662   (  -0.862    0.000    5.378)    5.446
   3.836   (   0.869    0.000    5.020)    5.095
   3.928   (  -0.287    0.000    1.989)    2.010
   3.968   (  -0.363    0.000    3.617)    3.635
   4.030   (  -2.957    0.000    9.767)   10.205
   4.059   (   2.000    0.000   10.895)   11.078
   4.131   (  -0.224    0.000   15.645)   15.647
   4.444   (   0.386    0.000    1.009)    1.080
   4.561   (   4.361    0.000    3.355)    5.502
   4.628   (  -0.542    0.000    3.194)    3.240
   5.306   (  -2.288    0.000    2.077)    3.090
======================= Grid point 677 (195/512) =======================
q-point: ( 0.13  0.00  0.20)
Mass variance parameters: 4.63e-04 4.63e-04 4.63e-04 4.63e-04 3.34e-04 3.34e-04 3.34e-04 3.34e-04 
Number of triplets: 904
Frequency     group velocity (x, y, z)     |gv|
   0.702   (   8.697    0.000   12.269)   15.039
   1.012   (   2.116    0.000   16.725)   16.859
   1.145   (   3.330    0.000   14.911)   15.278
   1.317   (  -4.323    0.000    6.968)    8.200
   1.336   (  -4.769    0.000   12.596)   13.469
   1.446   (   2.459    0.000   14.316)   14.525
   1.526   (   3.890    0.000    6.576)    7.640
   1.729   (  -1.022    0.000    5.995)    6.082
   2.007   (   0.178    0.000    6.335)    6.338
   2.164   (   0.272    0.000   15.275)   15.277
   2.255   (  -1.874    0.000    4.877)    5.225
   2.365   (  -2.752    0.000   14.848)   15.101
   3.533   (   0.727    0.000    6.545)    6.585
   3.655   (  -1.561    0.000    5.466)    5.684
   3.843   (   1.575    0.000    4.925)    5.170
   3.925   (  -0.464    0.000    2.391)    2.436
   3.965   (  -0.720    0.000    3.647)    3.717
   4.012   (  -3.107    0.000    8.930)    9.455
   4.069   (   1.498    0.000   11.792)   11.887
   4.129   (  -0.467    0.000   15.089)   15.097
   4.448   (   1.182    0.000    0.680)    1.363
   4.595   (   7.027    0.000    4.294)    8.235
   4.625   (  -0.333    0.000    2.594)    2.615
   5.286   (  -4.516    0.000    2.175)    5.012
======================= Grid point 678 (196/512) =======================
q-point: ( 0.20  0.00  0.20)
Mass variance parameters: 4.63e-04 4.63e-04 4.63e-04 4.63e-04 3.34e-04 3.34e-04 3.34e-04 3.34e-04 
Number of triplets: 904
Frequency     group velocity (x, y, z)     |gv|
   0.759   (  11.016    0.000   11.249)   15.745
   1.027   (   3.075    0.000   16.435)   16.720
   1.166   (   3.599    0.000   13.412)   13.886
   1.293   (  -3.751    0.000    8.831)    9.595
   1.306   (  -5.591    0.000   12.626)   13.808
   1.458   (   1.699    0.000   12.351)   12.467
   1.550   (   4.307    0.000    6.713)    7.975
   1.722   (  -1.517    0.000    6.036)    6.223
   2.009   (   0.551    0.000    7.072)    7.093
   2.165   (  -0.095    0.000   14.347)   14.347
   2.242   (  -2.338    0.000    6.324)    6.743
   2.346   (  -3.592    0.000   14.567)   15.004
   3.538   (   1.073    0.000    6.506)    6.593
   3.644   (  -2.034    0.000    5.585)    5.944
   3.854   (   2.052    0.000    4.792)    5.213
   3.923   (  -0.446    0.000    2.983)    3.016
   3.960   (  -1.063    0.000    3.696)    3.846
   3.995   (  -3.024    0.000    8.264)    8.800
   4.077   (   1.151    0.000   12.386)   12.439
   4.125   (  -0.694    0.000   14.438)   14.455
   4.457   (   2.071    0.000    0.507)    2.133
   4.611   (  -1.274    0.000    3.865)    4.070
   4.654   (   9.888    0.000    3.192)   10.390
   5.254   (  -6.623    0.000    2.332)    7.022
======================= Grid point 679 (197/512) =======================
q-point: ( 0.27  0.00  0.20)
Mass variance parameters: 4.63e-04 4.63e-04 4.63e-04 4.63e-04 3.34e-04 3.34e-04 3.34e-04 3.34e-04 
Number of triplets: 904
Frequency     group velocity (x, y, z)     |gv|
   0.826   (  11.915    0.000   10.410)   15.822
   1.047   (   3.926    0.000   16.055)   16.528
   1.179   (   0.085    0.000   11.029)   11.029
   1.272   (  -5.983    0.000   12.848)   14.173
   1.281   (   0.424    0.000   10.704)   10.712
   1.464   (   0.312    0.000   10.799)   10.804
   1.575   (   4.336    0.000    6.719)    7.996
   1.711   (  -1.994    0.000    6.092)    6.410
   2.014   (   1.221    0.000    8.019)    8.112
   2.161   (  -1.516    0.000   12.673)   12.764
   2.230   (  -1.644    0.000    8.783)    8.936
   2.324   (  -3.938    0.000   14.088)   14.628
   3.546   (   1.396    0.000    6.452)    6.601
   3.632   (  -2.304    0.000    5.718)    6.165
   3.866   (   2.324    0.000    4.643)    5.192
   3.921   (  -0.210    0.000    3.669)    3.675
   3.953   (  -1.387    0.000    3.764)    4.011
   3.978   (  -2.802    0.000    7.678)    8.174
   4.083   (   0.966    0.000   12.720)   12.757
   4.121   (  -0.859    0.000   13.867)   13.893
   4.472   (   2.783    0.000    0.552)    2.837
   4.600   (  -2.258    0.000    3.197)    3.914
   4.718   (  12.028    0.000    3.768)   12.605
   5.210   (  -8.551    0.000    2.541)    8.921
======================= Grid point 680 (198/512) =======================
q-point: ( 0.33  0.00  0.20)
Mass variance parameters: 4.63e-04 4.63e-04 4.63e-04 4.63e-04 3.34e-04 3.34e-04 3.34e-04 3.34e-04 
Number of triplets: 904
Frequency     group velocity (x, y, z)     |gv|
   0.895   (  11.783    0.000    9.885)   15.380
   1.072   (   4.649    0.000   15.610)   16.287
   1.164   (  -5.114    0.000    9.565)   10.847
   1.237   (  -6.140    0.000   13.197)   14.556
   1.300   (   5.711    0.000   11.158)   12.535
   1.461   (  -1.545    0.000    9.592)    9.716
   1.600   (   4.185    0.000    6.654)    7.861
   1.698   (  -2.448    0.000    6.163)    6.631
   2.023   (   2.188    0.000    9.046)    9.307
   2.146   (  -3.755    0.000   11.040)   11.661
   2.226   (   0.206    0.000   11.306)   11.308
   2.301   (  -3.882    0.000   13.521)   14.068
   3.555   (   1.690    0.000    6.383)    6.603
   3.618   (  -2.416    0.000    5.851)    6.330
   3.880   (   2.435    0.000    4.490)    5.108
   3.921   (   0.204    0.000    4.363)    4.368
   3.944   (  -1.684    0.000    3.850)    4.202
   3.962   (  -2.506    0.000    7.146)    7.572
   4.088   (   0.897    0.000   12.868)   12.899
   4.116   (  -0.949    0.000   13.442)   13.476
   4.489   (   3.249    0.000    0.771)    3.339
   4.585   (  -2.763    0.000    2.770)    3.912
   4.791   (  13.063    0.000    3.868)   13.624
   5.155   ( -10.241    0.000    2.790)   10.614
======================= Grid point 681 (199/512) =======================
q-point: ( 0.40  0.00  0.20)
Mass variance parameters: 4.63e-04 4.63e-04 4.63e-04 4.63e-04 3.34e-04 3.34e-04 3.34e-04 3.34e-04 
Number of triplets: 904
Frequency     group velocity (x, y, z)     |gv|
   0.962   (  11.058    0.000    9.632)   14.665
   1.101   (   5.233    0.000   15.121)   16.001
   1.126   (  -7.554    0.000    9.403)   12.061
   1.202   (  -6.129    0.000   13.628)   14.942
   1.339   (   7.391    0.000   10.172)   12.573
   1.446   (  -3.651    0.000    8.836)    9.560
   1.623   (   3.936    0.000    6.558)    7.649
   1.683   (  -2.874    0.000    6.248)    6.878
   2.039   (   3.338    0.000    9.952)   10.497
   2.120   (  -5.045    0.000   10.637)   11.773
   2.231   (   1.668    0.000   12.425)   12.536
   2.280   (  -3.584    0.000   13.063)   13.546
   3.565   (   1.948    0.000    6.301)    6.595
   3.604   (  -2.412    0.000    5.979)    6.447
   3.894   (   2.428    0.000    4.341)    4.974
   3.923   (   0.715    0.000    5.011)    5.062
   3.933   (  -1.947    0.000    3.952)    4.405
   3.949   (  -2.150    0.000    6.641)    6.981
   4.094   (   0.897    0.000   12.917)   12.948
   4.110   (  -0.976    0.000   13.168)   13.204
   4.509   (   3.484    0.000    1.104)    3.655
   4.568   (  -3.141    0.000    2.352)    3.924
   4.868   (  13.453    0.000    3.781)   13.975
   5.092   ( -11.634    0.000    3.062)   12.030
======================= Grid point 682 (200/512) =======================
q-point: ( 0.47  0.00  0.20)
Mass variance parameters: 4.63e-04 4.63e-04 4.63e-04 4.63e-04 3.34e-04 3.34e-04 3.34e-04 3.34e-04 
Number of triplets: 904
Frequency     group velocity (x, y, z)     |gv|
   1.023   (  10.067    0.000    9.530)   13.862
   1.078   (  -8.943    0.000    9.464)   13.021
   1.133   (   5.674    0.000   14.613)   15.676
   1.166   (  -5.972    0.000   14.108)   15.320
   1.382   (   7.062    0.000    9.174)   11.578
   1.419   (  -5.643    0.000    8.679)   10.353
   1.645   (   3.625    0.000    6.451)    7.400
   1.665   (  -3.268    0.000    6.345)    7.138
   2.062   (   4.427    0.000   10.535)   11.428
   2.090   (  -5.125    0.000   10.704)   11.868
   2.244   (   2.546    0.000   12.701)   12.954
   2.260   (  -3.141    0.000   12.816)   13.195
   3.577   (   2.161    0.000    6.205)    6.571
   3.590   (  -2.320    0.000    6.097)    6.524
   3.908   (   2.331    0.000    4.199)    4.803
   3.921   (  -2.166    0.000    4.069)    4.610
   3.929   (   1.242    0.000    5.600)    5.736
   3.937   (  -1.729    0.000    6.135)    6.374
   4.099   (   0.927    0.000   12.947)   12.980
   4.104   (  -0.961    0.000   13.015)   13.050
   4.529   (   3.524    0.000    1.500)    3.830
   4.549   (  -3.401    0.000    1.925)    3.908
   4.946   (  13.300    0.000    3.588)   13.776
   5.021   ( -12.673    0.000    3.337)   13.105
======================= Grid point 690 (201/512) =======================
q-point: ( 0.00  0.07  0.20)
Mass variance parameters: 4.63e-04 4.63e-04 4.63e-04 4.63e-04 3.34e-04 3.34e-04 3.34e-04 3.34e-04 
Number of triplets: 904
Frequency     group velocity (x, y, z)     |gv|
   0.695   (   0.000    5.642   12.049)   13.304
   0.882   (   0.000   -8.519   20.302)   22.017
   1.129   (   0.000   -3.297   10.560)   11.063
   1.363   (   0.000    1.705    1.727)    2.427
   1.403   (   0.000    6.456   12.366)   13.950
   1.514   (   0.000    1.907    5.730)    6.039
   1.536   (   0.000    9.659   14.245)   17.211
   1.731   (   0.000   -0.079    6.176)    6.176
   2.014   (   0.000    1.254    6.169)    6.295
   2.197   (   0.000    3.987   13.454)   14.032
   2.306   (   0.000    4.817    4.844)    6.831
   2.406   (   0.000    2.972   13.427)   13.752
   3.514   (   0.000   -1.758    5.719)    5.984
   3.626   (   0.000   -4.066    5.512)    6.849
   3.816   (   0.000   -1.735    3.940)    4.305
   3.943   (   0.000   -1.036    1.429)    1.765
   3.948   (   0.000    0.737    3.996)    4.064
   4.078   (   0.000    2.993    4.139)    5.108
   4.102   (   0.000    6.141   13.609)   14.930
   4.162   (   0.000    3.639   14.645)   15.090
   4.444   (   0.000    0.160    1.308)    1.318
   4.542   (   0.000   -0.629    2.888)    2.956
   4.634   (   0.000    0.621    3.566)    3.620
   5.295   (   0.000   -2.076    1.514)    2.569
======================= Grid point 691 (202/512) =======================
q-point: ( 0.07  0.07  0.20)
Mass variance parameters: 4.63e-04 4.63e-04 4.63e-04 4.63e-04 3.34e-04 3.34e-04 3.34e-04 3.34e-04 
Number of triplets: 1688
Frequency     group velocity (x, y, z)     |gv|
   0.707   (   4.278    5.434   11.821)   13.695
   0.886   (   1.687   -8.420   20.042)   21.804
   1.128   (  -0.278   -3.597   10.636)   11.231
   1.360   (  -0.991    1.973    1.944)    2.942
   1.398   (  -1.470    6.541   11.966)   13.716
   1.517   (   0.752    3.472    7.704)    8.484
   1.541   (   1.707    7.914   12.214)   14.654
   1.729   (  -0.552   -0.092    6.191)    6.217
   2.015   (   0.310    1.351    6.308)    6.458
   2.198   (   0.278    4.011   13.388)   13.978
   2.303   (  -1.122    4.781    5.014)    7.019
   2.402   (  -1.430    2.992   13.387)   13.791
   3.515   (   0.338   -1.768    5.718)    5.994
   3.624   (  -0.617   -4.002    5.514)    6.841
   3.818   (   0.506   -1.807    3.947)    4.370
   3.942   (  -0.326   -1.548    1.874)    2.453
   3.947   (  -0.230    1.288    3.680)    3.905
   4.070   (  -2.302    3.490    5.256)    6.716
   4.107   (   1.355    5.626   12.584)   13.851
   4.161   (  -0.183    3.632   14.387)   14.840
   4.445   (   0.452    0.186    1.138)    1.239
   4.555   (   4.352   -0.643    3.133)    5.401
   4.633   (  -0.621    0.604    3.493)    3.599
   5.289   (  -2.255   -2.064    1.547)    3.426
======================= Grid point 692 (203/512) =======================
q-point: ( 0.13  0.07  0.20)
Mass variance parameters: 4.63e-04 4.63e-04 4.63e-04 4.63e-04 3.34e-04 3.34e-04 3.34e-04 3.34e-04 
Number of triplets: 1688
Frequency     group velocity (x, y, z)     |gv|
   0.742   (   7.526    4.782   11.350)   14.433
   0.901   (   3.425   -8.041   19.198)   21.094
   1.125   (  -0.825   -4.379   10.880)   11.757
   1.351   (  -2.124    2.268    2.411)    3.933
   1.388   (  -1.659    7.258   11.316)   13.545
   1.522   (   1.126    5.627   10.118)   11.633
   1.554   (   2.754    5.155    9.254)   10.945
   1.725   (  -1.077   -0.127    6.239)    6.333
   2.018   (   0.714    1.635    6.720)    6.952
   2.201   (   0.474    4.103   13.173)   13.805
   2.293   (  -2.193    4.656    5.566)    7.580
   2.390   (  -2.629    3.050   13.234)   13.833
   3.518   (   0.666   -1.796    5.713)    6.026
   3.619   (  -1.146   -3.827    5.521)    6.815
   3.822   (   0.944   -1.997    3.971)    4.544
   3.938   (  -0.969   -2.219    3.052)    3.896
   3.946   (  -0.030    2.067    2.863)    3.531
   4.055   (  -2.831    3.773    5.725)    7.418
   4.114   (   1.219    5.276   12.283)   13.423
   4.160   (  -0.356    3.634   13.760)   14.236
   4.450   (   1.264    0.243    0.854)    1.545
   4.591   (   7.626   -0.618    3.756)    8.523
   4.627   (  -1.079    0.494    3.144)    3.361
   5.269   (  -4.450   -2.027    1.648)    5.160
======================= Grid point 693 (204/512) =======================
q-point: ( 0.20  0.07  0.20)
Mass variance parameters: 4.63e-04 4.63e-04 4.63e-04 4.63e-04 3.34e-04 3.34e-04 3.34e-04 3.34e-04 
Number of triplets: 1688
Frequency     group velocity (x, y, z)     |gv|
   0.791   (   9.104    3.523   11.176)   14.839
   0.926   (   5.276   -7.121   17.564)   19.673
   1.118   (  -1.723   -5.284   11.317)   12.608
   1.334   (  -3.921    2.356    3.497)    5.758
   1.383   (   0.071    8.373   10.215)   13.208
   1.528   (   0.786    6.644   10.630)   12.561
   1.572   (   3.291    3.249    7.560)    8.863
   1.717   (  -1.546   -0.164    6.317)    6.506
   2.024   (   1.292    2.079    7.386)    7.781
   2.203   (   0.358    4.327   12.727)   13.447
   2.278   (  -2.969    4.370    6.624)    8.473
   2.372   (  -3.417    3.143   12.905)   13.715
   3.522   (   0.975   -1.845    5.704)    6.074
   3.611   (  -1.541   -3.579    5.532)    6.767
   3.829   (   1.291   -2.241    4.014)    4.775
   3.931   (  -1.531   -2.310    3.736)    4.651
   3.947   (   0.278    2.314    2.697)    3.565
   4.038   (  -2.856    3.817    5.660)    7.401
   4.121   (   0.947    5.093   12.396)   13.435
   4.157   (  -0.502    3.682   13.056)   13.574
   4.460   (   2.139    0.297    0.716)    2.275
   4.617   (  -1.434    0.749    3.952)    4.270
   4.645   (   9.860   -0.994    3.043)   10.367
   5.238   (  -6.528   -1.968    1.810)    7.054
======================= Grid point 694 (205/512) =======================
q-point: ( 0.27  0.07  0.20)
Mass variance parameters: 4.63e-04 4.63e-04 4.63e-04 4.63e-04 3.34e-04 3.34e-04 3.34e-04 3.34e-04 
Number of triplets: 1688
Frequency     group velocity (x, y, z)     |gv|
   0.844   (   8.980    1.407   11.821)   14.911
   0.962   (   7.060   -5.372   14.969)   17.400
   1.105   (  -2.662   -5.828   11.905)   13.520
   1.306   (  -5.459    2.618    4.690)    7.658
   1.390   (   2.215    8.859    8.996)   12.818
   1.530   (  -0.195    6.834    9.845)   11.986
   1.591   (   3.501    2.157    6.853)    7.993
   1.707   (  -1.929   -0.171    6.413)    6.699
   2.033   (   2.090    2.637    8.244)    8.905
   2.203   (  -0.890    4.804   11.770)   12.744
   2.261   (  -2.504    3.803    8.423)    9.575
   2.351   (  -3.750    3.255   12.407)   13.364
   3.529   (   1.256   -1.917    5.691)    6.135
   3.601   (  -1.798   -3.298    5.546)    6.699
   3.837   (   1.563   -2.469    4.080)    5.019
   3.921   (  -1.922   -2.373    4.054)    5.076
   3.950   (   0.625    2.545    2.962)    3.955
   4.022   (  -2.698    3.755    5.421)    7.125
   4.126   (   0.776    4.942   12.465)   13.431
   4.154   (  -0.611    3.787   12.491)   13.067
   4.474   (   2.834    0.338    0.776)    2.958
   4.605   (  -2.354    0.639    3.280)    4.088
   4.709   (  11.905   -1.032    3.554)   12.467
   5.194   (  -8.428   -1.887    2.026)    8.871
======================= Grid point 695 (206/512) =======================
q-point: ( 0.33  0.07  0.20)
Mass variance parameters: 4.63e-04 4.63e-04 4.63e-04 4.63e-04 3.34e-04 3.34e-04 3.34e-04 3.34e-04 
Number of triplets: 1688
Frequency     group velocity (x, y, z)     |gv|
   0.893   (   7.963   -1.234   13.004)   15.298
   1.005   (   7.182   -3.533   12.111)   14.517
   1.089   (  -2.339   -5.352   12.372)   13.682
   1.271   (  -6.563    2.773    5.514)    9.010
   1.408   (   3.889    8.697    8.098)   12.504
   1.525   (  -1.592    6.746    8.668)   11.099
   1.612   (   3.474    1.507    6.586)    7.597
   1.695   (  -2.223   -0.106    6.496)    6.867
   2.048   (   3.089    3.244    9.170)   10.205
   2.189   (  -3.803    5.208   10.557)   12.370
   2.253   (  -0.034    3.281   10.504)   11.005
   2.329   (  -3.738    3.353   11.887)   12.904
   3.537   (   1.501   -2.017    5.673)    6.205
   3.590   (  -1.936   -3.015    5.563)    6.617
   3.847   (   1.795   -2.632    4.165)    5.244
   3.909   (  -2.172   -2.469    4.235)    5.362
   3.954   (   1.006    2.789    3.343)    4.468
   4.007   (  -2.478    3.640    5.118)    6.752
   4.130   (   0.705    4.787   12.406)   13.317
   4.150   (  -0.680    3.936   12.140)   12.780
   4.492   (   3.294    0.372    0.993)    3.460
   4.590   (  -2.837    0.581    2.890)    4.091
   4.781   (  12.897   -1.142    3.562)   13.429
   5.140   ( -10.094   -1.787    2.287)   10.503
======================= Grid point 696 (207/512) =======================
q-point: ( 0.40  0.07  0.20)
Mass variance parameters: 4.63e-04 4.63e-04 4.63e-04 4.63e-04 3.34e-04 3.34e-04 3.34e-04 3.34e-04 
Number of triplets: 1688
Frequency     group velocity (x, y, z)     |gv|
   0.937   (   7.015   -3.440   13.792)   15.851
   1.029   (  -0.629   -4.985   12.040)   13.046
   1.093   (   5.072   -1.493   10.610)   11.854
   1.231   (  -7.490    2.664    6.201)   10.082
   1.433   (   4.860    8.135    7.445)   12.050
   1.512   (  -3.101    6.733    7.670)   10.666
   1.631   (   3.286    1.043    6.490)    7.348
   1.681   (  -2.468    0.061    6.528)    6.980
   2.069   (   4.179    3.830    9.978)   11.475
   2.161   (  -5.513    5.072   10.410)   12.825
   2.259   (   1.768    3.259   11.289)   11.882
   2.308   (  -3.523    3.406   11.523)   12.521
   3.546   (   1.702   -2.147    5.651)    6.280
   3.579   (  -1.981   -2.749    5.582)    6.530
   3.858   (   2.001   -2.710    4.255)    5.427
   3.896   (  -2.286   -2.570    4.332)    5.532
   3.961   (   1.376    3.006    3.735)    4.988
   3.993   (  -2.242    3.500    4.793)    6.344
   4.134   (   0.694    4.625   12.263)   13.125
   4.146   (  -0.714    4.106   11.990)   12.694
   4.512   (   3.532    0.406    1.313)    3.789
   4.572   (  -3.208    0.531    2.499)    4.101
   4.857   (  13.272   -1.272    3.409)   13.761
   5.078   ( -11.468   -1.671    2.577)   11.872
======================= Grid point 697 (208/512) =======================
q-point: ( 0.47  0.07  0.20)
Mass variance parameters: 4.63e-04 4.63e-04 4.63e-04 4.63e-04 3.34e-04 3.34e-04 3.34e-04 3.34e-04 
Number of triplets: 1688
Frequency     group velocity (x, y, z)     |gv|
   0.975   (   6.245   -4.867   13.876)   15.976
   1.008   (  -5.108   -5.622   13.379)   15.384
   1.136   (   8.486    1.163    8.201)   11.858
   1.185   (  -8.267    2.194    6.990)   11.046
   1.462   (   5.004    7.475    7.078)   11.446
   1.490   (  -4.352    6.967    7.123)   10.873
   1.650   (   3.013    0.658    6.477)    7.174
   1.666   (  -2.726    0.325    6.508)    7.063
   2.096   (   5.153    4.338   10.485)   12.462
   2.128   (  -5.728    4.750   10.593)   12.946
   2.272   (   2.642    3.346   11.372)   12.145
   2.289   (  -3.168    3.402   11.376)   12.289
   3.557   (   1.854   -2.312    5.627)    6.359
   3.568   (  -1.949   -2.513    5.604)    6.443
   3.870   (   2.172   -2.711    4.327)    5.549
   3.883   (  -2.278   -2.657    4.359)    5.590
   3.970   (   1.706    3.190    4.107)    5.473
   3.981   (  -1.990    3.350    4.457)    5.920
   4.138   (   0.708    4.456   12.105)   12.919
   4.142   (  -0.720    4.282   11.996)   12.757
   4.533   (   3.578    0.443    1.691)    3.982
   4.553   (  -3.462    0.485    2.095)    4.075
   4.934   (  13.115   -1.408    3.166)   13.565
   5.008   ( -12.494   -1.543    2.878)   12.914
======================= Grid point 705 (209/512) =======================
q-point: ( 0.00  0.13  0.20)
Mass variance parameters: 4.63e-04 4.63e-04 4.63e-04 4.63e-04 3.34e-04 3.34e-04 3.34e-04 3.34e-04 
Number of triplets: 904
Frequency     group velocity (x, y, z)     |gv|
   0.807   (   0.000    0.247   15.611)   15.613
   0.813   (   0.000    8.646    9.198)   12.624
   1.081   (   0.000   -1.050    6.680)    6.762
   1.403   (   0.000    3.222   -0.991)    3.371
   1.498   (   0.000    4.448    5.033)    6.717
   1.557   (   0.000    3.313    5.118)    6.097
   1.687   (   0.000    7.877    8.323)   11.459
   1.749   (   0.000    2.755    4.547)    5.316
   2.063   (   0.000    5.565    8.146)    9.866
   2.273   (   0.000    4.974    8.537)    9.880
   2.407   (   0.000    7.306    5.962)    9.430
   2.472   (   0.000    5.168    9.150)   10.509
   3.481   (   0.000   -2.024    3.336)    3.903
   3.559   (   0.000   -3.748    4.082)    5.541
   3.788   (   0.000   -1.621    2.279)    2.797
   3.914   (   0.000   -1.419    2.213)    2.629
   3.980   (   0.000    2.141    1.797)    2.795
   4.127   (   0.000    2.970    3.401)    4.515
   4.208   (   0.000    6.136    7.654)    9.810
   4.240   (   0.000    5.921   11.438)   12.880
   4.449   (   0.000    0.574    1.798)    1.888
   4.528   (   0.000   -1.153    2.294)    2.567
   4.652   (   0.000    1.725    4.391)    4.718
   5.247   (   0.000   -3.880   -0.010)    3.880
======================= Grid point 706 (210/512) =======================
q-point: ( 0.07  0.13  0.20)
Mass variance parameters: 4.63e-04 4.63e-04 4.63e-04 4.63e-04 3.34e-04 3.34e-04 3.34e-04 3.34e-04 
Number of triplets: 1688
Frequency     group velocity (x, y, z)     |gv|
   0.806   (   0.439    2.330   14.146)   14.343
   0.829   (   4.618    6.352   10.283)   12.938
   1.078   (  -0.857   -1.060    6.793)    6.928
   1.401   (  -0.984    3.120   -0.818)    3.373
   1.496   (  -0.573    4.729    4.915)    6.844
   1.562   (   1.883    3.175    5.035)    6.243
   1.685   (  -0.437    7.744    8.172)   11.266
   1.747   (  -0.648    2.736    4.566)    5.362
   2.066   (   0.968    5.678    8.231)   10.046
   2.274   (   0.430    4.996    8.520)    9.886
   2.404   (  -1.224    7.320    6.072)    9.589
   2.469   (  -1.343    5.173    9.113)   10.564
   3.482   (   0.284   -2.033    3.347)    3.926
   3.558   (  -0.330   -3.708    4.074)    5.519
   3.789   (   0.280   -1.640    2.304)    2.842
   3.912   (  -0.594   -1.439    2.285)    2.765
   3.981   (   0.224    2.193    1.793)    2.841
   4.123   (  -1.458    3.063    3.448)    4.837
   4.209   (   0.485    6.028    7.662)    9.761
   4.239   (  -0.398    5.871   11.276)   12.719
   4.451   (   0.645    0.624    1.695)    1.918
   4.540   (   4.160   -1.213    2.395)    4.951
   4.650   (  -0.666    1.731    4.380)    4.757
   5.241   (  -2.150   -3.854    0.025)    4.413
======================= Grid point 707 (211/512) =======================
q-point: ( 0.13  0.13  0.20)
Mass variance parameters: 4.63e-04 4.63e-04 4.63e-04 4.63e-04 3.34e-04 3.34e-04 3.34e-04 3.34e-04 
Number of triplets: 1688
Frequency     group velocity (x, y, z)     |gv|
   0.813   (   1.917    2.022   14.090)   14.362
   0.864   (   7.476    6.073    9.267)   13.366
   1.071   (  -1.665   -1.070    7.132)    7.401
   1.391   (  -2.262    2.900   -0.268)    3.688
   1.494   (   0.082    5.319    4.482)    6.956
   1.576   (   2.731    2.909    4.838)    6.271
   1.681   (  -0.875    7.377    7.740)   10.728
   1.741   (  -1.251    2.676    4.629)    5.492
   2.074   (   1.943    5.995    8.470)   10.557
   2.278   (   0.859    5.070    8.471)    9.909
   2.393   (  -2.494    7.353    6.420)   10.075
   2.457   (  -2.461    5.185    8.975)   10.653
   3.484   (   0.556   -2.060    3.377)    3.995
   3.555   (  -0.630   -3.597    4.050)    5.453
   3.791   (   0.576   -1.691    2.376)    2.973
   3.907   (  -1.178   -1.490    2.470)    3.116
   3.983   (   0.507    2.331    1.802)    2.989
   4.111   (  -2.352    3.235    3.505)    5.318
   4.213   (   0.630    5.819    7.732)    9.698
   4.236   (  -0.617    5.753   10.872)   12.316
   4.457   (   1.497    0.728    1.538)    2.267
   4.574   (   7.389   -1.402    2.469)    7.916
   4.645   (  -1.254    1.773    4.393)    4.901
   5.223   (  -4.243   -3.775    0.129)    5.680
======================= Grid point 708 (212/512) =======================
q-point: ( 0.20  0.13  0.20)
Mass variance parameters: 4.63e-04 4.63e-04 4.63e-04 4.63e-04 3.34e-04 3.34e-04 3.34e-04 3.34e-04 
Number of triplets: 1688
Frequency     group velocity (x, y, z)     |gv|
   0.827   (   3.030    1.597   13.799)   14.218
   0.914   (   9.385    5.633    7.957)   13.532
   1.059   (  -2.244   -1.015    7.702)    8.086
   1.374   (  -3.690    2.751    0.541)    4.634
   1.498   (   1.354    5.848    3.819)    7.114
   1.593   (   2.867    2.674    4.561)    6.014
   1.675   (  -1.294    6.850    7.098)    9.949
   1.733   (  -1.752    2.569    4.758)    5.684
   2.088   (   2.926    6.455    8.819)   11.314
   2.284   (   1.265    5.222    8.397)    9.969
   2.375   (  -3.787    7.366    7.021)   10.858
   2.441   (  -3.193    5.200    8.699)   10.626
   3.488   (   0.804   -2.106    3.423)    4.098
   3.551   (  -0.882   -3.430    4.011)    5.351
   3.796   (   0.898   -1.756    2.488)    3.175
   3.899   (  -1.706   -1.557    2.694)    3.549
   3.987   (   0.852    2.520    1.860)    3.246
   4.096   (  -2.709    3.368    3.481)    5.550
   4.216   (   0.529    5.641    7.882)    9.707
   4.232   (  -0.641    5.616   10.382)   11.821
   4.468   (   2.327    0.825    1.490)    2.884
   4.621   (   6.837   -1.657    1.688)    7.235
   4.639   (   1.041    1.805    5.060)    5.472
   5.192   (  -6.223   -3.646    0.299)    7.218
======================= Grid point 709 (213/512) =======================
q-point: ( 0.27  0.13  0.20)
Mass variance parameters: 4.63e-04 4.63e-04 4.63e-04 4.63e-04 3.34e-04 3.34e-04 3.34e-04 3.34e-04 
Number of triplets: 1688
Frequency     group velocity (x, y, z)     |gv|
   0.847   (   3.873    1.202   13.258)   13.864
   0.969   (   8.906    4.686    6.563)   12.014
   1.047   (  -1.340   -0.525    8.485)    8.607
   1.349   (  -5.025    2.757    1.358)    5.890
   1.509   (   2.561    6.150    3.200)    7.391
   1.608   (   2.429    2.620    4.150)    5.476
   1.667   (  -1.539    6.178    6.418)    9.041
   1.721   (  -2.081    2.414    4.960)    5.896
   2.108   (   3.898    6.978    9.211)   12.195
   2.292   (   1.489    5.586    8.329)   10.138
   2.350   (  -4.811    7.202    7.769)   11.635
   2.421   (  -3.537    5.210    8.332)   10.444
   3.494   (   1.018   -2.171    3.479)    4.226
   3.545   (  -1.080   -3.233    3.956)    5.222
   3.802   (   1.249   -1.813    2.629)    3.429
   3.888   (  -2.120   -1.627    2.893)    3.938
   3.993   (   1.221    2.728    1.983)    3.587
   4.081   (  -2.760    3.440    3.373)    5.553
   4.219   (   0.358    5.522    8.076)    9.790
   4.229   (  -0.546    5.488    9.907)   11.339
   4.484   (   2.982    0.901    1.575)    3.491
   4.620   (  -2.370    1.151    3.285)    4.211
   4.689   (  11.259   -1.294    3.124)   11.756
   5.151   (  -8.034   -3.470    0.532)    8.768
======================= Grid point 710 (214/512) =======================
q-point: ( 0.33  0.13  0.20)
Mass variance parameters: 4.63e-04 4.63e-04 4.63e-04 4.63e-04 3.34e-04 3.34e-04 3.34e-04 3.34e-04 
Number of triplets: 1688
Frequency     group velocity (x, y, z)     |gv|
   0.872   (   4.474    0.830   12.547)   13.346
   0.997   (  -0.378    1.117    7.123)    7.220
   1.062   (   7.568    2.650    7.496)   10.977
   1.316   (  -6.273    2.870    2.096)    7.210
   1.527   (   3.469    6.232    2.758)    7.647
   1.618   (   0.733    3.298    3.451)    4.830
   1.659   (  -0.761    4.942    6.033)    7.836
   1.709   (  -2.210    2.235    5.188)    6.066
   2.133   (   4.827    7.478    9.567)   13.067
   2.297   (  -0.860    7.279    8.547)   11.259
   2.324   (  -2.956    5.715    8.206)   10.428
   2.400   (  -3.627    5.203    8.013)   10.219
   3.500   (   1.189   -2.257    3.541)    4.365
   3.538   (  -1.229   -3.027    3.891)    5.080
   3.810   (   1.611   -1.850    2.780)    3.708
   3.874   (  -2.380   -1.695    3.032)    4.211
   4.001   (   1.572    2.929    2.160)    3.964
   4.065   (  -2.675    3.459    3.209)    5.424
   4.220   (   0.213    5.447    8.280)    9.914
   4.226   (  -0.404    5.384    9.489)   10.918
   4.502   (   3.429    0.967    1.767)    3.977
   4.605   (  -2.979    1.252    3.216)    4.559
   4.757   (  12.300   -1.736    2.676)   12.707
   5.100   (  -9.623   -3.251    0.819)   10.190
======================= Grid point 711 (215/512) =======================
q-point: ( 0.40  0.13  0.20)
Mass variance parameters: 4.63e-04 4.63e-04 4.63e-04 4.63e-04 3.34e-04 3.34e-04 3.34e-04 3.34e-04 
Number of triplets: 1688
Frequency     group velocity (x, y, z)     |gv|
   0.899   (   4.833    0.481   11.727)   12.693
   0.981   (  -4.006   -0.087    8.799)    9.669
   1.117   (  10.263    3.595    5.582)   12.224
   1.276   (  -7.507    3.040    2.804)    8.571
   1.549   (   4.016    6.144    2.505)    7.756
   1.614   (  -2.250    4.857    2.818)    6.050
   1.661   (   1.281    3.067    5.801)    6.686
   1.696   (  -2.207    2.086    5.357)    6.158
   2.164   (   5.652    7.888    9.807)   13.796
   2.273   (  -6.062    8.482    9.308)   13.976
   2.325   (   2.180    4.690    7.939)    9.475
   2.379   (  -3.567    5.159    7.831)   10.033
   3.507   (   1.308   -2.365    3.607)    4.507
   3.531   (  -1.329   -2.829    3.819)    4.935
   3.820   (   1.955   -1.861    2.922)    3.977
   3.860   (  -2.478   -1.758    3.099)    4.340
   4.011   (   1.880    3.107    2.368)    4.336
   4.050   (  -2.532    3.432    3.016)    5.224
   4.221   (   0.129    5.394    8.479)   10.050
   4.224   (  -0.267    5.319    9.145)   10.583
   4.523   (   3.674    1.031    2.032)    4.323
   4.586   (  -3.372    1.222    2.965)    4.653
   4.830   (  12.660   -2.078    2.294)   13.033
   5.040   ( -10.933   -2.995    1.152)   11.395
======================= Grid point 712 (216/512) =======================
q-point: ( 0.47  0.13  0.20)
Mass variance parameters: 4.63e-04 4.63e-04 4.63e-04 4.63e-04 3.34e-04 3.34e-04 3.34e-04 3.34e-04 
Number of triplets: 1688
Frequency     group velocity (x, y, z)     |gv|
   0.927   (   4.937    0.170   10.836)   11.909
   0.955   (  -4.741   -0.064    9.884)   10.962
   1.176   (   9.780    3.462    4.437)   11.283
   1.229   (  -8.721    3.243    3.557)    9.961
   1.573   (   4.140    5.935    2.435)    7.635
   1.596   (  -3.709    5.601    2.543)    7.183
   1.671   (   2.031    2.253    5.554)    6.328
   1.683   (  -2.166    2.051    5.448)    6.211
   2.198   (   6.276    8.175    9.867)   14.268
   2.236   (  -6.552    8.352    9.707)   14.384
   2.341   (   3.010    4.921    7.834)    9.729
   2.359   (  -3.374    5.069    7.786)    9.884
   3.515   (   1.372   -2.495    3.675)    4.649
   3.523   (  -1.378   -2.650    3.746)    4.791
   3.833   (   2.238   -1.846    3.034)    4.197
   3.846   (  -2.423   -1.809    3.097)    4.329
   4.022   (   2.140    3.254    2.588)    4.676
   4.035   (  -2.355    3.363    2.806)    4.973
   4.222   (   0.114    5.344    8.671)   10.186
   4.223   (  -0.164    5.310    8.879)   10.347
   4.544   (   3.734    1.097    2.339)    4.540
   4.566   (  -3.627    1.163    2.659)    4.646
   4.903   (  12.508   -2.401    1.905)   12.878
   4.974   ( -11.913   -2.710    1.519)   12.311
======================= Grid point 720 (217/512) =======================
q-point: ( 0.00  0.20  0.20)
Mass variance parameters: 4.63e-04 4.63e-04 4.63e-04 4.63e-04 3.34e-04 3.34e-04 3.34e-04 3.34e-04 
Number of triplets: 904
Frequency     group velocity (x, y, z)     |gv|
   0.895   (   0.000   10.146    4.868)   11.253
   0.957   (   0.000    9.038    6.576)   11.177
   1.115   (   0.000    5.340    0.729)    5.390
   1.453   (   0.000    2.550   -2.079)    3.290
   1.546   (   0.000    1.812    1.286)    2.222
   1.622   (   0.000    5.008    2.628)    5.656
   1.763   (   0.000    2.032    1.844)    2.744
   1.825   (   0.000    6.495    0.733)    6.536
   2.195   (   0.000   10.040    8.751)   13.319
   2.348   (   0.000    4.390    2.973)    5.302
   2.522   (   0.000    6.564    5.540)    8.589
   2.565   (   0.000    6.161    3.270)    6.975
   3.459   (   0.000   -0.399   -0.315)    0.509
   3.521   (   0.000   -0.663    0.880)    1.102
   3.770   (   0.000   -0.561    0.744)    0.931
   3.901   (   0.000   -0.216    1.513)    1.529
   4.013   (   0.000    2.023   -0.159)    2.030
   4.169   (   0.000    2.212    2.054)    3.019
   4.283   (   0.000    3.303    2.670)    4.247
   4.329   (   0.000    4.312    4.204)    6.023
   4.467   (   0.000    1.781    3.156)    3.624
   4.506   (   0.000   -1.566    1.065)    1.894
   4.693   (   0.000    3.322    5.157)    6.134
   5.174   (   0.000   -5.220   -2.272)    5.693
======================= Grid point 721 (218/512) =======================
q-point: ( 0.07  0.20  0.20)
Mass variance parameters: 4.63e-04 4.63e-04 4.63e-04 4.63e-04 3.34e-04 3.34e-04 3.34e-04 3.34e-04 
Number of triplets: 1688
Frequency     group velocity (x, y, z)     |gv|
   0.898   (   0.834   10.063    4.830)   11.193
   0.966   (   2.999    8.893    6.406)   11.363
   1.113   (  -0.760    5.372    0.802)    5.484
   1.449   (  -1.621    2.442   -1.769)    3.423
   1.549   (   1.087    2.056    1.027)    2.542
   1.624   (   0.881    4.861    2.574)    5.570
   1.761   (  -0.691    2.070    1.854)    2.864
   1.823   (  -0.686    6.489    0.727)    6.566
   2.198   (   1.195   10.019    8.714)   13.332
   2.349   (   0.523    4.401    2.968)    5.334
   2.519   (  -0.998    6.607    5.570)    8.699
   2.560   (  -1.376    6.165    3.284)    7.119
   3.460   (   0.253   -0.401   -0.295)    0.558
   3.520   (  -0.198   -0.655    0.876)    1.112
   3.770   (   0.239   -0.560    0.764)    0.977
   3.899   (  -0.678   -0.225    1.540)    1.698
   4.015   (   0.482    2.066   -0.144)    2.126
   4.166   (  -1.145    2.256    2.053)    3.258
   4.283   (  -0.067    3.197    2.735)    4.208
   4.327   (  -0.551    4.300    4.116)    5.977
   4.469   (   0.887    1.815    3.109)    3.708
   4.517   (   3.758   -1.643    1.048)    4.233
   4.691   (  -0.568    3.343    5.148)    6.164
   5.168   (  -1.958   -5.177   -2.239)    5.970
======================= Grid point 722 (219/512) =======================
q-point: ( 0.13  0.20  0.20)
Mass variance parameters: 4.63e-04 4.63e-04 4.63e-04 4.63e-04 3.34e-04 3.34e-04 3.34e-04 3.34e-04 
Number of triplets: 1688
Frequency     group velocity (x, y, z)     |gv|
   0.905   (   1.633    9.842    4.705)   11.030
   0.991   (   5.561    8.476    5.912)   11.735
   1.107   (  -1.452    5.458    1.039)    5.743
   1.435   (  -2.899    2.267   -1.092)    3.839
   1.558   (   1.927    2.552    0.506)    3.238
   1.632   (   1.544    4.502    2.409)    5.334
   1.755   (  -1.279    2.186    1.879)    3.153
   1.817   (  -1.352    6.476    0.714)    6.654
   2.209   (   2.348    9.960    8.607)   13.371
   2.354   (   1.043    4.432    2.958)    5.430
   2.510   (  -2.004    6.759    5.673)    9.049
   2.549   (  -2.599    6.151    3.307)    7.451
   3.462   (   0.492   -0.406   -0.234)    0.680
   3.518   (  -0.389   -0.631    0.863)    1.138
   3.772   (   0.514   -0.555    0.823)    1.118
   3.893   (  -1.314   -0.247    1.606)    2.089
   4.019   (   0.950    2.180   -0.089)    2.380
   4.156   (  -1.968    2.359    2.029)    3.682
   4.283   (  -0.061    2.963    2.891)    4.140
   4.323   (  -0.852    4.262    3.951)    5.874
   4.477   (   1.767    1.874    3.025)    3.973
   4.548   (   6.503   -1.879    0.910)    6.830
   4.686   (  -0.951    3.411    5.121)    6.226
   5.151   (  -3.864   -5.047   -2.139)    6.707
======================= Grid point 723 (220/512) =======================
q-point: ( 0.20  0.20  0.20)
Mass variance parameters: 4.63e-04 4.63e-04 4.63e-04 4.63e-04 3.34e-04 3.34e-04 3.34e-04 3.34e-04 
Number of triplets: 1688
Frequency     group velocity (x, y, z)     |gv|
   0.916   (   2.356    9.528    4.485)   10.791
   1.028   (   7.175    7.883    5.013)   11.779
   1.097   (  -1.807    5.556    1.594)    6.056
   1.416   (  -3.889    2.207   -0.372)    4.487
   1.571   (   2.544    2.960    0.056)    3.904
   1.642   (   1.877    4.073    2.135)    4.967
   1.746   (  -1.663    2.394    1.909)    3.484
   1.807   (  -1.966    6.459    0.707)    6.789
   2.225   (   3.417    9.869    8.442)   13.429
   2.362   (   1.557    4.473    2.952)    5.581
   2.495   (  -3.056    7.090    5.876)    9.702
   2.531   (  -3.493    6.042    3.301)    7.721
   3.466   (   0.707   -0.415   -0.141)    0.831
   3.516   (  -0.570   -0.598    0.834)    1.174
   3.776   (   0.844   -0.545    0.919)    1.361
   3.884   (  -1.859   -0.275    1.676)    2.518
   4.026   (   1.378    2.336    0.018)    2.712
   4.144   (  -2.396    2.477    1.948)    3.958
   4.283   (   0.024    2.747    3.072)    4.121
   4.318   (  -0.978    4.175    3.835)    5.753
   4.489   (   2.542    1.922    2.961)    4.350
   4.589   (   7.461   -2.212    0.665)    7.810
   4.681   (  -0.433    3.453    5.009)    6.099
   5.124   (  -5.665   -4.835   -1.971)    7.704
======================= Grid point 724 (221/512) =======================
q-point: ( 0.27  0.20  0.20)
Mass variance parameters: 4.63e-04 4.63e-04 4.63e-04 4.63e-04 3.34e-04 3.34e-04 3.34e-04 3.34e-04 
Number of triplets: 1688
Frequency     group velocity (x, y, z)     |gv|
   0.932   (   2.968    9.147    4.178)   10.485
   1.064   (   2.764    7.242    2.073)    8.024
   1.094   (   3.172    5.631    4.165)    7.689
   1.391   (  -4.769    2.310    0.296)    5.307
   1.587   (   2.984    3.127   -0.217)    4.328
   1.653   (   1.811    3.622    1.742)    4.408
   1.736   (  -1.706    2.770    1.943)    3.790
   1.794   (  -2.477    6.433    0.733)    6.932
   2.248   (   4.364    9.751    8.230)   13.486
   2.372   (   2.053    4.506    2.964)    5.771
   2.474   (  -4.178    7.649    6.169)   10.678
   2.509   (  -3.915    5.782    3.255)    7.704
   3.470   (   0.887   -0.428   -0.023)    0.985
   3.512   (  -0.741   -0.563    0.783)    1.216
   3.782   (   1.226   -0.526    1.043)    1.694
   3.872   (  -2.271   -0.302    1.720)    2.865
   4.035   (   1.741    2.497    0.181)    3.050
   4.129   (  -2.544    2.587    1.799)    4.050
   4.283   (   0.160    2.633    3.243)    4.180
   4.312   (  -1.029    4.011    3.786)    5.610
   4.506   (   3.157    1.960    2.947)    4.742
   4.624   (   3.230   -1.278    1.392)    3.742
   4.690   (   4.592    2.120    3.765)    6.305
   5.086   (  -7.309   -4.542   -1.738)    8.779
======================= Grid point 725 (222/512) =======================
q-point: ( 0.33  0.20  0.20)
Mass variance parameters: 4.63e-04 4.63e-04 4.63e-04 4.63e-04 3.34e-04 3.34e-04 3.34e-04 3.34e-04 
Number of triplets: 1688
Frequency     group velocity (x, y, z)     |gv|
   0.951   (   3.441    8.719    3.802)   10.115
   1.057   (  -2.929    6.721    1.392)    7.462
   1.135   (   8.806    5.605    4.498)   11.367
   1.360   (  -5.659    2.569    0.926)    6.283
   1.605   (   3.226    3.038   -0.310)    4.442
   1.661   (   1.111    3.052    1.215)    3.468
   1.728   (  -1.113    3.485    1.991)    4.165
   1.779   (  -2.818    6.370    0.824)    7.014
   2.276   (   5.154    9.597    7.980)   13.504
   2.385   (   2.466    4.491    3.018)    5.946
   2.447   (  -5.151    8.341    6.460)   11.740
   2.486   (  -3.954    5.477    3.222)    7.484
   3.476   (   1.025   -0.443    0.108)    1.122
   3.507   (  -0.897   -0.533    0.708)    1.261
   3.791   (   1.632   -0.497    1.188)    2.079
   3.858   (  -2.524   -0.329    1.724)    3.074
   4.046   (   2.024    2.637    0.388)    3.347
   4.114   (  -2.556    2.681    1.598)    4.034
   4.285   (   0.328    2.638    3.394)    4.311
   4.306   (  -1.027    3.774    3.767)    5.430
   4.526   (   3.583    1.988    2.992)    5.074
   4.625   (  -1.757    0.942    2.956)    3.565
   4.735   (   9.866   -0.578    1.584)   10.009
   5.040   (  -8.743   -4.173   -1.438)    9.794
======================= Grid point 726 (223/512) =======================
q-point: ( 0.40  0.20  0.20)
Mass variance parameters: 4.63e-04 4.63e-04 4.63e-04 4.63e-04 3.34e-04 3.34e-04 3.34e-04 3.34e-04 
Number of triplets: 1688
Frequency     group velocity (x, y, z)     |gv|
   0.971   (   3.758    8.264    3.374)    9.686
   1.038   (  -3.616    6.972    1.920)    8.085
   1.187   (   8.961    4.889    3.666)   10.847
   1.325   (  -6.599    2.971    1.553)    7.402
   1.624   (   3.216    2.745   -0.243)    4.235
   1.664   (  -0.468    2.374    0.642)    2.504
   1.725   (   0.385    4.564    1.965)    4.984
   1.762   (  -2.911    6.225    1.015)    6.947
   2.307   (   5.749    9.387    7.694)   13.430
   2.399   (   1.245    4.547    3.699)    5.993
   2.417   (  -4.173    8.871    6.131)   11.562
   2.464   (  -3.841    5.281    3.215)    7.279
   3.482   (   1.113   -0.458    0.244)    1.228
   3.501   (  -1.026   -0.508    0.612)    1.298
   3.801   (   2.017   -0.463    1.338)    2.464
   3.843   (  -2.612   -0.358    1.682)    3.127
   4.058   (   2.228    2.738    0.622)    3.584
   4.100   (  -2.516    2.753    1.366)    3.972
   4.287   (   0.512    2.750    3.522)    4.498
   4.300   (  -0.967    3.494    3.744)    5.211
   4.547   (   3.808    2.002    3.089)    5.297
   4.611   (  -3.110    1.674    3.325)    4.851
   4.797   (  11.113   -1.832    0.550)   11.277
   4.985   (  -9.914   -3.730   -1.071)   10.646
======================= Grid point 727 (224/512) =======================
q-point: ( 0.47  0.20  0.20)
Mass variance parameters: 4.63e-04 4.63e-04 4.63e-04 4.63e-04 3.34e-04 3.34e-04 3.34e-04 3.34e-04 
Number of triplets: 1688
Frequency     group velocity (x, y, z)     |gv|
   0.994   (   3.905    7.804    2.911)    9.199
   1.016   (  -3.869    7.362    2.425)    8.663
   1.238   (   8.405    4.155    2.906)    9.816
   1.284   (  -7.553    3.505    2.207)    8.614
   1.642   (   2.876    2.367   -0.048)    3.725
   1.656   (  -2.033    2.127    0.235)    2.952
   1.732   (   1.887    5.443    1.694)    6.005
   1.746   (  -2.659    5.942    1.321)    6.643
   2.342   (   6.090    9.073    7.371)   13.181
   2.377   (  -5.962    8.446    6.947)   12.456
   2.422   (   3.139    5.447    3.255)    7.080
   2.442   (  -3.630    5.222    3.202)    7.120
   3.489   (   1.142   -0.473    0.375)    1.292
   3.495   (  -1.112   -0.489    0.500)    1.313
   3.814   (   2.334   -0.426    1.479)    2.796
   3.828   (  -2.542   -0.390    1.598)    3.028
   4.071   (   2.365    2.789    0.869)    3.759
   4.085   (  -2.454    2.792    1.120)    3.883
   4.290   (   0.693    2.949    3.624)    4.723
   4.295   (  -0.851    3.207    3.698)    4.968
   4.569   (   3.829    1.986    3.212)    5.378
   4.591   (  -3.626    1.908    3.319)    5.273
   4.862   (  11.215   -2.604   -0.110)   11.513
   4.925   ( -10.764   -3.213   -0.633)   11.251
======================= Grid point 735 (225/512) =======================
q-point: ( 0.00  0.27  0.20)
Mass variance parameters: 4.63e-04 4.63e-04 4.63e-04 4.63e-04 3.34e-04 3.34e-04 3.34e-04 3.34e-04 
Number of triplets: 904
Frequency     group velocity (x, y, z)     |gv|
   1.095   (   0.000    8.227    4.014)    9.155
   1.099   (   0.000   14.205   -3.068)   14.533
   1.234   (   0.000    8.646   -3.579)    9.358
   1.477   (   0.000    0.428   -0.405)    0.589
   1.566   (   0.000    1.023   -0.516)    1.146
   1.715   (   0.000    6.355   -1.983)    6.657
   1.776   (   0.000    0.385   -1.856)    1.895
   1.935   (   0.000    6.371   -1.538)    6.554
   2.349   (   0.000    8.468    5.817)   10.273
   2.417   (   0.000    4.502   -3.282)    5.572
   2.610   (   0.000    4.617    3.465)    5.772
   2.664   (   0.000    6.131   -2.997)    6.824
   3.478   (   0.000    3.032   -4.872)    5.738
   3.543   (   0.000    3.452   -2.823)    4.460
   3.774   (   0.000    1.210   -0.790)    1.445
   3.907   (   0.000    0.916    0.807)    1.221
   4.044   (   0.000    1.804   -2.737)    3.278
   4.195   (   0.000    0.976   -0.016)    0.976
   4.311   (   0.000    0.121   -0.644)    0.655
   4.367   (   0.000    0.744   -2.423)    2.535
   4.480   (   0.000   -1.663   -0.712)    1.809
   4.504   (   0.000    2.589    3.249)    4.154
   4.752   (   0.000    3.740    4.186)    5.613
   5.084   (   0.000   -5.964   -4.700)    7.594
======================= Grid point 736 (226/512) =======================
q-point: ( 0.07  0.27  0.20)
Mass variance parameters: 4.63e-04 4.63e-04 4.63e-04 4.63e-04 3.34e-04 3.34e-04 3.34e-04 3.34e-04 
Number of triplets: 1688
Frequency     group velocity (x, y, z)     |gv|
   1.091   (  -0.334   10.956    0.416)   10.969
   1.110   (   2.981   11.270    0.470)   11.667
   1.232   (  -0.579    8.677   -3.546)    9.392
   1.472   (  -1.591    0.537   -0.322)    1.710
   1.570   (   1.458    0.979   -0.581)    1.850
   1.716   (   0.223    6.143   -2.003)    6.465
   1.776   (  -0.027    0.638   -1.824)    1.932
   1.933   (  -0.712    6.378   -1.557)    6.604
   2.352   (   0.967    8.409    5.765)   10.242
   2.418   (   0.562    4.510   -3.275)    5.602
   2.608   (  -0.933    4.614    3.384)    5.797
   2.661   (  -1.157    6.191   -2.899)    6.933
   3.479   (   0.240    3.023   -4.835)    5.708
   3.543   (  -0.214    3.443   -2.831)    4.463
   3.775   (   0.274    1.220   -0.781)    1.474
   3.905   (  -0.654    0.936    0.787)    1.387
   4.046   (   0.634    1.813   -2.684)    3.300
   4.192   (  -0.980    0.998    0.000)    1.398
   4.309   (  -0.575    0.037   -0.620)    0.846
   4.366   (  -0.478    0.769   -2.414)    2.578
   4.490   (   3.320   -1.714   -0.729)    3.807
   4.507   (   0.938    2.563    3.192)    4.200
   4.750   (  -0.492    3.744    4.133)    5.598
   5.079   (  -1.674   -5.905   -4.675)    7.715
======================= Grid point 737 (227/512) =======================
q-point: ( 0.13  0.27  0.20)
Mass variance parameters: 4.63e-04 4.63e-04 4.63e-04 4.63e-04 3.34e-04 3.34e-04 3.34e-04 3.34e-04 
Number of triplets: 1688
Frequency     group velocity (x, y, z)     |gv|
   1.092   (   0.595   11.304   -0.505)   11.331
   1.132   (   4.429   10.328    1.213)   11.303
   1.227   (  -1.135    8.765   -3.446)    9.486
   1.459   (  -2.624    0.812   -0.138)    2.750
   1.581   (   2.327    0.902   -0.713)    2.595
   1.717   (   0.187    5.447   -2.036)    5.818
   1.776   (   0.176    1.449   -1.756)    2.284
   1.927   (  -1.388    6.397   -1.614)    6.742
   2.360   (   1.916    8.237    5.617)   10.152
   2.423   (   1.102    4.530   -3.250)    5.683
   2.600   (  -1.785    4.612    3.161)    5.870
   2.651   (  -2.254    6.362   -2.628)    7.243
   3.481   (   0.472    3.000   -4.731)    5.621
   3.541   (  -0.427    3.415   -2.856)    4.473
   3.777   (   0.580    1.248   -0.752)    1.568
   3.899   (  -1.264    0.993    0.727)    1.764
   4.052   (   1.203    1.836   -2.531)    3.350
   4.184   (  -1.711    1.056    0.021)    2.010
   4.305   (  -0.705   -0.151   -0.585)    0.928
   4.362   (  -0.843    0.805   -2.328)    2.604
   4.513   (   2.856    0.925    1.827)    3.514
   4.518   (   4.598   -0.304    0.447)    4.630
   4.747   (  -0.845    3.746    3.956)    5.513
   5.065   (  -3.299   -5.728   -4.598)    8.052
======================= Grid point 738 (228/512) =======================
q-point: ( 0.20  0.27  0.20)
Mass variance parameters: 4.63e-04 4.63e-04 4.63e-04 4.63e-04 3.34e-04 3.34e-04 3.34e-04 3.34e-04 
Number of triplets: 1688
Frequency     group velocity (x, y, z)     |gv|
   1.098   (   1.314   11.329   -1.086)   11.456
   1.161   (   5.597    9.397    1.487)   11.038
   1.219   (  -1.634    8.893   -3.261)    9.612
   1.442   (  -3.258    1.205    0.075)    3.475
   1.596   (   2.730    0.840   -0.836)    2.977
   1.717   (  -0.295    4.250   -2.007)    4.709
   1.779   (   0.786    2.813   -1.735)    3.398
   1.917   (  -1.996    6.430   -1.706)    6.946
   2.374   (   2.808    7.956    5.385)   10.009
   2.431   (   1.601    4.553   -3.189)    5.785
   2.587   (  -2.487    4.641    2.846)    5.986
   2.635   (  -3.225    6.620   -2.246)    7.699
   3.484   (   0.688    2.970   -4.568)    5.492
   3.538   (  -0.636    3.368   -2.908)    4.495
   3.781   (   0.934    1.287   -0.698)    1.737
   3.890   (  -1.790    1.072    0.632)    2.180
   4.060   (   1.658    1.861   -2.300)    3.391
   4.173   (  -2.107    1.136   -0.003)    2.394
   4.302   (  -0.454   -0.334   -0.573)    0.804
   4.356   (  -1.177    0.793   -2.127)    2.557
   4.526   (   2.534    2.356    2.970)    4.560
   4.554   (   6.758   -2.048   -0.851)    7.113
   4.741   (  -0.802    3.686    3.566)    5.191
   5.041   (  -4.824   -5.435   -4.467)    8.530
======================= Grid point 739 (229/512) =======================
q-point: ( 0.27  0.27  0.20)
Mass variance parameters: 4.63e-04 4.63e-04 4.63e-04 4.63e-04 3.34e-04 3.34e-04 3.34e-04 3.34e-04 
Number of triplets: 1688
Frequency     group velocity (x, y, z)     |gv|
   1.107   (   1.865   11.198   -1.503)   11.451
   1.195   (   5.924    8.631    0.991)   10.515
   1.209   (  -1.648    8.820   -2.508)    9.316
   1.422   (  -3.759    1.713    0.295)    4.142
   1.613   (   2.895    0.806   -0.931)    3.146
   1.713   (  -1.080    2.939   -1.861)    3.642
   1.786   (   1.662    4.304   -1.821)    4.960
   1.904   (  -2.516    6.473   -1.821)    7.180
   2.392   (   3.574    7.561    5.085)    9.787
   2.442   (   2.034    4.569   -3.058)    5.862
   2.571   (  -2.973    4.751    2.503)    6.138
   2.614   (  -3.993    6.929   -1.841)    8.206
   3.489   (   0.884    2.946   -4.364)    5.339
   3.534   (  -0.838    3.303   -2.995)    4.537
   3.788   (   1.329    1.329   -0.612)    1.977
   3.879   (  -2.199    1.160    0.506)    2.537
   4.071   (   1.977    1.871   -2.014)    3.386
   4.160   (  -2.247    1.230   -0.100)    2.564
   4.300   (  -0.032   -0.448   -0.587)    0.739
   4.349   (  -1.472    0.701   -1.849)    2.465
   4.543   (   3.097    2.360    2.938)    4.878
   4.593   (   6.221   -2.178   -0.580)    6.617
   4.739   (   0.291    3.316    2.690)    4.280
   5.009   (  -6.199   -5.026   -4.275)    9.053
======================= Grid point 740 (230/512) =======================
q-point: ( 0.33  0.27  0.20)
Mass variance parameters: 4.63e-04 4.63e-04 4.63e-04 4.63e-04 3.34e-04 3.34e-04 3.34e-04 3.34e-04 
Number of triplets: 1688
Frequency     group velocity (x, y, z)     |gv|
   1.119   (   2.277   10.971   -1.826)   11.353
   1.195   (  -2.381    9.515   -3.116)   10.292
   1.234   (   6.596    7.084    1.731)    9.833
   1.399   (  -4.273    2.346    0.523)    4.902
   1.630   (   2.937    0.806   -1.005)    3.207
   1.705   (  -1.799    1.996   -1.649)    3.153
   1.798   (   2.442    5.397   -1.963)    6.241
   1.888   (  -2.925    6.517   -1.944)    7.403
   2.415   (   4.100    7.014    4.708)    9.390
   2.454   (   2.312    4.563   -2.765)    5.815
   2.553   (  -3.138    5.040    2.170)    6.321
   2.589   (  -4.454    7.238   -1.515)    8.633
   3.494   (   1.051    2.939   -4.137)    5.182
   3.528   (  -1.018    3.225   -3.119)    4.600
   3.797   (   1.731    1.364   -0.495)    2.259
   3.865   (  -2.468    1.242    0.355)    2.786
   4.083   (   2.162    1.853   -1.699)    3.316
   4.147   (  -2.261    1.339   -0.269)    2.641
   4.301   (   0.442   -0.462   -0.631)    0.898
   4.339   (  -1.663    0.531   -1.551)    2.335
   4.562   (   3.456    2.288    2.912)    5.065
   4.621   (   3.224   -1.359    0.603)    3.551
   4.749   (   3.408    1.966    0.877)    4.031
   4.970   (  -7.361   -4.498   -4.011)    9.514
======================= Grid point 741 (231/512) =======================
q-point: ( 0.40  0.27  0.20)
Mass variance parameters: 4.63e-04 4.63e-04 4.63e-04 4.63e-04 3.34e-04 3.34e-04 3.34e-04 3.34e-04 
Number of triplets: 1688
Frequency     group velocity (x, y, z)     |gv|
   1.133   (   2.562   10.687   -2.099)   11.188
   1.180   (  -2.648    9.754   -2.835)   10.497
   1.272   (   6.501    6.023    1.504)    8.989
   1.372   (  -4.852    3.105    0.763)    5.811
   1.646   (   2.903    0.851   -1.076)    3.211
   1.693   (  -2.301    1.450   -1.446)    3.080
   1.814   (   2.969    6.032   -2.081)    7.038
   1.870   (  -3.201    6.538   -2.053)    7.563
   2.439   (   4.184    6.228    4.160)    8.579
   2.467   (   1.997    4.466   -1.950)    5.267
   2.536   (  -2.562    5.727    1.677)    6.494
   2.563   (  -4.421    7.472   -1.352)    8.786
   3.501   (   1.174    2.955   -3.904)    5.035
   3.522   (  -1.157    3.141   -3.278)    4.685
   3.808   (   2.098    1.383   -0.347)    2.537
   3.850   (  -2.586    1.310    0.185)    2.905
   4.095   (   2.240    1.797   -1.376)    3.184
   4.134   (  -2.245    1.460   -0.495)    2.724
   4.305   (   0.903   -0.370   -0.714)    1.209
   4.330   (  -1.702    0.302   -1.272)    2.146
   4.582   (   3.544    2.141    2.906)    5.058
   4.628   (  -0.466    0.233    2.024)    2.090
   4.779   (   6.909   -0.197   -1.177)    7.011
   4.924   (  -8.236   -3.837   -3.656)    9.794
======================= Grid point 742 (232/512) =======================
q-point: ( 0.47  0.27  0.20)
Mass variance parameters: 4.63e-04 4.63e-04 4.63e-04 4.63e-04 3.34e-04 3.34e-04 3.34e-04 3.34e-04 
Number of triplets: 1688
Frequency     group velocity (x, y, z)     |gv|
   1.149   (   2.721   10.373   -2.348)   10.978
   1.165   (  -2.751   10.054   -2.589)   10.741
   1.309   (   6.070    4.968    1.265)    7.945
   1.342   (  -5.478    3.984    1.014)    6.849
   1.663   (   2.803    0.956   -1.163)    3.181
   1.679   (  -2.616    1.140   -1.283)    3.129
   1.832   (   3.250    6.360   -2.137)    7.455
   1.851   (  -3.318    6.503   -2.124)    7.603
   2.461   (   3.329    5.153    3.049)    6.851
   2.473   (  -0.451    4.342    0.464)    4.390
   2.528   (   0.226    6.928    0.157)    6.934
   2.540   (  -3.387    7.492   -1.167)    8.304
   3.508   (   1.239    2.997   -3.677)    4.903
   3.515   (  -1.234    3.062   -3.466)    4.786
   3.821   (   2.384    1.382   -0.177)    2.761
   3.835   (  -2.554    1.358    0.004)    2.892
   4.108   (   2.252    1.704   -1.060)    3.016
   4.121   (  -2.243    1.586   -0.762)    2.851
   4.312   (   1.297   -0.190   -0.847)    1.560
   4.320   (  -1.575    0.048   -1.034)    1.885
   4.602   (   3.282    1.863    2.871)    4.742
   4.619   (  -2.455    1.318    2.681)    3.867
   4.825   (   8.471   -1.870   -2.437)    9.011
   4.875   (  -8.696   -3.000   -3.168)    9.729
======================= Grid point 750 (233/512) =======================
q-point: ( 0.00  0.33  0.20)
Mass variance parameters: 4.63e-04 4.63e-04 4.63e-04 4.63e-04 3.34e-04 3.34e-04 3.34e-04 3.34e-04 
Number of triplets: 904
Frequency     group velocity (x, y, z)     |gv|
   1.218   (   0.000    7.096    1.307)    7.215
   1.313   (   0.000   11.203   -4.718)   12.156
   1.362   (   0.000    6.754   -4.593)    8.168
   1.473   (   0.000   -0.649    0.454)    0.792
   1.591   (   0.000    2.618   -1.992)    3.290
   1.793   (   0.000    2.166   -5.016)    5.463
   1.810   (   0.000    5.164   -4.069)    6.574
   2.002   (   0.000    1.663   -1.566)    2.285
   2.457   (   0.000    5.204    1.258)    5.354
   2.497   (   0.000    5.437   -9.060)   10.566
   2.676   (   0.000    3.807   -0.035)    3.807
   2.754   (   0.000    4.942   -8.384)    9.732
   3.560   (   0.000    7.061   -9.165)   11.569
   3.623   (   0.000    6.128   -5.766)    8.414
   3.810   (   0.000    3.333   -2.581)    4.216
   3.930   (   0.000    2.043   -0.324)    2.068
   4.066   (   0.000    0.664   -5.384)    5.424
   4.198   (   0.000   -0.642   -2.974)    3.042
   4.289   (   0.000   -2.673   -2.388)    3.584
   4.362   (   0.000   -1.262   -6.011)    6.142
   4.459   (   0.000   -0.632   -2.545)    2.622
   4.538   (   0.000    1.421    0.750)    1.607
   4.801   (   0.000    2.131    1.830)    2.809
   4.988   (   0.000   -5.926   -6.328)    8.670
======================= Grid point 751 (234/512) =======================
q-point: ( 0.07  0.33  0.20)
Mass variance parameters: 4.63e-04 4.63e-04 4.63e-04 4.63e-04 3.34e-04 3.34e-04 3.34e-04 3.34e-04 
Number of triplets: 1688
Frequency     group velocity (x, y, z)     |gv|
   1.220   (   0.728    7.039    1.186)    7.175
   1.315   (   0.794   11.025   -4.537)   11.948
   1.361   (  -0.421    6.814   -4.572)    8.216
   1.471   (  -0.736   -0.472    0.400)    0.962
   1.594   (   1.126    2.559   -2.018)    3.448
   1.788   (  -1.548    2.681   -4.834)    5.740
   1.817   (   1.916    4.667   -4.181)    6.553
   2.001   (  -0.542    1.717   -1.605)    2.412
   2.458   (   0.581    5.160    1.108)    5.309
   2.499   (   0.576    5.405   -8.924)   10.449
   2.673   (  -0.816    3.854   -0.187)    3.943
   2.752   (  -0.909    4.970   -8.254)    9.677
   3.560   (   0.103    7.017   -9.110)   11.500
   3.622   (  -0.249    6.126   -5.791)    8.434
   3.811   (   0.329    3.342   -2.585)    4.238
   3.929   (  -0.454    2.095   -0.371)    2.176
   4.068   (   0.537    0.618   -5.316)    5.379
   4.195   (  -0.874   -0.621   -2.939)    3.129
   4.287   (  -0.783   -2.655   -2.408)    3.668
   4.361   (  -0.499   -1.294   -5.972)    6.131
   4.468   (   2.970   -0.717   -2.595)    4.009
   4.540   (   0.900    1.435    0.782)    1.866
   4.799   (  -0.528    2.117    1.759)    2.802
   4.984   (  -1.331   -5.865   -6.321)    8.725
======================= Grid point 752 (235/512) =======================
q-point: ( 0.13  0.33  0.20)
Mass variance parameters: 4.63e-04 4.63e-04 4.63e-04 4.63e-04 3.34e-04 3.34e-04 3.34e-04 3.34e-04 
Number of triplets: 1688
Frequency     group velocity (x, y, z)     |gv|
   1.226   (   1.346    6.897    0.836)    7.077
   1.322   (   1.469   10.416   -3.986)   11.249
   1.357   (  -0.777    7.047   -4.539)    8.418
   1.465   (  -1.237   -0.001    0.256)    1.263
   1.603   (   2.003    2.447   -2.105)    3.799
   1.778   (  -1.798    2.932   -4.664)    5.795
   1.830   (   2.450    4.461   -4.149)    6.567
   1.996   (  -1.064    1.872   -1.719)    2.755
   2.463   (   1.171    5.031    0.686)    5.211
   2.504   (   1.102    5.306   -8.537)   10.112
   2.667   (  -1.517    3.994   -0.614)    4.316
   2.744   (  -1.786    5.050   -7.894)    9.540
   3.561   (   0.236    6.898   -8.951)   11.303
   3.620   (  -0.499    6.122   -5.869)    8.495
   3.814   (   0.669    3.361   -2.590)    4.296
   3.925   (  -0.920    2.235   -0.508)    2.470
   4.072   (   1.025    0.491   -5.123)    5.247
   4.188   (  -1.545   -0.573   -2.861)    3.301
   4.282   (  -1.000   -2.628   -2.482)    3.751
   4.357   (  -0.938   -1.372   -5.845)    6.076
   4.492   (   5.025   -0.918   -2.697)    5.777
   4.548   (   1.759    1.463    0.869)    2.448
   4.795   (  -0.977    2.065    1.533)    2.751
   4.972   (  -2.616   -5.682   -6.299)    8.877
======================= Grid point 753 (236/512) =======================
q-point: ( 0.20  0.33  0.20)
Mass variance parameters: 4.63e-04 4.63e-04 4.63e-04 4.63e-04 3.34e-04 3.34e-04 3.34e-04 3.34e-04 
Number of triplets: 1688
Frequency     group velocity (x, y, z)     |gv|
   1.235   (   1.794    6.735    0.307)    6.977
   1.331   (   1.543    8.926   -3.006)    9.544
   1.352   (  -0.643    7.869   -4.633)    9.154
   1.457   (  -1.499    0.671    0.049)    1.643
   1.617   (   2.595    2.380   -2.255)    4.181
   1.767   (  -1.985    3.016   -4.473)    5.749
   1.845   (   2.776    4.419   -4.028)    6.593
   1.988   (  -1.549    2.115   -1.898)    3.237
   2.472   (   1.738    4.826    0.055)    5.130
   2.512   (   1.528    5.134   -7.929)    9.569
   2.656   (  -1.983    4.233   -1.247)    4.838
   2.731   (  -2.587    5.181   -7.382)    9.382
   3.563   (   0.416    6.733   -8.708)   11.015
   3.616   (  -0.744    6.115   -6.003)    8.601
   3.819   (   1.022    3.378   -2.580)    4.372
   3.918   (  -1.382    2.423   -0.718)    2.880
   4.080   (   1.416    0.312   -4.828)    5.041
   4.178   (  -1.923   -0.522   -2.793)    3.431
   4.277   (  -0.678   -2.607   -2.616)    3.755
   4.350   (  -1.389   -1.469   -5.614)    5.967
   4.524   (   6.054   -1.124   -2.747)    6.742
   4.561   (   2.525    1.459    0.992)    3.080
   4.788   (  -1.231    1.948    1.112)    2.559
   4.954   (  -3.804   -5.377   -6.252)    9.081
======================= Grid point 754 (237/512) =======================
q-point: ( 0.27  0.33  0.20)
Mass variance parameters: 4.63e-04 4.63e-04 4.63e-04 4.63e-04 3.34e-04 3.34e-04 3.34e-04 3.34e-04 
Number of triplets: 1688
Frequency     group velocity (x, y, z)     |gv|
   1.247   (   2.085    6.603   -0.311)    6.931
   1.334   (  -0.760    6.387   -2.492)    6.898
   1.355   (   1.711    9.460   -4.099)   10.451
   1.448   (  -1.650    1.489   -0.193)    2.231
   1.633   (   2.973    2.402   -2.458)    4.545
   1.755   (  -2.249    3.055   -4.237)    5.687
   1.862   (   3.014    4.380   -3.868)    6.575
   1.978   (  -1.988    2.428   -2.130)    3.792
   2.483   (   2.206    4.563   -0.721)    5.119
   2.521   (   1.756    4.862   -7.109)    8.790
   2.644   (  -2.059    4.589   -2.026)    5.422
   2.714   (  -3.249    5.353   -6.811)    9.252
   3.566   (   0.637    6.555   -8.406)   10.678
   3.611   (  -0.974    6.106   -6.194)    8.752
   3.826   (   1.380    3.376   -2.536)    4.442
   3.909   (  -1.794    2.619   -0.980)    3.322
   4.089   (   1.677    0.111   -4.471)    4.776
   4.166   (  -2.054   -0.489   -2.778)    3.489
   4.274   (  -0.061   -2.560   -2.803)    3.796
   4.341   (  -1.820   -1.572   -5.290)    5.811
   4.560   (   5.940   -1.049   -2.468)    6.517
   4.577   (   3.279    1.209    1.011)    3.638
   4.781   (  -1.083    1.691    0.397)    2.047
   4.929   (  -4.832   -4.952   -6.166)    9.268
======================= Grid point 755 (238/512) =======================
q-point: ( 0.33  0.33  0.20)
Mass variance parameters: 4.63e-04 4.63e-04 4.63e-04 4.63e-04 3.34e-04 3.34e-04 3.34e-04 3.34e-04 
Number of triplets: 1688
Frequency     group velocity (x, y, z)     |gv|
   1.259   (   2.262    6.512   -0.919)    6.955
   1.326   (  -1.878    6.161   -2.672)    6.973
   1.368   (   2.711    8.533   -2.862)    9.400
   1.438   (  -1.811    2.428   -0.453)    3.063
   1.651   (   3.201    2.506   -2.690)    4.875
   1.741   (  -2.565    3.062   -3.974)    5.635
   1.880   (   3.158    4.283   -3.680)    6.470
   1.966   (  -2.374    2.786   -2.396)    4.374
   2.497   (   2.487    4.268   -1.560)    5.181
   2.531   (   1.517    4.447   -6.066)    7.673
   2.634   (  -1.478    5.091   -2.933)    6.059
   2.694   (  -3.686    5.557   -6.258)    9.145
   3.570   (   0.876    6.394   -8.070)   10.333
   3.605   (  -1.164    6.101   -6.437)    8.945
   3.835   (   1.721    3.346   -2.441)    4.486
   3.898   (  -2.107    2.798   -1.268)    3.725
   4.099   (   1.815   -0.084   -4.091)    4.476
   4.154   (  -2.046   -0.475   -2.831)    3.525
   4.276   (   0.659   -2.460   -3.043)    3.968
   4.329   (  -2.141   -1.684   -4.906)    5.611
   4.589   (   4.004    0.465   -0.503)    4.062
   4.600   (   4.399   -0.294   -0.231)    4.415
   4.777   (  -0.145    1.125   -0.783)    1.378
   4.898   (  -5.614   -4.396   -6.013)    9.328
======================= Grid point 756 (239/512) =======================
q-point: ( 0.40  0.33  0.20)
Mass variance parameters: 4.63e-04 4.63e-04 4.63e-04 4.63e-04 3.34e-04 3.34e-04 3.34e-04 3.34e-04 
Number of triplets: 1688
Frequency     group velocity (x, y, z)     |gv|
   1.273   (   2.363    6.447   -1.455)    7.018
   1.314   (  -2.215    6.250   -2.522)    7.095
   1.384   (   2.792    7.197   -2.047)    7.986
   1.427   (  -2.037    3.476   -0.730)    4.095
   1.670   (   3.300    2.658   -2.935)    5.155
   1.725   (  -2.877    3.030   -3.704)    5.583
   1.898   (   3.197    4.107   -3.466)    6.253
   1.951   (  -2.700    3.162   -2.678)    4.945
   2.512   (   2.502    3.978   -2.356)    5.257
   2.537   (   0.430    3.940   -4.859)    6.270
   2.629   (   0.060    5.670   -3.945)    6.908
   2.672   (  -3.773    5.775   -5.774)    8.996
   3.576   (   1.093    6.267   -7.722)   10.005
   3.598   (  -1.287    6.105   -6.723)    9.172
   3.846   (   2.014    3.286   -2.291)    4.483
   3.885   (  -2.287    2.954   -1.560)    4.048
   4.109   (   1.871   -0.250   -3.726)    4.177
   4.143   (  -1.989   -0.466   -2.954)    3.592
   4.282   (   1.341   -2.311   -3.341)    4.278
   4.316   (  -2.281   -1.814   -4.493)    5.355
   4.609   (   3.001    1.078    0.723)    3.269
   4.622   (   2.772   -0.516   -0.254)    2.831
   4.782   (   1.927    0.021   -2.491)    3.149
   4.864   (  -6.002   -3.680   -5.736)    9.081
======================= Grid point 757 (240/512) =======================
q-point: ( 0.47  0.33  0.20)
Mass variance parameters: 4.63e-04 4.63e-04 4.63e-04 4.63e-04 3.34e-04 3.34e-04 3.34e-04 3.34e-04 
Number of triplets: 1688
Frequency     group velocity (x, y, z)     |gv|
   1.287   (   2.398    6.389   -1.896)    7.082
   1.300   (  -2.359    6.326   -2.249)    7.116
   1.400   (   2.607    5.875   -1.471)    6.594
   1.414   (  -2.322    4.627   -1.053)    5.283
   1.689   (   3.275    2.817   -3.185)    5.367
   1.707   (  -3.127    2.947   -3.440)    5.505
   1.917   (   3.127    3.849   -3.224)    5.915
   1.934   (  -2.957    3.526   -2.958)    5.470
   2.525   (   2.127    3.737   -3.053)    5.274
   2.535   (  -1.120    3.661   -3.800)    5.394
   2.635   (   2.032    6.000   -4.802)    7.950
   2.651   (  -3.315    5.966   -5.339)    8.665
   3.583   (   1.250    6.179   -7.375)    9.702
   3.590   (  -1.319    6.128   -7.039)    9.425
   3.858   (   2.225    3.198   -2.087)    4.419
   3.871   (  -2.323    3.087   -1.838)    4.278
   4.120   (   1.898   -0.370   -3.406)    3.916
   4.131   (  -1.934   -0.439   -3.146)    3.719
   4.291   (   1.876   -2.137   -3.691)    4.659
   4.303   (  -2.197   -1.966   -4.081)    5.034
   4.624   (   1.975    0.852    0.922)    2.341
   4.630   (  -0.010    0.234    0.571)    0.618
   4.800   (   4.336   -1.450   -4.167)    6.186
   4.830   (  -5.717   -2.732   -5.206)    8.201
======================= Grid point 765 (241/512) =======================
q-point: ( 0.00  0.40  0.20)
Mass variance parameters: 4.63e-04 4.63e-04 4.63e-04 4.63e-04 3.34e-04 3.34e-04 3.34e-04 3.34e-04 
Number of triplets: 904
Frequency     group velocity (x, y, z)     |gv|
   1.320   (   0.000    5.647   -1.112)    5.755
   1.410   (   0.000    2.190   -2.123)    3.050
   1.452   (   0.000    3.229   -3.500)    4.762
   1.461   (   0.000   -0.764    0.472)    0.898
   1.666   (   0.000    6.885   -4.422)    8.183
   1.847   (   0.000    4.088   -6.248)    7.467
   1.873   (   0.000    2.440   -4.078)    4.753
   1.990   (   0.000   -2.697   -1.988)    3.351
   2.526   (   0.000    3.844   -3.900)    5.476
   2.576   (   0.000    3.793  -11.501)   12.110
   2.736   (   0.000    3.746   -4.667)    5.984
   2.814   (   0.000    2.319  -11.459)   11.691
   3.692   (   0.000    9.066  -11.597)   14.720
   3.730   (   0.000    7.039   -7.501)   10.287
   3.872   (   0.000    3.639   -4.489)    5.779
   3.972   (   0.000    3.236   -2.176)    3.900
   4.054   (   0.000   -2.563   -8.026)    8.425
   4.184   (   0.000   -0.528   -6.308)    6.330
   4.230   (   0.000   -4.649   -3.633)    5.900
   4.327   (   0.000   -3.189   -8.406)    8.991
   4.466   (   0.000    1.537   -4.168)    4.442
   4.549   (   0.000   -0.029   -2.043)    2.043
   4.818   (   0.000    0.246   -0.255)    0.354
   4.900   (   0.000   -4.803   -6.109)    7.771
======================= Grid point 766 (242/512) =======================
q-point: ( 0.07  0.40  0.20)
Mass variance parameters: 4.63e-04 4.63e-04 4.63e-04 4.63e-04 3.34e-04 3.34e-04 3.34e-04 3.34e-04 
Number of triplets: 1688
Frequency     group velocity (x, y, z)     |gv|
   1.321   (   0.356    5.576   -1.135)    5.701
   1.410   (  -0.025    2.236   -2.041)    3.028
   1.453   (   0.109    3.158   -3.424)    4.659
   1.461   (  -0.109   -0.655    0.350)    0.750
   1.669   (   0.927    6.839   -4.419)    8.195
   1.844   (  -0.943    4.110   -6.045)    7.371
   1.877   (   1.323    2.408   -4.191)    5.011
   1.990   (  -0.225   -2.644   -2.006)    3.326
   2.528   (   0.592    3.869   -3.985)    5.586
   2.577   (   0.334    3.781  -11.459)   12.072
   2.734   (  -0.589    3.760   -4.776)    6.107
   2.811   (  -0.840    2.320  -11.382)   11.646
   3.692   (  -0.193    9.009  -11.528)   14.632
   3.729   (  -0.234    7.042   -7.544)   10.322
   3.873   (   0.321    3.623   -4.508)    5.793
   3.972   (  -0.185    3.255   -2.224)    3.947
   4.054   (   0.247   -2.586   -7.986)    8.398
   4.181   (  -0.844   -0.558   -6.283)    6.364
   4.229   (  -0.356   -4.501   -3.636)    5.797
   4.325   (  -0.730   -3.231   -8.316)    8.952
   4.473   (   2.456    1.429   -4.234)    5.099
   4.552   (   1.071    0.021   -1.991)    2.261
   4.817   (  -0.647    0.219   -0.320)    0.754
   4.897   (  -1.050   -4.766   -6.128)    7.834
======================= Grid point 767 (243/512) =======================
q-point: ( 0.13  0.40  0.20)
Mass variance parameters: 4.63e-04 4.63e-04 4.63e-04 4.63e-04 3.34e-04 3.34e-04 3.34e-04 3.34e-04 
Number of triplets: 1688
Frequency     group velocity (x, y, z)     |gv|
   1.324   (   0.707    5.381   -1.195)    5.557
   1.409   (  -0.200    2.368   -1.821)    2.994
   1.453   (   0.210    2.932   -3.203)    4.347
   1.460   (  -0.101   -0.342    0.008)    0.357
   1.677   (   1.759    6.718   -4.415)    8.229
   1.837   (  -1.285    4.247   -5.768)    7.278
   1.886   (   1.921    2.236   -4.208)    5.138
   1.988   (  -0.448   -2.484   -2.060)    3.258
   2.533   (   1.174    3.942   -4.237)    5.905
   2.580   (   0.671    3.755  -11.325)   11.950
   2.729   (  -1.107    3.788   -5.089)    6.440
   2.804   (  -1.645    2.324  -11.162)   11.519
   3.690   (  -0.282    8.851  -11.338)   14.387
   3.727   (  -0.465    7.053   -7.668)   10.429
   3.875   (   0.623    3.572   -4.554)    5.821
   3.970   (  -0.522    3.267   -2.386)    4.079
   4.057   (   0.587   -2.605   -7.844)    8.286
   4.174   (  -1.532   -0.637   -6.217)    6.434
   4.226   (  -0.429   -4.149   -3.669)    5.555
   4.319   (  -1.269   -3.338   -8.081)    8.835
   4.493   (   4.308    1.177   -4.365)    6.245
   4.561   (   2.031    0.159   -1.840)    2.745
   4.811   (  -1.248    0.135   -0.518)    1.358
   4.888   (  -2.061   -4.658   -6.183)    8.010
======================= Grid point 768 (244/512) =======================
q-point: ( 0.20  0.40  0.20)
Mass variance parameters: 4.63e-04 4.63e-04 4.63e-04 4.63e-04 3.34e-04 3.34e-04 3.34e-04 3.34e-04 
Number of triplets: 1688
Frequency     group velocity (x, y, z)     |gv|
   1.330   (   1.044    5.108   -1.273)    5.367
   1.407   (  -0.567    2.572   -1.547)    3.055
   1.455   (   0.292    2.530   -2.864)    3.832
   1.460   (   0.038    0.142   -0.463)    0.486
   1.689   (   2.432    6.552   -4.418)    8.268
   1.829   (  -1.513    4.468   -5.520)    7.261
   1.898   (   2.189    1.947   -4.064)    5.010
   1.985   (  -0.668   -2.224   -2.147)    3.163
   2.542   (   1.711    4.058   -4.650)    6.404
   2.584   (   0.986    3.746  -11.069)   11.727
   2.722   (  -1.464    3.794   -5.574)    6.900
   2.793   (  -2.373    2.333  -10.830)   11.330
   3.689   (  -0.215    8.628  -11.060)   14.029
   3.724   (  -0.684    7.079   -7.872)   10.609
   3.880   (   0.905    3.480   -4.598)    5.838
   3.965   (  -1.016    3.196   -2.680)    4.293
   4.061   (   1.009   -2.528   -7.569)    8.044
   4.164   (  -1.994   -0.744   -6.127)    6.486
   4.225   (  -0.138   -3.766   -3.775)    5.334
   4.310   (  -1.671   -3.454   -7.744)    8.642
   4.522   (   5.424    0.898   -4.456)    7.076
   4.575   (   2.778    0.359   -1.602)    3.227
   4.802   (  -1.743   -0.024   -0.869)    1.948
   4.874   (  -2.985   -4.485   -6.262)    8.261
======================= Grid point 769 (245/512) =======================
q-point: ( 0.27  0.40  0.20)
Mass variance parameters: 4.63e-04 4.63e-04 4.63e-04 4.63e-04 3.34e-04 3.34e-04 3.34e-04 3.34e-04 
Number of triplets: 1688
Frequency     group velocity (x, y, z)     |gv|
   1.336   (   1.347    4.806   -1.346)    5.169
   1.402   (  -1.017    2.829   -1.338)    3.291
   1.457   (   0.343    2.023   -2.478)    3.217
   1.460   (   0.186    0.684   -0.904)    1.149
   1.705   (   2.917    6.366   -4.431)    8.287
   1.820   (  -1.810    4.723   -5.275)    7.308
   1.911   (   2.280    1.576   -3.834)    4.731
   1.980   (  -0.889   -1.873   -2.266)    3.071
   2.553   (   2.134    4.210   -5.213)    7.032
   2.591   (   1.187    3.801  -10.641)   11.362
   2.713   (  -1.522    3.718   -6.193)    7.382
   2.777   (  -2.964    2.347  -10.430)   11.094
   3.688   (  -0.005    8.376  -10.730)   13.612
   3.719   (  -0.875    7.130   -8.144)   10.860
   3.886   (   1.177    3.348   -4.614)    5.821
   3.958   (  -1.519    3.041   -3.062)    4.575
   4.068   (   1.411   -2.332   -7.198)    7.697
   4.151   (  -2.238   -0.870   -6.039)    6.499
   4.225   (   0.409   -3.470   -3.983)    5.298
   4.300   (  -1.999   -3.520   -7.321)    8.365
   4.555   (   5.862    0.679   -4.414)    7.369
   4.593   (   3.224    0.591   -1.295)    3.524
   4.791   (  -2.032   -0.292   -1.410)    2.491
   4.854   (  -3.755   -4.258   -6.347)    8.516
======================= Grid point 770 (246/512) =======================
q-point: ( 0.33  0.40  0.20)
Mass variance parameters: 4.63e-04 4.63e-04 4.63e-04 4.63e-04 3.34e-04 3.34e-04 3.34e-04 3.34e-04 
Number of triplets: 1688
Frequency     group velocity (x, y, z)     |gv|
   1.345   (   1.594    4.507   -1.395)    4.980
   1.395   (  -1.409    3.116   -1.255)    3.643
   1.459   (   0.354    1.620   -2.139)    2.707
   1.462   (   0.218    1.070   -1.197)    1.620
   1.723   (   3.203    6.168   -4.458)    8.257
   1.808   (  -2.185    4.988   -5.042)    7.422
   1.925   (   2.234    1.139   -3.568)    4.361
   1.974   (  -1.117   -1.443   -2.414)    3.026
   2.566   (   2.354    4.381   -5.899)    7.715
   2.597   (   1.049    3.976   -9.985)   10.799
   2.705   (  -1.062    3.496   -6.929)    7.833
   2.759   (  -3.333    2.369  -10.004)   10.807
   3.689   (   0.290    8.122  -10.372)   13.176
   3.714   (  -1.012    7.212   -8.473)   11.173
   3.893   (   1.444    3.188   -4.579)    5.763
   3.948   (  -1.885    2.881   -3.454)    4.877
   4.077   (   1.715   -2.071   -6.810)    7.321
   4.138   (  -2.316   -1.013   -5.980)    6.492
   4.230   (   1.042   -3.301   -4.302)    5.522
   4.287   (  -2.237   -3.517   -6.829)    8.001
   4.588   (   5.574    0.607   -4.113)    6.954
   4.612   (   3.257    0.831   -0.969)    3.498
   4.780   (  -1.913   -0.737   -2.223)    3.025
   4.831   (  -4.252   -3.985   -6.402)    8.657
======================= Grid point 771 (247/512) =======================
q-point: ( 0.40  0.40  0.20)
Mass variance parameters: 4.63e-04 4.63e-04 4.63e-04 4.63e-04 3.34e-04 3.34e-04 3.34e-04 3.34e-04 
Number of triplets: 1688
Frequency     group velocity (x, y, z)     |gv|
   1.355   (   1.765    4.226   -1.408)    4.791
   1.386   (  -1.678    3.407   -1.271)    4.005
   1.461   (   0.307    1.409   -1.875)    2.366
   1.463   (   0.122    1.241   -1.370)    1.852
   1.741   (   3.292    5.960   -4.502)    8.162
   1.794   (  -2.587    5.250   -4.840)    7.595
   1.937   (   2.082    0.647   -3.297)    3.952
   1.967   (  -1.358   -0.952   -2.593)    3.078
   2.580   (   2.290    4.537   -6.640)    8.362
   2.602   (   0.290    4.275   -9.107)   10.064
   2.702   (   0.116    3.115   -7.758)    8.361
   2.739   (  -3.357    2.411   -9.575)   10.429
   3.692   (   0.599    7.883   -9.997)   12.745
   3.707   (  -1.067    7.330   -8.838)   11.532
   3.902   (   1.697    3.021   -4.483)    5.666
   3.936   (  -2.055    2.788   -3.804)    5.145
   4.088   (   1.922   -1.805   -6.470)    6.987
   4.125   (  -2.286   -1.174   -5.975)    6.504
   4.237   (   1.617   -3.252   -4.719)    5.954
   4.274   (  -2.345   -3.458   -6.295)    7.555
   4.617   (   4.316    0.785   -3.334)    5.510
   4.629   (   2.622    1.050   -0.790)    2.933
   4.771   (  -0.982   -1.455   -3.419)    3.843
   4.806   (  -4.234   -3.658   -6.341)    8.457
======================= Grid point 772 (248/512) =======================
q-point: ( 0.47  0.40  0.20)
Mass variance parameters: 4.63e-04 4.63e-04 4.63e-04 4.63e-04 3.34e-04 3.34e-04 3.34e-04 3.34e-04 
Number of triplets: 1688
Frequency     group velocity (x, y, z)     |gv|
   1.365   (   1.845    3.957   -1.383)    4.579
   1.376   (  -1.820    3.687   -1.329)    4.321
   1.462   (   0.197    1.326   -1.670)    2.141
   1.463   (  -0.039    1.294   -1.509)    1.988
   1.760   (   3.196    5.738   -4.573)    8.003
   1.778   (  -2.945    5.501   -4.683)    7.802
   1.949   (   1.862    0.119   -3.037)    3.564
   1.959   (  -1.611   -0.423   -2.801)    3.259
   2.592   (   1.841    4.621   -7.384)    8.903
   2.600   (  -0.901    4.545   -8.184)    9.404
   2.707   (   1.688    2.732   -8.537)    9.121
   2.721   (  -2.859    2.508   -9.119)    9.880
   3.696   (   0.856    7.668   -9.612)   12.326
   3.701   (  -1.018    7.483   -9.223)   11.920
   3.913   (   1.912    2.877   -4.322)    5.533
   3.924   (  -2.048    2.790   -4.095)    5.362
   4.099   (   2.074   -1.565   -6.212)    6.733
   4.112   (  -2.195   -1.356   -6.048)    6.575
   4.248   (   2.044   -3.288   -5.210)    6.491
   4.261   (  -2.288   -3.370   -5.745)    7.042
   4.636   (   1.980    1.121   -2.059)    3.069
   4.640   (   0.776    1.203   -1.091)    1.800
   4.771   (   1.084   -2.405   -4.883)    5.550
   4.783   (  -3.247   -3.190   -5.945)    7.487
======================= Grid point 780 (249/512) =======================
q-point: ( 0.00  0.47  0.20)
Mass variance parameters: 4.63e-04 4.63e-04 4.63e-04 4.63e-04 3.34e-04 3.34e-04 3.34e-04 3.34e-04 
Number of triplets: 904
Frequency     group velocity (x, y, z)     |gv|
   1.395   (   0.000    3.525   -2.768)    4.482
   1.424   (   0.000   -0.158   -2.216)    2.222
   1.453   (   0.000   -0.124    0.241)    0.271
   1.462   (   0.000   -0.954   -1.471)    1.754
   1.785   (   0.000    7.161   -4.375)    8.392
   1.874   (   0.000   -3.043   -3.670)    4.767
   1.905   (   0.000    2.766   -5.012)    5.725
   1.940   (   0.000   -2.528   -3.495)    4.314
   2.581   (   0.000    2.831   -8.240)    8.712
   2.607   (   0.000    0.000  -10.856)   10.856
   2.792   (   0.000    3.070   -9.042)    9.549
   2.825   (   0.000   -0.837  -11.579)   11.609
   3.824   (   0.000    6.410   -9.144)   11.167
   3.850   (   0.000    8.257  -10.216)   13.135
   3.892   (   0.000   -1.742   -6.437)    6.668
   3.971   (   0.000   -6.172   -9.231)   11.104
   4.052   (   0.000    5.291   -5.090)    7.342
   4.145   (   0.000   -5.841   -4.571)    7.417
   4.200   (   0.000    2.846   -8.678)    9.133
   4.264   (   0.000   -4.457   -9.429)   10.430
   4.502   (   0.000    2.578   -5.220)    5.822
   4.537   (   0.000   -1.528   -4.474)    4.727
   4.819   (   0.000    0.306   -1.839)    1.864
   4.840   (   0.000   -2.544   -4.033)    4.768
======================= Grid point 781 (250/512) =======================
q-point: ( 0.07  0.47  0.20)
Mass variance parameters: 4.63e-04 4.63e-04 4.63e-04 4.63e-04 3.34e-04 3.34e-04 3.34e-04 3.34e-04 
Number of triplets: 1688
Frequency     group velocity (x, y, z)     |gv|
   1.395   (   0.010    3.484   -2.720)    4.420
   1.425   (   0.411   -0.205   -2.260)    2.307
   1.452   (  -0.336   -0.026    0.119)    0.358
   1.464   (   0.360   -0.947   -1.351)    1.688
   1.787   (   0.637    7.111   -4.355)    8.363
   1.875   (   0.353   -2.892   -3.660)    4.678
   1.905   (  -0.005    2.632   -4.948)    5.605
   1.940   (  -0.012   -2.515   -3.480)    4.294
   2.583   (   0.686    2.830   -8.284)    8.781
   2.608   (   0.522    0.054  -10.893)   10.906
   2.790   (  -0.709    3.033   -9.068)    9.588
   2.823   (  -0.836   -0.829  -11.566)   11.626
   3.823   (  -0.219    6.458   -9.197)   11.240
   3.849   (  -0.483    8.117  -10.100)   12.966
   3.893   (   0.194   -1.716   -6.517)    6.742
   3.969   (  -0.558   -6.111   -9.148)   11.015
   4.053   (   0.592    5.212   -5.191)    7.380
   4.145   (   0.103   -5.689   -4.608)    7.322
   4.198   (  -0.742    2.785   -8.607)    9.077
   4.261   (  -0.843   -4.457   -9.326)   10.370
   4.508   (   1.921    2.482   -5.255)    6.121
   4.541   (   1.437   -1.445   -4.450)    4.894
   4.817   (  -0.807    0.278   -1.883)    2.068
   4.838   (  -0.922   -2.528   -4.066)    4.876
======================= Grid point 782 (251/512) =======================
q-point: ( 0.13  0.47  0.20)
Mass variance parameters: 4.63e-04 4.63e-04 4.63e-04 4.63e-04 3.34e-04 3.34e-04 3.34e-04 3.34e-04 
Number of triplets: 1688
Frequency     group velocity (x, y, z)     |gv|
   1.396   (   0.158    3.393   -2.602)    4.279
   1.428   (   0.672   -0.331   -2.344)    2.461
   1.449   (  -0.405    0.233   -0.022)    0.468
   1.466   (   0.376   -0.944   -1.233)    1.598
   1.792   (   1.227    6.966   -4.298)    8.276
   1.878   (   0.595   -2.344   -3.649)    4.377
   1.905   (  -0.013    2.142   -4.754)    5.214
   1.940   (  -0.044   -2.484   -3.437)    4.240
   2.589   (   1.375    2.831   -8.413)    8.982
   2.613   (   1.072    0.212  -10.998)   11.052
   2.784   (  -1.397    2.919   -9.142)    9.698
   2.816   (  -1.647   -0.811  -11.527)   11.672
   3.821   (  -0.371    6.591   -9.335)   11.434
   3.845   (  -0.794    7.810   -9.846)   12.592
   3.894   (   0.306   -1.732   -6.693)    6.920
   3.965   (  -1.088   -5.927   -8.931)   10.774
   4.058   (   1.137    4.985   -5.454)    7.476
   4.146   (   0.222   -5.228   -4.734)    7.057
   4.192   (  -1.326    2.572   -8.394)    8.879
   4.254   (  -1.489   -4.471   -9.047)   10.200
   4.524   (   3.522    2.237   -5.330)    6.769
   4.553   (   2.701   -1.214   -4.372)    5.280
   4.810   (  -1.592    0.192   -2.014)    2.575
   4.830   (  -1.823   -2.483   -4.163)    5.179
======================= Grid point 783 (252/512) =======================
q-point: ( 0.20  0.47  0.20)
Mass variance parameters: 4.63e-04 4.63e-04 4.63e-04 4.63e-04 3.34e-04 3.34e-04 3.34e-04 3.34e-04 
Number of triplets: 1688
Frequency     group velocity (x, y, z)     |gv|
   1.397   (   0.431    3.296   -2.455)    4.132
   1.432   (   0.775   -0.408   -2.379)    2.535
   1.447   (  -0.411    0.480   -0.164)    0.653
   1.468   (   0.209   -0.954   -1.195)    1.543
   1.801   (   1.728    6.735   -4.214)    8.130
   1.882   (   0.556   -1.048   -3.694)    3.880
   1.905   (   0.070    0.978   -4.409)    4.516
   1.940   (  -0.117   -2.464   -3.367)    4.174
   2.599   (   2.050    2.852   -8.610)    9.299
   2.621   (   1.658    0.476  -11.142)   11.275
   2.774   (  -2.035    2.712   -9.254)    9.856
   2.804   (  -2.400   -0.793  -11.466)   11.741
   3.819   (  -0.405    6.775   -9.505)   11.679
   3.840   (  -0.916    7.507   -9.605)   12.226
   3.896   (   0.363   -1.908   -6.873)    7.142
   3.957   (  -1.514   -5.639   -8.651)   10.438
   4.066   (   1.572    4.663   -5.786)    7.596
   4.148   (   0.295   -4.342   -5.019)    6.642
   4.183   (  -1.600    2.027   -8.010)    8.416
   4.244   (  -1.891   -4.514   -8.652)    9.940
   4.547   (   4.666    1.936   -5.386)    7.384
   4.572   (   3.679   -0.868   -4.227)    5.671
   4.799   (  -2.330    0.038   -2.231)    3.226
   4.817   (  -2.677   -2.420   -4.314)    5.625
======================= Grid point 784 (253/512) =======================
q-point: ( 0.27  0.47  0.20)
Mass variance parameters: 4.63e-04 4.63e-04 4.63e-04 4.63e-04 3.34e-04 3.34e-04 3.34e-04 3.34e-04 
Number of triplets: 1688
Frequency     group velocity (x, y, z)     |gv|
   1.401   (   0.744    3.201   -2.288)    4.004
   1.437   (   0.625    0.148   -2.210)    2.302
   1.445   (  -0.304    0.130   -0.481)    0.584
   1.468   (  -0.039   -0.997   -1.207)    1.566
   1.812   (   2.104    6.437   -4.116)    7.925
   1.884   (   0.008    1.262   -3.857)    4.058
   1.906   (   0.449   -1.094   -3.908)    4.083
   1.939   (  -0.251   -2.494   -3.281)    4.129
   2.613   (   2.655    2.927   -8.859)    9.700
   2.632   (   2.246    0.851  -11.285)   11.538
   2.761   (  -2.568    2.379   -9.390)   10.021
   2.788   (  -3.048   -0.795  -11.386)   11.813
   3.817   (  -0.302    6.958   -9.646)   11.898
   3.834   (  -0.919    7.296   -9.466)   11.986
   3.898   (   0.435   -2.251   -7.029)    7.393
   3.947   (  -1.763   -5.292   -8.368)   10.057
   4.076   (   1.865    4.323   -6.112)    7.715
   4.149   (  -0.015   -2.367   -5.683)    6.156
   4.175   (  -1.235    0.413   -7.279)    7.394
   4.233   (  -2.105   -4.574   -8.186)    9.611
   4.577   (   5.354    1.662   -5.381)    7.771
   4.595   (   4.327   -0.429   -4.004)    5.911
   4.783   (  -2.984   -0.211   -2.538)    3.923
   4.799   (  -3.448   -2.362   -4.508)    6.147
======================= Grid point 785 (254/512) =======================
q-point: ( 0.33  0.47  0.20)
Mass variance parameters: 4.63e-04 4.63e-04 4.63e-04 4.63e-04 3.34e-04 3.34e-04 3.34e-04 3.34e-04 
Number of triplets: 1688
Frequency     group velocity (x, y, z)     |gv|
   1.406   (   1.020    3.101   -2.099)    3.881
   1.437   (  -0.458    2.118   -1.294)    2.524
   1.445   (   0.626   -1.589   -1.531)    2.294
   1.467   (  -0.315   -1.090   -1.261)    1.696
   1.825   (   2.326    6.091   -4.024)    7.662
   1.881   (  -0.823    3.323   -3.985)    5.254
   1.910   (   0.930   -2.785   -3.463)    4.540
   1.937   (  -0.449   -2.603   -3.193)    4.144
   2.630   (   3.096    3.112   -9.151)   10.149
   2.646   (   2.718    1.395  -11.369)   11.772
   2.745   (  -2.880    1.824   -9.531)   10.122
   2.769   (  -3.516   -0.854  -11.290)   11.855
   3.816   (  -0.094    7.100   -9.725)   12.041
   3.829   (  -0.858    7.193   -9.441)   11.899
   3.901   (   0.574   -2.706   -7.169)    7.684
   3.937   (  -1.806   -4.922   -8.106)    9.654
   4.088   (   2.033    4.026   -6.397)    7.827
   4.146   (  -1.182    1.115   -6.771)    6.963
   4.171   (   0.166   -2.754   -6.195)    6.782
   4.220   (  -2.184   -4.625   -7.680)    9.228
   4.609   (   5.603    1.508   -5.281)    7.846
   4.621   (   4.618    0.122   -3.698)    5.917
   4.764   (  -3.486   -0.615   -2.950)    4.608
   4.777   (  -4.069   -2.361   -4.729)    6.670
======================= Grid point 786 (255/512) =======================
q-point: ( 0.40  0.47  0.20)
Mass variance parameters: 4.63e-04 4.63e-04 4.63e-04 4.63e-04 3.34e-04 3.34e-04 3.34e-04 3.34e-04 
Number of triplets: 1688
Frequency     group velocity (x, y, z)     |gv|
   1.412   (   1.205    2.990   -1.886)    3.735
   1.433   (  -0.974    2.528   -1.178)    2.954
   1.450   (   0.928   -1.706   -1.765)    2.625
   1.465   (  -0.576   -1.231   -1.359)    1.922
   1.839   (   2.378    5.716   -3.954)    7.346
   1.875   (  -1.488    4.339   -3.977)    6.071
   1.916   (   1.130   -3.300   -3.224)    4.750
   1.933   (  -0.689   -2.793   -3.123)    4.246
   2.648   (   3.218    3.491   -9.493)   10.614
   2.662   (   2.647    2.352  -11.309)   11.850
   2.728   (  -2.585    0.770   -9.700)   10.069
   2.748   (  -3.653   -1.042  -11.163)   11.791
   3.816   (   0.161    7.181   -9.735)   12.098
   3.824   (  -0.755    7.174   -9.500)   11.928
   3.905   (   0.799   -3.204   -7.311)    8.022
   3.927   (  -1.668   -4.539   -7.869)    9.236
   4.100   (   2.119    3.791   -6.643)    7.937
   4.136   (  -1.932    2.883   -7.151)    7.949
   4.176   (   1.232   -4.279   -5.913)    7.402
   4.208   (  -2.155   -4.653   -7.157)    8.805
   4.640   (   5.264    1.652   -5.000)    7.446
   4.647   (   4.397    0.908   -3.324)    5.587
   4.744   (  -3.598   -1.347   -3.537)    5.222
   4.753   (  -4.328   -2.557   -4.957)    7.060
======================= Grid point 787 (256/512) =======================
q-point: ( 0.47  0.47  0.20)
Mass variance parameters: 4.63e-04 4.63e-04 4.63e-04 4.63e-04 3.34e-04 3.34e-04 3.34e-04 3.34e-04 
Number of triplets: 1688
Frequency     group velocity (x, y, z)     |gv|
   1.419   (   1.266    2.860   -1.647)    3.535
   1.427   (  -1.191    2.708   -1.395)    3.271
   1.456   (   0.916   -1.567   -1.652)    2.454
   1.461   (  -0.788   -1.399   -1.496)    2.194
   1.852   (   2.254    5.322   -3.923)    6.985
   1.864   (  -1.957    4.894   -3.935)    6.577
   1.923   (   1.094   -3.254   -3.118)    4.638
   1.929   (  -0.923   -3.034   -3.092)    4.429
   2.665   (   2.546    4.125   -9.953)   11.071
   2.673   (   0.420    4.020  -10.789)   11.521
   2.719   (  -0.150   -1.086  -10.197)   10.256
   2.728   (  -2.944   -1.435  -10.902)   11.383
   3.818   (   0.406    7.207   -9.685)   12.079
   3.821   (  -0.607    7.193   -9.596)   12.008
   3.911   (   1.092   -3.688   -7.471)    8.403
   3.918   (  -1.406   -4.133   -7.657)    8.814
   4.112   (   2.153    3.599   -6.863)    8.044
   4.124   (  -2.127    3.379   -7.058)    8.109
   4.185   (   1.737   -4.591   -6.194)    7.904
   4.196   (  -2.014   -4.651   -6.647)    8.359
   4.666   (   3.181    2.469   -4.151)    5.783
   4.669   (   2.416    2.279   -3.141)    4.571
   4.726   (  -1.919   -2.837   -4.493)    5.650
   4.730   (  -3.077   -3.251   -5.116)    6.798
======================= Grid point 900 (257/512) =======================
q-point: ( 0.00  0.00  0.27)
Mass variance parameters: 4.63e-04 4.63e-04 4.63e-04 4.63e-04 3.34e-04 3.34e-04 3.34e-04 3.34e-04 
Number of triplets: 512
Frequency     group velocity (x, y, z)     |gv|
   0.843   (   0.000    0.000   12.069)   12.069
   1.228   (   0.000    0.000   12.895)   12.895
   1.319   (   0.000    0.000    9.598)    9.598
   1.414   (   0.000    0.000    5.301)    5.301
   1.552   (   0.000    0.000   10.826)   10.826
   1.582   (   0.000    0.000    4.677)    4.677
   1.659   (   0.000    0.000   10.304)   10.304
   1.819   (   0.000    0.000    4.883)    4.883
   2.125   (   0.000    0.000   11.099)   11.099
   2.370   (   0.000    0.000    9.047)    9.047
   2.395   (   0.000    0.000   14.162)   14.162
   2.595   (   0.000    0.000   12.619)   12.619
   3.642   (   0.000    0.000    8.046)    8.046
   3.757   (   0.000    0.000    6.614)    6.614
   3.911   (   0.000    0.000    4.966)    4.966
   3.969   (   0.000    0.000    3.407)    3.407
   4.025   (   0.000    0.000    3.509)    3.509
   4.135   (   0.000    0.000    7.108)    7.108
   4.235   (   0.000    0.000    6.586)    6.586
   4.350   (   0.000    0.000   13.338)   13.338
   4.504   (   0.000    0.000    6.693)    6.693
   4.596   (   0.000    0.000    3.282)    3.282
   4.698   (   0.000    0.000    6.216)    6.216
   5.333   (   0.000    0.000    0.519)    0.519
======================= Grid point 901 (258/512) =======================
q-point: ( 0.07  0.00  0.27)
Mass variance parameters: 4.63e-04 4.63e-04 4.63e-04 4.63e-04 3.34e-04 3.34e-04 3.34e-04 3.34e-04 
Number of triplets: 904
Frequency     group velocity (x, y, z)     |gv|
   0.854   (   3.482    0.000   11.858)   12.359
   1.230   (   0.826    0.000   12.857)   12.883
   1.321   (   0.828    0.000    9.459)    9.495
   1.411   (  -0.771    0.000    5.456)    5.510
   1.534   (  -4.508    0.000    9.520)   10.533
   1.599   (   4.207    0.000    6.006)    7.332
   1.657   (  -0.738    0.000   10.079)   10.106
   1.818   (  -0.468    0.000    4.893)    4.915
   2.127   (   0.785    0.000   11.190)   11.218
   2.366   (  -1.201    0.000    9.346)    9.423
   2.397   (   0.631    0.000   13.889)   13.903
   2.591   (  -1.375    0.000   12.658)   12.732
   3.643   (   0.316    0.000    8.035)    8.041
   3.755   (  -0.703    0.000    6.641)    6.678
   3.914   (   0.702    0.000    4.938)    4.987
   3.969   (   0.126    0.000    3.458)    3.460
   4.024   (  -0.307    0.000    3.520)    3.533
   4.127   (  -2.356    0.000    6.843)    7.237
   4.242   (   2.050    0.000    7.108)    7.398
   4.349   (  -0.413    0.000   13.341)   13.347
   4.498   (  -1.693    0.000    6.107)    6.338
   4.613   (   5.181    0.000    3.294)    6.139
   4.697   (  -0.314    0.000    6.447)    6.454
   5.327   (  -2.068    0.000    0.570)    2.145
======================= Grid point 902 (259/512) =======================
q-point: ( 0.13  0.00  0.27)
Mass variance parameters: 4.63e-04 4.63e-04 4.63e-04 4.63e-04 3.34e-04 3.34e-04 3.34e-04 3.34e-04 
Number of triplets: 904
Frequency     group velocity (x, y, z)     |gv|
   0.883   (   6.475    0.000   11.290)   13.015
   1.237   (   1.626    0.000   12.745)   12.849
   1.327   (   1.017    0.000    8.986)    9.043
   1.406   (  -0.940    0.000    5.954)    6.028
   1.507   (  -5.009    0.000    9.302)   10.565
   1.624   (   4.417    0.000    6.289)    7.685
   1.651   (  -1.534    0.000    9.465)    9.588
   1.814   (  -0.929    0.000    4.922)    5.009
   2.134   (   1.578    0.000   11.436)   11.545
   2.357   (  -2.029    0.000    9.748)    9.957
   2.402   (   0.925    0.000   13.572)   13.604
   2.580   (  -2.596    0.000   12.768)   13.029
   3.646   (   0.625    0.000    8.001)    8.026
   3.749   (  -1.284    0.000    6.718)    6.840
   3.919   (   1.281    0.000    4.859)    5.025
   3.970   (   0.301    0.000    3.602)    3.615
   4.021   (  -0.608    0.000    3.553)    3.605
   4.110   (  -3.390    0.000    6.388)    7.232
   4.256   (   2.701    0.000    8.266)    8.696
   4.345   (  -0.824    0.000   13.332)   13.358
   4.490   (  -0.898    0.000    5.097)    5.176
   4.648   (   5.603    0.000    2.331)    6.069
   4.698   (   1.525    0.000    7.479)    7.633
   5.309   (  -4.082    0.000    0.721)    4.146
======================= Grid point 903 (260/512) =======================
q-point: ( 0.20  0.00  0.27)
Mass variance parameters: 4.63e-04 4.63e-04 4.63e-04 4.63e-04 3.34e-04 3.34e-04 3.34e-04 3.34e-04 
Number of triplets: 904
Frequency     group velocity (x, y, z)     |gv|
   0.927   (   8.656    0.000   10.523)   13.626
   1.249   (   2.375    0.000   12.564)   12.787
   1.330   (  -0.566    0.000    8.104)    8.124
   1.404   (   0.581    0.000    6.821)    6.846
   1.477   (  -5.155    0.000    9.485)   10.796
   1.639   (  -2.418    0.000    8.618)    8.951
   1.649   (   4.293    0.000    6.214)    7.552
   1.807   (  -1.378    0.000    4.971)    5.158
   2.145   (   2.369    0.000   11.757)   11.993
   2.343   (  -2.698    0.000   10.056)   10.412
   2.408   (   1.138    0.000   13.426)   13.474
   2.562   (  -3.529    0.000   12.926)   13.399
   3.650   (   0.921    0.000    7.946)    8.000
   3.740   (  -1.690    0.000    6.831)    7.037
   3.928   (   1.685    0.000    4.744)    5.034
   3.973   (   0.558    0.000    3.820)    3.860
   4.017   (  -0.897    0.000    3.608)    3.718
   4.090   (  -3.588    0.000    6.015)    7.004
   4.271   (   2.445    0.000    9.588)    9.895
   4.339   (  -1.143    0.000   13.284)   13.333
   4.489   (   0.740    0.000    4.129)    4.195
   4.661   (  -0.625    0.000    2.566)    2.641
   4.729   (   8.801    0.000    6.918)   11.195
   5.280   (  -5.992    0.000    0.969)    6.070
======================= Grid point 904 (261/512) =======================
q-point: ( 0.27  0.00  0.27)
Mass variance parameters: 4.63e-04 4.63e-04 4.63e-04 4.63e-04 3.34e-04 3.34e-04 3.34e-04 3.34e-04 
Number of triplets: 904
Frequency     group velocity (x, y, z)     |gv|
   0.981   (   9.927    0.000    9.726)   13.898
   1.265   (   3.053    0.000   12.322)   12.695
   1.318   (  -3.460    0.000    7.387)    8.157
   1.415   (   3.267    0.000    7.439)    8.125
   1.447   (  -5.196    0.000    9.795)   11.088
   1.623   (  -3.373    0.000    7.737)    8.440
   1.674   (   4.092    0.000    6.050)    7.304
   1.798   (  -1.808    0.000    5.039)    5.354
   2.161   (   3.119    0.000   12.049)   12.447
   2.326   (  -3.306    0.000   10.369)   10.883
   2.415   (   1.414    0.000   13.371)   13.445
   2.540   (  -4.078    0.000   13.097)   13.718
   3.656   (   1.198    0.000    7.871)    7.962
   3.730   (  -1.930    0.000    6.966)    7.228
   3.939   (   1.923    0.000    4.605)    4.991
   3.977   (   0.899    0.000    4.082)    4.180
   4.011   (  -1.170    0.000    3.684)    3.865
   4.069   (  -3.449    0.000    5.731)    6.689
   4.284   (   1.895    0.000   10.786)   10.951
   4.332   (  -1.277    0.000   13.191)   13.253
   4.498   (   2.291    0.000    3.381)    4.084
   4.651   (  -2.662    0.000    3.276)    4.221
   4.788   (  11.297    0.000    5.614)   12.615
   5.240   (  -7.745    0.000    1.308)    7.855
======================= Grid point 905 (262/512) =======================
q-point: ( 0.33  0.00  0.27)
Mass variance parameters: 4.63e-04 4.63e-04 4.63e-04 4.63e-04 3.34e-04 3.34e-04 3.34e-04 3.34e-04 
Number of triplets: 904
Frequency     group velocity (x, y, z)     |gv|
   1.040   (  10.364    0.000    9.024)   13.742
   1.284   (   3.644    0.000   12.028)   12.567
   1.291   (  -5.636    0.000    7.295)    9.219
   1.417   (  -5.157    0.000   10.159)   11.393
   1.440   (   5.016    0.000    7.347)    8.896
   1.600   (  -4.335    0.000    7.005)    8.238
   1.697   (   3.852    0.000    5.866)    7.017
   1.786   (  -2.217    0.000    5.128)    5.587
   2.181   (   3.767    0.000   12.219)   12.786
   2.305   (  -3.846    0.000   10.746)   11.413
   2.425   (   1.799    0.000   13.355)   13.475
   2.515   (  -4.211    0.000   13.243)   13.896
   3.664   (   1.449    0.000    7.777)    7.911
   3.718   (  -2.038    0.000    7.111)    7.398
   3.950   (   2.027    0.000    4.456)    4.895
   3.983   (   1.301    0.000    4.358)    4.548
   4.003   (  -1.419    0.000    3.778)    4.036
   4.050   (  -3.186    0.000    5.501)    6.357
   4.293   (   1.396    0.000   11.688)   11.771
   4.325   (  -1.237    0.000   13.080)   13.139
   4.515   (   3.417    0.000    2.953)    4.516
   4.633   (  -3.492    0.000    3.360)    4.846
   4.857   (  12.177    0.000    4.773)   13.080
   5.191   (  -9.291    0.000    1.730)    9.451
======================= Grid point 906 (263/512) =======================
q-point: ( 0.40  0.00  0.27)
Mass variance parameters: 4.63e-04 4.63e-04 4.63e-04 4.63e-04 3.34e-04 3.34e-04 3.34e-04 3.34e-04 
Number of triplets: 904
Frequency     group velocity (x, y, z)     |gv|
   1.100   (  10.137    0.000    8.471)   13.210
   1.254   (  -7.186    0.000    7.476)   10.369
   1.307   (   4.139    0.000   11.691)   12.403
   1.387   (  -5.038    0.000   10.546)   11.688
   1.471   (   5.851    0.000    6.961)    9.093
   1.573   (  -5.193    0.000    6.551)    8.360
   1.718   (   3.582    0.000    5.685)    6.719
   1.772   (  -2.600    0.000    5.238)    5.847
   2.204   (   4.247    0.000   12.205)   12.923
   2.281   (  -4.267    0.000   11.185)   11.971
   2.436   (   2.300    0.000   13.358)   13.555
   2.492   (  -3.975    0.000   13.334)   13.914
   3.673   (   1.667    0.000    7.666)    7.845
   3.706   (  -2.046    0.000    7.259)    7.542
   3.962   (   2.029    0.000    4.305)    4.759
   3.992   (   1.727    0.000    4.624)    4.936
   3.994   (  -1.638    0.000    3.890)    4.221
   4.032   (  -2.873    0.000    5.294)    6.023
   4.300   (   1.085    0.000   12.276)   12.324
   4.318   (  -1.113    0.000   12.966)   13.013
   4.537   (   4.077    0.000    2.818)    4.956
   4.611   (  -4.008    0.000    3.237)    5.153
   4.928   (  12.421    0.000    4.059)   13.068
   5.133   ( -10.580    0.000    2.227)   10.811
======================= Grid point 907 (264/512) =======================
q-point: ( 0.47  0.00  0.27)
Mass variance parameters: 4.63e-04 4.63e-04 4.63e-04 4.63e-04 3.34e-04 3.34e-04 3.34e-04 3.34e-04 
Number of triplets: 904
Frequency     group velocity (x, y, z)     |gv|
   1.157   (   9.441    0.000    8.056)   12.411
   1.209   (  -8.432    0.000    7.737)   11.444
   1.332   (   4.536    0.000   11.325)   12.199
   1.359   (  -4.834    0.000   10.939)   11.959
   1.506   (   6.073    0.000    6.594)    8.964
   1.541   (  -5.816    0.000    6.423)    8.665
   1.738   (   3.283    0.000    5.517)    6.420
   1.756   (  -2.955    0.000    5.367)    6.127
   2.230   (   4.502    0.000   11.995)   12.812
   2.256   (  -4.504    0.000   11.629)   12.471
   2.451   (   2.888    0.000   13.369)   13.677
   2.470   (  -3.486    0.000   13.369)   13.816
   3.683   (   1.846    0.000    7.541)    7.763
   3.694   (  -1.976    0.000    7.404)    7.663
   3.973   (   1.954    0.000    4.157)    4.593
   3.984   (  -1.820    0.000    4.018)    4.411
   4.003   (   2.141    0.000    4.868)    5.318
   4.017   (  -2.525    0.000    5.088)    5.680
   4.306   (   0.968    0.000   12.626)   12.663
   4.312   (  -0.998    0.000   12.830)   12.869
   4.562   (   4.343    0.000    2.883)    5.213
   4.587   (  -4.299    0.000    3.051)    5.272
   5.000   (  12.194    0.000    3.400)   12.659
   5.069   ( -11.563    0.000    2.787)   11.894
======================= Grid point 915 (265/512) =======================
q-point: ( 0.00  0.07  0.27)
Mass variance parameters: 4.63e-04 4.63e-04 4.63e-04 4.63e-04 3.34e-04 3.34e-04 3.34e-04 3.34e-04 
Number of triplets: 904
Frequency     group velocity (x, y, z)     |gv|
   0.872   (   0.000    3.524   11.057)   11.605
   1.164   (   0.000   -6.346   16.246)   17.442
   1.285   (   0.000   -4.395    9.450)   10.422
   1.412   (   0.000   -0.173    4.424)    4.428
   1.548   (   0.000    0.111    7.344)    7.344
   1.595   (   0.000    1.574    4.616)    4.877
   1.708   (   0.000    4.557    7.299)    8.605
   1.822   (   0.000    0.404    5.406)    5.421
   2.145   (   0.000    2.540   11.463)   11.741
   2.396   (   0.000    0.052   12.234)   12.234
   2.408   (   0.000    4.498    8.050)    9.222
   2.596   (   0.000    0.096   11.169)   11.169
   3.619   (   0.000   -2.834    7.755)    8.257
   3.722   (   0.000   -4.031    6.930)    8.017
   3.882   (   0.000   -2.935    4.590)    5.448
   3.967   (   0.000   -1.226    2.092)    2.425
   4.019   (   0.000    0.183    4.568)    4.572
   4.156   (   0.000    2.096    6.128)    6.477
   4.249   (   0.000    1.473    4.589)    4.819
   4.367   (   0.000    1.817   12.322)   12.455
   4.503   (   0.000   -0.102    6.045)    6.046
   4.588   (   0.000   -1.094    2.977)    3.171
   4.707   (   0.000    1.105    6.329)    6.424
   5.308   (   0.000   -3.046    0.044)    3.046
======================= Grid point 916 (266/512) =======================
q-point: ( 0.07  0.07  0.27)
Mass variance parameters: 4.63e-04 4.63e-04 4.63e-04 4.63e-04 3.34e-04 3.34e-04 3.34e-04 3.34e-04 
Number of triplets: 1688
Frequency     group velocity (x, y, z)     |gv|
   0.882   (   3.230    3.435   10.875)   11.853
   1.167   (   0.814   -6.358   16.147)   17.373
   1.286   (   0.190   -4.520    9.537)   10.555
   1.410   (  -0.680   -0.171    4.422)    4.478
   1.539   (  -2.607    0.781    7.092)    7.596
   1.604   (   2.729    1.059    4.830)    5.648
   1.706   (  -0.643    4.526    7.185)    8.516
   1.821   (  -0.505    0.390    5.406)    5.444
   2.147   (   0.939    2.589   11.514)   11.839
   2.395   (  -0.559    0.927   11.584)   11.635
   2.408   (  -0.025    3.620    8.725)    9.446
   2.592   (  -1.366    0.099   11.202)   11.286
   3.619   (   0.303   -2.838    7.745)    8.254
   3.720   (  -0.587   -3.995    6.938)    8.027
   3.883   (   0.516   -2.970    4.589)    5.490
   3.967   (   0.147   -1.269    2.130)    2.484
   4.018   (  -0.291    0.232    4.587)    4.602
   4.149   (  -2.178    2.147    5.844)    6.596
   4.255   (   1.957    1.427    5.090)    5.637
   4.365   (  -0.616    1.742   12.285)   12.424
   4.498   (  -1.236    0.082    5.607)    5.743
   4.603   (   4.924   -1.208    2.987)    5.884
   4.706   (  -0.374    1.091    6.489)    6.591
   5.302   (  -2.035   -3.034    0.093)    3.655
======================= Grid point 917 (267/512) =======================
q-point: ( 0.13  0.07  0.27)
Mass variance parameters: 4.63e-04 4.63e-04 4.63e-04 4.63e-04 3.34e-04 3.34e-04 3.34e-04 3.34e-04 
Number of triplets: 1688
Frequency     group velocity (x, y, z)     |gv|
   0.909   (   6.002    3.180   10.389)   12.412
   1.173   (   1.574   -6.394   15.848)   17.161
   1.287   (   0.120   -4.821    9.794)   10.917
   1.404   (  -1.381   -0.251    4.447)    4.663
   1.523   (  -2.741    1.842    6.887)    7.638
   1.621   (   3.046    0.506    4.879)    5.774
   1.701   (  -1.086    4.421    6.887)    8.255
   1.817   (  -0.996    0.350    5.406)    5.508
   2.155   (   1.860    2.728   11.645)   12.104
   2.389   (  -1.463    2.700   10.272)   10.721
   2.409   (   0.332    1.840   10.122)   10.293
   2.581   (  -2.582    0.108   11.296)   11.588
   3.622   (   0.598   -2.849    7.715)    8.246
   3.715   (  -1.087   -3.895    6.961)    8.050
   3.888   (   0.967   -3.059    4.583)    5.595
   3.969   (   0.221   -1.434    2.246)    2.674
   4.016   (  -0.468    0.411    4.633)    4.675
   4.133   (  -3.133    2.251    5.369)    6.612
   4.269   (   2.619    1.343    6.168)    6.834
   4.360   (  -1.108    1.572   12.165)   12.316
   4.493   (  -0.385    0.438    4.881)    4.915
   4.638   (   6.236   -1.265    2.312)    6.769
   4.705   (   0.527    0.904    7.155)    7.231
   5.285   (  -4.018   -2.999    0.241)    5.019
======================= Grid point 918 (268/512) =======================
q-point: ( 0.20  0.07  0.27)
Mass variance parameters: 4.63e-04 4.63e-04 4.63e-04 4.63e-04 3.34e-04 3.34e-04 3.34e-04 3.34e-04 
Number of triplets: 1688
Frequency     group velocity (x, y, z)     |gv|
   0.950   (   7.999    2.776    9.753)   12.916
   1.185   (   2.213   -6.452   15.339)   16.787
   1.286   (  -0.406   -5.047   10.178)   11.368
   1.393   (  -2.191   -0.611    4.628)    5.157
   1.510   (  -1.702    3.003    6.650)    7.493
   1.637   (   1.956    0.384    4.728)    5.131
   1.695   (  -0.737    4.047    6.506)    7.697
   1.809   (  -1.457    0.294    5.404)    5.604
   2.169   (   2.737    2.934   11.796)   12.460
   2.378   (  -2.369    3.760    9.593)   10.572
   2.412   (   0.765    0.765   10.968)   11.021
   2.563   (  -3.517    0.117   11.424)   11.954
   3.626   (   0.877   -2.870    7.667)    8.233
   3.708   (  -1.454   -3.757    7.000)    8.076
   3.894   (   1.326   -3.165    4.571)    5.716
   3.970   (   0.087   -1.807    2.463)    3.056
   4.013   (  -0.373    0.800    4.660)    4.743
   4.114   (  -3.320    2.344    4.997)    6.441
   4.284   (   2.429    1.289    7.385)    7.880
   4.352   (  -1.358    1.413   11.967)   12.126
   4.495   (   1.091    0.738    4.195)    4.397
   4.661   (   0.981   -0.205    2.057)    2.288
   4.724   (   6.847   -0.407    7.048)    9.835
   5.256   (  -5.895   -2.940    0.483)    6.605
======================= Grid point 919 (269/512) =======================
q-point: ( 0.27  0.07  0.27)
Mass variance parameters: 4.63e-04 4.63e-04 4.63e-04 4.63e-04 3.34e-04 3.34e-04 3.34e-04 3.34e-04 
Number of triplets: 1688
Frequency     group velocity (x, y, z)     |gv|
   1.000   (   9.098    2.232    9.153)   13.097
   1.199   (   2.578   -6.525   14.582)   16.183
   1.282   (  -1.301   -4.798   10.560)   11.671
   1.378   (  -3.155   -1.320    5.192)    6.217
   1.505   (   0.125    4.014    6.186)    7.375
   1.640   (  -0.874    1.289    4.578)    4.835
   1.696   (   1.198    2.786    6.066)    6.782
   1.800   (  -1.875    0.238    5.396)    5.717
   2.187   (   3.529    3.179   11.891)   12.804
   2.362   (  -3.169    4.182    9.527)   10.877
   2.418   (   1.204    0.317   11.314)   11.382
   2.541   (  -4.073    0.123   11.550)   12.248
   3.632   (   1.133   -2.903    7.604)    8.218
   3.699   (  -1.688   -3.603    7.054)    8.099
   3.903   (   1.601   -3.253    4.546)    5.815
   3.969   (  -0.401   -2.374    2.835)    3.720
   4.012   (   0.142    1.380    4.581)    4.786
   4.095   (  -3.199    2.399    4.730)    6.194
   4.297   (   1.928    1.281    8.527)    8.836
   4.344   (  -1.362    1.327   11.734)   11.887
   4.505   (   2.440    0.900    3.634)    4.469
   4.655   (  -2.307    0.543    3.092)    3.896
   4.777   (  10.622   -1.392    5.412)   12.002
   5.217   (  -7.615   -2.857    0.816)    8.175
======================= Grid point 920 (270/512) =======================
q-point: ( 0.33  0.07  0.27)
Mass variance parameters: 4.63e-04 4.63e-04 4.63e-04 4.63e-04 3.34e-04 3.34e-04 3.34e-04 3.34e-04 
Number of triplets: 1688
Frequency     group velocity (x, y, z)     |gv|
   1.053   (   9.326    1.519    8.763)   12.887
   1.213   (   2.001   -6.501   13.415)   15.040
   1.272   (  -1.688   -3.895   10.855)   11.656
   1.357   (  -4.025   -2.177    6.229)    7.729
   1.511   (   2.128    4.464    5.574)    7.451
   1.628   (  -3.200    2.406    4.474)    6.004
   1.708   (   2.641    1.462    5.678)    6.431
   1.788   (  -2.242    0.201    5.381)    5.833
   2.209   (   4.182    3.438   11.863)   13.040
   2.341   (  -3.867    4.305    9.802)   11.383
   2.426   (   1.700    0.144   11.453)   11.579
   2.516   (  -4.213    0.122   11.635)   12.375
   3.639   (   1.360   -2.949    7.531)    8.201
   3.689   (  -1.809   -3.452    7.122)    8.118
   3.913   (   1.807   -3.303    4.499)    5.867
   3.965   (  -1.087   -2.859    3.324)    4.517
   4.015   (   0.912    1.872    4.403)    4.870
   4.078   (  -2.969    2.412    4.535)    5.933
   4.306   (   1.431    1.303    9.459)    9.656
   4.337   (  -1.223    1.306   11.496)   11.635
   4.523   (   3.434    0.947    3.270)    4.836
   4.639   (  -3.372    0.733    3.370)    4.824
   4.842   (  11.768   -1.798    4.390)   12.688
   5.168   (  -9.128   -2.751    1.233)    9.613
======================= Grid point 921 (271/512) =======================
q-point: ( 0.40  0.07  0.27)
Mass variance parameters: 4.63e-04 4.63e-04 4.63e-04 4.63e-04 3.34e-04 3.34e-04 3.34e-04 3.34e-04 
Number of triplets: 1688
Frequency     group velocity (x, y, z)     |gv|
   1.106   (   8.793    0.556    8.718)   12.395
   1.215   (  -1.771   -5.244   11.460)   12.727
   1.268   (   0.941   -3.521   11.283)   11.857
   1.332   (  -4.478   -3.023    7.649)    9.365
   1.528   (   3.667    4.347    5.023)    7.588
   1.606   (  -4.293    3.035    4.383)    6.844
   1.724   (   2.999    0.793    5.477)    6.294
   1.774   (  -2.552    0.208    5.366)    5.945
   2.235   (   4.639    3.695   11.668)   13.089
   2.317   (  -4.424    4.268   10.268)   11.968
   2.437   (   2.269    0.093   11.521)   11.742
   2.493   (  -3.983    0.116   11.657)   12.319
   3.648   (   1.551   -3.011    7.450)    8.184
   3.678   (  -1.840   -3.313    7.198)    8.135
   3.924   (   1.941   -3.311    4.417)    5.852
   3.957   (  -1.612   -3.107    3.759)    5.136
   4.023   (   1.575    2.126    4.272)    5.025
   4.061   (  -2.703    2.387    4.390)    5.681
   4.314   (   1.088    1.330   10.146)   10.290
   4.330   (  -1.052    1.319   11.253)   11.379
   4.544   (   4.038    0.933    3.120)    5.187
   4.617   (  -3.943    0.808    3.349)    5.236
   4.911   (  12.102   -2.068    3.604)   12.795
   5.112   ( -10.384   -2.621    1.727)   10.848
======================= Grid point 922 (272/512) =======================
q-point: ( 0.47  0.07  0.27)
Mass variance parameters: 4.63e-04 4.63e-04 4.63e-04 4.63e-04 3.34e-04 3.34e-04 3.34e-04 3.34e-04 
Number of triplets: 1688
Frequency     group velocity (x, y, z)     |gv|
   1.154   (   7.595   -0.789    9.099)   11.879
   1.193   (  -5.612   -2.700    9.929)   11.720
   1.283   (   3.584   -4.003   10.723)   11.994
   1.306   (  -4.391   -3.732    9.267)   10.912
   1.552   (   4.516    3.957    4.631)    7.583
   1.579   (  -4.702    3.505    4.419)    7.343
   1.742   (   2.971    0.456    5.389)    6.171
   1.758   (  -2.801    0.283    5.362)    6.056
   2.263   (   4.845    3.932   11.302)   12.910
   2.291   (  -4.769    4.132   10.806)   12.514
   2.452   (   2.889    0.091   11.575)   11.930
   2.471   (  -3.497    0.104   11.627)   12.142
   3.657   (   1.700   -3.092    7.365)    8.167
   3.667   (  -1.799   -3.193    7.280)    8.151
   3.935   (   1.981   -3.283    4.281)    5.748
   3.946   (  -1.890   -3.222    4.072)    5.526
   4.033   (   2.051    2.252    4.242)    5.223
   4.046   (  -2.407    2.332    4.290)    5.444
   4.319   (   0.930    1.342   10.629)   10.754
   4.325   (  -0.934    1.337   10.979)   11.099
   4.569   (   4.290    0.897    3.133)    5.387
   4.593   (  -4.245    0.856    3.236)    5.406
   4.981   (  11.925   -2.284    2.914)   12.487
   5.049   ( -11.333   -2.466    2.289)   11.822
======================= Grid point 930 (273/512) =======================
q-point: ( 0.00  0.13  0.27)
Mass variance parameters: 4.63e-04 4.63e-04 4.63e-04 4.63e-04 3.34e-04 3.34e-04 3.34e-04 3.34e-04 
Number of triplets: 904
Frequency     group velocity (x, y, z)     |gv|
   0.951   (   0.000    6.120    8.751)   10.679
   1.066   (   0.000   -4.961   17.308)   18.005
   1.204   (   0.000   -4.694    8.903)   10.065
   1.412   (   0.000    0.323    1.991)    2.017
   1.553   (   0.000    0.238    2.261)    2.273
   1.631   (   0.000    2.860    4.465)    5.303
   1.768   (   0.000    2.341    2.919)    3.742
   1.833   (   0.000    1.061    5.796)    5.892
   2.209   (   0.000    5.584   10.418)   11.820
   2.394   (   0.000   -0.436    7.381)    7.394
   2.498   (   0.000    6.150    5.709)    8.392
   2.598   (   0.000    0.165    7.151)    7.153
   3.559   (   0.000   -4.357    6.612)    7.919
   3.642   (   0.000   -5.478    6.630)    8.600
   3.832   (   0.000   -3.058    3.538)    4.676
   3.936   (   0.000   -2.082    1.081)    2.346
   4.028   (   0.000    0.517    3.777)    3.813
   4.187   (   0.000    1.601    4.463)    4.741
   4.273   (   0.000    1.262    1.120)    1.687
   4.391   (   0.000    0.671    8.102)    8.130
   4.507   (   0.000    0.853    5.196)    5.266
   4.561   (   0.000   -2.194    2.045)    2.999
   4.733   (   0.000    2.135    6.176)    6.534
   5.238   (   0.000   -5.672   -1.302)    5.819
======================= Grid point 931 (274/512) =======================
q-point: ( 0.07  0.13  0.27)
Mass variance parameters: 4.63e-04 4.63e-04 4.63e-04 4.63e-04 3.34e-04 3.34e-04 3.34e-04 3.34e-04 
Number of triplets: 1688
Frequency     group velocity (x, y, z)     |gv|
   0.959   (   2.572    5.972    8.639)   10.812
   1.069   (   0.766   -4.959   17.140)   17.860
   1.204   (  -0.142   -4.710    9.050)   10.204
   1.410   (  -0.706    0.324    1.971)    2.119
   1.552   (  -0.338    0.546    2.402)    2.486
   1.634   (   1.073    2.611    4.264)    5.114
   1.766   (  -0.739    2.357    2.949)    3.847
   1.831   (  -0.614    1.042    5.790)    5.915
   2.212   (   1.143    5.592   10.399)   11.862
   2.395   (   0.323   -0.409    7.357)    7.376
   2.495   (  -0.883    6.137    5.744)    8.452
   2.594   (  -1.339    0.173    7.177)    7.303
   3.560   (   0.284   -4.359    6.604)    7.918
   3.641   (  -0.380   -5.442    6.619)    8.578
   3.833   (   0.386   -3.074    3.552)    4.713
   3.935   (  -0.103   -2.119    1.166)    2.421
   4.028   (   0.004    0.567    3.737)    3.780
   4.182   (  -1.862    1.686    4.212)    4.904
   4.278   (   1.553    1.140    1.533)    2.462
   4.388   (  -1.024    0.613    7.986)    8.075
   4.506   (  -0.164    1.064    5.017)    5.131
   4.575   (   4.299   -2.340    2.062)    5.311
   4.732   (  -0.511    2.113    6.220)    6.589
   5.232   (  -1.937   -5.648   -1.257)    6.101
======================= Grid point 932 (275/512) =======================
q-point: ( 0.13  0.13  0.27)
Mass variance parameters: 4.63e-04 4.63e-04 4.63e-04 4.63e-04 3.34e-04 3.34e-04 3.34e-04 3.34e-04 
Number of triplets: 1688
Frequency     group velocity (x, y, z)     |gv|
   0.980   (   4.673    5.496    8.401)   11.074
   1.075   (   1.548   -4.917   16.577)   17.360
   1.202   (  -0.284   -4.728    9.477)   10.594
   1.403   (  -1.523    0.342    1.953)    2.500
   1.550   (  -0.143    1.231    2.652)    2.927
   1.642   (   1.638    2.076    3.792)    4.623
   1.760   (  -1.339    2.401    3.059)    4.113
   1.826   (  -1.191    0.986    5.772)    5.975
   2.222   (   2.234    5.616   10.339)   11.976
   2.398   (   0.666   -0.321    7.292)    7.329
   2.488   (  -1.748    6.093    5.855)    8.629
   2.583   (  -2.546    0.189    7.244)    7.680
   3.562   (   0.558   -4.366    6.582)    7.918
   3.638   (  -0.723   -5.344    6.589)    8.515
   3.837   (   0.766   -3.114    3.588)    4.812
   3.934   (  -0.325   -2.231    1.412)    2.660
   4.029   (   0.155    0.711    3.617)    3.690
   4.168   (  -2.813    1.840    3.800)    5.074
   4.289   (   2.176    0.892    2.395)    3.356
   4.380   (  -1.523    0.535    7.738)    7.905
   4.507   (   0.720    1.450    4.753)    5.021
   4.607   (   6.423   -2.573    1.756)    7.139
   4.728   (  -0.598    1.978    6.377)    6.703
   5.215   (  -3.820   -5.576   -1.122)    6.852
======================= Grid point 933 (276/512) =======================
q-point: ( 0.20  0.13  0.27)
Mass variance parameters: 4.63e-04 4.63e-04 4.63e-04 4.63e-04 3.34e-04 3.34e-04 3.34e-04 3.34e-04 
Number of triplets: 1688
Frequency     group velocity (x, y, z)     |gv|
   1.011   (   5.850    4.532    8.400)   11.195
   1.087   (   2.392   -4.680   15.376)   16.250
   1.200   (  -0.345   -4.640   10.120)   11.138
   1.392   (  -2.477    0.409    2.030)    3.229
   1.551   (   0.584    1.936    2.770)    3.429
   1.652   (   1.543    1.560    3.192)    3.873
   1.751   (  -1.602    2.447    3.319)    4.424
   1.818   (  -1.691    0.901    5.731)    6.042
   2.238   (   3.229    5.656   10.230)   12.127
   2.403   (   1.038   -0.151    7.201)    7.277
   2.475   (  -2.575    5.999    6.067)    8.912
   2.565   (  -3.495    0.200    7.318)    8.112
   3.566   (   0.810   -4.379    6.550)    7.920
   3.633   (  -1.006   -5.203    6.548)    8.424
   3.842   (   1.133   -3.162    3.630)    4.946
   3.931   (  -0.714   -2.402    1.791)    3.080
   4.030   (   0.523    0.930    3.436)    3.598
   4.150   (  -3.128    1.957    3.501)    5.087
   4.302   (   2.140    0.662    3.336)    4.018
   4.371   (  -1.557    0.529    7.486)    7.665
   4.515   (   1.761    1.726    4.449)    5.087
   4.644   (   5.601   -2.202    1.209)    6.138
   4.728   (   1.306    1.203    6.500)    6.738
   5.188   (  -5.599   -5.456   -0.897)    7.869
======================= Grid point 934 (277/512) =======================
q-point: ( 0.27  0.13  0.27)
Mass variance parameters: 4.63e-04 4.63e-04 4.63e-04 4.63e-04 3.34e-04 3.34e-04 3.34e-04 3.34e-04 
Number of triplets: 1688
Frequency     group velocity (x, y, z)     |gv|
   1.045   (   5.694    2.656    9.337)   11.254
   1.103   (   3.229   -3.954   13.091)   14.051
   1.199   (   0.008   -4.193   10.775)   11.562
   1.375   (  -3.498    0.555    2.284)    4.214
   1.557   (   1.569    2.462    2.677)    3.961
   1.658   (   0.638    1.271    2.475)    2.854
   1.743   (  -1.190    2.392    3.817)    4.659
   1.807   (  -2.078    0.805    5.655)    6.078
   2.259   (   4.088    5.711   10.056)   12.266
   2.410   (   1.382    0.209    7.117)    7.253
   2.458   (  -3.298    5.742    6.402)    9.210
   2.543   (  -4.080    0.194    7.348)    8.407
   3.571   (   1.033   -4.400    6.513)    7.928
   3.626   (  -1.221   -5.044    6.505)    8.321
   3.850   (   1.479   -3.198    3.660)    5.080
   3.926   (  -1.205   -2.596    2.234)    3.631
   4.035   (   1.045    1.180    3.242)    3.605
   4.132   (  -3.152    2.016    3.310)    4.995
   4.313   (   1.830    0.511    4.232)    4.639
   4.363   (  -1.394    0.570    7.264)    7.418
   4.528   (   2.688    1.852    4.117)    5.254
   4.662   (   0.414   -0.193    1.964)    2.016
   4.752   (   7.028   -1.203    5.145)    8.793
   5.151   (  -7.221   -5.288   -0.586)    8.969
======================= Grid point 935 (278/512) =======================
q-point: ( 0.33  0.13  0.27)
Mass variance parameters: 4.63e-04 4.63e-04 4.63e-04 4.63e-04 3.34e-04 3.34e-04 3.34e-04 3.34e-04 
Number of triplets: 1688
Frequency     group velocity (x, y, z)     |gv|
   1.075   (   4.480   -0.119   11.270)   12.129
   1.122   (   2.884   -3.210   10.455)   11.310
   1.203   (   1.701   -2.811   10.666)   11.161
   1.351   (  -4.494    0.761    2.756)    5.326
   1.569   (   2.535    2.743    2.427)    4.454
   1.657   (  -1.087    1.408    1.788)    2.522
   1.739   (   0.054    2.049    4.444)    4.894
   1.794   (  -2.325    0.733    5.537)    6.050
   2.285   (   4.773    5.784    9.799)   12.339
   2.417   (   0.702    1.923    7.163)    7.450
   2.439   (  -2.905    4.129    6.785)    8.457
   2.519   (  -4.250    0.172    7.289)    8.439
   3.578   (   1.218   -4.433    6.478)    7.943
   3.619   (  -1.370   -4.889    6.467)    8.222
   3.859   (   1.782   -3.208    3.656)    5.180
   3.917   (  -1.662   -2.777    2.659)    4.189
   4.043   (   1.585    1.415    3.091)    3.751
   4.114   (  -3.050    2.020    3.181)    4.848
   4.323   (   1.477    0.449    5.016)    5.248
   4.355   (  -1.207    0.606    7.050)    7.178
   4.545   (   3.423    1.870    3.833)    5.468
   4.654   (  -2.541    1.044    3.014)    4.078
   4.803   (  10.129   -2.820    3.401)   11.051
   5.105   (  -8.634   -5.071   -0.191)   10.015
======================= Grid point 936 (279/512) =======================
q-point: ( 0.40  0.13  0.27)
Mass variance parameters: 4.63e-04 4.63e-04 4.63e-04 4.63e-04 3.34e-04 3.34e-04 3.34e-04 3.34e-04 
Number of triplets: 1688
Frequency     group velocity (x, y, z)     |gv|
   1.097   (   3.403   -2.358   12.486)   13.154
   1.132   (   0.341   -3.698   10.340)   10.987
   1.222   (   4.677   -0.573    8.608)    9.813
   1.323   (  -5.389    0.961    3.484)    6.488
   1.586   (   3.283    2.786    2.111)    4.795
   1.646   (  -2.715    1.867    1.494)    3.618
   1.743   (   1.334    1.508    4.850)    5.252
   1.780   (  -2.418    0.724    5.385)    5.947
   2.314   (   5.240    5.879    9.437)   12.291
   2.405   (  -4.373    6.150    7.720)   10.795
   2.438   (   2.038   -0.036    6.828)    7.126
   2.495   (  -4.053    0.137    7.146)    8.216
   3.585   (   1.357   -4.480    6.449)    7.969
   3.611   (  -1.456   -4.751    6.440)    8.134
   3.870   (   2.014   -3.186    3.601)    5.212
   3.907   (  -1.984   -2.927    3.016)    4.647
   4.053   (   2.046    1.615    3.010)    3.982
   4.097   (  -2.887    1.979    3.089)    4.668
   4.330   (   1.204    0.459    5.652)    5.797
   4.349   (  -1.071    0.607    6.813)    6.923
   4.567   (   3.907    1.826    3.645)    5.647
   4.636   (  -3.585    1.455    3.383)    5.140
   4.865   (  11.019   -3.585    2.311)   11.816
   5.052   (  -9.785   -4.804    0.286)   10.905
======================= Grid point 937 (280/512) =======================
q-point: ( 0.47  0.13  0.27)
Mass variance parameters: 4.63e-04 4.63e-04 4.63e-04 4.63e-04 3.34e-04 3.34e-04 3.34e-04 3.34e-04 
Number of triplets: 1688
Frequency     group velocity (x, y, z)     |gv|
   1.115   (   2.628   -3.549   12.450)   13.210
   1.127   (  -1.624   -3.993   11.598)   12.373
   1.254   (   6.103    0.705    6.194)    8.724
   1.290   (  -6.047    1.030    4.561)    7.644
   1.606   (   3.666    2.630    1.804)    4.859
   1.628   (  -3.540    2.314    1.566)    4.510
   1.753   (   2.043    1.074    5.053)    5.555
   1.766   (  -2.344    0.823    5.218)    5.779
   2.345   (   5.429    6.002    8.956)   12.071
   2.376   (  -5.255    6.151    8.363)   11.636
   2.453   (   3.038   -0.032    6.879)    7.520
   2.472   (  -3.619    0.077    6.987)    7.869
   3.594   (   1.446   -4.547    6.432)    8.009
   3.602   (  -1.480   -4.637    6.429)    8.063
   3.882   (   2.143   -3.131    3.482)    5.150
   3.895   (  -2.141   -3.045    3.289)    4.967
   4.066   (   2.404    1.775    2.994)    4.230
   4.081   (  -2.676    1.896    3.025)    4.462
   4.337   (   1.052    0.511    6.145)    6.256
   4.343   (  -1.013    0.569    6.522)    6.624
   4.590   (   4.111    1.748    3.549)    5.705
   4.614   (  -4.020    1.637    3.494)    5.572
   4.929   (  11.071   -4.088    1.509)   11.898
   4.992   ( -10.621   -4.481    0.849)   11.558
======================= Grid point 945 (281/512) =======================
q-point: ( 0.00  0.20  0.27)
Mass variance parameters: 4.63e-04 4.63e-04 4.63e-04 4.63e-04 3.34e-04 3.34e-04 3.34e-04 3.34e-04 
Number of triplets: 904
Frequency     group velocity (x, y, z)     |gv|
   1.029   (   0.000    0.845   12.030)   12.060
   1.058   (   0.000    6.966    6.549)    9.561
   1.162   (   0.000   -0.084    5.131)    5.132
   1.425   (   0.000    1.308   -1.098)    1.708
   1.554   (   0.000   -0.081   -0.249)    0.262
   1.679   (   0.000    2.943    4.176)    5.109
   1.778   (   0.000   -0.936    0.348)    0.998
   1.863   (   0.000    3.006    4.032)    5.029
   2.315   (   0.000    7.092    6.660)    9.729
   2.380   (   0.000   -1.417    1.304)    1.926
   2.588   (   0.000    4.733    3.046)    5.629
   2.601   (   0.000    0.198    1.476)    1.489
   3.489   (   0.000   -4.167    4.060)    5.818
   3.562   (   0.000   -4.031    4.521)    6.057
   3.790   (   0.000   -2.124    1.964)    2.892
   3.910   (   0.000   -1.008   -0.087)    1.012
   4.030   (   0.000   -0.291    1.989)    2.010
   4.202   (   0.000    0.146    2.189)    2.194
   4.285   (   0.000    0.145   -1.745)    1.751
   4.379   (   0.000   -2.019    2.283)    3.048
   4.518   (   0.000   -3.121    0.590)    3.177
   4.528   (   0.000    1.466    4.127)    4.380
   4.771   (   0.000    2.452    4.930)    5.506
   5.132   (   0.000   -7.431   -3.220)    8.098
======================= Grid point 946 (282/512) =======================
q-point: ( 0.07  0.20  0.27)
Mass variance parameters: 4.63e-04 4.63e-04 4.63e-04 4.63e-04 3.34e-04 3.34e-04 3.34e-04 3.34e-04 
Number of triplets: 1688
Frequency     group velocity (x, y, z)     |gv|
   1.031   (   0.447    0.922   11.906)   11.950
   1.064   (   2.050    6.736    6.391)    9.510
   1.162   (  -0.063   -0.052    5.308)    5.309
   1.423   (  -0.707    1.295   -1.013)    1.790
   1.556   (   0.631    0.026   -0.243)    0.676
   1.680   (   0.213    2.824    3.991)    4.893
   1.776   (  -0.418   -0.823    0.461)    1.032
   1.861   (  -0.665    2.998    4.042)    5.077
   2.318   (   0.983    7.032    6.622)    9.709
   2.381   (   0.465   -1.385    1.282)    1.944
   2.585   (  -1.070    4.447    2.904)    5.418
   2.598   (  -1.092    0.507    1.655)    2.047
   3.489   (   0.294   -4.159    4.057)    5.818
   3.562   (  -0.243   -4.019    4.508)    6.044
   3.791   (   0.333   -2.128    1.978)    2.925
   3.909   (  -0.312   -1.048    0.007)    1.093
   4.031   (   0.301   -0.230    1.925)    1.962
   4.198   (  -1.383    0.253    2.067)    2.499
   4.287   (   0.796   -0.026   -1.494)    1.693
   4.376   (  -0.965   -1.971    2.231)    3.130
   4.526   (   1.911   -0.985    1.898)    2.868
   4.533   (   2.204   -0.717    2.710)    3.566
   4.769   (  -0.642    2.433    4.910)    5.517
   5.127   (  -1.771   -7.395   -3.184)    8.244
======================= Grid point 947 (283/512) =======================
q-point: ( 0.13  0.20  0.27)
Mass variance parameters: 4.63e-04 4.63e-04 4.63e-04 4.63e-04 3.34e-04 3.34e-04 3.34e-04 3.34e-04 
Number of triplets: 1688
Frequency     group velocity (x, y, z)     |gv|
   1.035   (   0.925    1.005   11.622)   11.702
   1.081   (   3.473    6.133    5.826)    9.144
   1.162   (   0.160    0.126    5.855)    5.859
   1.416   (  -1.430    1.283   -0.758)    2.065
   1.561   (   1.272    0.296   -0.245)    1.329
   1.682   (   0.299    2.482    3.450)    4.261
   1.773   (  -0.715   -0.490    0.809)    1.186
   1.856   (  -1.302    2.974    4.070)    5.207
   2.326   (   1.942    6.858    6.508)    9.652
   2.385   (   0.957   -1.288    1.224)    2.018
   2.576   (  -2.051    3.687    2.535)    4.922
   2.589   (  -2.147    1.334    2.132)    3.307
   3.492   (   0.574   -4.137    4.049)    5.818
   3.560   (  -0.482   -3.989    4.470)    6.011
   3.794   (   0.686   -2.140    2.015)    3.019
   3.906   (  -0.715   -1.159    0.265)    1.387
   4.034   (   0.702   -0.062    1.756)    1.892
   4.187   (  -2.303    0.471    1.838)    2.984
   4.293   (   1.222   -0.413   -0.921)    1.585
   4.370   (  -1.313   -1.852    2.119)    3.105
   4.535   (   1.471    1.635    3.759)    4.355
   4.558   (   5.733   -3.442    0.525)    6.708
   4.764   (  -1.134    2.354    4.842)    5.502
   5.111   (  -3.490   -7.288   -3.074)    8.645
======================= Grid point 948 (284/512) =======================
q-point: ( 0.20  0.20  0.27)
Mass variance parameters: 4.63e-04 4.63e-04 4.63e-04 4.63e-04 3.34e-04 3.34e-04 3.34e-04 3.34e-04 
Number of triplets: 1688
Frequency     group velocity (x, y, z)     |gv|
   1.041   (   1.364    1.005   11.231)   11.358
   1.102   (   3.320    4.885    4.915)    7.684
   1.166   (   1.451    0.859    6.686)    6.895
   1.406   (  -2.171    1.322   -0.337)    2.564
   1.570   (   1.902    0.619   -0.288)    2.021
   1.683   (   0.120    1.970    2.593)    3.259
   1.769   (  -0.745    0.046    1.412)    1.597
   1.847   (  -1.869    2.932    4.108)    5.382
   2.340   (   2.845    6.576    6.324)    9.557
   2.392   (   1.493   -1.117    1.153)    2.192
   2.561   (  -2.880    2.643    2.049)    4.414
   2.573   (  -3.107    2.482    2.790)    4.857
   3.496   (   0.826   -4.104    4.042)    5.819
   3.556   (  -0.714   -3.951    4.413)    5.966
   3.799   (   1.066   -2.150    2.062)    3.165
   3.901   (  -1.210   -1.318    0.626)    1.896
   4.039   (   1.208    0.175    1.540)    1.965
   4.172   (  -2.769    0.673    1.647)    3.291
   4.301   (   1.329   -0.825   -0.269)    1.588
   4.362   (  -1.280   -1.717    2.005)    2.934
   4.545   (   2.130    1.827    3.735)    4.672
   4.595   (   6.888   -3.670    0.103)    7.806
   4.757   (  -1.161    2.104    4.676)    5.257
   5.086   (  -5.102   -7.108   -2.891)    9.215
======================= Grid point 949 (285/512) =======================
q-point: ( 0.27  0.20  0.27)
Mass variance parameters: 4.63e-04 4.63e-04 4.63e-04 4.63e-04 3.34e-04 3.34e-04 3.34e-04 3.34e-04 
Number of triplets: 1688
Frequency     group velocity (x, y, z)     |gv|
   1.050   (   1.719    0.948   10.726)   10.904
   1.115   (   0.998    2.742    4.687)    5.521
   1.182   (   4.324    2.438    6.811)    8.428
   1.391   (  -2.933    1.453    0.230)    3.281
   1.583   (   2.469    0.885   -0.384)    2.651
   1.682   (  -0.440    1.384    1.515)    2.099
   1.765   (  -0.373    0.728    2.237)    2.382
   1.834   (  -2.308    2.864    4.145)    5.542
   2.359   (   3.645    6.184    6.067)    9.399
   2.402   (   2.067   -0.855    1.102)    2.494
   2.543   (  -3.532    1.465    1.556)    4.128
   2.553   (  -3.891    3.797    3.507)    6.470
   3.501   (   1.039   -4.063    4.038)    5.822
   3.551   (  -0.930   -3.917    4.341)    5.921
   3.806   (   1.461   -2.149    2.102)    3.342
   3.892   (  -1.709   -1.493    1.011)    2.484
   4.048   (   1.732    0.427    1.349)    2.236
   4.156   (  -2.952    0.822    1.506)    3.415
   4.308   (   1.286   -1.165    0.341)    1.768
   4.355   (  -1.180   -1.613    1.918)    2.769
   4.559   (   2.809    1.890    3.578)    4.926
   4.634   (   5.992   -3.223    0.056)    6.804
   4.753   (   0.268    1.221    4.133)    4.318
   5.053   (  -6.553   -6.855   -2.632)    9.842
======================= Grid point 950 (286/512) =======================
q-point: ( 0.33  0.20  0.27)
Mass variance parameters: 4.63e-04 4.63e-04 4.63e-04 4.63e-04 3.34e-04 3.34e-04 3.34e-04 3.34e-04 
Number of triplets: 1688
Frequency     group velocity (x, y, z)     |gv|
   1.061   (   1.971    0.865   10.105)   10.331
   1.114   (  -0.796    1.369    5.578)    5.799
   1.213   (   6.107    3.234    5.821)    9.035
   1.372   (  -3.726    1.687    0.923)    4.193
   1.599   (   2.909    1.029   -0.510)    3.128
   1.677   (  -1.321    0.911    0.470)    1.672
   1.765   (   0.368    1.396    3.080)    3.401
   1.820   (  -2.555    2.760    4.170)    5.616
   2.382   (   4.292    5.648    5.722)    9.114
   2.416   (   2.643   -0.477    1.116)    2.908
   2.521   (  -4.027    0.366    1.251)    4.232
   2.529   (  -4.387    5.074    4.076)    7.849
   3.508   (   1.205   -4.019    4.043)    5.826
   3.545   (  -1.117   -3.897    4.266)    5.885
   3.816   (   1.836   -2.128    2.114)    3.517
   3.881   (  -2.111   -1.657    1.358)    3.008
   4.059   (   2.180    0.649    1.224)    2.583
   4.138   (  -2.988    0.920    1.395)    3.423
   4.316   (   1.209   -1.396    0.852)    2.034
   4.348   (  -1.122   -1.560    1.853)    2.669
   4.577   (   3.369    1.904    3.415)    5.162
   4.658   (   1.830   -1.262    1.097)    2.479
   4.766   (   4.590   -1.198    2.466)    5.346
   5.011   (  -7.787   -6.524   -2.293)   10.414
======================= Grid point 951 (287/512) =======================
q-point: ( 0.40  0.20  0.27)
Mass variance parameters: 4.63e-04 4.63e-04 4.63e-04 4.63e-04 3.34e-04 3.34e-04 3.34e-04 3.34e-04 
Number of triplets: 1688
Frequency     group velocity (x, y, z)     |gv|
   1.073   (   2.105    0.782    9.373)    9.638
   1.107   (  -1.579    0.880    6.633)    6.875
   1.250   (   6.427    3.170    4.679)    8.559
   1.348   (  -4.547    2.012    1.723)    5.263
   1.616   (   3.158    1.033   -0.624)    3.381
   1.667   (  -2.211    0.718   -0.245)    2.338
   1.770   (   1.195    1.888    3.673)    4.300
   1.805   (  -2.567    2.617    4.167)    5.550
   2.408   (   4.717    4.868    5.242)    8.569
   2.433   (   3.104    0.049    1.267)    3.353
   2.496   (  -4.440    0.510    1.852)    4.838
   2.503   (  -4.381    5.207    3.762)    7.776
   3.515   (   1.314   -3.976    4.059)    5.832
   3.538   (  -1.259   -3.894    4.195)    5.861
   3.827   (   2.150   -2.083    2.084)    3.648
   3.868   (  -2.360   -1.799    1.640)    3.391
   4.073   (   2.509    0.819    1.172)    2.888
   4.121   (  -2.950    0.972    1.301)    3.368
   4.322   (   1.153   -1.522    1.241)    2.277
   4.342   (  -1.106   -1.553    1.786)    2.613
   4.598   (   3.713    1.862    3.276)    5.290
   4.656   (  -1.873    0.644    2.372)    3.090
   4.805   (   8.186   -3.572    0.561)    8.950
   4.963   (  -8.738   -6.103   -1.862)   10.820
======================= Grid point 952 (288/512) =======================
q-point: ( 0.47  0.20  0.27)
Mass variance parameters: 4.63e-04 4.63e-04 4.63e-04 4.63e-04 3.34e-04 3.34e-04 3.34e-04 3.34e-04 
Number of triplets: 1688
Frequency     group velocity (x, y, z)     |gv|
   1.085   (   2.104    0.726    8.543)    8.828
   1.097   (  -1.948    0.734    7.626)    7.905
   1.286   (   6.052    2.819    3.609)    7.589
   1.319   (  -5.358    2.404    2.622)    6.431
   1.635   (   3.153    0.922   -0.674)    3.354
   1.652   (  -2.845    0.773   -0.586)    3.006
   1.779   (   1.872    2.206    3.981)    4.922
   1.791   (  -2.335    2.434    4.117)    5.322
   2.436   (   4.642    3.523    4.465)    7.341
   2.450   (   1.879    0.690    1.986)    2.820
   2.472   (  -3.135    2.943    3.098)    5.300
   2.479   (  -3.739    3.495    2.553)    5.719
   3.523   (   1.361   -3.938    4.090)    5.838
   3.531   (  -1.343   -3.909    4.135)    5.847
   3.840   (   2.362   -2.013    2.000)    3.692
   3.854   (  -2.440   -1.918    1.854)    3.615
   4.088   (   2.728    0.927    1.179)    3.113
   4.104   (  -2.866    0.976    1.227)    3.267
   4.329   (   1.123   -1.568    1.511)    2.450
   4.335   (  -1.110   -1.567    1.683)    2.554
   4.620   (   3.746    1.734    3.141)    5.187
   4.640   (  -3.303    1.427    2.921)    4.634
   4.856   (   9.313   -4.817   -0.578)   10.501
   4.910   (  -9.310   -5.564   -1.315)   10.926
======================= Grid point 960 (289/512) =======================
q-point: ( 0.00  0.27  0.27)
Mass variance parameters: 4.63e-04 4.63e-04 4.63e-04 4.63e-04 3.34e-04 3.34e-04 3.34e-04 3.34e-04 
Number of triplets: 904
Frequency     group velocity (x, y, z)     |gv|
   1.097   (   0.000    7.358    3.200)    8.023
   1.163   (   0.000    5.926    4.737)    7.587
   1.204   (   0.000    5.067    0.000)    5.067
   1.451   (   0.000    1.814   -2.591)    3.163
   1.553   (   0.000    0.137   -1.216)    1.224
   1.721   (   0.000    2.391    2.416)    3.399
   1.749   (   0.000   -2.225   -1.619)    2.752
   1.929   (   0.000    4.657    0.955)    4.754
   2.352   (   0.000   -1.661   -5.105)    5.369
   2.415   (   0.000    4.911    2.627)    5.569
   2.605   (   0.000    0.256   -4.732)    4.739
   2.643   (   0.000    2.217    0.648)    2.310
   3.436   (   0.000   -1.959   -0.369)    1.994
   3.526   (   0.000   -0.340    0.719)    0.795
   3.768   (   0.000   -0.519    0.088)    0.527
   3.904   (   0.000    0.185   -1.278)    1.291
   4.019   (   0.000   -1.219   -0.642)    1.377
   4.189   (   0.000   -1.912   -0.893)    2.111
   4.275   (   0.000   -1.427   -3.851)    4.106
   4.333   (   0.000   -3.696   -2.257)    4.331
   4.466   (   0.000   -3.272   -0.944)    3.405
   4.545   (   0.000    0.448    1.878)    1.931
   4.805   (   0.000    1.560    2.678)    3.099
   5.008   (   0.000   -7.809   -5.063)    9.307
======================= Grid point 961 (290/512) =======================
q-point: ( 0.07  0.27  0.27)
Mass variance parameters: 4.63e-04 4.63e-04 4.63e-04 4.63e-04 3.34e-04 3.34e-04 3.34e-04 3.34e-04 
Number of triplets: 1688
Frequency     group velocity (x, y, z)     |gv|
   1.098   (   0.327    7.277    3.223)    7.966
   1.168   (   1.463    5.942    4.337)    7.501
   1.204   (   0.073    5.041    0.327)    5.052
   1.449   (  -0.822    1.790   -2.404)    3.108
   1.556   (   1.000    0.172   -1.311)    1.657
   1.718   (  -0.973    1.741    1.638)    2.581
   1.753   (   1.046   -1.483   -0.891)    2.022
   1.927   (  -0.755    4.637    0.959)    4.795
   2.354   (   0.573   -1.635   -5.110)    5.395
   2.417   (   0.714    4.855    2.582)    5.545
   2.600   (  -1.572    0.246   -4.611)    4.878
   2.642   (  -0.436    2.259    0.539)    2.363
   3.437   (   0.364   -1.947   -0.358)    2.013
   3.525   (  -0.275   -0.360    0.704)    0.838
   3.769   (   0.324   -0.519    0.096)    0.619
   3.902   (  -0.517    0.152   -1.197)    1.313
   4.020   (   0.625   -1.166   -0.706)    1.500
   4.186   (  -0.909   -1.843   -0.883)    2.237
   4.275   (  -0.033   -1.557   -3.705)    4.018
   4.330   (  -0.728   -3.654   -2.304)    4.381
   4.475   (   3.030   -3.365   -1.042)    4.647
   4.547   (   0.833    0.492    1.881)    2.115
   4.803   (  -0.742    1.543    2.637)    3.144
   5.003   (  -1.549   -7.765   -5.042)    9.387
======================= Grid point 962 (291/512) =======================
q-point: ( 0.13  0.27  0.27)
Mass variance parameters: 4.63e-04 4.63e-04 4.63e-04 4.63e-04 3.34e-04 3.34e-04 3.34e-04 3.34e-04 
Number of triplets: 1688
Frequency     group velocity (x, y, z)     |gv|
   1.101   (   0.696    7.087    3.241)    7.824
   1.178   (   1.729    5.960    2.702)    6.769
   1.207   (   1.067    4.951    1.796)    5.373
   1.442   (  -1.499    1.754   -1.924)    3.004
   1.564   (   1.796    0.241   -1.522)    2.367
   1.711   (  -1.373    0.842    0.445)    1.671
   1.760   (   1.513   -0.315    0.162)    1.554
   1.920   (  -1.473    4.582    0.969)    4.910
   2.359   (   1.152   -1.558   -5.116)    5.471
   2.423   (   1.428    4.686    2.451)    5.478
   2.587   (  -2.752    0.218   -4.423)    5.214
   2.638   (  -1.130    2.390    0.389)    2.672
   3.440   (   0.708   -1.908   -0.324)    2.061
   3.523   (  -0.556   -0.420    0.661)    0.960
   3.772   (   0.679   -0.517    0.119)    0.862
   3.898   (  -1.066    0.066   -0.988)    1.455
   4.026   (   1.252   -1.028   -0.864)    1.836
   4.179   (  -1.665   -1.665   -0.864)    2.508
   4.275   (  -0.003   -1.902   -3.335)    3.839
   4.325   (  -0.987   -3.559   -2.429)    4.421
   4.499   (   5.189   -3.600   -1.268)    6.442
   4.555   (   1.673    0.614    1.885)    2.594
   4.796   (  -1.414    1.488    2.505)    3.239
   4.990   (  -3.042   -7.632   -4.978)    9.607
======================= Grid point 963 (292/512) =======================
q-point: ( 0.20  0.27  0.27)
Mass variance parameters: 4.63e-04 4.63e-04 4.63e-04 4.63e-04 3.34e-04 3.34e-04 3.34e-04 3.34e-04 
Number of triplets: 1688
Frequency     group velocity (x, y, z)     |gv|
   1.106   (   1.071    6.865    3.182)    7.642
   1.183   (   0.022    5.850    0.520)    5.873
   1.220   (   3.606    4.877    3.796)    7.155
   1.432   (  -2.036    1.767   -1.295)    2.991
   1.576   (   2.342    0.284   -1.733)    2.927
   1.702   (  -1.567    0.250   -0.483)    1.659
   1.770   (   1.769    0.695    0.885)    2.097
   1.910   (  -2.115    4.498    0.982)    5.066
   2.367   (   1.742   -1.443   -5.107)    5.586
   2.434   (   2.104    4.388    2.231)    5.354
   2.569   (  -3.505    0.211   -4.311)    5.560
   2.629   (  -1.976    2.593    0.348)    3.279
   3.445   (   1.015   -1.844   -0.270)    2.123
   3.519   (  -0.841   -0.517    0.592)    1.151
   3.777   (   1.078   -0.511    0.148)    1.202
   3.890   (  -1.618   -0.043   -0.723)    1.772
   4.035   (   1.829   -0.857   -1.039)    2.271
   4.167   (  -2.180   -1.440   -0.856)    2.749
   4.275   (   0.123   -2.345   -2.898)    3.730
   4.319   (  -1.006   -3.465   -2.549)    4.417
   4.533   (   6.356   -3.869   -1.477)    7.586
   4.567   (   2.556    0.758    1.858)    3.250
   4.787   (  -1.912    1.364    2.259)    3.259
   4.968   (  -4.423   -7.409   -4.868)    9.908
======================= Grid point 964 (293/512) =======================
q-point: ( 0.27  0.27  0.27)
Mass variance parameters: 4.63e-04 4.63e-04 4.63e-04 4.63e-04 3.34e-04 3.34e-04 3.34e-04 3.34e-04 
Number of triplets: 1688
Frequency     group velocity (x, y, z)     |gv|
   1.113   (   1.401    6.655    3.017)    7.440
   1.180   (  -0.961    5.781    0.209)    5.864
   1.246   (   4.951    4.647    3.941)    7.851
   1.419   (  -2.517    1.867   -0.610)    3.193
   1.591   (   2.674    0.266   -1.880)    3.280
   1.692   (  -1.762   -0.081   -1.123)    2.091
   1.781   (   2.030    1.554    1.279)    2.859
   1.896   (  -2.642    4.386    1.001)    5.217
   2.379   (   2.333   -1.308   -5.062)    5.725
   2.447   (   2.590    3.899    1.881)    5.044
   2.548   (  -3.797    0.334   -4.213)    5.681
   2.615   (  -2.803    2.839    0.405)    4.010
   3.452   (   1.273   -1.755   -0.199)    2.177
   3.513   (  -1.116   -0.649    0.502)    1.386
   3.784   (   1.506   -0.500    0.174)    1.597
   3.879   (  -2.100   -0.149   -0.467)    2.156
   4.047   (   2.283   -0.703   -1.166)    2.658
   4.154   (  -2.469   -1.215   -0.876)    2.888
   4.276   (   0.327   -2.762   -2.528)    3.759
   4.314   (  -1.033   -3.408   -2.581)    4.398
   4.570   (   5.888   -3.349   -0.974)    6.844
   4.585   (   4.107    0.183    1.241)    4.295
   4.775   (  -2.027    1.085    1.822)    2.934
   4.939   (  -5.628   -7.089   -4.704)   10.201
======================= Grid point 965 (294/512) =======================
q-point: ( 0.33  0.27  0.27)
Mass variance parameters: 4.63e-04 4.63e-04 4.63e-04 4.63e-04 3.34e-04 3.34e-04 3.34e-04 3.34e-04 
Number of triplets: 1688
Frequency     group velocity (x, y, z)     |gv|
   1.122   (   1.653    6.465    2.747)    7.217
   1.173   (  -1.407    5.816    0.530)    6.008
   1.276   (   5.324    4.234    3.467)    7.635
   1.403   (  -3.015    2.069    0.088)    3.658
   1.607   (   2.834    0.185   -1.954)    3.447
   1.682   (  -2.009   -0.229   -1.521)    2.530
   1.793   (   2.351    2.288    1.418)    3.574
   1.879   (  -3.015    4.242    1.031)    5.305
   2.394   (   2.902   -1.172   -4.963)    5.867
   2.462   (   2.284    2.897    1.086)    3.846
   2.527   (  -3.134    0.947   -3.758)    4.984
   2.597   (  -3.486    3.105    0.513)    4.696
   3.460   (   1.474   -1.640   -0.115)    2.208
   3.506   (  -1.359   -0.809    0.398)    1.630
   3.794   (   1.926   -0.482    0.185)    1.994
   3.866   (  -2.452   -0.239   -0.251)    2.477
   4.061   (   2.575   -0.603   -1.224)    2.914
   4.139   (  -2.612   -1.011   -0.928)    2.951
   4.279   (   0.569   -3.081   -2.285)    3.878
   4.307   (  -1.097   -3.395   -2.515)    4.365
   4.597   (   3.874   -0.380    1.153)    4.060
   4.616   (   5.748   -2.533   -0.615)    6.312
   4.765   (  -1.201    0.386    0.974)    1.593
   4.904   (  -6.575   -6.654   -4.472)   10.369
======================= Grid point 966 (295/512) =======================
q-point: ( 0.40  0.27  0.27)
Mass variance parameters: 4.63e-04 4.63e-04 4.63e-04 4.63e-04 3.34e-04 3.34e-04 3.34e-04 3.34e-04 
Number of triplets: 1688
Frequency     group velocity (x, y, z)     |gv|
   1.132   (   1.812    6.297    2.388)    6.974
   1.164   (  -1.672    5.901    0.990)    6.213
   1.306   (   5.184    3.741    2.849)    6.999
   1.384   (  -3.567    2.373    0.789)    4.357
   1.624   (   2.850    0.062   -1.965)    3.463
   1.669   (  -2.285   -0.250   -1.745)    2.886
   1.808   (   2.701    2.902    1.391)    4.201
   1.861   (  -3.202    4.046    1.085)    5.273
   2.413   (   3.393   -1.049   -4.786)    5.960
   2.468   (  -0.823    0.605   -1.509)    1.822
   2.517   (   0.400    2.854   -1.545)    3.270
   2.575   (  -3.929    3.379    0.623)    5.219
   3.469   (   1.608   -1.500   -0.023)    2.200
   3.497   (  -1.542   -0.984    0.289)    1.852
   3.806   (   2.289   -0.455    0.172)    2.340
   3.851   (  -2.647   -0.312   -0.082)    2.666
   4.076   (   2.719   -0.570   -1.218)    3.033
   4.124   (  -2.687   -0.836   -1.004)    2.988
   4.283   (   0.807   -3.285   -2.174)    4.021
   4.301   (  -1.141   -3.408   -2.391)    4.317
   4.618   (   3.566    0.301    1.612)    3.925
   4.643   (   3.096   -2.108   -0.014)    3.745
   4.765   (   1.645   -1.322   -0.679)    2.217
   4.864   (  -7.126   -6.061   -4.136)   10.229
======================= Grid point 967 (296/512) =======================
q-point: ( 0.47  0.27  0.27)
Mass variance parameters: 4.63e-04 4.63e-04 4.63e-04 4.63e-04 3.34e-04 3.34e-04 3.34e-04 3.34e-04 
Number of triplets: 1688
Frequency     group velocity (x, y, z)     |gv|
   1.143   (   1.869    6.147    1.958)    6.716
   1.154   (  -1.823    6.014    1.482)    6.457
   1.335   (   4.743    3.236    2.179)    6.142
   1.361   (  -4.165    2.769    1.488)    5.218
   1.640   (   2.745   -0.073   -1.934)    3.358
   1.655   (  -2.545   -0.187   -1.866)    3.161
   1.825   (   3.007    3.396    1.286)    4.715
   1.843   (  -3.193    3.773    1.173)    5.080
   2.433   (   3.685   -0.928   -4.476)    5.872
   2.454   (  -3.380   -0.682   -3.771)    5.110
   2.530   (   3.371    3.766    0.326)    5.065
   2.552   (  -4.013    3.640    0.654)    5.457
   3.479   (   1.669   -1.340    0.076)    2.142
   3.488   (  -1.647   -1.165    0.181)    2.026
   3.821   (   2.551   -0.418    0.126)    2.588
   3.836   (  -2.677   -0.371    0.043)    2.703
   4.092   (   2.757   -0.604   -1.166)    3.054
   4.108   (  -2.735   -0.697   -1.089)    3.025
   4.288   (   0.998   -3.388   -2.177)    4.149
   4.294   (  -1.114   -3.417   -2.262)    4.247
   4.637   (   2.883    0.212    1.627)    3.317
   4.649   (  -0.831   -0.581    1.168)    1.546
   4.786   (   5.327   -3.650   -2.551)    6.943
   4.822   (  -6.973   -5.177   -3.597)    9.400
======================= Grid point 975 (297/512) =======================
q-point: ( 0.00  0.33  0.27)
Mass variance parameters: 4.63e-04 4.63e-04 4.63e-04 4.63e-04 3.34e-04 3.34e-04 3.34e-04 3.34e-04 
Number of triplets: 904
Frequency     group velocity (x, y, z)     |gv|
   1.245   (   0.000    4.336    2.135)    4.833
   1.245   (   0.000   10.259   -3.475)   10.832
   1.301   (   0.000    6.035   -3.010)    6.744
   1.473   (   0.000    0.755   -0.701)    1.030
   1.564   (   0.000    1.387   -1.654)    2.159
   1.721   (   0.000   -0.725   -4.253)    4.315
   1.763   (   0.000    3.009   -1.552)    3.386
   1.982   (   0.000    1.062   -0.725)    1.286
   2.343   (   0.000    1.056  -11.028)   11.079
   2.463   (   0.000    1.147   -0.729)    1.359
   2.609   (   0.000    0.318  -10.443)   10.448
   2.662   (   0.000    0.248   -2.034)    2.049
   3.439   (   0.000    2.493   -6.175)    6.659
   3.550   (   0.000    3.162   -3.452)    4.681
   3.775   (   0.000    1.321   -2.044)    2.434
   3.913   (   0.000    0.851   -2.525)    2.665
   3.987   (   0.000   -2.901   -4.440)    5.304
   4.141   (   0.000   -3.903   -4.378)    5.865
   4.236   (   0.000   -3.625   -4.793)    6.010
   4.266   (   0.000   -4.446   -6.335)    7.739
   4.422   (   0.000   -1.912   -2.077)    2.823
   4.541   (   0.000   -0.872   -0.280)    0.916
   4.817   (   0.000   -0.046    0.350)    0.353
   4.892   (   0.000   -6.375   -5.882)    8.674
======================= Grid point 976 (298/512) =======================
q-point: ( 0.07  0.33  0.27)
Mass variance parameters: 4.63e-04 4.63e-04 4.63e-04 4.63e-04 3.34e-04 3.34e-04 3.34e-04 3.34e-04 
Number of triplets: 1688
Frequency     group velocity (x, y, z)     |gv|
   1.236   (  -1.084    7.319   -0.652)    7.428
   1.258   (   2.593    7.190   -0.800)    7.685
   1.301   (  -0.083    6.052   -2.861)    6.694
   1.471   (  -0.758    0.797   -0.622)    1.264
   1.566   (   0.927    1.341   -1.719)    2.369
   1.718   (  -1.096   -0.404   -4.156)    4.317
   1.769   (   1.718    2.778   -1.636)    3.653
   1.980   (  -0.711    1.114   -0.748)    1.518
   2.345   (   0.542    1.009  -10.997)   11.056
   2.464   (   0.470    1.114   -0.801)    1.450
   2.605   (  -1.589    0.327  -10.205)   10.333
   2.662   (  -0.189    0.289   -2.274)    2.300
   3.440   (   0.359    2.473   -6.134)    6.624
   3.549   (  -0.407    3.138   -3.484)    4.706
   3.775   (   0.320    1.317   -2.046)    2.454
   3.911   (  -0.627    0.844   -2.496)    2.708
   3.990   (   0.769   -2.905   -4.466)    5.383
   4.139   (  -0.695   -3.888   -4.344)    5.871
   4.235   (  -0.491   -3.660   -4.636)    5.928
   4.265   (  -0.435   -4.370   -6.364)    7.732
   4.430   (   2.485   -2.027   -2.220)    3.901
   4.545   (   1.078   -0.826   -0.245)    1.380
   4.815   (  -0.843   -0.068    0.296)    0.896
   4.888   (  -1.298   -6.328   -5.873)    8.730
======================= Grid point 977 (299/512) =======================
q-point: ( 0.13  0.33  0.27)
Mass variance parameters: 4.63e-04 4.63e-04 4.63e-04 4.63e-04 3.34e-04 3.34e-04 3.34e-04 3.34e-04 
Number of triplets: 1688
Frequency     group velocity (x, y, z)     |gv|
   1.232   (  -0.351    7.308   -0.713)    7.351
   1.274   (   2.853    6.982   -1.315)    7.656
   1.300   (   0.145    6.066   -2.173)    6.445
   1.465   (  -1.310    0.913   -0.435)    1.655
   1.574   (   1.637    1.229   -1.878)    2.778
   1.710   (  -1.436    0.063   -4.049)    4.297
   1.782   (   2.584    2.560   -1.695)    4.013
   1.974   (  -1.387    1.263   -0.816)    2.046
   2.350   (   1.099    0.875  -10.903)   10.993
   2.468   (   0.878    1.003   -1.030)    1.684
   2.592   (  -2.664    0.383   -9.761)   10.126
   2.659   (  -0.700    0.392   -2.700)    2.817
   3.443   (   0.716    2.420   -6.018)    6.525
   3.545   (  -0.812    3.070   -3.575)    4.782
   3.778   (   0.668    1.301   -2.053)    2.521
   3.906   (  -1.229    0.829   -2.429)    2.846
   3.996   (   1.455   -2.925   -4.516)    5.574
   4.133   (  -1.279   -3.842   -4.256)    5.875
   4.231   (  -0.787   -3.741   -4.310)    5.761
   4.261   (  -0.635   -4.224   -6.396)    7.691
   4.450   (   4.397   -2.295   -2.547)    5.575
   4.554   (   2.080   -0.706   -0.146)    2.201
   4.807   (  -1.646   -0.141    0.129)    1.657
   4.877   (  -2.535   -6.186   -5.840)    8.877
======================= Grid point 978 (300/512) =======================
q-point: ( 0.20  0.33  0.27)
Mass variance parameters: 4.63e-04 4.63e-04 4.63e-04 4.63e-04 3.34e-04 3.34e-04 3.34e-04 3.34e-04 
Number of triplets: 1688
Frequency     group velocity (x, y, z)     |gv|
   1.232   (   0.273    7.254   -0.806)    7.304
   1.286   (   0.867    6.793   -3.013)    7.482
   1.306   (   2.367    5.965   -0.212)    6.421
   1.456   (  -1.651    1.099   -0.227)    1.996
   1.585   (   2.105    1.102   -2.073)    3.153
   1.701   (  -1.519    0.419   -3.961)    4.263
   1.798   (   3.023    2.550   -1.687)    4.300
   1.964   (  -2.000    1.492   -0.923)    2.660
   2.358   (   1.677    0.678  -10.748)   10.899
   2.474   (   1.055    0.768   -1.506)    1.993
   2.575   (  -3.049    0.548   -9.296)    9.798
   2.653   (  -1.434    0.531   -3.017)    3.383
   3.448   (   1.064    2.353   -5.839)    6.384
   3.540   (  -1.205    2.963   -3.720)    4.906
   3.783   (   1.055    1.270   -2.065)    2.644
   3.897   (  -1.772    0.819   -2.359)    3.062
   4.006   (   1.988   -2.972   -4.545)    5.783
   4.124   (  -1.699   -3.766   -4.149)    5.855
   4.226   (  -0.735   -3.826   -4.054)    5.622
   4.257   (  -0.766   -4.115   -6.319)    7.580
   4.479   (   5.647   -2.591   -2.885)    6.850
   4.568   (   2.919   -0.551    0.000)    2.970
   4.796   (  -2.360   -0.281   -0.174)    2.383
   4.859   (  -3.641   -5.940   -5.769)    9.046
======================= Grid point 979 (301/512) =======================
q-point: ( 0.27  0.33  0.27)
Mass variance parameters: 4.63e-04 4.63e-04 4.63e-04 4.63e-04 3.34e-04 3.34e-04 3.34e-04 3.34e-04 
Number of triplets: 1688
Frequency     group velocity (x, y, z)     |gv|
   1.235   (   0.772    7.186   -0.937)    7.288
   1.286   (  -0.650    6.737   -3.154)    7.467
   1.325   (   3.813    5.611    0.263)    6.789
   1.446   (  -1.879    1.372   -0.055)    2.327
   1.598   (   2.402    1.000   -2.273)    3.455
   1.692   (  -1.639    0.679   -3.827)    4.218
   1.816   (   3.294    2.648   -1.666)    4.543
   1.951   (  -2.528    1.774   -1.057)    3.264
   2.369   (   2.264    0.447  -10.528)   10.778
   2.479   (   0.520    0.330   -2.584)    2.657
   2.559   (  -2.388    0.908   -8.450)    8.828
   2.643   (  -2.199    0.693   -3.197)    3.942
   3.455   (   1.392    2.293   -5.617)    6.225
   3.531   (  -1.562    2.830   -3.908)    5.072
   3.791   (   1.470    1.220   -2.080)    2.824
   3.886   (  -2.215    0.820   -2.302)    3.298
   4.019   (   2.333   -3.047   -4.525)    5.933
   4.114   (  -1.967   -3.674   -4.061)    5.819
   4.223   (  -0.398   -3.897   -3.969)    5.576
   4.252   (  -0.932   -4.059   -6.099)    7.385
   4.514   (   6.339   -2.831   -3.105)    7.606
   4.587   (   3.476   -0.421    0.171)    3.506
   4.781   (  -2.901   -0.528   -0.658)    3.022
   4.835   (  -4.528   -5.572   -5.633)    9.125
======================= Grid point 980 (302/512) =======================
q-point: ( 0.33  0.33  0.27)
Mass variance parameters: 4.63e-04 4.63e-04 4.63e-04 4.63e-04 3.34e-04 3.34e-04 3.34e-04 3.34e-04 
Number of triplets: 1688
Frequency     group velocity (x, y, z)     |gv|
   1.241   (   1.142    7.120   -1.114)    7.296
   1.281   (  -1.104    6.806   -2.751)    7.424
   1.348   (   3.912    5.014    0.239)    6.364
   1.435   (  -2.094    1.758    0.061)    2.735
   1.613   (   2.578    0.945   -2.474)    3.696
   1.682   (  -1.863    0.855   -3.631)    4.170
   1.836   (   3.474    2.756   -1.647)    4.730
   1.935   (  -2.957    2.078   -1.204)    3.809
   2.384   (   2.832    0.211  -10.234)   10.621
   2.477   (  -1.315   -0.226   -4.851)    5.031
   2.551   (  -0.212    1.386   -6.562)    6.710
   2.628   (  -2.851    0.867   -3.292)    4.440
   3.464   (   1.684    2.261   -5.372)    6.067
   3.522   (  -1.849    2.684   -4.126)    5.258
   3.800   (   1.882    1.152   -2.099)    3.045
   3.872   (  -2.523    0.836   -2.256)    3.487
   4.033   (   2.498   -3.140   -4.455)    5.995
   4.102   (  -2.136   -3.581   -4.022)    5.793
   4.222   (   0.064   -3.946   -4.048)    5.653
   4.247   (  -1.088   -4.031   -5.769)    7.121
   4.552   (   6.494   -2.931   -3.080)    7.762
   4.608   (   3.533   -0.393    0.323)    3.569
   4.763   (  -3.072   -0.945   -1.411)    3.511
   4.807   (  -5.051   -5.045   -5.386)    8.943
======================= Grid point 981 (303/512) =======================
q-point: ( 0.40  0.33  0.27)
Mass variance parameters: 4.63e-04 4.63e-04 4.63e-04 4.63e-04 3.34e-04 3.34e-04 3.34e-04 3.34e-04 
Number of triplets: 1688
Frequency     group velocity (x, y, z)     |gv|
   1.248   (   1.383    7.060   -1.341)    7.318
   1.273   (  -1.355    6.885   -2.342)    7.398
   1.370   (   3.631    4.314    0.216)    5.643
   1.422   (  -2.373    2.266    0.131)    3.284
   1.628   (   2.642    0.939   -2.684)    3.881
   1.671   (  -2.146    0.950   -3.395)    4.127
   1.856   (   3.575    2.803   -1.618)    4.822
   1.917   (  -3.278    2.366   -1.348)    4.262
   2.402   (   3.330   -0.011   -9.848)   10.395
   2.464   (  -3.093   -0.443   -7.206)    7.854
   2.556   (   2.011    1.535   -4.662)    5.304
   2.610   (  -3.284    1.048   -3.360)    4.814
   3.474   (   1.916    2.269   -5.117)    5.917
   3.510   (  -2.037    2.542   -4.363)    5.445
   3.812   (   2.247    1.073   -2.122)    3.271
   3.857   (  -2.678    0.871   -2.217)    3.584
   4.047   (   2.524   -3.238   -4.348)    5.980
   4.089   (  -2.259   -3.495   -4.042)    5.801
   4.223   (   0.520   -3.975   -4.263)    5.852
   4.240   (  -1.161   -4.014   -5.376)    6.809
   4.588   (   5.937   -2.757   -2.630)    7.055
   4.626   (   2.497   -0.594    0.330)    2.588
   4.747   (  -2.285   -1.613   -2.511)    3.759
   4.778   (  -4.928   -4.315   -4.978)    8.227
======================= Grid point 982 (304/512) =======================
q-point: ( 0.47  0.33  0.27)
Mass variance parameters: 4.63e-04 4.63e-04 4.63e-04 4.63e-04 3.34e-04 3.34e-04 3.34e-04 3.34e-04 
Number of triplets: 1688
Frequency     group velocity (x, y, z)     |gv|
   1.256   (   1.497    7.006   -1.624)    7.346
   1.265   (  -1.486    6.951   -1.961)    7.374
   1.390   (   3.196    3.585    0.196)    4.807
   1.407   (  -2.748    2.886    0.171)    3.989
   1.643   (   2.586    0.961   -2.907)    4.008
   1.657   (  -2.410    0.977   -3.147)    4.082
   1.877   (   3.584    2.754   -1.562)    4.782
   1.898   (  -3.487    2.603   -1.471)    4.593
   2.422   (   3.677   -0.208   -9.326)   10.027
   2.444   (  -3.716   -0.369   -8.554)    9.334
   2.571   (   3.080    1.413   -3.792)    5.086
   2.591   (  -3.405    1.233   -3.477)    5.021
   3.486   (   2.065    2.323   -4.862)    5.770
   3.498   (  -2.109    2.417   -4.609)    5.616
   3.826   (   2.522    0.994   -2.149)    3.460
   3.841   (  -2.674    0.924   -2.181)    3.573
   4.062   (   2.465   -3.330   -4.227)    5.918
   4.076   (  -2.368   -3.414   -4.116)    5.848
   4.228   (   0.881   -3.990   -4.581)    6.139
   4.233   (  -1.099   -4.001   -4.966)    6.472
   4.618   (   4.140   -2.146   -1.568)    4.920
   4.632   (  -0.601   -1.222   -0.241)    1.383
   4.740   (   0.451   -2.483   -3.682)    4.464
   4.753   (  -3.570   -3.406   -4.420)    6.624
======================= Grid point 990 (305/512) =======================
q-point: ( 0.00  0.40  0.27)
Mass variance parameters: 4.63e-04 4.63e-04 4.63e-04 4.63e-04 3.34e-04 3.34e-04 3.34e-04 3.34e-04 
Number of triplets: 904
Frequency     group velocity (x, y, z)     |gv|
   1.305   (   0.000    3.282   -0.916)    3.407
   1.370   (   0.000    2.368   -3.423)    4.162
   1.391   (   0.000    6.710   -3.897)    7.760
   1.475   (   0.000   -0.431    1.308)    1.377
   1.605   (   0.000    4.260   -3.245)    5.355
   1.744   (   0.000    3.698   -6.911)    7.838
   1.809   (   0.000    2.190   -3.972)    4.536
   1.952   (   0.000   -4.361   -2.989)    5.287
   2.385   (   0.000    3.470  -13.091)   13.543
   2.464   (   0.000   -0.523   -4.335)    4.366
   2.615   (   0.000    0.334  -14.380)   14.384
   2.655   (   0.000   -1.026   -6.125)    6.211
   3.515   (   0.000    6.741  -11.107)   12.993
   3.620   (   0.000    5.339   -6.671)    8.544
   3.802   (   0.000    1.476   -4.606)    4.837
   3.910   (   0.000   -4.587   -9.664)   10.698
   3.936   (   0.000   -0.234   -3.632)    3.639
   4.080   (   0.000   -2.820   -6.763)    7.328
   4.158   (   0.000   -5.866   -5.810)    8.256
   4.196   (   0.000   -4.402   -8.415)    9.496
   4.411   (   0.000    0.540   -2.860)    2.911
   4.518   (   0.000   -2.004   -1.946)    2.793
   4.806   (   0.000   -1.248   -1.362)    1.847
   4.812   (   0.000   -3.519   -5.202)    6.281
======================= Grid point 991 (306/512) =======================
q-point: ( 0.07  0.40  0.27)
Mass variance parameters: 4.63e-04 4.63e-04 4.63e-04 4.63e-04 3.34e-04 3.34e-04 3.34e-04 3.34e-04 
Number of triplets: 1688
Frequency     group velocity (x, y, z)     |gv|
   1.306   (   0.257    3.317   -0.921)    3.452
   1.371   (   0.119    2.452   -3.424)    4.213
   1.393   (   0.739    6.543   -3.771)    7.588
   1.473   (  -0.611   -0.413    1.247)    1.449
   1.607   (   0.842    4.269   -3.285)    5.452
   1.743   (  -0.349    3.765   -6.821)    7.799
   1.812   (   1.233    2.127   -3.962)    4.663
   1.952   (  -0.264   -4.273   -2.978)    5.215
   2.386   (   0.204    3.424  -13.097)   13.539
   2.465   (   0.376   -0.523   -4.425)    4.471
   2.610   (  -1.438    0.380  -14.100)   14.179
   2.654   (  -0.104   -1.048   -6.415)    6.501
   3.515   (   0.163    6.694  -11.041)   12.913
   3.618   (  -0.500    5.330   -6.726)    8.596
   3.803   (   0.204    1.428   -4.638)    4.857
   3.909   (  -0.301   -4.314   -9.370)   10.319
   3.937   (   0.346   -0.514   -3.918)    3.967
   4.078   (  -0.675   -2.823   -6.725)    7.324
   4.157   (  -0.241   -5.765   -5.766)    8.157
   4.195   (  -0.269   -4.407   -8.331)    9.429
   4.417   (   1.952    0.460   -2.978)    3.590
   4.522   (   1.306   -1.966   -1.916)    3.039
   4.802   (  -1.214   -1.522   -1.950)    2.755
   4.810   (  -0.834   -3.234   -4.663)    5.736
======================= Grid point 992 (307/512) =======================
q-point: ( 0.13  0.40  0.27)
Mass variance parameters: 4.63e-04 4.63e-04 4.63e-04 4.63e-04 3.34e-04 3.34e-04 3.34e-04 3.34e-04 
Number of triplets: 1688
Frequency     group velocity (x, y, z)     |gv|
   1.308   (   0.552    3.409   -0.931)    3.577
   1.371   (   0.152    2.699   -3.379)    4.328
   1.399   (   1.307    6.068   -3.451)    7.102
   1.468   (  -1.049   -0.380    1.070)    1.545
   1.614   (   1.571    4.311   -3.409)    5.716
   1.741   (  -0.553    3.937   -6.595)    7.701
   1.822   (   2.129    1.958   -3.902)    4.857
   1.949   (  -0.529   -4.011   -2.950)    5.007
   2.387   (   0.477    3.293  -13.115)   13.530
   2.468   (   0.690   -0.509   -4.705)    4.783
   2.599   (  -2.355    0.487  -13.633)   13.843
   2.653   (  -0.562   -1.101   -6.888)    6.998
   3.517   (   0.369    6.564  -10.853)   12.689
   3.614   (  -0.980    5.307   -6.883)    8.747
   3.805   (   0.425    1.285   -4.727)    4.917
   3.906   (  -0.890   -3.593   -8.549)    9.315
   3.941   (   0.958   -1.243   -4.704)    4.959
   4.073   (  -1.251   -2.833   -6.623)    7.311
   4.155   (  -0.338   -5.498   -5.662)    7.899
   4.193   (  -0.501   -4.427   -8.114)    9.257
   4.433   (   3.627    0.258   -3.267)    4.888
   4.533   (   2.479   -1.858   -1.826)    3.596
   4.792   (  -2.337   -1.969   -2.986)    4.272
   4.802   (  -1.680   -2.762   -3.774)    4.969
======================= Grid point 993 (308/512) =======================
q-point: ( 0.20  0.40  0.27)
Mass variance parameters: 4.63e-04 4.63e-04 4.63e-04 4.63e-04 3.34e-04 3.34e-04 3.34e-04 3.34e-04 
Number of triplets: 1688
Frequency     group velocity (x, y, z)     |gv|
   1.312   (   0.882    3.533   -0.944)    3.761
   1.372   (   0.031    3.080   -3.214)    4.452
   1.407   (   1.593    5.354   -3.036)    6.357
   1.461   (  -1.227   -0.358    0.773)    1.494
   1.625   (   2.147    4.406   -3.610)    6.087
   1.737   (  -0.721    4.160   -6.288)    7.574
   1.836   (   2.648    1.710   -3.772)    4.916
   1.945   (  -0.798   -3.587   -2.911)    4.688
   2.391   (   0.863    3.094  -13.139)   13.526
   2.473   (   0.807   -0.429   -5.241)    5.320
   2.584   (  -2.648    0.566  -13.198)   13.473
   2.647   (  -1.244   -1.157   -7.216)    7.413
   3.519   (   0.643    6.372  -10.568)   12.357
   3.607   (  -1.416    5.282   -7.131)    8.986
   3.808   (   0.680    1.048   -4.864)    5.022
   3.899   (  -1.532   -2.845   -7.660)    8.314
   3.948   (   1.603   -1.972   -5.510)    6.068
   4.064   (  -1.685   -2.853   -6.493)    7.290
   4.154   (  -0.234   -5.158   -5.561)    7.588
   4.189   (  -0.701   -4.458   -7.821)    9.030
   4.458   (   4.897    0.011   -3.593)    6.074
   4.550   (   3.407   -1.691   -1.680)    4.158
   4.775   (  -3.334   -2.285   -3.873)    5.598
   4.790   (  -2.478   -2.420   -3.137)    4.673
======================= Grid point 994 (309/512) =======================
q-point: ( 0.27  0.40  0.27)
Mass variance parameters: 4.63e-04 4.63e-04 4.63e-04 4.63e-04 3.34e-04 3.34e-04 3.34e-04 3.34e-04 
Number of triplets: 1688
Frequency     group velocity (x, y, z)     |gv|
   1.318   (   1.209    3.671   -0.963)    3.983
   1.371   (  -0.281    3.527   -2.891)    4.569
   1.417   (   1.583    4.478   -2.599)    5.414
   1.454   (  -1.145   -0.323    0.351)    1.240
   1.639   (   2.574    4.547   -3.863)    6.498
   1.732   (  -0.999    4.388   -5.936)    7.449
   1.852   (   2.869    1.383   -3.595)    4.803
   1.940   (  -1.079   -3.021   -2.875)    4.308
   2.398   (   1.361    2.852  -13.145)   13.520
   2.477   (   0.421   -0.163   -6.263)    6.279
   2.570   (  -2.129    0.464  -12.504)   12.692
   2.638   (  -1.955   -1.194   -7.407)    7.753
   3.524   (   0.978    6.149  -10.217)   11.965
   3.598   (  -1.777    5.268   -7.447)    9.293
   3.813   (   0.974    0.728   -5.036)    5.181
   3.888   (  -1.990   -2.290   -7.016)    7.644
   3.959   (   2.062   -2.446   -6.006)    6.805
   4.054   (  -1.990   -2.884   -6.374)    7.274
   4.153   (   0.029   -4.841   -5.527)    7.347
   4.185   (  -0.874   -4.478   -7.485)    8.766
   4.489   (   5.753   -0.225   -3.843)    6.923
   4.572   (   3.977   -1.466   -1.477)    4.489
   4.753   (  -4.125   -2.477   -4.572)    6.637
   4.774   (  -3.176   -2.235   -2.803)    4.790
======================= Grid point 995 (310/512) =======================
q-point: ( 0.33  0.40  0.27)
Mass variance parameters: 4.63e-04 4.63e-04 4.63e-04 4.63e-04 3.34e-04 3.34e-04 3.34e-04 3.34e-04 
Number of triplets: 1688
Frequency     group velocity (x, y, z)     |gv|
   1.326   (   1.487    3.817   -1.006)    4.218
   1.368   (  -0.748    3.918   -2.434)    4.673
   1.425   (   1.348    3.517   -2.189)    4.356
   1.449   (  -0.891   -0.169   -0.169)    0.923
   1.655   (   2.838    4.697   -4.133)    6.870
   1.725   (  -1.422    4.593   -5.573)    7.361
   1.869   (   2.862    0.966   -3.401)    4.549
   1.933   (  -1.383   -2.349   -2.859)    3.950
   2.407   (   1.925    2.591  -13.088)   13.480
   2.476   (  -0.794    0.427   -8.101)    8.151
   2.562   (  -0.560    0.034  -11.105)   11.119
   2.625   (  -2.556   -1.202   -7.533)    8.045
   3.531   (   1.340    5.922   -9.830)   11.554
   3.587   (  -2.029    5.279   -7.810)    9.643
   3.819   (   1.297    0.339   -5.233)    5.402
   3.876   (  -2.227   -1.851   -6.567)    7.177
   3.972   (   2.328   -2.716   -6.238)    7.191
   4.041   (  -2.198   -2.918   -6.294)    7.277
   4.154   (   0.356   -4.604   -5.595)    7.255
   4.179   (  -1.002   -4.472   -7.120)    8.468
   4.524   (   6.207   -0.418   -3.939)    7.363
   4.595   (   3.966   -1.150   -1.209)    4.303
   4.728   (  -4.465   -2.638   -5.159)    7.315
   4.754   (  -3.712   -2.186   -2.727)    5.098
======================= Grid point 996 (311/512) =======================
q-point: ( 0.40  0.40  0.27)
Mass variance parameters: 4.63e-04 4.63e-04 4.63e-04 4.63e-04 3.34e-04 3.34e-04 3.34e-04 3.34e-04 
Number of triplets: 1688
Frequency     group velocity (x, y, z)     |gv|
   1.335   (   1.669    3.964   -1.094)    4.438
   1.363   (  -1.229    4.139   -1.944)    4.735
   1.432   (   1.013    2.545   -1.827)    3.293
   1.444   (  -0.645    0.211   -0.698)    0.974
   1.671   (   2.906    4.815   -4.398)    7.139
   1.716   (  -1.929    4.752   -5.232)    7.326
   1.885   (   2.687    0.446   -3.216)    4.215
   1.924   (  -1.714   -1.616   -2.877)    3.719
   2.420   (   2.465    2.321  -12.901)   13.338
   2.467   (  -2.204    1.144  -10.234)   10.531
   2.564   (   1.336   -0.530   -9.428)    9.537
   2.609   (  -2.932   -1.171   -7.662)    8.287
   3.540   (   1.682    5.716   -9.425)   11.150
   3.574   (  -2.147    5.325   -8.201)   10.011
   3.828   (   1.625   -0.096   -5.449)    5.687
   3.863   (  -2.269   -1.435   -6.224)    6.779
   3.986   (   2.451   -2.862   -6.311)    7.350
   4.028   (  -2.339   -2.946   -6.264)    7.306
   4.157   (   0.664   -4.466   -5.771)    7.327
   4.173   (  -1.061   -4.446   -6.743)    8.146
   4.560   (   6.193   -0.535   -3.792)    7.282
   4.615   (   2.477   -0.670   -1.001)    2.754
   4.704   (  -3.413   -2.894   -5.565)    7.141
   4.731   (  -3.957   -2.272   -2.911)    5.412
======================= Grid point 997 (312/512) =======================
q-point: ( 0.47  0.40  0.27)
Mass variance parameters: 4.63e-04 4.63e-04 4.63e-04 4.63e-04 3.34e-04 3.34e-04 3.34e-04 3.34e-04 
Number of triplets: 1688
Frequency     group velocity (x, y, z)     |gv|
   1.345   (   1.711    4.096   -1.260)    4.614
   1.355   (  -1.570    4.176   -1.538)    4.719
   1.437   (   0.715    1.631   -1.498)    2.327
   1.441   (  -0.571    0.831   -1.143)    1.524
   1.688   (   2.757    4.869   -4.657)    7.279
   1.703   (  -2.408    4.847   -4.928)    7.320
   1.900   (   2.402   -0.174   -3.059)    3.893
   1.913   (  -2.063   -0.875   -2.943)    3.699
   2.435   (   2.846    2.030  -12.491)   12.971
   2.452   (  -2.862    1.670  -11.694)   12.155
   2.576   (   2.518   -0.900   -8.373)    8.790
   2.592   (  -2.971   -1.085   -7.885)    8.496
   3.550   (   1.956    5.543   -9.015)   10.762
   3.562   (  -2.120    5.412   -8.605)   10.384
   3.838   (   1.924   -0.551   -5.683)    6.025
   3.850   (  -2.154   -1.003   -5.937)    6.395
   4.000   (   2.474   -2.932   -6.305)    7.380
   4.014   (  -2.432   -2.955   -6.275)    7.350
   4.162   (   0.896   -4.412   -6.039)    7.533
   4.167   (  -1.030   -4.416   -6.373)    7.822
   4.594   (   5.338   -0.509   -3.205)    6.248
   4.617   (  -2.134   -0.342   -1.844)    2.841
   4.695   (   0.728   -2.967   -4.830)    5.715
   4.709   (  -3.481   -2.540   -3.509)    5.557
======================= Grid point 1005 (313/512) =======================
q-point: ( 0.00  0.47  0.27)
Mass variance parameters: 4.63e-04 4.63e-04 4.63e-04 4.63e-04 3.34e-04 3.34e-04 3.34e-04 3.34e-04 
Number of triplets: 904
Frequency     group velocity (x, y, z)     |gv|
   1.351   (   0.000    2.467   -2.935)    3.834
   1.380   (   0.000   -0.892   -3.366)    3.482
   1.449   (   0.000    1.490   -0.481)    1.565
   1.464   (   0.000   -0.785    1.321)    1.537
   1.706   (   0.000    7.603   -5.643)    9.469
   1.809   (   0.000   -3.500   -4.774)    5.920
   1.815   (   0.000    4.150   -6.671)    7.857
   1.872   (   0.000   -4.227   -5.442)    6.891
   2.432   (   0.000    2.104  -11.553)   11.743
   2.453   (   0.000   -0.819   -8.288)    8.328
   2.622   (   0.000    0.645  -14.824)   14.838
   2.636   (   0.000   -1.118  -11.269)   11.325
   3.642   (   0.000    8.726  -13.310)   15.915
   3.714   (   0.000    6.209   -8.376)   10.426
   3.774   (   0.000   -6.425  -10.464)   12.280
   3.810   (   0.000   -5.953   -9.918)   11.568
   3.970   (   0.000    4.255   -5.807)    7.199
   4.059   (   0.000   -6.254   -6.677)    9.149
   4.074   (   0.000    1.926   -7.267)    7.518
   4.126   (   0.000   -4.154   -8.074)    9.079
   4.436   (   0.000    2.419   -3.292)    4.085
   4.479   (   0.000   -2.736   -3.028)    4.081
   4.780   (   0.000   -0.664   -3.794)    3.851
   4.785   (   0.000   -1.081   -2.544)    2.764
======================= Grid point 1006 (314/512) =======================
q-point: ( 0.07  0.47  0.27)
Mass variance parameters: 4.63e-04 4.63e-04 4.63e-04 4.63e-04 3.34e-04 3.34e-04 3.34e-04 3.34e-04 
Number of triplets: 1688
Frequency     group velocity (x, y, z)     |gv|
   1.352   (   0.318    2.475   -2.860)    3.796
   1.381   (   0.376   -0.892   -3.340)    3.478
   1.449   (   0.090    1.410   -0.453)    1.484
   1.464   (  -0.290   -0.698    1.216)    1.432
   1.708   (   0.748    7.562   -5.629)    9.457
   1.808   (  -0.010   -1.308   -5.270)    5.430
   1.817   (   0.807    1.942   -6.078)    6.431
   1.873   (   0.139   -4.173   -5.395)    6.822
   2.433   (   0.203    2.143  -11.625)   11.823
   2.455   (   0.391   -0.831   -8.368)    8.419
   2.619   (  -1.076    0.744  -14.705)   14.763
   2.635   (  -0.486   -1.234  -11.383)   11.460
   3.641   (  -0.059    8.699  -13.238)   15.840
   3.712   (  -0.496    6.215   -8.433)   10.488
   3.773   (  -0.059   -6.436  -10.459)   12.281
   3.809   (  -0.299   -6.020   -9.940)   11.624
   3.971   (   0.289    4.281   -5.815)    7.227
   4.059   (   0.070   -5.986   -6.621)    8.926
   4.072   (  -0.443    1.748   -7.256)    7.477
   4.125   (  -0.374   -4.182   -8.013)    9.046
   4.441   (   1.651    2.381   -3.352)    4.430
   4.484   (   1.483   -2.708   -3.036)    4.330
   4.776   (  -1.126   -0.613   -3.777)    3.989
   4.782   (  -0.893   -1.129   -2.595)    2.967
======================= Grid point 1007 (315/512) =======================
q-point: ( 0.13  0.47  0.27)
Mass variance parameters: 4.63e-04 4.63e-04 4.63e-04 4.63e-04 3.34e-04 3.34e-04 3.34e-04 3.34e-04 
Number of triplets: 1688
Frequency     group velocity (x, y, z)     |gv|
   1.355   (   0.664    2.497   -2.659)    3.708
   1.384   (   0.732   -0.876   -3.257)    3.452
   1.449   (   0.048    1.178   -0.345)    1.229
   1.461   (  -0.568   -0.467    0.879)    1.146
   1.715   (   1.440    7.444   -5.584)    9.416
   1.809   (   0.174    1.075   -5.673)    5.777
   1.823   (   1.226   -0.474   -5.397)    5.555
   1.874   (   0.247   -4.027   -5.256)    6.626
   2.435   (   0.485    2.256  -11.836)   12.059
   2.458   (   0.823   -0.854   -8.600)    8.681
   2.610   (  -1.944    0.957  -14.538)   14.699
   2.630   (  -1.121   -1.510  -11.531)   11.683
   3.641   (  -0.048    8.617  -13.034)   15.625
   3.708   (  -0.944    6.243   -8.603)   10.671
   3.773   (  -0.096   -6.470  -10.443)   12.286
   3.806   (  -0.592   -6.189   -9.989)   11.766
   3.974   (   0.596    4.330   -5.843)    7.297
   4.059   (  -0.093   -4.472   -6.466)    7.862
   4.069   (  -0.569    0.486   -7.232)    7.271
   4.122   (  -0.691   -4.263   -7.850)    8.960
   4.455   (   3.131    2.276   -3.505)    5.222
   4.496   (   2.820   -2.625   -3.054)    4.916
   4.767   (  -2.178   -0.493   -3.783)    4.392
   4.774   (  -1.802   -1.244   -2.689)    3.467
======================= Grid point 1008 (316/512) =======================
q-point: ( 0.20  0.47  0.27)
Mass variance parameters: 4.63e-04 4.63e-04 4.63e-04 4.63e-04 3.34e-04 3.34e-04 3.34e-04 3.34e-04 
Number of triplets: 1688
Frequency     group velocity (x, y, z)     |gv|
   1.360   (   1.036    2.526   -2.377)    3.620
   1.389   (   1.039   -0.802   -3.109)    3.374
   1.449   (  -0.273    0.815   -0.036)    0.860
   1.457   (  -0.728   -0.168    0.206)    0.775
   1.725   (   2.018    7.261   -5.507)    9.334
   1.810   (   0.181    2.808   -5.765)    6.415
   1.831   (   1.481   -2.211   -4.899)    5.575
   1.876   (   0.282   -3.838   -5.038)    6.340
   2.439   (   0.893    2.439  -12.162)   12.436
   2.464   (   1.309   -0.843   -8.956)    9.090
   2.596   (  -2.604    1.142  -14.441)   14.719
   2.622   (  -1.819   -1.843  -11.580)   11.866
   3.641   (   0.075    8.478  -12.727)   15.292
   3.702   (  -1.308    6.316   -8.876)   10.972
   3.772   (  -0.090   -6.532  -10.413)   12.292
   3.802   (  -0.846   -6.391  -10.035)   11.927
   3.978   (   0.912    4.347   -5.893)    7.379
   4.056   (  -0.917   -0.297   -6.422)    6.494
   4.067   (   0.091   -3.315   -7.037)    7.779
   4.117   (  -0.923   -4.383   -7.630)    8.847
   4.477   (   4.328    2.124   -3.694)    6.074
   4.516   (   3.905   -2.492   -3.070)    5.558
   4.751   (  -3.140   -0.343   -3.846)    4.977
   4.761   (  -2.681   -1.394   -2.784)    4.109
======================= Grid point 1009 (317/512) =======================
q-point: ( 0.27  0.47  0.27)
Mass variance parameters: 4.63e-04 4.63e-04 4.63e-04 4.63e-04 3.34e-04 3.34e-04 3.34e-04 3.34e-04 
Number of triplets: 1688
Frequency     group velocity (x, y, z)     |gv|
   1.367   (   1.398    2.558   -2.059)    3.568
   1.396   (   1.248   -0.591   -2.893)    3.206
   1.446   (  -0.934    0.449    0.396)    1.109
   1.453   (  -0.642   -0.018   -0.698)    0.949
   1.738   (   2.427    7.028   -5.400)    9.189
   1.811   (  -0.099    4.049   -5.650)    6.952
   1.840   (   1.621   -3.368   -4.550)    5.888
   1.877   (   0.197   -3.677   -4.770)    6.026
   2.445   (   1.425    2.682  -12.558)   12.920
   2.473   (   1.799   -0.703   -9.410)    9.606
   2.580   (  -3.035    1.157  -14.365)   14.727
   2.609   (  -2.472   -2.180  -11.553)   12.014
   3.642   (   0.312    8.284  -12.351)   14.875
   3.693   (  -1.563    6.447   -9.236)   11.371
   3.772   (  -0.022   -6.612  -10.365)   12.295
   3.797   (  -1.010   -6.565  -10.061)   12.056
   3.984   (   1.204    4.284   -5.958)    7.436
   4.049   (  -1.446    1.816   -6.441)    6.846
   4.070   (   0.571   -4.986   -6.781)    8.437
   4.111   (  -1.072   -4.522   -7.391)    8.731
   4.505   (   5.199    1.949   -3.861)    6.762
   4.541   (   4.688   -2.307   -3.067)    6.058
   4.730   (  -3.995   -0.189   -3.957)    5.626
   4.743   (  -3.485   -1.570   -2.884)    4.789
======================= Grid point 1010 (318/512) =======================
q-point: ( 0.33  0.47  0.27)
Mass variance parameters: 4.63e-04 4.63e-04 4.63e-04 4.63e-04 3.34e-04 3.34e-04 3.34e-04 3.34e-04 
Number of triplets: 1688
Frequency     group velocity (x, y, z)     |gv|
   1.376   (   1.698    2.587   -1.737)    3.549
   1.403   (   1.223   -0.070   -2.596)    2.871
   1.439   (  -1.284    0.168    0.237)    1.316
   1.449   (  -0.746   -0.279   -1.116)    1.371
   1.753   (   2.624    6.758   -5.280)    8.968
   1.809   (  -0.618    4.866   -5.444)    7.328
   1.850   (   1.636   -3.959   -4.318)    6.082
   1.878   (  -0.040   -3.613   -4.496)    5.768
   2.455   (   2.015    2.978  -12.956)   13.446
   2.485   (   2.086   -0.209   -9.975)   10.193
   2.562   (  -3.069    0.760  -14.198)   14.546
   2.593   (  -2.981   -2.505  -11.483)   12.125
   3.645   (   0.631    8.042  -11.934)   14.404
   3.684   (  -1.691    6.639   -9.657)   11.840
   3.772   (   0.117   -6.694  -10.302)   12.286
   3.791   (  -1.048   -6.687  -10.070)   12.134
   3.992   (   1.440    4.130   -6.030)    7.449
   4.040   (  -1.649    2.538   -6.378)    7.059
   4.074   (   0.807   -5.236   -6.659)    8.509
   4.105   (  -1.152   -4.666   -7.162)    8.625
   4.536   (   5.737    1.772   -3.965)    7.195
   4.570   (   5.140   -2.044   -3.025)    6.305
   4.705   (  -4.694   -0.071   -4.102)    6.234
   4.721   (  -4.172   -1.779   -3.000)    5.438
======================= Grid point 1011 (319/512) =======================
q-point: ( 0.40  0.47  0.27)
Mass variance parameters: 4.63e-04 4.63e-04 4.63e-04 4.63e-04 3.34e-04 3.34e-04 3.34e-04 3.34e-04 
Number of triplets: 1688
Frequency     group velocity (x, y, z)     |gv|
   1.386   (   1.877    2.613   -1.439)    3.525
   1.409   (   0.451    1.194   -2.058)    2.422
   1.432   (  -0.748   -0.682   -0.384)    1.082
   1.444   (  -0.995   -0.722   -1.309)    1.796
   1.768   (   2.585    6.460   -5.175)    8.672
   1.803   (  -1.245    5.401   -5.254)    7.637
   1.859   (   1.503   -4.115   -4.171)    6.049
   1.876   (  -0.408   -3.676   -4.272)    5.651
   2.468   (   2.518    3.317  -13.270)   13.909
   2.496   (   1.395    1.274  -10.913)   11.075
   2.547   (  -1.988   -0.683  -13.598)   13.759
   2.575   (  -3.224   -2.823  -11.408)   12.186
   3.650   (   0.979    7.762  -11.494)   13.904
   3.674   (  -1.685    6.883  -10.111)   12.348
   3.773   (   0.317   -6.757  -10.230)   12.264
   3.785   (  -0.963   -6.759  -10.082)   12.176
   4.001   (   1.606    3.903   -6.098)    7.416
   4.031   (  -1.732    2.966   -6.299)    7.175
   4.079   (   0.968   -5.191   -6.631)    8.477
   4.098   (  -1.176   -4.808   -6.958)    8.539
   4.570   (   5.931    1.628   -3.972)    7.322
   4.600   (   5.124   -1.559   -2.900)    6.091
   4.677   (  -5.054   -0.145   -4.303)    6.639
   4.696   (  -4.677   -2.046   -3.148)    5.998
======================= Grid point 1012 (320/512) =======================
q-point: ( 0.47  0.47  0.27)
Mass variance parameters: 4.63e-04 4.63e-04 4.63e-04 4.63e-04 3.34e-04 3.34e-04 3.34e-04 3.34e-04 
Number of triplets: 1688
Frequency     group velocity (x, y, z)     |gv|
   1.397   (   1.833    2.631   -1.219)    3.431
   1.406   (  -1.205    2.473   -1.306)    3.045
   1.432   (   0.695   -1.506   -1.235)    2.068
   1.438   (  -1.121   -1.199   -1.420)    2.171
   1.782   (   2.315    6.141   -5.119)    8.323
   1.794   (  -1.845    5.798   -5.140)    7.965
   1.867   (   1.222   -4.022   -4.107)    5.877
   1.873   (  -0.832   -3.838   -4.138)    5.704
   2.484   (   2.625    3.658  -13.336)   14.076
   2.496   (  -1.343    3.455  -12.610)   13.143
   2.544   (   1.206   -2.874  -12.115)   12.510
   2.557   (  -2.943   -3.118  -11.446)   12.222
   3.656   (   1.302    7.464  -11.040)   13.390
   3.664   (  -1.549    7.164  -10.577)   12.869
   3.776   (   0.552   -6.791  -10.162)   12.235
   3.780   (  -0.782   -6.792  -10.111)   12.205
   4.010   (   1.706    3.625   -6.162)    7.350
   4.020   (  -1.747    3.314   -6.227)    7.267
   4.085   (   1.082   -5.076   -6.680)    8.459
   4.091   (  -1.152   -4.945   -6.793)    8.481
   4.604   (   5.527    1.622   -3.777)    6.888
   4.624   (   1.353    0.583   -2.714)    3.088
   4.652   (  -1.731   -1.859   -4.521)    5.185
   4.668   (  -4.688   -2.466   -3.433)    6.312
======================= Grid point 1125 (321/512) =======================
q-point: ( 0.00  0.00  0.33)
Mass variance parameters: 4.63e-04 4.63e-04 4.63e-04 4.63e-04 3.34e-04 3.34e-04 3.34e-04 3.34e-04 
Number of triplets: 512
Frequency     group velocity (x, y, z)     |gv|
   1.015   (   0.000    0.000   10.398)   10.398
   1.397   (   0.000    0.000    9.374)    9.374
   1.419   (   0.000    0.000    3.467)    3.467
   1.503   (   0.000    0.000    6.206)    6.206
   1.638   (   0.000    0.000    2.607)    2.607
   1.697   (   0.000    0.000    8.177)    8.177
   1.743   (   0.000    0.000    2.003)    2.003
   1.880   (   0.000    0.000    3.027)    3.027
   2.338   (   0.000    0.000   15.260)   15.260
   2.523   (   0.000    0.000   10.430)   10.430
   2.583   (   0.000    0.000   10.155)   10.155
   2.759   (   0.000    0.000    8.595)    8.595
   3.768   (   0.000    0.000    8.158)    8.158
   3.862   (   0.000    0.000    6.913)    6.913
   3.979   (   0.000    0.000    3.659)    3.659
   4.031   (   0.000    0.000    4.568)    4.568
   4.071   (   0.000    0.000    2.464)    2.464
   4.260   (   0.000    0.000    9.034)    9.034
   4.271   (   0.000    0.000   -0.154)    0.154
   4.536   (   0.000    0.000   10.185)   10.185
   4.594   (   0.000    0.000    4.245)    4.245
   4.646   (   0.000    0.000    3.206)    3.206
   4.829   (   0.000    0.000   10.208)   10.208
   5.325   (   0.000    0.000   -1.577)    1.577
======================= Grid point 1126 (322/512) =======================
q-point: ( 0.07  0.00  0.33)
Mass variance parameters: 4.63e-04 4.63e-04 4.63e-04 4.63e-04 3.34e-04 3.34e-04 3.34e-04 3.34e-04 
Number of triplets: 904
Frequency     group velocity (x, y, z)     |gv|
   1.023   (   2.570    0.000   10.248)   10.565
   1.399   (   0.650    0.000    9.343)    9.366
   1.420   (   0.434    0.000    3.460)    3.487
   1.502   (  -0.431    0.000    6.198)    6.213
   1.630   (  -2.503    0.000    3.421)    4.239
   1.705   (   2.303    0.000    7.379)    7.730
   1.740   (  -1.139    0.000    2.014)    2.314
   1.879   (  -0.410    0.000    3.039)    3.067
   2.340   (   0.753    0.000   15.196)   15.215
   2.521   (  -0.746    0.000   10.471)   10.497
   2.584   (   0.314    0.000   10.139)   10.144
   2.756   (  -1.171    0.000    8.632)    8.711
   3.769   (   0.254    0.000    8.147)    8.151
   3.860   (  -0.593    0.000    6.925)    6.950
   3.981   (   0.591    0.000    3.647)    3.695
   4.032   (   0.332    0.000    4.598)    4.610
   4.071   (  -0.248    0.000    2.474)    2.487
   4.234   (  -5.132    0.000    5.279)    7.362
   4.299   (   5.752    0.000    3.694)    6.836
   4.534   (  -0.750    0.000   10.006)   10.034
   4.587   (  -1.774    0.000    4.831)    5.146
   4.658   (   3.341    0.000    2.625)    4.249
   4.830   (   0.599    0.000   10.213)   10.231
   5.320   (  -1.756    0.000   -1.510)    2.316
======================= Grid point 1127 (323/512) =======================
q-point: ( 0.13  0.00  0.33)
Mass variance parameters: 4.63e-04 4.63e-04 4.63e-04 4.63e-04 3.34e-04 3.34e-04 3.34e-04 3.34e-04 
Number of triplets: 904
Frequency     group velocity (x, y, z)     |gv|
   1.044   (   4.876    0.000    9.828)   10.971
   1.404   (   1.279    0.000    9.250)    9.338
   1.423   (   0.351    0.000    3.508)    3.526
   1.499   (  -0.411    0.000    6.103)    6.117
   1.612   (  -3.476    0.000    4.529)    5.709
   1.721   (   3.081    0.000    6.321)    7.032
   1.730   (  -2.219    0.000    2.048)    3.020
   1.875   (  -0.812    0.000    3.077)    3.183
   2.347   (   1.463    0.000   15.007)   15.078
   2.514   (  -1.411    0.000   10.589)   10.683
   2.587   (   0.610    0.000   10.100)   10.118
   2.746   (  -2.216    0.000    8.742)    9.018
   3.771   (   0.503    0.000    8.112)    8.127
   3.855   (  -1.075    0.000    6.965)    7.047
   3.985   (   1.072    0.000    3.608)    3.764
   4.035   (   0.680    0.000    4.680)    4.729
   4.069   (  -0.491    0.000    2.507)    2.555
   4.205   (  -4.747    0.000    5.013)    6.904
   4.333   (   5.857    0.000    4.241)    7.231
   4.527   (  -1.479    0.000    9.529)    9.644
   4.578   (  -1.130    0.000    5.796)    5.905
   4.679   (   3.411    0.000    1.818)    3.865
   4.837   (   1.987    0.000   10.022)   10.217
   5.305   (  -3.463    0.000   -1.309)    3.702
======================= Grid point 1128 (324/512) =======================
q-point: ( 0.20  0.00  0.33)
Mass variance parameters: 4.63e-04 4.63e-04 4.63e-04 4.63e-04 3.34e-04 3.34e-04 3.34e-04 3.34e-04 
Number of triplets: 904
Frequency     group velocity (x, y, z)     |gv|
   1.078   (   6.713    0.000    9.216)   11.401
   1.414   (   1.868    0.000    9.097)    9.287
   1.422   (  -0.874    0.000    3.844)    3.942
   1.499   (   0.635    0.000    5.694)    5.729
   1.591   (  -3.828    0.000    5.366)    6.592
   1.714   (  -3.191    0.000    2.108)    3.824
   1.739   (   3.252    0.000    5.565)    6.446
   1.870   (  -1.200    0.000    3.141)    3.363
   2.357   (   2.091    0.000   14.705)   14.853
   2.505   (  -1.965    0.000   10.778)   10.955
   2.591   (   0.910    0.000   10.052)   10.093
   2.731   (  -3.029    0.000    8.910)    9.411
   3.775   (   0.742    0.000    8.055)    8.089
   3.848   (  -1.403    0.000    7.035)    7.173
   3.993   (   1.399    0.000    3.540)    3.806
   4.040   (   1.050    0.000    4.798)    4.911
   4.065   (  -0.726    0.000    2.560)    2.661
   4.179   (  -4.305    0.000    5.018)    6.611
   4.366   (   5.650    0.000    4.722)    7.363
   4.518   (  -1.856    0.000    9.083)    9.270
   4.575   (  -0.047    0.000    6.439)    6.439
   4.693   (   1.487    0.000    1.702)    2.261
   4.856   (   4.513    0.000    9.082)   10.142
   5.280   (  -5.072    0.000   -0.976)    5.165
======================= Grid point 1129 (325/512) =======================
q-point: ( 0.27  0.00  0.33)
Mass variance parameters: 4.63e-04 4.63e-04 4.63e-04 4.63e-04 3.34e-04 3.34e-04 3.34e-04 3.34e-04 
Number of triplets: 904
Frequency     group velocity (x, y, z)     |gv|
   1.121   (   7.968    0.000    8.510)   11.658
   1.411   (  -2.972    0.000    4.507)    5.399
   1.426   (   2.401    0.000    8.887)    9.205
   1.508   (   2.403    0.000    4.939)    5.493
   1.568   (  -3.963    0.000    6.030)    7.216
   1.693   (  -4.012    0.000    2.204)    4.577
   1.758   (   3.225    0.000    5.010)    5.958
   1.862   (  -1.567    0.000    3.233)    3.593
   2.371   (   2.604    0.000   14.308)   14.543
   2.492   (  -2.410    0.000   11.037)   11.297
   2.598   (   1.258    0.000   10.005)   10.084
   2.711   (  -3.540    0.000    9.118)    9.781
   3.779   (   0.966    0.000    7.977)    8.035
   3.839   (  -1.591    0.000    7.132)    7.308
   4.001   (   1.585    0.000    3.445)    3.792
   4.047   (   1.435    0.000    4.929)    5.133
   4.060   (  -0.947    0.000    2.634)    2.799
   4.155   (  -3.887    0.000    5.080)    6.397
   4.398   (   5.115    0.000    5.361)    7.410
   4.507   (  -1.865    0.000    8.862)    9.056
   4.578   (   0.977    0.000    6.503)    6.576
   4.695   (  -0.916    0.000    2.372)    2.543
   4.890   (   7.150    0.000    7.357)   10.259
   5.247   (  -6.534    0.000   -0.510)    6.554
======================= Grid point 1130 (326/512) =======================
q-point: ( 0.33  0.00  0.33)
Mass variance parameters: 4.63e-04 4.63e-04 4.63e-04 4.63e-04 3.34e-04 3.34e-04 3.34e-04 3.34e-04 
Number of triplets: 904
Frequency     group velocity (x, y, z)     |gv|
   1.169   (   8.616    0.000    7.800)   11.622
   1.388   (  -4.871    0.000    5.136)    7.078
   1.441   (   2.865    0.000    8.623)    9.087
   1.526   (   3.817    0.000    4.218)    5.689
   1.545   (  -3.986    0.000    6.595)    7.706
   1.668   (  -4.647    0.000    2.350)    5.208
   1.777   (   3.112    0.000    4.577)    5.535
   1.852   (  -1.908    0.000    3.356)    3.860
   2.387   (   2.974    0.000   13.836)   14.152
   2.477   (  -2.759    0.000   11.371)   11.701
   2.606   (   1.685    0.000    9.957)   10.099
   2.690   (  -3.723    0.000    9.336)   10.051
   3.786   (   1.170    0.000    7.881)    7.967
   3.829   (  -1.671    0.000    7.250)    7.440
   4.011   (   1.661    0.000    3.330)    3.721
   4.054   (  -1.149    0.000    2.724)    2.957
   4.056   (   1.820    0.000    5.050)    5.368
   4.134   (  -3.512    0.000    5.148)    6.232
   4.425   (   4.267    0.000    6.183)    7.512
   4.496   (  -1.760    0.000    8.753)    8.928
   4.586   (   2.031    0.000    6.097)    6.427
   4.684   (  -2.637    0.000    3.158)    4.114
   4.936   (   8.867    0.000    5.555)   10.463
   5.205   (  -7.799    0.000    0.089)    7.799
======================= Grid point 1131 (327/512) =======================
q-point: ( 0.40  0.00  0.33)
Mass variance parameters: 4.63e-04 4.63e-04 4.63e-04 4.63e-04 3.34e-04 3.34e-04 3.34e-04 3.34e-04 
Number of triplets: 904
Frequency     group velocity (x, y, z)     |gv|
   1.220   (   8.698    0.000    7.149)   11.258
   1.355   (  -6.347    0.000    5.635)    8.487
   1.459   (   3.252    0.000    8.310)    8.923
   1.522   (  -3.923    0.000    7.095)    8.107
   1.551   (   4.676    0.000    3.656)    5.936
   1.640   (  -5.066    0.000    2.560)    5.676
   1.794   (   2.947    0.000    4.228)    5.153
   1.840   (  -2.219    0.000    3.511)    4.154
   2.405   (   3.190    0.000   13.316)   13.693
   2.460   (  -3.019    0.000   11.780)   12.161
   2.617   (   2.190    0.000    9.901)   10.140
   2.669   (  -3.600    0.000    9.538)   10.195
   3.793   (   1.349    0.000    7.769)    7.885
   3.820   (  -1.669    0.000    7.380)    7.566
   4.020   (   1.656    0.000    3.204)    3.607
   4.047   (  -1.329    0.000    2.831)    3.127
   4.068   (   2.188    0.000    5.144)    5.590
   4.114   (  -3.175    0.000    5.198)    6.091
   4.447   (   3.277    0.000    7.069)    7.791
   4.486   (  -1.738    0.000    8.611)    8.784
   4.601   (   3.044    0.000    5.454)    6.246
   4.666   (  -3.601    0.000    3.766)    5.211
   4.990   (   9.679    0.000    4.024)   10.482
   5.157   (  -8.812    0.000    0.825)    8.851
======================= Grid point 1132 (328/512) =======================
q-point: ( 0.47  0.00  0.33)
Mass variance parameters: 4.63e-04 4.63e-04 4.63e-04 4.63e-04 3.34e-04 3.34e-04 3.34e-04 3.34e-04 
Number of triplets: 904
Frequency     group velocity (x, y, z)     |gv|
   1.269   (   8.292    0.000    6.582)   10.587
   1.315   (  -7.487    0.000    6.092)    9.652
   1.479   (   3.557    0.000    7.950)    8.709
   1.500   (  -3.781    0.000    7.545)    8.439
   1.580   (   5.120    0.000    3.208)    6.042
   1.610   (  -5.235    0.000    2.845)    5.958
   1.811   (   2.741    0.000    3.941)    4.800
   1.826   (  -2.498    0.000    3.705)    4.468
   2.423   (   3.256    0.000   12.778)   13.187
   2.442   (  -3.191    0.000   12.256)   12.665
   2.632   (   2.735    0.000    9.820)   10.194
   2.649   (  -3.238    0.000    9.702)   10.228
   3.801   (   1.496    0.000    7.645)    7.790
   3.810   (  -1.606    0.000    7.513)    7.683
   4.030   (   1.591    0.000    3.075)    3.462
   4.039   (  -1.478    0.000    2.949)    3.298
   4.081   (   2.532    0.000    5.201)    5.785
   4.097   (  -2.856    0.000    5.218)    5.949
   4.463   (   2.438    0.000    7.821)    8.193
   4.476   (  -1.929    0.000    8.328)    8.549
   4.621   (   3.752    0.000    4.812)    6.102
   4.644   (  -3.956    0.000    4.272)    5.822
   5.047   (   9.840    0.000    2.761)   10.220
   5.103   (  -9.517    0.000    1.709)    9.669
======================= Grid point 1140 (329/512) =======================
q-point: ( 0.00  0.07  0.33)
Mass variance parameters: 4.63e-04 4.63e-04 4.63e-04 4.63e-04 3.34e-04 3.34e-04 3.34e-04 3.34e-04 
Number of triplets: 904
Frequency     group velocity (x, y, z)     |gv|
   1.031   (   0.000    1.984    9.696)    9.897
   1.369   (   0.000   -3.246   10.157)   10.663
   1.402   (   0.000   -2.246    5.560)    5.996
   1.489   (   0.000   -1.624    5.461)    5.697
   1.646   (   0.000   -4.651    5.965)    7.564
   1.653   (   0.000    1.740    2.911)    3.391
   1.771   (   0.000    2.032    2.008)    2.857
   1.889   (   0.000    0.966    3.140)    3.285
   2.346   (   0.000    0.927   13.743)   13.774
   2.539   (   0.000    1.979    8.796)    9.016
   2.562   (   0.000   -2.689    9.153)    9.540
   2.740   (   0.000   -2.304    7.537)    7.881
   3.743   (   0.000   -3.093    8.196)    8.760
   3.832   (   0.000   -3.582    7.258)    8.094
   3.952   (   0.000   -3.041    4.194)    5.180
   4.006   (   0.000   -2.697    2.963)    4.007
   4.079   (   0.000    0.541    3.234)    3.279
   4.264   (   0.000    0.279    7.797)    7.802
   4.271   (   0.000   -0.111   -0.541)    0.553
   4.528   (   0.000   -1.412    7.992)    8.116
   4.588   (   0.000   -0.485    4.722)    4.747
   4.632   (   0.000   -1.760    2.824)    3.328
   4.830   (   0.000    0.182    9.206)    9.208
   5.294   (   0.000   -3.804   -1.892)    4.248
======================= Grid point 1141 (330/512) =======================
q-point: ( 0.07  0.07  0.33)
Mass variance parameters: 4.63e-04 4.63e-04 4.63e-04 4.63e-04 3.34e-04 3.34e-04 3.34e-04 3.34e-04 
Number of triplets: 1688
Frequency     group velocity (x, y, z)     |gv|
   1.038   (   2.414    1.928    9.559)   10.045
   1.370   (   0.485   -3.292   10.124)   10.657
   1.403   (   0.525   -2.234    5.592)    6.044
   1.487   (  -0.764   -1.715    5.439)    5.754
   1.631   (  -3.078   -1.560    5.088)    6.148
   1.667   (   2.857   -1.207    3.701)    4.829
   1.770   (  -0.554    2.067    2.114)    3.008
   1.887   (  -0.473    0.946    3.155)    3.328
   2.349   (   0.787    0.940   13.671)   13.725
   2.537   (  -0.834    1.904    8.848)    9.089
   2.563   (   0.363   -2.627    9.119)    9.496
   2.737   (  -1.171   -2.303    7.575)    8.004
   3.743   (   0.244   -3.097    8.185)    8.754
   3.830   (  -0.553   -3.567    7.261)    8.109
   3.953   (   0.506   -3.061    4.196)    5.218
   4.007   (   0.283   -2.704    2.972)    4.028
   4.079   (  -0.174    0.552    3.263)    3.314
   4.238   (  -4.796    0.365    4.125)    6.337
   4.298   (   5.373   -0.219    3.219)    6.267
   4.525   (  -1.158   -1.541    7.799)    8.034
   4.583   (  -1.109   -0.258    5.207)    5.330
   4.644   (   3.507   -1.728    2.357)    4.565
   4.831   (   0.232    0.073    9.216)    9.219
   5.289   (  -1.736   -3.797   -1.829)    4.558
======================= Grid point 1142 (331/512) =======================
q-point: ( 0.13  0.07  0.33)
Mass variance parameters: 4.63e-04 4.63e-04 4.63e-04 4.63e-04 3.34e-04 3.34e-04 3.34e-04 3.34e-04 
Number of triplets: 1688
Frequency     group velocity (x, y, z)     |gv|
   1.058   (   4.579    1.764    9.174)   10.404
   1.374   (   0.891   -3.433   10.001)   10.612
   1.407   (   0.781   -2.140    5.719)    6.156
   1.481   (  -1.353   -2.045    5.396)    5.927
   1.613   (  -2.850   -0.632    5.243)    6.001
   1.682   (   2.139   -1.639    3.211)    4.192
   1.766   (  -0.690    2.109    2.474)    3.323
   1.883   (  -0.936    0.887    3.200)    3.450
   2.355   (   1.531    0.978   13.459)   13.581
   2.530   (  -1.492    1.817    8.968)    9.272
   2.566   (   0.621   -2.578    9.056)    9.437
   2.727   (  -2.223   -2.304    7.686)    8.326
   3.745   (   0.484   -3.106    8.152)    8.737
   3.826   (  -1.007   -3.527    7.275)    8.147
   3.957   (   0.927   -3.113    4.193)    5.304
   4.009   (   0.487   -2.743    2.994)    4.089
   4.078   (  -0.259    0.600    3.350)    3.413
   4.211   (  -4.413    0.584    3.962)    5.959
   4.330   (   5.437   -0.503    3.646)    6.566
   4.516   (  -1.846   -1.731    7.485)    7.901
   4.578   (  -0.430    0.150    5.880)    5.897
   4.667   (   4.050   -1.504    1.605)    4.609
   4.834   (   1.123   -0.311    9.118)    9.192
   5.274   (  -3.423   -3.776   -1.639)    5.353
======================= Grid point 1143 (332/512) =======================
q-point: ( 0.20  0.07  0.33)
Mass variance parameters: 4.63e-04 4.63e-04 4.63e-04 4.63e-04 3.34e-04 3.34e-04 3.34e-04 3.34e-04 
Number of triplets: 1688
Frequency     group velocity (x, y, z)     |gv|
   1.090   (   6.300    1.505    8.615)   10.778
   1.380   (   1.008   -3.656    9.663)   10.380
   1.411   (   0.431   -1.775    6.066)    6.335
   1.472   (  -1.417   -2.809    5.432)    6.278
   1.598   (  -2.295    0.300    5.298)    5.781
   1.690   (   0.469   -1.459    2.443)    2.883
   1.763   (   0.121    1.884    3.122)    3.648
   1.877   (  -1.378    0.791    3.268)    3.634
   2.366   (   2.191    1.041   13.123)   13.345
   2.520   (  -2.024    1.786    9.135)    9.525
   2.570   (   0.883   -2.601    9.000)    9.410
   2.712   (  -3.053   -2.313    7.858)    8.741
   3.749   (   0.716   -3.120    8.100)    8.709
   3.819   (  -1.321   -3.473    7.309)    8.199
   3.964   (   1.229   -3.178    4.167)    5.383
   4.012   (   0.511   -2.846    3.022)    4.182
   4.076   (  -0.154    0.713    3.494)    3.569
   4.187   (  -4.003    0.771    3.974)    5.693
   4.361   (   5.228   -0.797    4.076)    6.677
   4.504   (  -1.978   -1.796    7.341)    7.812
   4.578   (   0.423    0.463    6.146)    6.178
   4.687   (   2.527   -0.924    1.328)    3.001
   4.846   (   3.271   -1.048    8.458)    9.128
   5.250   (  -5.010   -3.739   -1.325)    6.390
======================= Grid point 1144 (333/512) =======================
q-point: ( 0.27  0.07  0.33)
Mass variance parameters: 4.63e-04 4.63e-04 4.63e-04 4.63e-04 3.34e-04 3.34e-04 3.34e-04 3.34e-04 
Number of triplets: 1688
Frequency     group velocity (x, y, z)     |gv|
   1.130   (   7.469    1.171    7.975)   10.989
   1.384   (  -0.136   -3.590    8.526)    9.252
   1.412   (   0.015   -1.342    7.126)    7.251
   1.466   (  -0.758   -4.093    5.792)    7.133
   1.588   (  -1.287    1.304    5.046)    5.368
   1.686   (  -1.724   -0.641    1.817)    2.585
   1.768   (   1.555    1.207    3.697)    4.188
   1.867   (  -1.786    0.664    3.353)    3.856
   2.380   (   2.731    1.128   12.685)   13.025
   2.507   (  -2.468    1.768    9.359)    9.839
   2.576   (   1.231   -2.642    8.953)    9.415
   2.692   (  -3.589   -2.338    8.069)    9.135
   3.754   (   0.934   -3.137    8.031)    8.672
   3.811   (  -1.506   -3.412    7.368)    8.259
   3.971   (   1.425   -3.240    4.104)    5.420
   4.014   (   0.253   -3.020    3.062)    4.308
   4.076   (   0.236    0.893    3.675)    3.789
   4.165   (  -3.617    0.917    4.019)    5.484
   4.389   (   4.721   -1.083    4.639)    6.707
   4.493   (  -1.852   -1.774    7.326)    7.761
   4.583   (   1.286    0.682    6.002)    6.176
   4.694   (  -0.052   -0.188    1.909)    1.919
   4.873   (   6.113   -1.923    6.917)    9.429
   5.217   (  -6.447   -3.685   -0.883)    7.479
======================= Grid point 1145 (334/512) =======================
q-point: ( 0.33  0.07  0.33)
Mass variance parameters: 4.63e-04 4.63e-04 4.63e-04 4.63e-04 3.34e-04 3.34e-04 3.34e-04 3.34e-04 
Number of triplets: 1688
Frequency     group velocity (x, y, z)     |gv|
   1.176   (   8.062    0.780    7.344)   10.933
   1.374   (  -3.374   -2.240    6.681)    7.813
   1.416   (   1.327   -2.317    8.761)    9.159
   1.463   (  -0.491   -5.127    6.622)    8.389
   1.584   (   0.264    2.121    4.386)    4.879
   1.672   (  -3.211    0.252    1.678)    3.632
   1.780   (   2.452    0.597    3.873)    4.623
   1.856   (  -2.147    0.521    3.448)    4.095
   2.397   (   3.120    1.234   12.173)   12.627
   2.491   (  -2.835    1.732    9.659)   10.215
   2.585   (   1.687   -2.661    8.908)    9.449
   2.671   (  -3.800   -2.384    8.292)    9.427
   3.760   (   1.132   -3.159    7.948)    8.627
   3.802   (  -1.589   -3.354    7.448)    8.322
   3.980   (   1.530   -3.287    3.998)    5.397
   4.015   (  -0.261   -3.197    3.142)    4.490
   4.080   (   0.883    1.068    3.847)    4.089
   4.145   (  -3.262    1.025    4.059)    5.308
   4.415   (   3.952   -1.331    5.325)    6.763
   4.483   (  -1.715   -1.727    7.319)    7.713
   4.594   (   2.216    0.834    5.581)    6.062
   4.687   (  -2.127    0.340    2.787)    3.522
   4.915   (   8.218   -2.569    5.100)   10.007
   5.176   (  -7.683   -3.612   -0.314)    8.495
======================= Grid point 1146 (335/512) =======================
q-point: ( 0.40  0.07  0.33)
Mass variance parameters: 4.63e-04 4.63e-04 4.63e-04 4.63e-04 3.34e-04 3.34e-04 3.34e-04 3.34e-04 
Number of triplets: 1688
Frequency     group velocity (x, y, z)     |gv|
   1.223   (   8.118    0.352    6.792)   10.591
   1.347   (  -5.575   -1.190    6.097)    8.347
   1.426   (   2.060   -3.358    9.122)    9.936
   1.458   (  -1.116   -5.292    7.616)    9.341
   1.591   (   2.009    2.367    3.511)    4.687
   1.651   (  -3.878    0.956    1.850)    4.401
   1.796   (   2.770    0.301    3.841)    4.746
   1.843   (  -2.448    0.379    3.548)    4.328
   2.416   (   3.344    1.351   11.616)   12.163
   2.474   (  -3.123    1.669   10.046)   10.651
   2.596   (   2.235   -2.646    8.854)    9.508
   2.649   (  -3.697   -2.449    8.497)    9.584
   3.767   (   1.303   -3.185    7.853)    8.574
   3.793   (  -1.595   -3.300    7.543)    8.387
   3.989   (   1.545   -3.317    3.850)    5.311
   4.011   (  -0.813   -3.296    3.285)    4.724
   4.087   (   1.573    1.157    3.969)    4.423
   4.127   (  -2.925    1.100    4.080)    5.139
   4.435   (   3.086   -1.507    6.030)    6.940
   4.473   (  -1.700   -1.685    7.238)    7.623
   4.609   (   3.089    0.909    5.035)    5.977
   4.671   (  -3.302    0.638    3.482)    4.841
   4.966   (   9.273   -2.963    3.537)   10.357
   5.128   (  -8.660   -3.515    0.391)    9.354
======================= Grid point 1147 (336/512) =======================
q-point: ( 0.47  0.07  0.33)
Mass variance parameters: 4.63e-04 4.63e-04 4.63e-04 4.63e-04 3.34e-04 3.34e-04 3.34e-04 3.34e-04 
Number of triplets: 1688
Frequency     group velocity (x, y, z)     |gv|
   1.269   (   7.705   -0.100    6.368)    9.996
   1.311   (  -6.876   -0.585    6.110)    9.217
   1.438   (   2.149   -4.130    8.907)   10.050
   1.450   (  -1.816   -4.821    8.406)    9.859
   1.607   (   3.305    2.072    2.751)    4.773
   1.628   (  -3.910    1.551    2.208)    4.751
   1.812   (   2.798    0.222    3.752)    4.686
   1.828   (  -2.673    0.267    3.651)    4.533
   2.436   (   3.404    1.470   11.050)   11.656
   2.455   (  -3.320    1.580   10.516)   11.140
   2.611   (   2.816   -2.596    8.778)    9.577
   2.628   (  -3.338   -2.525    8.661)    9.619
   3.775   (   1.442   -3.216    7.752)    8.515
   3.783   (  -1.542   -3.254    7.647)    8.452
   3.998   (   1.452   -3.330    3.670)    5.164
   4.005   (  -1.219   -3.328    3.473)    4.962
   4.097   (   2.136    1.171    4.040)    4.718
   4.111   (  -2.568    1.147    4.074)    4.951
   4.451   (   2.355   -1.605    6.619)    7.207
   4.463   (  -1.892   -1.652    7.019)    7.455
   4.629   (   3.668    0.897    4.500)    5.875
   4.651   (  -3.771    0.807    4.009)    5.563
   5.021   (   9.563   -3.213    2.275)   10.341
   5.076   (  -9.315   -3.387    1.244)    9.989
======================= Grid point 1155 (337/512) =======================
q-point: ( 0.00  0.13  0.33)
Mass variance parameters: 4.63e-04 4.63e-04 4.63e-04 4.63e-04 3.34e-04 3.34e-04 3.34e-04 3.34e-04 
Number of triplets: 904
Frequency     group velocity (x, y, z)     |gv|
   1.079   (   0.000    3.940    7.903)    8.831
   1.305   (   0.000   -4.390   11.878)   12.663
   1.342   (   0.000   -5.132    9.710)   10.983
   1.458   (   0.000   -2.166    3.718)    4.303
   1.578   (   0.000   -3.389    1.725)    3.803
   1.690   (   0.000    2.877    3.246)    4.338
   1.792   (   0.000    0.334    0.562)    0.654
   1.907   (   0.000    1.183    3.376)    3.577
   2.366   (   0.000    1.552    9.680)    9.803
   2.498   (   0.000   -5.241    6.165)    8.092
   2.579   (   0.000    2.731    4.970)    5.671
   2.688   (   0.000   -4.207    4.475)    6.142
   3.674   (   0.000   -5.398    8.028)    9.674
   3.754   (   0.000   -5.969    7.646)    9.700
   3.893   (   0.000   -4.077    4.080)    5.768
   3.956   (   0.000   -3.272    1.681)    3.679
   4.080   (   0.000   -0.577    2.775)    2.834
   4.261   (   0.000   -0.788    5.121)    5.182
   4.265   (   0.000   -0.712   -1.620)    1.769
   4.482   (   0.000   -4.328    3.656)    5.666
   4.584   (   0.000   -0.091    4.480)    4.481
   4.591   (   0.000   -3.391    1.820)    3.848
   4.835   (   0.000    0.353    6.758)    6.768
   5.207   (   0.000   -6.999   -2.725)    7.510
======================= Grid point 1156 (338/512) =======================
q-point: ( 0.07  0.13  0.33)
Mass variance parameters: 4.63e-04 4.63e-04 4.63e-04 4.63e-04 3.34e-04 3.34e-04 3.34e-04 3.34e-04 
Number of triplets: 1688
Frequency     group velocity (x, y, z)     |gv|
   1.084   (   1.961    3.831    7.793)    8.903
   1.305   (   0.234   -4.432   11.913)   12.713
   1.343   (   0.474   -5.150    9.708)   11.000
   1.455   (  -0.976   -2.122    3.627)    4.314
   1.579   (   0.322   -3.139    1.853)    3.659
   1.691   (   0.146    2.662    3.083)    4.075
   1.791   (  -0.314    0.414    0.681)    0.856
   1.905   (  -0.568    1.175    3.401)    3.643
   2.368   (   0.855    1.556    9.601)    9.763
   2.499   (   0.211   -5.228    6.148)    8.073
   2.577   (  -0.776    2.694    4.979)    5.714
   2.684   (  -1.149   -4.193    4.518)    6.270
   3.674   (   0.228   -5.399    8.016)    9.668
   3.752   (  -0.441   -5.944    7.633)    9.684
   3.894   (   0.426   -4.087    4.088)    5.797
   3.957   (   0.221   -3.289    1.717)    3.716
   4.080   (  -0.107   -0.562    2.771)    2.830
   4.239   (  -3.981   -0.365    2.021)    4.480
   4.288   (   4.328   -1.195    1.571)    4.757
   4.477   (  -1.298   -4.275    3.697)    5.799
   4.582   (  -0.220   -0.272    4.330)    4.344
   4.604   (   3.545   -3.136    1.797)    5.063
   4.833   (  -0.403    0.259    6.748)    6.765
   5.202   (  -1.678   -6.985   -2.674)    7.665
======================= Grid point 1157 (339/512) =======================
q-point: ( 0.13  0.13  0.33)
Mass variance parameters: 4.63e-04 4.63e-04 4.63e-04 4.63e-04 3.34e-04 3.34e-04 3.34e-04 3.34e-04 
Number of triplets: 1688
Frequency     group velocity (x, y, z)     |gv|
   1.101   (   3.697    3.505    7.490)    9.059
   1.307   (   0.402   -4.556   11.989)   12.832
   1.347   (   0.869   -5.188    9.715)   11.048
   1.447   (  -1.814   -1.967    3.427)    4.348
   1.581   (   0.615   -2.478    2.135)    3.328
   1.692   (   0.078    2.084    2.620)    3.349
   1.789   (  -0.401    0.637    1.043)    1.286
   1.900   (  -1.129    1.148    3.471)    3.826
   2.375   (   1.674    1.572    9.370)    9.647
   2.501   (   0.469   -5.179    6.100)    8.016
   2.571   (  -1.504    2.585    5.009)    5.833
   2.675   (  -2.204   -4.160    4.642)    6.612
   3.676   (   0.456   -5.403    7.984)    9.651
   3.749   (  -0.817   -5.877    7.601)    9.643
   3.898   (   0.804   -4.113    4.100)    5.863
   3.958   (   0.312   -3.343    1.826)    3.822
   4.079   (  -0.071   -0.509    2.759)    2.806
   4.217   (  -3.759   -0.057    1.994)    4.256
   4.313   (   4.336   -1.677    1.858)    5.006
   4.468   (  -1.776   -4.147    3.803)    5.900
   4.583   (   0.525    0.177    4.529)    4.562
   4.629   (   4.911   -3.290    1.135)    6.019
   4.830   (  -0.491   -0.077    6.689)    6.707
   5.188   (  -3.305   -6.943   -2.519)    8.092
======================= Grid point 1158 (340/512) =======================
q-point: ( 0.20  0.13  0.33)
Mass variance parameters: 4.63e-04 4.63e-04 4.63e-04 4.63e-04 3.34e-04 3.34e-04 3.34e-04 3.34e-04 
Number of triplets: 1688
Frequency     group velocity (x, y, z)     |gv|
   1.126   (   5.030    2.968    7.065)    9.166
   1.310   (   0.421   -4.743   12.020)   12.929
   1.353   (   1.110   -5.201    9.754)   11.110
   1.434   (  -2.432   -1.680    3.286)    4.420
   1.586   (   0.920   -1.611    2.366)    3.007
   1.691   (  -0.391    1.344    1.955)    2.404
   1.787   (  -0.067    0.928    1.634)    1.880
   1.892   (  -1.661    1.099    3.566)    4.085
   2.387   (   2.417    1.608    9.004)    9.460
   2.504   (   0.808   -5.066    6.033)    7.919
   2.560   (  -2.137    2.395    5.073)    6.003
   2.659   (  -3.080   -4.131    4.833)    7.065
   3.679   (   0.678   -5.409    7.936)    9.627
   3.743   (  -1.098   -5.787    7.570)    9.592
   3.903   (   1.112   -4.139    4.085)    5.921
   3.960   (   0.183   -3.443    2.011)    3.992
   4.079   (   0.202   -0.402    2.732)    2.769
   4.196   (  -3.537    0.159    2.075)    4.103
   4.338   (   4.141   -2.159    2.178)    5.153
   4.458   (  -1.742   -3.995    3.922)    5.863
   4.588   (   1.177    0.528    4.514)    4.695
   4.658   (   4.882   -2.903    0.622)    5.714
   4.829   (   0.262   -0.848    6.432)    6.493
   5.164   (  -4.827   -6.872   -2.260)    8.696
======================= Grid point 1159 (341/512) =======================
q-point: ( 0.27  0.13  0.33)
Mass variance parameters: 4.63e-04 4.63e-04 4.63e-04 4.63e-04 3.34e-04 3.34e-04 3.34e-04 3.34e-04 
Number of triplets: 1688
Frequency     group velocity (x, y, z)     |gv|
   1.158   (   5.855    2.222    6.622)    9.114
   1.312   (   0.156   -4.931   11.845)   12.831
   1.360   (   1.147   -5.116    9.820)   11.132
   1.419   (  -2.759   -1.305    3.416)    4.580
   1.592   (   1.314   -0.758    2.391)    2.832
   1.686   (  -1.245    0.730    1.292)    1.937
   1.789   (   0.685    1.134    2.326)    2.676
   1.881   (  -2.132    1.030    3.661)    4.360
   2.403   (   3.039    1.673    8.527)    9.205
   2.510   (   1.202   -4.775    5.961)    7.732
   2.546   (  -2.606    2.038    5.194)    6.158
   2.639   (  -3.706   -4.136    5.070)    7.519
   3.684   (   0.887   -5.415    7.877)    9.600
   3.736   (  -1.285   -5.694    7.554)    9.547
   3.910   (   1.348   -4.153    4.021)    5.936
   3.960   (  -0.171   -3.582    2.268)    4.243
   4.082   (   0.700   -0.248    2.687)    2.788
   4.176   (  -3.328    0.288    2.178)    3.988
   4.361   (   3.733   -2.607    2.568)    5.227
   4.448   (  -1.588   -3.854    4.012)    5.785
   4.596   (   1.884    0.807    4.349)    4.808
   4.681   (   2.966   -1.771    0.691)    3.524
   4.836   (   2.531   -2.287    5.571)    6.533
   5.132   (  -6.190   -6.767   -1.894)    9.365
======================= Grid point 1160 (342/512) =======================
q-point: ( 0.33  0.13  0.33)
Mass variance parameters: 4.63e-04 4.63e-04 4.63e-04 4.63e-04 3.34e-04 3.34e-04 3.34e-04 3.34e-04 
Number of triplets: 1688
Frequency     group velocity (x, y, z)     |gv|
   1.193   (   6.141    1.265    6.292)    8.883
   1.311   (  -0.613   -4.915   11.170)   12.220
   1.366   (   0.997   -4.842    9.839)   11.011
   1.403   (  -2.647   -1.048    4.120)    5.008
   1.601   (   1.823   -0.083    2.175)    2.839
   1.676   (  -2.149    0.434    0.880)    2.362
   1.795   (   1.547    1.146    2.908)    3.488
   1.868   (  -2.501    0.952    3.726)    4.587
   2.422   (   3.497    1.767    7.966)    8.877
   2.517   (   0.704   -2.774    5.859)    6.521
   2.531   (  -1.964    0.013    5.440)    5.783
   2.617   (  -4.030   -4.202    5.316)    7.884
   3.690   (   1.074   -5.424    7.812)    9.571
   3.728   (  -1.392   -5.610    7.559)    9.516
   3.919   (   1.509   -4.147    3.897)    5.887
   3.958   (  -0.640   -3.733    2.572)    4.579
   4.088   (   1.306   -0.075    2.627)    2.935
   4.157   (  -3.127    0.345    2.278)    3.884
   4.381   (   3.169   -2.984    2.991)    5.282
   4.439   (  -1.492   -3.738    4.050)    5.710
   4.609   (   2.615    1.018    4.098)    4.967
   4.690   (  -0.064   -0.345    1.549)    1.588
   4.860   (   5.664   -3.981    3.922)    7.957
   5.093   (  -7.337   -6.624   -1.414)    9.985
======================= Grid point 1161 (343/512) =======================
q-point: ( 0.40  0.13  0.33)
Mass variance parameters: 4.63e-04 4.63e-04 4.63e-04 4.63e-04 3.34e-04 3.34e-04 3.34e-04 3.34e-04 
Number of triplets: 1688
Frequency     group velocity (x, y, z)     |gv|
   1.228   (   5.897    0.086    6.242)    8.588
   1.303   (  -2.056   -4.293    9.712)   10.816
   1.371   (   0.781   -4.293    9.649)   10.590
   1.389   (  -1.975   -1.326    5.675)    6.153
   1.613   (   2.372    0.330    1.790)    2.989
   1.662   (  -2.762    0.404    0.804)    2.905
   1.807   (   2.217    1.034    3.300)    4.108
   1.852   (  -2.726    0.889    3.738)    4.712
   2.443   (   3.758    1.884    7.354)    8.471
   2.507   (  -3.199    2.123    5.780)    6.939
   2.535   (   2.260   -4.852    5.788)    7.883
   2.593   (  -4.029   -4.343    5.533)    8.106
   3.696   (   1.229   -5.437    7.747)    9.544
   3.720   (  -1.431   -5.543    7.586)    9.503
   3.928   (   1.583   -4.116    3.714)    5.766
   3.953   (  -1.076   -3.869    2.893)    4.949
   4.097   (   1.874    0.083    2.564)    3.177
   4.140   (  -2.915    0.345    2.365)    3.769
   4.397   (   2.573   -3.261    3.386)    5.359
   4.431   (  -1.523   -3.644    4.022)    5.637
   4.626   (   3.218    1.135    3.808)    5.113
   4.682   (  -2.254    0.565    2.480)    3.398
   4.900   (   7.790   -5.134    2.232)    9.593
   5.048   (  -8.199   -6.431   -0.808)   10.451
======================= Grid point 1162 (344/512) =======================
q-point: ( 0.47  0.13  0.33)
Mass variance parameters: 4.63e-04 4.63e-04 4.63e-04 4.63e-04 3.34e-04 3.34e-04 3.34e-04 3.34e-04 
Number of triplets: 1688
Frequency     group velocity (x, y, z)     |gv|
   1.260   (   5.124   -1.331    6.700)    8.539
   1.286   (  -3.785   -2.923    7.914)    9.246
   1.375   (   0.735   -3.420    8.997)    9.653
   1.381   (  -1.137   -2.293    7.615)    8.033
   1.628   (   2.807    0.488    1.357)    3.156
   1.645   (  -2.972    0.473    0.996)    3.170
   1.821   (   2.618    0.921    3.542)    4.500
   1.836   (  -2.776    0.871    3.681)    4.692
   2.465   (   3.813    2.011    6.742)    8.002
   2.487   (  -3.671    2.134    6.193)    7.509
   2.551   (   3.149   -4.777    5.769)    8.125
   2.571   (  -3.718   -4.549    5.686)    8.176
   3.704   (   1.344   -5.459    7.684)    9.521
   3.712   (  -1.414   -5.493    7.629)    9.506
   3.937   (   1.550   -4.060    3.478)    5.566
   3.945   (  -1.386   -3.978    3.200)    5.291
   4.109   (   2.325    0.209    2.502)    3.423
   4.124   (  -2.660    0.298    2.438)    3.621
   4.411   (   2.064   -3.442    3.701)    5.459
   4.421   (  -1.710   -3.556    3.911)    5.556
   4.646   (   3.501    1.133    3.490)    5.072
   4.666   (  -3.269    0.978    3.091)    4.604
   4.948   (   8.646   -5.777    0.932)   10.440
   4.998   (  -8.686   -6.166   -0.045)   10.652
======================= Grid point 1170 (345/512) =======================
q-point: ( 0.00  0.20  0.33)
Mass variance parameters: 4.63e-04 4.63e-04 4.63e-04 4.63e-04 3.34e-04 3.34e-04 3.34e-04 3.34e-04 
Number of triplets: 904
Frequency     group velocity (x, y, z)     |gv|
   1.154   (   0.000    5.305    5.907)    7.939
   1.239   (   0.000   -3.852   14.204)   14.717
   1.259   (   0.000   -3.973    7.416)    8.413
   1.425   (   0.000   -1.684    1.143)    2.035
   1.541   (   0.000   -1.416   -1.252)    1.890
   1.739   (   0.000    2.897    3.408)    4.473
   1.778   (   0.000   -2.125   -0.240)    2.139
   1.926   (   0.000    1.422    3.245)    3.543
   2.397   (   0.000   -7.366    1.346)    7.487
   2.397   (   0.000    2.222    4.135)    4.694
   2.610   (   0.000   -5.335   -0.200)    5.338
   2.617   (   0.000    1.708    0.908)    1.934
   3.575   (   0.000   -6.727    6.929)    9.657
   3.652   (   0.000   -6.302    6.920)    9.359
   3.828   (   0.000   -3.806    2.857)    4.759
   3.909   (   0.000   -2.526    0.165)    2.532
   4.059   (   0.000   -2.073    1.448)    2.529
   4.233   (   0.000   -2.866    1.808)    3.388
   4.245   (   0.000   -1.843   -3.230)    3.719
   4.396   (   0.000   -6.185   -0.119)    6.186
   4.527   (   0.000   -4.436    0.640)    4.482
   4.579   (   0.000   -0.731    2.270)    2.385
   4.839   (   0.000    0.092    3.862)    3.863
   5.078   (   0.000   -8.863   -3.710)    9.608
======================= Grid point 1171 (346/512) =======================
q-point: ( 0.07  0.20  0.33)
Mass variance parameters: 4.63e-04 4.63e-04 4.63e-04 4.63e-04 3.34e-04 3.34e-04 3.34e-04 3.34e-04 
Number of triplets: 1688
Frequency     group velocity (x, y, z)     |gv|
   1.157   (   1.108    5.069    5.811)    7.790
   1.239   (   0.014   -3.859   14.088)   14.607
   1.262   (   0.785   -3.832    7.506)    8.464
   1.424   (  -0.459   -1.572    1.171)    2.013
   1.543   (   0.828   -1.414   -1.180)    2.019
   1.734   (  -1.373    2.224    2.839)    3.859
   1.781   (   0.944   -1.445    0.314)    1.754
   1.925   (  -0.561    1.425    3.281)    3.621
   2.397   (   0.255   -5.500    1.625)    5.741
   2.399   (   0.803    0.340    3.762)    3.862
   2.604   (  -1.889   -3.921   -0.063)    4.352
   2.618   (  -0.103    0.289    0.799)    0.856
   3.576   (   0.251   -6.714    6.918)    9.643
   3.651   (  -0.325   -6.289    6.901)    9.343
   3.829   (   0.387   -3.811    2.870)    4.787
   3.909   (   0.084   -2.558    0.213)    2.568
   4.059   (   0.033   -2.037    1.413)    2.480
   4.221   (  -2.773   -2.100    0.231)    3.486
   4.257   (   2.748   -2.677   -1.564)    4.143
   4.393   (  -0.922   -6.109   -0.044)    6.178
   4.536   (   2.887   -4.475    0.504)    5.349
   4.580   (   0.586   -0.712    2.257)    2.438
   4.837   (  -0.786    0.050    3.829)    3.910
   5.073   (  -1.586   -8.844   -3.677)    9.708
======================= Grid point 1172 (347/512) =======================
q-point: ( 0.13  0.20  0.33)
Mass variance parameters: 4.63e-04 4.63e-04 4.63e-04 4.63e-04 3.34e-04 3.34e-04 3.34e-04 3.34e-04 
Number of triplets: 1688
Frequency     group velocity (x, y, z)     |gv|
   1.166   (   1.946    4.343    5.582)    7.335
   1.239   (   0.004   -3.882   13.757)   14.294
   1.269   (   1.598   -3.371    7.709)    8.564
   1.420   (  -0.846   -1.265    1.287)    1.993
   1.550   (   1.536   -1.395   -1.000)    2.304
   1.724   (  -2.114    1.162    1.892)    3.065
   1.787   (   1.321   -0.367    1.222)    1.837
   1.920   (  -1.128    1.434    3.382)    3.843
   2.400   (   0.617   -6.516    1.121)    6.641
   2.406   (   1.561    1.317    3.999)    4.491
   2.590   (  -2.798   -3.693   -0.102)    4.634
   2.614   (  -1.065    0.046    0.919)    1.408
   3.578   (   0.499   -6.677    6.887)    9.606
   3.649   (  -0.627   -6.258    6.853)    9.302
   3.833   (   0.754   -3.823    2.896)    4.855
   3.909   (   0.030   -2.652    0.359)    2.676
   4.060   (   0.227   -1.931    1.315)    2.347
   4.205   (  -2.946   -1.658    0.006)    3.381
   4.273   (   2.842   -3.312   -1.093)    4.499
   4.387   (  -1.309   -5.954    0.097)    6.097
   4.559   (   4.903   -4.412    0.237)    6.600
   4.586   (   1.267   -0.751    2.182)    2.632
   4.830   (  -1.464   -0.095    3.726)    4.005
   5.060   (  -3.117   -8.785   -3.578)    9.984
======================= Grid point 1173 (348/512) =======================
q-point: ( 0.20  0.20  0.33)
Mass variance parameters: 4.63e-04 4.63e-04 4.63e-04 4.63e-04 3.34e-04 3.34e-04 3.34e-04 3.34e-04 
Number of triplets: 1688
Frequency     group velocity (x, y, z)     |gv|
   1.179   (   2.341    3.121    5.397)    6.659
   1.239   (  -0.050   -3.911   13.228)   13.794
   1.280   (   2.415   -2.556    7.856)    8.607
   1.414   (  -1.159   -0.831    1.559)    2.113
   1.560   (   2.082   -1.335   -0.791)    2.597
   1.711   (  -2.515    0.355    1.086)    2.763
   1.796   (   1.475    0.452    1.976)    2.507
   1.912   (  -1.681    1.446    3.521)    4.161
   2.404   (   1.067   -6.740    0.827)    6.874
   2.417   (   2.315    1.499    3.888)    4.767
   2.572   (  -3.458   -3.892   -0.172)    5.209
   2.605   (  -2.039    0.214    1.128)    2.340
   3.582   (   0.738   -6.622    6.844)    9.552
   3.644   (  -0.891   -6.223    6.792)    9.255
   3.838   (   1.088   -3.829    2.904)    4.927
   3.909   (  -0.229   -2.802    0.605)    2.876
   4.062   (   0.646   -1.764    1.167)    2.212
   4.187   (  -3.018   -1.380    0.050)    3.319
   4.290   (   2.749   -3.867   -0.786)    4.809
   4.379   (  -1.325   -5.807    0.207)    5.960
   4.589   (   4.349   -2.031    1.042)    4.911
   4.597   (   3.645   -2.930    1.001)    4.782
   4.820   (  -1.869   -0.414    3.526)    4.012
   5.037   (  -4.535   -8.684   -3.412)   10.374
======================= Grid point 1174 (349/512) =======================
q-point: ( 0.27  0.20  0.33)
Mass variance parameters: 4.63e-04 4.63e-04 4.63e-04 4.63e-04 3.34e-04 3.34e-04 3.34e-04 3.34e-04 
Number of triplets: 1688
Frequency     group velocity (x, y, z)     |gv|
   1.192   (   2.302    1.545    5.486)    6.147
   1.238   (  -0.163   -3.913   12.498)   13.097
   1.296   (   3.111   -1.496    7.753)    8.487
   1.407   (  -1.449   -0.345    2.036)    2.522
   1.574   (   2.489   -1.229   -0.623)    2.845
   1.695   (  -2.785   -0.179    0.460)    2.829
   1.805   (   1.646    0.984    2.560)    3.198
   1.901   (  -2.175    1.456    3.663)    4.502
   2.412   (   1.621   -6.697    0.582)    6.915
   2.433   (   3.005    1.430    3.638)    4.930
   2.550   (  -3.890   -4.190   -0.219)    5.722
   2.591   (  -2.899    0.470    1.376)    3.243
   3.587   (   0.956   -6.552    6.796)    9.488
   3.638   (  -1.105   -6.200    6.733)    9.219
   3.845   (   1.378   -3.819    2.863)    4.968
   3.906   (  -0.651   -2.988    0.932)    3.197
   4.068   (   1.218   -1.565    0.994)    2.218
   4.170   (  -3.040   -1.206    0.150)    3.274
   4.305   (   2.527   -4.351   -0.496)    5.056
   4.371   (  -1.250   -5.691    0.270)    5.833
   4.605   (   2.609    0.212    2.269)    3.464
   4.630   (   6.175   -4.604   -0.476)    7.717
   4.810   (  -1.638   -1.105    3.137)    3.707
   5.007   (  -5.780   -8.536   -3.172)   10.786
======================= Grid point 1175 (350/512) =======================
q-point: ( 0.33  0.20  0.33)
Mass variance parameters: 4.63e-04 4.63e-04 4.63e-04 4.63e-04 3.34e-04 3.34e-04 3.34e-04 3.34e-04 
Number of triplets: 1688
Frequency     group velocity (x, y, z)     |gv|
   1.205   (   2.002   -0.073    5.988)    6.314
   1.237   (  -0.345   -3.834   11.565)   12.189
   1.316   (   3.496   -0.472    7.301)    8.108
   1.398   (  -1.777    0.119    2.728)    3.258
   1.589   (   2.794   -1.098   -0.529)    3.049
   1.679   (  -2.990   -0.504    0.003)    3.033
   1.815   (   1.900    1.288    3.009)    3.784
   1.887   (  -2.543    1.464    3.767)    4.775
   2.423   (   2.245   -6.523    0.365)    6.909
   2.452   (   3.541    1.212    3.316)    5.001
   2.527   (  -4.052   -4.455   -0.223)    6.026
   2.572   (  -3.578    0.729    1.649)    4.007
   3.593   (   1.142   -6.476    6.749)    9.423
   3.631   (  -1.265   -6.199    6.689)    9.207
   3.854   (   1.610   -3.784    2.755)    4.950
   3.901   (  -1.107   -3.181    1.302)    3.611
   4.076   (   1.797   -1.372    0.824)    2.407
   4.152   (  -3.015   -1.105    0.255)    3.221
   4.319   (   2.222   -4.747   -0.227)    5.247
   4.364   (  -1.218   -5.598    0.295)    5.737
   4.622   (   3.083    0.391    2.261)    3.843
   4.662   (   4.672   -3.443   -0.276)    5.810
   4.804   (   0.067   -2.610    2.275)    3.463
   4.971   (  -6.777   -8.332   -2.849)   11.111
======================= Grid point 1176 (351/512) =======================
q-point: ( 0.40  0.20  0.33)
Mass variance parameters: 4.63e-04 4.63e-04 4.63e-04 4.63e-04 3.34e-04 3.34e-04 3.34e-04 3.34e-04 
Number of triplets: 1688
Frequency     group velocity (x, y, z)     |gv|
   1.215   (   1.619   -1.451    6.867)    7.203
   1.234   (  -0.592   -3.612   10.455)   11.077
   1.336   (   3.481    0.266    6.547)    7.420
   1.386   (  -2.185    0.489    3.603)    4.242
   1.606   (   3.020   -0.972   -0.502)    3.212
   1.661   (  -3.135   -0.684   -0.293)    3.222
   1.827   (   2.214    1.429    3.350)    4.262
   1.871   (  -2.728    1.471    3.802)    4.906
   2.438   (   2.867   -6.270    0.186)    6.897
   2.473   (   3.442    0.408    2.839)    4.480
   2.505   (  -3.508   -4.168   -0.057)    5.447
   2.550   (  -4.031    0.963    1.936)    4.574
   3.600   (   1.283   -6.398    6.709)    9.359
   3.624   (  -1.363   -6.221    6.665)    9.219
   3.864   (   1.760   -3.721    2.575)    4.855
   3.894   (  -1.481   -3.357    1.675)    4.034
   4.088   (   2.270   -1.217    0.677)    2.663
   4.135   (  -2.944   -1.059    0.355)    3.149
   4.331   (   1.902   -5.049   -0.006)    5.395
   4.357   (  -1.269   -5.511    0.289)    5.663
   4.641   (   3.380    0.495    2.202)    4.064
   4.679   (   1.032   -1.421    0.696)    1.889
   4.814   (   3.668   -4.989    0.673)    6.229
   4.930   (  -7.419   -8.045   -2.415)   11.207
======================= Grid point 1177 (352/512) =======================
q-point: ( 0.47  0.20  0.33)
Mass variance parameters: 4.63e-04 4.63e-04 4.63e-04 4.63e-04 3.34e-04 3.34e-04 3.34e-04 3.34e-04 
Number of triplets: 1688
Frequency     group velocity (x, y, z)     |gv|
   1.224   (   1.241   -2.483    7.994)    8.463
   1.230   (  -0.895   -3.184    9.231)    9.806
   1.355   (   3.149    0.639    5.607)    6.462
   1.372   (  -2.667    0.688    4.593)    5.355
   1.624   (   3.160   -0.870   -0.496)    3.315
   1.642   (  -3.198   -0.787   -0.446)    3.324
   1.840   (   2.514    1.475    3.596)    4.628
   1.856   (  -2.709    1.479    3.747)    4.854
   2.456   (   3.362   -5.959    0.073)    6.842
   2.476   (  -2.992   -5.273    0.311)    6.071
   2.503   (   3.391    0.992    2.198)    4.161
   2.526   (  -4.193    1.160    2.214)    4.881
   3.608   (   1.371   -6.326    6.679)    9.301
   3.616   (  -1.399   -6.265    6.663)    9.252
   3.874   (   1.803   -3.629    2.328)    4.673
   3.884   (  -1.715   -3.507    2.023)    4.397
   4.102   (   2.602   -1.114    0.555)    2.884
   4.118   (  -2.815   -1.062    0.452)    3.042
   4.341   (   1.621   -5.262    0.151)    5.508
   4.349   (  -1.406   -5.408    0.246)    5.593
   4.660   (   3.184    0.439    2.051)    3.813
   4.676   (  -1.982   -0.022    1.634)    2.569
   4.845   (   6.525   -6.760   -0.856)    9.434
   4.886   (  -7.500   -7.601   -1.807)   10.830
======================= Grid point 1185 (353/512) =======================
q-point: ( 0.00  0.27  0.33)
Mass variance parameters: 4.63e-04 4.63e-04 4.63e-04 4.63e-04 3.34e-04 3.34e-04 3.34e-04 3.34e-04 
Number of triplets: 904
Frequency     group velocity (x, y, z)     |gv|
   1.194   (   0.000   -0.797    8.900)    8.936
   1.236   (   0.000    4.459    4.736)    6.505
   1.237   (   0.000    0.910    4.290)    4.386
   1.413   (   0.000    0.479   -2.092)    2.146
   1.528   (   0.000   -0.178   -2.015)    2.023
   1.729   (   0.000   -3.713   -0.906)    3.822
   1.771   (   0.000    0.919    3.607)    3.722
   1.959   (   0.000    2.793    2.278)    3.604
   2.269   (   0.000   -8.251   -5.053)    9.675
   2.428   (   0.000    1.330   -0.794)    1.549
   2.523   (   0.000   -5.460   -5.769)    7.943
   2.629   (   0.000   -0.236   -2.384)    2.395
   3.466   (   0.000   -6.622    3.982)    7.727
   3.566   (   0.000   -4.217    4.300)    6.023
   3.776   (   0.000   -2.585    0.837)    2.718
   3.876   (   0.000   -1.655   -1.938)    2.549
   4.012   (   0.000   -3.984   -0.790)    4.061
   4.168   (   0.000   -5.303   -1.801)    5.600
   4.205   (   0.000   -3.144   -5.027)    5.929
   4.289   (   0.000   -7.160   -3.666)    8.044
   4.456   (   0.000   -4.191   -0.166)    4.194
   4.560   (   0.000   -1.540    0.174)    1.550
   4.834   (   0.000   -0.774    1.216)    1.442
   4.935   (   0.000   -8.602   -4.237)    9.589
======================= Grid point 1186 (354/512) =======================
q-point: ( 0.07  0.27  0.33)
Mass variance parameters: 4.63e-04 4.63e-04 4.63e-04 4.63e-04 3.34e-04 3.34e-04 3.34e-04 3.34e-04 
Number of triplets: 1688
Frequency     group velocity (x, y, z)     |gv|
   1.195   (   0.079   -0.700    8.685)    8.713
   1.227   (  -1.297    2.482    4.477)    5.281
   1.250   (   2.739    2.744    4.669)    6.069
   1.413   (   0.043    0.545   -1.933)    2.009
   1.530   (   0.717   -0.209   -2.038)    2.171
   1.722   (  -2.071   -3.249   -0.621)    3.903
   1.778   (   1.896    0.539    3.287)    3.833
   1.958   (  -0.639    2.755    2.332)    3.666
   2.271   (   0.467   -8.200   -5.106)    9.671
   2.429   (   0.501    1.268   -0.830)    1.596
   2.519   (  -1.369   -5.437   -5.754)    8.034
   2.627   (  -0.609   -0.245   -2.403)    2.491
   3.467   (   0.380   -6.591    3.979)    7.708
   3.565   (  -0.357   -4.241    4.284)    6.039
   3.777   (   0.359   -2.593    0.847)    2.751
   3.876   (  -0.094   -1.684   -1.881)    2.526
   4.012   (   0.263   -3.943   -0.842)    4.040
   4.165   (  -1.037   -5.056   -1.917)    5.506
   4.207   (   0.715   -3.427   -4.827)    5.963
   4.287   (  -0.614   -7.107   -3.577)    7.980
   4.463   (   2.378   -4.319   -0.321)    4.941
   4.563   (   0.907   -1.470    0.198)    1.739
   4.831   (  -0.948   -0.796    1.180)    1.710
   4.931   (  -1.458   -8.573   -4.223)    9.667
======================= Grid point 1187 (355/512) =======================
q-point: ( 0.13  0.27  0.33)
Mass variance parameters: 4.63e-04 4.63e-04 4.63e-04 4.63e-04 3.34e-04 3.34e-04 3.34e-04 3.34e-04 
Number of triplets: 1688
Frequency     group velocity (x, y, z)     |gv|
   1.195   (   0.191   -0.465    8.154)    8.169
   1.221   (  -0.849    2.156    4.554)    5.109
   1.268   (   3.483    2.706    4.847)    6.554
   1.413   (   0.033    0.725   -1.477)    1.645
   1.536   (   1.381   -0.293   -2.098)    2.528
   1.708   (  -2.720   -2.747   -0.493)    3.897
   1.791   (   2.393    0.279    3.058)    3.893
   1.952   (  -1.273    2.646    2.479)    3.843
   2.275   (   0.996   -8.053   -5.247)    9.663
   2.434   (   0.990    1.058   -0.942)    1.728
   2.507   (  -2.515   -5.354   -5.714)    8.224
   2.622   (  -1.279   -0.261   -2.445)    2.771
   3.470   (   0.742   -6.500    3.972)    7.654
   3.562   (  -0.708   -4.312    4.240)    6.088
   3.780   (   0.719   -2.611    0.864)    2.842
   3.875   (  -0.317   -1.768   -1.710)    2.480
   4.015   (   0.654   -3.828   -0.987)    4.007
   4.156   (  -1.754   -4.598   -2.073)    5.340
   4.213   (   1.111   -3.991   -4.437)    6.071
   4.282   (  -0.949   -6.996   -3.394)    7.833
   4.483   (   4.296   -4.633   -0.685)    6.355
   4.571   (   1.804   -1.275    0.264)    2.225
   4.823   (  -1.846   -0.867    1.069)    2.303
   4.918   (  -2.856   -8.483   -4.181)    9.880
======================= Grid point 1188 (356/512) =======================
q-point: ( 0.20  0.27  0.33)
Mass variance parameters: 4.63e-04 4.63e-04 4.63e-04 4.63e-04 3.34e-04 3.34e-04 3.34e-04 3.34e-04 
Number of triplets: 1688
Frequency     group velocity (x, y, z)     |gv|
   1.197   (   0.311   -0.190    7.521)    7.530
   1.217   (  -0.582    1.824    4.678)    5.054
   1.290   (   4.009    2.567    4.928)    6.852
   1.413   (  -0.080    0.971   -0.777)    1.246
   1.546   (   1.948   -0.410   -2.173)    2.947
   1.692   (  -2.875   -2.415   -0.653)    3.811
   1.805   (   2.446    0.327    3.048)    3.922
   1.943   (  -1.879    2.482    2.682)    4.109
   2.282   (   1.619   -7.822   -5.430)    9.658
   2.441   (   1.258    0.518   -1.200)    1.814
   2.490   (  -3.123   -5.035   -5.594)    8.149
   2.613   (  -2.000   -0.260   -2.481)    3.197
   3.475   (   1.069   -6.359    3.964)    7.569
   3.556   (  -1.039   -4.430    4.178)    6.178
   3.786   (   1.078   -2.631    0.866)    2.972
   3.872   (  -0.704   -1.902   -1.435)    2.485
   4.020   (   1.187   -3.664   -1.196)    4.033
   4.145   (  -2.205   -4.188   -2.136)    5.193
   4.220   (   1.258   -4.564   -4.049)    6.229
   4.276   (  -1.033   -6.888   -3.236)    7.680
   4.512   (   5.634   -4.998   -1.085)    7.609
   4.584   (   2.661   -0.998    0.363)    2.865
   4.810   (  -2.636   -1.008    0.875)    2.955
   4.898   (  -4.131   -8.328   -4.108)   10.164
======================= Grid point 1189 (357/512) =======================
q-point: ( 0.27  0.27  0.33)
Mass variance parameters: 4.63e-04 4.63e-04 4.63e-04 4.63e-04 3.34e-04 3.34e-04 3.34e-04 3.34e-04 
Number of triplets: 1688
Frequency     group velocity (x, y, z)     |gv|
   1.199   (   0.395    0.066    6.926)    6.937
   1.214   (  -0.433    1.526    4.806)    5.061
   1.314   (   4.199    2.376    4.851)    6.841
   1.412   (  -0.339    1.225    0.090)    1.274
   1.559   (   2.396   -0.545   -2.239)    3.324
   1.675   (  -2.897   -2.132   -0.956)    3.722
   1.819   (   2.442    0.526    3.123)    3.999
   1.930   (  -2.407    2.282    2.894)    4.402
   2.294   (   2.323   -7.530   -5.598)    9.666
   2.445   (  -0.462   -1.856   -2.485)    3.135
   2.475   (  -1.427   -2.973   -4.515)    5.591
   2.599   (  -2.701   -0.228   -2.491)    3.681
   3.482   (   1.348   -6.178    3.956)    7.459
   3.550   (  -1.333   -4.591    4.113)    6.306
   3.793   (   1.420   -2.642    0.825)    3.111
   3.866   (  -1.173   -2.063   -1.088)    2.611
   4.029   (   1.754   -3.490   -1.423)    4.157
   4.131   (  -2.479   -3.863   -2.129)    5.060
   4.227   (   1.262   -5.083   -3.705)    6.415
   4.270   (  -1.015   -6.795   -3.140)    7.554
   4.547   (   6.418   -5.278   -1.386)    8.424
   4.602   (   3.413   -0.722    0.474)    3.521
   4.793   (  -3.229   -1.266    0.573)    3.515
   4.871   (  -5.207   -8.096   -3.999)   10.424
======================= Grid point 1190 (358/512) =======================
q-point: ( 0.33  0.27  0.33)
Mass variance parameters: 4.63e-04 4.63e-04 4.63e-04 4.63e-04 3.34e-04 3.34e-04 3.34e-04 3.34e-04 
Number of triplets: 1688
Frequency     group velocity (x, y, z)     |gv|
   1.201   (   0.424    0.288    6.413)    6.434
   1.212   (  -0.356    1.270    4.943)    5.115
   1.338   (   4.021    2.174    4.599)    6.484
   1.409   (  -0.767    1.443    1.039)    1.936
   1.574   (   2.716   -0.691   -2.269)    3.605
   1.658   (  -2.904   -1.851   -1.310)    3.684
   1.833   (   2.509    0.788    3.211)    4.150
   1.915   (  -2.795    2.064    3.076)    4.641
   2.309   (   3.054   -7.204   -5.708)    9.686
   2.431   (  -3.927   -5.143   -4.776)    8.043
   2.479   (   2.260   -0.061   -2.478)    3.354
   2.581   (  -3.295   -0.163   -2.465)    4.118
   3.491   (   1.569   -5.967    3.952)    7.328
   3.541   (  -1.570   -4.788    4.055)    6.468
   3.802   (   1.720   -2.638    0.721)    3.230
   3.858   (  -1.601   -2.223   -0.710)    2.831
   4.040   (   2.222   -3.348   -1.626)    4.335
   4.116   (  -2.634   -3.613   -2.092)    4.936
   4.234   (   1.198   -5.532   -3.428)    6.618
   4.265   (  -0.990   -6.701   -3.089)    7.445
   4.585   (   6.571   -5.243   -1.442)    8.530
   4.623   (   3.927   -0.607    0.546)    4.011
   4.774   (  -3.424   -1.751    0.095)    3.847
   4.838   (  -5.972   -7.760   -3.845)   10.520
======================= Grid point 1191 (359/512) =======================
q-point: ( 0.40  0.27  0.33)
Mass variance parameters: 4.63e-04 4.63e-04 4.63e-04 4.63e-04 3.34e-04 3.34e-04 3.34e-04 3.34e-04 
Number of triplets: 1688
Frequency     group velocity (x, y, z)     |gv|
   1.204   (   0.408    0.485    5.982)    6.016
   1.210   (  -0.328    1.049    5.113)    5.230
   1.360   (   3.528    1.993    4.175)    5.818
   1.403   (  -1.358    1.607    1.983)    2.891
   1.590   (   2.906   -0.858   -2.239)    3.767
   1.641   (  -2.932   -1.567   -1.651)    3.712
   1.848   (   2.667    1.066    3.277)    4.357
   1.898   (  -2.996    1.835    3.208)    4.758
   2.329   (   3.736   -6.870   -5.741)    9.701
   2.405   (  -4.636   -5.873   -5.365)    9.207
   2.496   (   3.345    0.254   -2.165)    3.992
   2.561   (  -3.706   -0.070   -2.403)    4.417
   3.500   (   1.724   -5.737    3.954)    7.178
   3.532   (  -1.732   -5.011    4.010)    6.648
   3.813   (   1.947   -2.610    0.547)    3.302
   3.848   (  -1.907   -2.363   -0.338)    3.056
   4.054   (   2.530   -3.266   -1.784)    4.500
   4.101   (  -2.714   -3.428   -2.042)    4.826
   4.241   (   1.121   -5.905   -3.232)    6.824
   4.259   (  -0.988   -6.582   -3.067)    7.328
   4.621   (   5.796   -4.422   -0.998)    7.358
   4.646   (   3.636   -0.924    0.506)    3.786
   4.755   (  -2.542   -2.751   -0.751)    3.820
   4.803   (  -6.185   -7.255   -3.618)   10.197
======================= Grid point 1192 (360/512) =======================
q-point: ( 0.47  0.27  0.33)
Mass variance parameters: 4.63e-04 4.63e-04 4.63e-04 4.63e-04 3.34e-04 3.34e-04 3.34e-04 3.34e-04 
Number of triplets: 1688
Frequency     group velocity (x, y, z)     |gv|
   1.206   (   0.370    0.669    5.625)    5.677
   1.208   (  -0.337    0.853    5.337)    5.415
   1.378   (   2.835    1.849    3.588)    4.933
   1.393   (  -2.074    1.732    2.848)    3.926
   1.607   (   2.979   -1.058   -2.131)    3.813
   1.624   (  -2.971   -1.297   -1.933)    3.775
   1.864   (   2.864    1.338    3.304)    4.572
   1.881   (  -3.003    1.595    3.283)    4.727
   2.352   (   4.286   -6.544   -5.697)    9.677
   2.378   (  -4.621   -6.226   -5.581)    9.554
   2.517   (   3.775    0.172   -2.212)    4.378
   2.539   (  -3.878    0.046   -2.312)    4.515
   3.511   (   1.807   -5.496    3.962)    7.012
   3.521   (  -1.811   -5.251    3.980)    6.833
   3.824   (   2.070   -2.557    0.306)    3.304
   3.836   (  -2.063   -2.475    0.006)    3.221
   4.069   (   2.687   -3.252   -1.899)    4.626
   4.085   (  -2.736   -3.308   -1.980)    4.727
   4.247   (   1.055   -6.198   -3.118)    7.018
   4.253   (  -1.010   -6.420   -3.071)    7.188
   4.649   (   3.679   -2.747   -0.070)    4.592
   4.659   (   0.519   -1.555    0.465)    1.704
   4.750   (   1.138   -4.661   -2.164)    5.263
   4.769   (  -5.093   -6.382   -3.201)    8.770
======================= Grid point 1200 (361/512) =======================
q-point: ( 0.00  0.33  0.33)
Mass variance parameters: 4.63e-04 4.63e-04 4.63e-04 4.63e-04 3.34e-04 3.34e-04 3.34e-04 3.34e-04 
Number of triplets: 904
Frequency     group velocity (x, y, z)     |gv|
   1.224   (   0.000    4.248    0.903)    4.343
   1.280   (   0.000    4.018    0.623)    4.066
   1.281   (   0.000    1.218    2.468)    2.752
   1.448   (   0.000    3.464   -2.438)    4.236
   1.537   (   0.000    1.451   -1.939)    2.422
   1.669   (   0.000   -3.333   -2.220)    4.005
   1.771   (   0.000   -0.540    2.263)    2.326
   1.990   (   0.000   -1.170    2.030)    2.343
   2.163   (   0.000   -3.019  -12.436)   12.797
   2.429   (   0.000   -1.317   -3.681)    3.910
   2.441   (   0.000   -4.557  -11.216)   12.106
   2.607   (   0.000   -2.615   -5.237)    5.853
   3.381   (   0.000   -3.448   -1.295)    3.683
   3.523   (   0.000   -1.030    0.035)    1.030
   3.747   (   0.000   -1.252   -1.915)    2.288
   3.845   (   0.000   -3.005   -5.575)    6.333
   3.934   (   0.000   -5.238   -3.296)    6.189
   4.072   (   0.000   -6.175   -4.269)    7.507
   4.147   (   0.000   -4.036   -6.268)    7.455
   4.171   (   0.000   -7.454   -6.375)    9.809
   4.401   (   0.000   -2.456   -0.541)    2.515
   4.530   (   0.000   -2.253   -1.181)    2.543
   4.813   (   0.000   -1.799   -0.769)    1.957
   4.816   (   0.000   -6.057   -3.930)    7.220
======================= Grid point 1201 (362/512) =======================
q-point: ( 0.07  0.33  0.33)
Mass variance parameters: 4.63e-04 4.63e-04 4.63e-04 4.63e-04 3.34e-04 3.34e-04 3.34e-04 3.34e-04 
Number of triplets: 1688
Frequency     group velocity (x, y, z)     |gv|
   1.224   (   0.311    4.251    0.947)    4.367
   1.274   (  -0.940    3.180    1.293)    3.559
   1.290   (   2.068    2.070    1.709)    3.389
   1.448   (   0.135    3.423   -2.200)    4.071
   1.539   (   0.527    1.410   -1.998)    2.502
   1.666   (  -0.953   -3.165   -2.228)    3.986
   1.775   (   1.407   -0.564    2.204)    2.675
   1.988   (  -0.785   -1.102    2.021)    2.432
   2.165   (   0.654   -3.080  -12.419)   12.812
   2.428   (  -0.696   -2.056   -5.068)    5.513
   2.440   (  -0.363   -3.842   -9.865)   10.593
   2.605   (  -0.621   -2.611   -5.277)    5.920
   3.382   (   0.516   -3.437   -1.276)    3.702
   3.522   (  -0.549   -1.071    0.014)    1.203
   3.747   (   0.282   -1.278   -1.924)    2.327
   3.845   (  -0.119   -2.964   -5.497)    6.246
   3.935   (   0.307   -5.286   -3.358)    6.270
   4.070   (  -0.571   -6.155   -4.260)    7.506
   4.147   (   0.109   -4.079   -6.222)    7.441
   4.170   (  -0.306   -7.379   -6.278)    9.693
   4.406   (   1.760   -2.549   -0.669)    3.169
   4.534   (   1.221   -2.210   -1.165)    2.781
   4.808   (  -1.715   -3.591   -2.106)    4.502
   4.815   (  -0.613   -4.245   -2.618)    5.025
======================= Grid point 1202 (363/512) =======================
q-point: ( 0.13  0.33  0.33)
Mass variance parameters: 4.63e-04 4.63e-04 4.63e-04 4.63e-04 3.34e-04 3.34e-04 3.34e-04 3.34e-04 
Number of triplets: 1688
Frequency     group velocity (x, y, z)     |gv|
   1.227   (   0.573    4.266    1.053)    4.431
   1.269   (  -0.690    3.554    1.051)    3.770
   1.304   (   2.807    1.737    1.727)    3.726
   1.449   (   0.135    3.292   -1.541)    3.637
   1.543   (   1.032    1.293   -2.160)    2.721
   1.659   (  -1.479   -2.748   -2.308)    3.881
   1.787   (   2.361   -0.562    2.096)    3.206
   1.981   (  -1.529   -0.913    1.996)    2.675
   2.170   (   1.334   -3.250  -12.364)   12.854
   2.419   (  -2.437   -3.691   -8.456)    9.542
   2.440   (   0.517   -2.277   -6.591)    6.992
   2.600   (  -1.270   -2.598   -5.383)    6.110
   3.387   (   1.010   -3.402   -1.219)    3.752
   3.517   (  -1.079   -1.190   -0.047)    1.607
   3.750   (   0.580   -1.355   -1.957)    2.450
   3.843   (  -0.402   -2.859   -5.264)    6.003
   3.938   (   0.758   -5.408   -3.535)    6.505
   4.065   (  -1.081   -6.096   -4.235)    7.501
   4.148   (   0.164   -4.207   -6.083)    7.398
   4.168   (  -0.504   -7.183   -6.049)    9.404
   4.421   (   3.352   -2.788   -0.993)    4.472
   4.544   (   2.352   -2.095   -1.119)    3.342
   4.794   (  -2.916   -4.285   -2.667)    5.829
   4.808   (  -1.648   -3.495   -2.132)    4.413
======================= Grid point 1203 (364/512) =======================
q-point: ( 0.20  0.33  0.33)
Mass variance parameters: 4.63e-04 4.63e-04 4.63e-04 4.63e-04 3.34e-04 3.34e-04 3.34e-04 3.34e-04 
Number of triplets: 1688
Frequency     group velocity (x, y, z)     |gv|
   1.231   (   0.750    4.295    1.163)    4.512
   1.265   (  -0.568    3.847    0.790)    3.968
   1.323   (   3.418    1.507    1.734)    4.118
   1.450   (  -0.084    3.058   -0.618)    3.121
   1.551   (   1.490    1.116   -2.385)    3.025
   1.650   (  -1.634   -2.205   -2.496)    3.710
   1.802   (   2.884   -0.454    2.010)    3.544
   1.970   (  -2.191   -0.641    1.957)    3.007
   2.180   (   2.052   -3.491  -12.265)   12.916
   2.401   (  -3.693   -4.257   -9.728)   11.243
   2.445   (   1.238   -1.825   -5.524)    5.948
   2.591   (  -1.936   -2.571   -5.517)    6.387
   3.394   (   1.459   -3.337   -1.132)    3.814
   3.509   (  -1.566   -1.375   -0.135)    2.089
   3.754   (   0.900   -1.476   -2.026)    2.663
   3.840   (  -0.866   -2.736   -4.899)    5.678
   3.944   (   1.347   -5.550   -3.782)    6.850
   4.058   (  -1.503   -6.009   -4.208)    7.489
   4.149   (   0.157   -4.417   -5.859)    7.339
   4.165   (  -0.564   -6.915   -5.814)    9.052
   4.445   (   4.681   -3.088   -1.389)    5.778
   4.560   (   3.306   -1.934   -1.037)    3.968
   4.774   (  -4.019   -4.660   -3.035)    6.862
   4.796   (  -2.592   -3.037   -1.895)    4.420
======================= Grid point 1204 (365/512) =======================
q-point: ( 0.27  0.33  0.33)
Mass variance parameters: 4.63e-04 4.63e-04 4.63e-04 4.63e-04 3.34e-04 3.34e-04 3.34e-04 3.34e-04 
Number of triplets: 1688
Frequency     group velocity (x, y, z)     |gv|
   1.236   (   0.832    4.333    1.218)    4.577
   1.262   (  -0.516    4.060    0.584)    4.134
   1.343   (   3.763    1.378    1.759)    4.376
   1.448   (  -0.526    2.733    0.352)    2.805
   1.560   (   1.866    0.900   -2.615)    3.337
   1.641   (  -1.648   -1.611   -2.736)    3.577
   1.819   (   3.167   -0.252    1.951)    3.728
   1.956   (  -2.742   -0.334    1.910)    3.358
   2.194   (   2.798   -3.759  -12.112)   12.986
   2.377   (  -4.515   -4.430  -10.182)   11.987
   2.454   (   1.882   -1.799   -5.366)    5.964
   2.578   (  -2.567   -2.526   -5.644)    6.695
   3.404   (   1.849   -3.236   -1.025)    3.866
   3.499   (  -1.982   -1.611   -0.240)    2.566
   3.760   (   1.231   -1.632   -2.146)    2.964
   3.833   (  -1.371   -2.628   -4.466)    5.361
   3.953   (   1.921   -5.664   -4.021)    7.207
   4.048   (  -1.843   -5.916   -4.192)    7.481
   4.150   (   0.127   -4.691   -5.589)    7.298
   4.161   (  -0.528   -6.611   -5.645)    8.710
   4.475   (   5.713   -3.379   -1.748)    6.864
   4.582   (   3.991   -1.755   -0.900)    4.452
   4.748   (  -4.941   -4.886   -3.349)    7.713
   4.778   (  -3.405   -2.722   -1.793)    4.714
======================= Grid point 1205 (366/512) =======================
q-point: ( 0.33  0.33  0.33)
Mass variance parameters: 4.63e-04 4.63e-04 4.63e-04 4.63e-04 3.34e-04 3.34e-04 3.34e-04 3.34e-04 
Number of triplets: 1688
Frequency     group velocity (x, y, z)     |gv|
   1.240   (   0.829    4.371    1.182)    4.604
   1.259   (  -0.508    4.212    0.487)    4.270
   1.366   (   3.795    1.335    1.822)    4.417
   1.443   (  -1.129    2.358    1.163)    2.861
   1.572   (   2.123    0.668   -2.807)    3.582
   1.631   (  -1.693   -1.036   -2.940)    3.547
   1.838   (   3.347   -0.013    1.903)    3.851
   1.939   (  -3.159   -0.043    1.865)    3.668
   2.212   (   3.535   -4.011  -11.901)   13.047
   2.349   (  -5.003   -4.494  -10.470)   12.443
   2.467   (   2.504   -1.892   -5.445)    6.285
   2.561   (  -3.089   -2.462   -5.738)    6.966
   3.415   (   2.168   -3.094   -0.909)    3.886
   3.486   (  -2.300   -1.878   -0.349)    2.990
   3.768   (   1.549   -1.809   -2.325)    3.329
   3.824   (  -1.773   -2.535   -4.024)    5.076
   3.966   (   2.336   -5.733   -4.187)    7.474
   4.037   (  -2.120   -5.840   -4.195)    7.496
   4.150   (   0.123   -4.994   -5.354)    7.323
   4.158   (  -0.458   -6.301   -5.530)    8.396
   4.510   (   6.430   -3.618   -2.003)    7.645
   4.606   (   4.198   -1.574   -0.636)    4.528
   4.718   (  -5.448   -5.024   -3.705)    8.285
   4.757   (  -4.052   -2.520   -1.800)    5.100
======================= Grid point 1206 (367/512) =======================
q-point: ( 0.40  0.33  0.33)
Mass variance parameters: 4.63e-04 4.63e-04 4.63e-04 4.63e-04 3.34e-04 3.34e-04 3.34e-04 3.34e-04 
Number of triplets: 1688
Frequency     group velocity (x, y, z)     |gv|
   1.245   (   0.771    4.398    1.051)    4.587
   1.256   (  -0.540    4.316    0.517)    4.380
   1.387   (   3.545    1.372    1.912)    4.255
   1.435   (  -1.805    1.998    1.694)    3.181
   1.585   (   2.230    0.427   -2.946)    3.719
   1.621   (  -1.830   -0.537   -3.056)    3.602
   1.858   (   3.482    0.194    1.860)    3.952
   1.920   (  -3.430    0.184    1.830)    3.893
   2.235   (   4.206   -4.220  -11.639)   13.075
   2.319   (  -5.186   -4.503  -10.743)   12.751
   2.483   (   3.038   -2.022   -5.579)    6.667
   2.542   (  -3.431   -2.378   -5.782)    7.131
   3.428   (   2.403   -2.910   -0.792)    3.857
   3.473   (  -2.502   -2.158   -0.458)    3.335
   3.778   (   1.821   -1.991   -2.567)    3.724
   3.813   (  -2.010   -2.436   -3.604)    4.792
   3.980   (   2.552   -5.765   -4.267)    7.613
   4.024   (  -2.346   -5.795   -4.219)    7.542
   4.151   (   0.167   -5.280   -5.225)    7.430
   4.156   (  -0.387   -6.014   -5.420)    8.106
   4.549   (   6.789   -3.768   -2.102)    8.044
   4.627   (   2.525   -1.541   -0.134)    2.962
   4.688   (  -4.103   -4.967   -4.227)    7.705
   4.732   (  -4.470   -2.440   -1.926)    5.445
======================= Grid point 1207 (368/512) =======================
q-point: ( 0.47  0.33  0.33)
Mass variance parameters: 4.63e-04 4.63e-04 4.63e-04 4.63e-04 3.34e-04 3.34e-04 3.34e-04 3.34e-04 
Number of triplets: 1688
Frequency     group velocity (x, y, z)     |gv|
   1.249   (   0.687    4.402    0.856)    4.537
   1.253   (  -0.604    4.378    0.657)    4.467
   1.406   (   3.080    1.491    1.980)    3.954
   1.422   (  -2.478    1.701    1.942)    3.578
   1.597   (   2.183    0.168   -3.036)    3.743
   1.610   (  -2.023   -0.141   -3.079)    3.687
   1.879   (   3.565    0.312    1.828)    4.018
   1.899   (  -3.559    0.310    1.817)    4.008
   2.261   (   4.745   -4.372  -11.342)   13.049
   2.289   (  -5.089   -4.464  -11.037)   12.947
   2.502   (   3.405   -2.155   -5.697)    6.978
   2.522   (  -3.543   -2.276   -5.768)    7.141
   3.443   (   2.546   -2.687   -0.678)    3.763
   3.458   (  -2.582   -2.432   -0.567)    3.592
   3.789   (   2.010   -2.163   -2.866)    4.115
   3.801   (  -2.082   -2.313   -3.215)    4.475
   3.995   (   2.595   -5.774   -4.280)    7.642
   4.010   (  -2.513   -5.778   -4.255)    7.603
   4.152   (   0.241   -5.530   -5.222)    7.609
   4.154   (  -0.317   -5.764   -5.305)    7.840
   4.588   (   6.604   -3.732   -1.929)    7.827
   4.622   (  -4.477   -3.013   -1.004)    5.490
   4.683   (   2.588   -3.390   -3.309)    5.398
   4.706   (  -4.456   -2.568   -2.273)    5.623
======================= Grid point 1215 (369/512) =======================
q-point: ( 0.00  0.40  0.33)
Mass variance parameters: 4.63e-04 4.63e-04 4.63e-04 4.63e-04 3.34e-04 3.34e-04 3.34e-04 3.34e-04 
Number of triplets: 904
Frequency     group velocity (x, y, z)     |gv|
   1.292   (   0.000    0.677   -0.702)    0.975
   1.304   (   0.000    4.122   -4.116)    5.825
   1.351   (   0.000    5.134   -1.581)    5.372
   1.493   (   0.000    1.401    0.512)    1.492
   1.574   (   0.000    2.731   -0.860)    2.863
   1.645   (   0.000    1.305   -5.634)    5.783
   1.766   (   0.000   -0.087   -1.151)    1.154
   1.897   (   0.000   -8.416   -4.342)    9.470
   2.192   (   0.000    4.574  -11.276)   12.168
   2.384   (   0.000   -2.252  -15.288)   15.453
   2.390   (   0.000   -3.318   -5.507)    6.429
   2.544   (   0.000   -5.256   -8.542)   10.029
   3.369   (   0.000    2.086   -7.534)    7.817
   3.533   (   0.000    2.139   -4.491)    4.974
   3.715   (   0.000   -4.900   -8.673)    9.962
   3.758   (   0.000   -6.020   -7.855)    9.896
   3.874   (   0.000   -2.046   -4.768)    5.188
   3.996   (   0.000   -2.625   -3.908)    4.708
   4.054   (   0.000   -7.045   -7.451)   10.254
   4.081   (   0.000   -4.022   -6.423)    7.578
   4.382   (   0.000    0.049   -0.923)    0.925
   4.489   (   0.000   -2.834   -1.876)    3.399
   4.746   (   0.000   -2.623   -3.283)    4.202
   4.779   (   0.000   -2.303   -1.959)    3.023
======================= Grid point 1216 (370/512) =======================
q-point: ( 0.07  0.40  0.33)
Mass variance parameters: 4.63e-04 4.63e-04 4.63e-04 4.63e-04 3.34e-04 3.34e-04 3.34e-04 3.34e-04 
Number of triplets: 1688
Frequency     group velocity (x, y, z)     |gv|
   1.294   (   0.426    1.068   -0.704)    1.348
   1.307   (   0.730    3.776   -3.879)    5.463
   1.352   (   0.441    5.108   -1.757)    5.420
   1.492   (  -0.406    1.273    0.692)    1.504
   1.575   (   0.378    2.745   -0.991)    2.943
   1.645   (  -0.047    1.453   -5.633)    5.818
   1.770   (   1.345   -0.114   -1.131)    1.761
   1.897   (  -0.012   -8.300   -4.248)    9.324
   2.192   (  -0.044    4.482  -11.365)   12.217
   2.379   (  -1.646   -2.280  -13.710)   13.996
   2.392   (   0.534   -3.284   -7.151)    7.887
   2.542   (  -0.563   -5.243   -8.580)   10.071
   3.370   (   0.468    2.060   -7.485)    7.777
   3.530   (  -0.749    2.111   -4.528)    5.052
   3.716   (   0.069   -4.891   -8.623)    9.914
   3.758   (   0.036   -6.124   -7.948)   10.034
   3.874   (   0.112   -2.000   -4.711)    5.119
   3.994   (  -0.517   -2.618   -3.893)    4.719
   4.054   (   0.090   -6.972   -7.374)   10.149
   4.081   (  -0.060   -4.058   -6.421)    7.596
   4.386   (   1.447    0.022   -0.997)    1.758
   4.493   (   1.364   -2.821   -1.884)    3.656
   4.743   (  -1.325   -2.582   -3.272)    4.374
   4.777   (  -0.881   -2.322   -1.982)    3.177
======================= Grid point 1217 (371/512) =======================
q-point: ( 0.13  0.40  0.33)
Mass variance parameters: 4.63e-04 4.63e-04 4.63e-04 4.63e-04 3.34e-04 3.34e-04 3.34e-04 3.34e-04 
Number of triplets: 1688
Frequency     group velocity (x, y, z)     |gv|
   1.297   (   0.839    1.860   -0.631)    2.136
   1.312   (   1.086    3.216   -3.324)    4.751
   1.356   (   1.044    4.927   -2.203)    5.497
   1.488   (  -0.855    0.930    1.125)    1.692
   1.578   (   0.764    2.791   -1.343)    3.190
   1.645   (   0.029    1.843   -5.593)    5.888
   1.781   (   2.372   -0.189   -1.073)    2.611
   1.897   (  -0.048   -7.948   -3.970)    8.884
   2.192   (   0.009    4.204  -11.631)   12.367
   2.366   (  -2.682   -2.096  -13.653)   14.071
   2.396   (   0.667   -3.450   -7.407)    8.198
   2.537   (  -1.156   -5.205   -8.680)   10.187
   3.374   (   0.939    1.987   -7.345)    7.666
   3.524   (  -1.450    2.035   -4.635)    5.265
   3.716   (   0.153   -4.887   -8.495)    9.802
   3.758   (  -0.045   -6.380   -8.182)   10.376
   3.875   (   0.369   -1.890   -4.560)    4.950
   3.990   (  -0.999   -2.600   -3.853)    4.754
   4.055   (   0.177   -6.768   -7.173)    9.864
   4.081   (  -0.142   -4.158   -6.414)    7.645
   4.398   (   2.828   -0.057   -1.198)    3.072
   4.505   (   2.602   -2.785   -1.903)    4.261
   4.731   (  -2.576   -2.470   -3.247)    4.825
   4.769   (  -1.760   -2.368   -2.041)    3.587
======================= Grid point 1218 (372/512) =======================
q-point: ( 0.20  0.40  0.33)
Mass variance parameters: 4.63e-04 4.63e-04 4.63e-04 4.63e-04 3.34e-04 3.34e-04 3.34e-04 3.34e-04 
Number of triplets: 1688
Frequency     group velocity (x, y, z)     |gv|
   1.303   (   1.129    2.668   -0.478)    2.936
   1.318   (   1.003    3.031   -2.747)    4.212
   1.365   (   1.789    4.355   -2.607)    5.381
   1.482   (  -1.307    0.485    1.579)    2.106
   1.584   (   1.157    2.871   -1.819)    3.590
   1.645   (   0.114    2.344   -5.440)    5.925
   1.797   (   2.980   -0.314   -0.990)    3.155
   1.897   (  -0.145   -7.350   -3.523)    8.152
   2.193   (   0.247    3.736  -12.057)   12.625
   2.348   (  -3.565   -1.846  -13.812)   14.384
   2.400   (   1.002   -3.661   -7.571)    8.469
   2.528   (  -1.770   -5.145   -8.806)   10.351
   3.381   (   1.407    1.884   -7.131)    7.509
   3.514   (  -2.057    1.927   -4.796)    5.563
   3.717   (   0.269   -4.930   -8.349)    9.700
   3.757   (  -0.286   -6.648   -8.442)   10.749
   3.879   (   0.821   -1.789   -4.367)    4.790
   3.983   (  -1.432   -2.577   -3.808)    4.816
   4.056   (   0.266   -6.473   -6.913)    9.474
   4.080   (  -0.245   -4.301   -6.393)    7.710
   4.418   (   4.066   -0.179   -1.473)    4.328
   4.523   (   3.624   -2.730   -1.923)    4.928
   4.713   (  -3.701   -2.311   -3.228)    5.427
   4.757   (  -2.612   -2.425   -2.118)    4.146
======================= Grid point 1219 (373/512) =======================
q-point: ( 0.27  0.40  0.33)
Mass variance parameters: 4.63e-04 4.63e-04 4.63e-04 4.63e-04 3.34e-04 3.34e-04 3.34e-04 3.34e-04 
Number of triplets: 1688
Frequency     group velocity (x, y, z)     |gv|
   1.310   (   1.218    3.394   -0.365)    3.624
   1.323   (   0.729    3.297   -2.415)    4.151
   1.377   (   2.389    3.370   -2.573)    4.866
   1.473   (  -1.692    0.070    1.843)    2.503
   1.592   (   1.536    2.988   -2.321)    4.083
   1.646   (   0.005    2.824   -5.152)    5.875
   1.815   (   3.214   -0.521   -0.905)    3.380
   1.895   (  -0.351   -6.509   -2.947)    7.154
   2.195   (   0.731    3.088  -12.600)   12.994
   2.325   (  -4.183   -1.541  -13.950)   14.645
   2.407   (   1.493   -3.888   -7.846)    8.883
   2.517   (  -2.356   -5.067   -8.918)   10.524
   3.391   (   1.861    1.772   -6.868)    7.333
   3.500   (  -2.536    1.810   -4.996)    5.888
   3.719   (   0.428   -5.055   -8.239)    9.675
   3.755   (  -0.619   -6.787   -8.610)   10.981
   3.885   (   1.382   -1.773   -4.196)    4.760
   3.973   (  -1.809   -2.549   -3.780)    4.906
   4.058   (   0.360   -6.136   -6.661)    9.064
   4.078   (  -0.354   -4.467   -6.358)    7.778
   4.445   (   5.092   -0.337   -1.762)    5.399
   4.546   (   4.374   -2.654   -1.917)    5.464
   4.689   (  -4.657   -2.130   -3.233)    6.056
   4.739   (  -3.399   -2.482   -2.202)    4.750
======================= Grid point 1220 (374/512) =======================
q-point: ( 0.33  0.40  0.33)
Mass variance parameters: 4.63e-04 4.63e-04 4.63e-04 4.63e-04 3.34e-04 3.34e-04 3.34e-04 3.34e-04 
Number of triplets: 1688
Frequency     group velocity (x, y, z)     |gv|
   1.317   (   1.104    3.986   -0.422)    4.157
   1.327   (   0.454    3.754   -2.266)    4.408
   1.392   (   2.660    2.237   -2.026)    4.023
   1.462   (  -1.985   -0.209    1.807)    2.692
   1.602   (   1.845    3.140   -2.790)    4.587
   1.645   (  -0.373    3.196   -4.770)    5.754
   1.833   (   3.151   -0.867   -0.851)    3.377
   1.892   (  -0.707   -5.462   -2.317)    5.975
   2.202   (   1.464    2.297  -13.175)   13.454
   2.300   (  -4.472   -1.164  -14.066)   14.806
   2.418   (   2.060   -4.121   -8.173)    9.382
   2.501   (  -2.835   -4.969   -8.986)   10.653
   3.403   (   2.277    1.670   -6.579)    7.160
   3.485   (  -2.862    1.702   -5.221)    6.192
   3.722   (   0.623   -5.270   -8.194)    9.762
   3.750   (  -0.913   -6.741   -8.641)   10.997
   3.895   (   1.899   -1.862   -4.076)    4.867
   3.962   (  -2.120   -2.506   -3.781)    5.007
   4.060   (   0.449   -5.804   -6.460)    8.696
   4.075   (  -0.452   -4.642   -6.313)    7.849
   4.477   (   5.853   -0.522   -2.020)    6.213
   4.573   (   4.783   -2.531   -1.814)    5.707
   4.660   (  -5.354   -1.970   -3.319)    6.600
   4.717   (  -4.077   -2.540   -2.290)    5.321
======================= Grid point 1221 (375/512) =======================
q-point: ( 0.40  0.40  0.33)
Mass variance parameters: 4.63e-04 4.63e-04 4.63e-04 4.63e-04 3.34e-04 3.34e-04 3.34e-04 3.34e-04 
Number of triplets: 1688
Frequency     group velocity (x, y, z)     |gv|
   1.323   (   0.849    4.383   -0.714)    4.521
   1.329   (   0.164    4.188   -2.062)    4.671
   1.407   (   2.676    1.200   -1.149)    3.149
   1.450   (  -2.212   -0.280    1.433)    2.650
   1.613   (   1.986    3.306   -3.207)    5.016
   1.641   (  -0.931    3.421   -4.359)    5.619
   1.851   (   2.853   -1.407   -0.868)    3.298
   1.887   (  -1.212   -4.303   -1.732)    4.794
   2.213   (   2.358    1.442  -13.671)   13.948
   2.274   (  -4.402   -0.693  -14.147)   14.833
   2.431   (   2.600   -4.343   -8.486)    9.881
   2.484   (  -3.132   -4.852   -8.987)   10.683
   3.417   (   2.630    1.597   -6.285)    6.997
   3.468   (  -3.026    1.618   -5.464)    6.452
   3.727   (   0.827   -5.560   -8.221)    9.959
   3.744   (  -1.079   -6.536   -8.564)   10.827
   3.907   (   2.265   -2.016   -3.993)    5.013
   3.949   (  -2.347   -2.435   -3.811)    5.095
   4.063   (   0.518   -5.504   -6.328)    8.403
   4.073   (  -0.523   -4.825   -6.272)    7.930
   4.512   (   6.316   -0.724   -2.213)    6.732
   4.599   (   3.552   -2.018   -1.166)    4.249
   4.629   (  -4.456   -2.186   -3.916)    6.322
   4.692   (  -4.607   -2.601   -2.387)    5.805
======================= Grid point 1222 (376/512) =======================
q-point: ( 0.47  0.40  0.33)
Mass variance parameters: 4.63e-04 4.63e-04 4.63e-04 4.63e-04 3.34e-04 3.34e-04 3.34e-04 3.34e-04 
Number of triplets: 1688
Frequency     group velocity (x, y, z)     |gv|
   1.327   (   0.521    4.548   -1.186)    4.729
   1.329   (  -0.169    4.475   -1.684)    4.785
   1.422   (   2.566    0.404   -0.160)    2.602
   1.437   (  -2.403   -0.088    0.748)    2.518
   1.624   (   1.871    3.443   -3.587)    5.312
   1.634   (  -1.488    3.495   -3.963)    5.490
   1.866   (   2.380   -2.178   -0.997)    3.377
   1.878   (  -1.802   -3.167   -1.280)    3.862
   2.229   (   3.254    0.618  -14.001)   14.388
   2.250   (  -3.977   -0.103  -14.146)   14.695
   2.448   (   3.005   -4.542   -8.738)   10.296
   2.466   (  -3.194   -4.711   -8.907)   10.570
   3.433   (   2.890    1.562   -5.997)    6.838
   3.450   (  -3.030    1.569   -5.723)    6.663
   3.732   (   1.001   -5.894   -8.310)   10.237
   3.738   (  -1.099   -6.235   -8.437)   10.548
   3.920   (   2.448   -2.182   -3.925)    5.115
   3.935   (  -2.466   -2.326   -3.862)    5.139
   4.066   (   0.557   -5.245   -6.261)    8.187
   4.070   (  -0.559   -5.023   -6.248)    8.036
   4.549   (   6.448   -0.926   -2.296)    6.907
   4.586   (  -5.922   -1.065   -2.038)    6.353
   4.636   (   4.687   -2.838   -2.945)    6.221
   4.664   (  -4.931   -2.682   -2.529)    6.157
======================= Grid point 1230 (377/512) =======================
q-point: ( 0.00  0.47  0.33)
Mass variance parameters: 4.63e-04 4.63e-04 4.63e-04 4.63e-04 3.34e-04 3.34e-04 3.34e-04 3.34e-04 
Number of triplets: 904
Frequency     group velocity (x, y, z)     |gv|
   1.308   (   0.000    1.277   -2.562)    2.863
   1.326   (   0.000   -0.570   -3.425)    3.472
   1.438   (   0.000    4.578   -1.458)    4.805
   1.488   (   0.000   -1.812    1.199)    2.173
   1.632   (   0.000    5.503   -3.107)    6.319
   1.707   (   0.000    4.895   -7.057)    8.588
   1.740   (   0.000   -5.788   -3.491)    6.759
   1.773   (   0.000   -4.628   -7.326)    8.666
   2.267   (   0.000    4.380   -9.561)   10.517
   2.332   (   0.000   -3.825   -7.598)    8.506
   2.382   (   0.000    2.287  -16.125)   16.286
   2.451   (   0.000   -5.724  -12.795)   14.017
   3.444   (   0.000    6.969  -12.018)   13.893
   3.579   (   0.000   -9.526  -13.360)   16.408
   3.589   (   0.000    4.768   -7.745)    9.095
   3.676   (   0.000   -5.662   -8.517)   10.227
   3.880   (   0.000    2.821   -5.565)    6.239
   3.951   (   0.000   -5.696   -6.965)    8.997
   3.988   (   0.000    1.218   -4.030)    4.210
   4.024   (   0.000   -3.059   -5.358)    6.170
   4.400   (   0.000    2.080   -1.533)    2.584
   4.442   (   0.000   -2.953   -1.973)    3.551
   4.728   (   0.000    0.148   -2.851)    2.854
   4.745   (   0.000   -1.801   -2.529)    3.105
======================= Grid point 1231 (378/512) =======================
q-point: ( 0.07  0.47  0.33)
Mass variance parameters: 4.63e-04 4.63e-04 4.63e-04 4.63e-04 3.34e-04 3.34e-04 3.34e-04 3.34e-04 
Number of triplets: 1688
Frequency     group velocity (x, y, z)     |gv|
   1.310   (   0.785    1.268   -2.456)    2.873
   1.328   (   0.639   -0.532   -3.351)    3.453
   1.438   (   0.007    4.465   -1.483)    4.705
   1.486   (  -0.567   -1.739    1.211)    2.193
   1.634   (   0.557    5.501   -3.244)    6.410
   1.707   (   0.147    4.627   -6.975)    8.371
   1.744   (   1.098   -5.636   -3.549)    6.750
   1.775   (   0.607   -4.476   -7.152)    8.459
   2.267   (  -0.276    4.383   -9.661)   10.612
   2.331   (  -0.074   -3.865   -7.696)    8.612
   2.379   (  -0.919    2.358  -16.113)   16.311
   2.450   (  -0.582   -5.755  -12.790)   14.037
   3.444   (   0.303    6.941  -11.955)   13.827
   3.579   (   0.082   -9.022  -13.161)   15.957
   3.587   (  -0.691    4.286   -7.935)    9.045
   3.674   (  -0.612   -5.730   -8.579)   10.335
   3.881   (   0.409    2.846   -5.526)    6.229
   3.952   (   0.374   -5.665   -6.923)    8.954
   3.987   (  -0.434    1.242   -4.027)    4.237
   4.023   (  -0.260   -3.096   -5.362)    6.197
   4.404   (   1.388    2.080   -1.574)    2.954
   4.446   (   1.392   -2.953   -1.996)    3.827
   4.725   (  -1.129    0.180   -2.848)    3.069
   4.742   (  -0.980   -1.823   -2.535)    3.273
======================= Grid point 1232 (379/512) =======================
q-point: ( 0.13  0.47  0.33)
Mass variance parameters: 4.63e-04 4.63e-04 4.63e-04 4.63e-04 3.34e-04 3.34e-04 3.34e-04 3.34e-04 
Number of triplets: 1688
Frequency     group velocity (x, y, z)     |gv|
   1.317   (   1.496    1.250   -2.157)    2.907
   1.334   (   1.207   -0.409   -3.153)    3.401
   1.438   (  -0.077    4.121   -1.548)    4.402
   1.481   (  -1.141   -1.545    1.220)    2.275
   1.639   (   1.166    5.519   -3.588)    6.685
   1.709   (   0.520    4.292   -6.788)    8.048
   1.752   (   1.690   -5.575   -3.679)    6.890
   1.780   (   1.147   -4.104   -6.645)    7.894
   2.264   (  -0.448    4.396   -9.961)   10.897
   2.331   (  -0.064   -3.954   -7.976)    8.902
   2.372   (  -1.735    2.527  -16.082)   16.372
   2.444   (  -1.176   -5.837  -12.771)   14.091
   3.447   (   0.629    6.857  -11.773)   13.638
   3.578   (  -1.034    0.092   -9.884)    9.939
   3.583   (  -0.102   -4.753  -11.181)   12.150
   3.669   (  -1.153   -5.922   -8.758)   10.635
   3.884   (   0.804    2.902   -5.417)    6.198
   3.955   (   0.696   -5.572   -6.806)    8.823
   3.983   (  -0.832    1.312   -4.026)    4.315
   4.021   (  -0.503   -3.200   -5.376)    6.276
   4.416   (   2.690    2.072   -1.686)    3.791
   4.458   (   2.665   -2.949   -2.061)    4.478
   4.715   (  -2.215    0.273   -2.840)    3.612
   4.734   (  -1.935   -1.886   -2.552)    3.717
======================= Grid point 1233 (380/512) =======================
q-point: ( 0.20  0.47  0.33)
Mass variance parameters: 4.63e-04 4.63e-04 4.63e-04 4.63e-04 3.34e-04 3.34e-04 3.34e-04 3.34e-04 
Number of triplets: 1688
Frequency     group velocity (x, y, z)     |gv|
   1.328   (   2.074    1.241   -1.722)    2.967
   1.342   (   1.655   -0.184   -2.890)    3.335
   1.437   (  -0.308    3.543   -1.630)    3.913
   1.473   (  -1.678   -1.303    1.179)    2.430
   1.647   (   1.798    5.597   -3.996)    7.108
   1.713   (   0.858    4.325   -6.495)    7.851
   1.762   (   1.849   -5.823   -3.879)    7.237
   1.788   (   1.495   -3.754   -5.890)    7.143
   2.262   (  -0.420    4.432  -10.462)   11.370
   2.331   (   0.038   -3.906   -8.421)    9.283
   2.360   (  -2.307    2.574  -16.010)   16.379
   2.436   (  -1.762   -5.943  -12.723)   14.153
   3.452   (   0.990    6.719  -11.491)   13.348
   3.568   (  -2.041    4.369   -8.440)    9.721
   3.585   (   0.528   -8.874  -12.572)   15.397
   3.661   (  -1.566   -6.215   -9.031)   11.074
   3.890   (   1.165    2.948   -5.259)    6.141
   3.960   (   0.931   -5.401   -6.621)    8.595
   3.977   (  -1.166    1.405   -4.052)    4.444
   4.017   (  -0.715   -3.358   -5.403)    6.402
   4.435   (   3.826    2.040   -1.847)    4.713
   4.476   (   3.732   -2.932   -2.154)    5.212
   4.699   (  -3.219    0.417   -2.827)    4.304
   4.720   (  -2.834   -1.982   -2.574)    4.311
======================= Grid point 1234 (381/512) =======================
q-point: ( 0.27  0.47  0.33)
Mass variance parameters: 4.63e-04 4.63e-04 4.63e-04 4.63e-04 3.34e-04 3.34e-04 3.34e-04 3.34e-04 
Number of triplets: 1688
Frequency     group velocity (x, y, z)     |gv|
   1.341   (   2.476    1.276   -1.226)    3.043
   1.353   (   1.956    0.167   -2.623)    3.276
   1.434   (  -0.668    2.763   -1.712)    3.318
   1.462   (  -2.111   -1.104    1.065)    2.610
   1.659   (   2.344    5.741   -4.339)    7.569
   1.718   (   0.835    4.742   -6.062)    7.741
   1.773   (   1.843   -6.161   -4.095)    7.624
   1.797   (   1.482   -3.692   -5.099)    6.467
   2.260   (  -0.126    4.499  -11.143)   12.018
   2.331   (  -0.385   -2.215   -9.597)    9.856
   2.347   (  -1.942    0.960  -15.268)   15.421
   2.424   (  -2.287   -6.042  -12.630)   14.186
   3.459   (   1.382    6.534  -11.137)   12.986
   3.555   (  -2.494    4.849   -8.537)   10.130
   3.589   (   0.790   -9.090  -12.396)   15.392
   3.651   (  -1.824   -6.581   -9.375)   11.599
   3.898   (   1.469    2.944   -5.074)    6.047
   3.965   (   0.814   -4.489   -6.103)    7.620
   3.970   (  -1.163    0.848   -4.408)    4.637
   4.013   (  -0.889   -3.556   -5.450)    6.568
   4.460   (   4.739    1.971   -2.028)    5.519
   4.501   (   4.548   -2.892   -2.256)    5.842
   4.678   (  -4.106    0.599   -2.808)    5.010
   4.701   (  -3.648   -2.101   -2.596)    4.946
======================= Grid point 1235 (382/512) =======================
q-point: ( 0.33  0.47  0.33)
Mass variance parameters: 4.63e-04 4.63e-04 4.63e-04 4.63e-04 3.34e-04 3.34e-04 3.34e-04 3.34e-04 
Number of triplets: 1688
Frequency     group velocity (x, y, z)     |gv|
   1.356   (   2.652    1.422   -0.765)    3.105
   1.364   (   2.086    0.668   -2.370)    3.227
   1.429   (  -1.042    1.814   -1.763)    2.736
   1.449   (  -2.385   -1.027    0.861)    2.735
   1.674   (   2.669    5.908   -4.555)    7.923
   1.722   (   0.306    5.324   -5.549)    7.696
   1.784   (   1.815   -6.339   -4.217)    7.827
   1.804   (   1.046   -3.975   -4.484)    6.083
   2.261   (   0.440    4.587  -11.944)   12.802
   2.321   (  -2.627    3.078  -13.457)   14.052
   2.343   (   0.668   -4.293  -11.815)   12.588
   2.410   (  -2.672   -6.104  -12.476)   14.144
   3.468   (   1.784    6.312  -10.739)   12.584
   3.540   (  -2.740    5.089   -8.803)   10.531
   3.594   (   1.046   -8.943  -12.034)   15.029
   3.640   (  -1.927   -6.995   -9.771)   12.170
   3.907   (   1.699    2.870   -4.878)    5.909
   3.960   (  -1.631    1.703   -4.106)    4.735
   3.973   (   1.162   -4.919   -6.269)    8.053
   4.007   (  -1.026   -3.782   -5.521)    6.770
   4.489   (   5.394    1.857   -2.205)    6.116
   4.529   (   5.096   -2.822   -2.350)    6.282
   4.652   (  -4.845    0.806   -2.781)    5.644
   4.678   (  -4.343   -2.236   -2.611)    5.539
======================= Grid point 1236 (383/512) =======================
q-point: ( 0.40  0.47  0.33)
Mass variance parameters: 4.63e-04 4.63e-04 4.63e-04 4.63e-04 3.34e-04 3.34e-04 3.34e-04 3.34e-04 
Number of triplets: 1688
Frequency     group velocity (x, y, z)     |gv|
   1.371   (   2.470    1.804   -0.520)    3.103
   1.376   (   1.932    1.396   -2.024)    3.127
   1.422   (  -1.166    0.631   -1.693)    2.150
   1.435   (  -2.407   -1.145    0.510)    2.714
   1.689   (   2.658    6.039   -4.656)    8.075
   1.721   (  -0.583    5.787   -5.106)    7.740
   1.794   (   1.668   -6.192   -4.196)    7.664
   1.808   (   0.300   -4.498   -4.128)    6.112
   2.265   (   1.198    4.661  -12.768)   13.645
   2.305   (  -2.962    4.219  -14.247)   15.151
   2.350   (   1.730   -5.438  -11.308)   12.667
   2.394   (  -2.840   -6.102  -12.249)   13.976
   3.479   (   2.165    6.064  -10.322)   12.165
   3.524   (  -2.805    5.312   -9.135)   10.933
   3.601   (   1.305   -8.660  -11.600)   14.535
   3.629   (  -1.895   -7.435  -10.204)   12.767
   3.917   (   1.848    2.727   -4.685)    5.727
   3.950   (  -1.818    2.037   -4.199)    5.008
   3.980   (   1.240   -4.777   -6.084)    7.834
   4.001   (  -1.129   -4.026   -5.620)    7.005
   4.522   (   5.778    1.702   -2.359)    6.468
   4.559   (   5.375   -2.713   -2.413)    6.486
   4.622   (  -5.395    1.014   -2.753)    6.141
   4.651   (  -4.889   -2.379   -2.618)    6.035
======================= Grid point 1237 (384/512) =======================
q-point: ( 0.47  0.47  0.33)
Mass variance parameters: 4.63e-04 4.63e-04 4.63e-04 4.63e-04 3.34e-04 3.34e-04 3.34e-04 3.34e-04 
Number of triplets: 1688
Frequency     group velocity (x, y, z)     |gv|
   1.383   (   1.458    2.514   -0.813)    3.018
   1.385   (   0.810    2.447   -1.393)    2.930
   1.417   (  -0.224   -0.920   -1.204)    1.531
   1.422   (  -1.762   -1.461   -0.166)    2.295
   1.704   (   2.264    6.091   -4.715)    8.028
   1.715   (  -1.526    6.027   -4.835)    7.875
   1.802   (   1.247   -5.740   -4.085)    7.155
   1.808   (  -0.540   -5.128   -4.019)    6.538
   2.275   (   1.990    4.668  -13.501)   14.423
   2.288   (  -2.633    4.550  -14.040)   14.992
   2.362   (   2.362   -5.815  -11.590)   13.181
   2.377   (  -2.740   -6.014  -11.945)   13.652
   3.493   (   2.487    5.805   -9.906)   11.748
   3.508   (  -2.711    5.551   -9.506)   11.337
   3.609   (   1.551   -8.294  -11.135)   13.971
   3.619   (  -1.759   -7.877  -10.664)   13.374
   3.928   (   1.915    2.528   -4.502)    5.506
   3.939   (  -1.904    2.293   -4.337)    5.262
   3.987   (   1.240   -4.535   -5.904)    7.548
   3.994   (  -1.201   -4.280   -5.748)    7.266
   4.556   (   5.885    1.517   -2.470)    6.560
   4.588   (  -1.084   -0.009   -1.955)    2.236
   4.593   (   0.753   -1.348   -3.199)    3.552
   4.622   (  -5.250   -2.527   -2.622)    6.390
======================= Grid point 1350 (385/512) =======================
q-point: ( 0.00  0.00  0.40)
Mass variance parameters: 4.63e-04 4.63e-04 4.63e-04 4.63e-04 3.34e-04 3.34e-04 3.34e-04 3.34e-04 
Number of triplets: 512
Frequency     group velocity (x, y, z)     |gv|
   1.162   (   0.000    0.000    8.769)    8.769
   1.430   (   0.000    0.000   -1.685)    1.685
   1.518   (   0.000    0.000    6.583)    6.583
   1.596   (   0.000    0.000    5.751)    5.751
   1.660   (   0.000    0.000    0.317)    0.317
   1.751   (   0.000    0.000   -0.613)    0.613
   1.803   (   0.000    0.000    5.668)    5.668
   1.910   (   0.000    0.000    0.897)    0.897
   2.552   (   0.000    0.000   11.901)   11.901
   2.677   (   0.000    0.000    9.398)    9.398
   2.700   (   0.000    0.000    5.062)    5.062
   2.853   (   0.000    0.000    3.572)    3.572
   3.884   (   0.000    0.000    6.834)    6.834
   3.962   (   0.000    0.000    6.033)    6.033
   4.018   (   0.000    0.000    1.354)    1.354
   4.096   (   0.000    0.000    0.586)    0.586
   4.103   (   0.000    0.000    4.725)    4.725
   4.255   (   0.000    0.000   -1.729)    1.729
   4.400   (   0.000    0.000    8.919)    8.919
   4.615   (   0.000    0.000    0.685)    0.685
   4.673   (   0.000    0.000    5.554)    5.554
   4.693   (   0.000    0.000    2.747)    2.747
   4.983   (   0.000    0.000    9.437)    9.437
   5.284   (   0.000    0.000   -3.739)    3.739
======================= Grid point 1351 (386/512) =======================
q-point: ( 0.07  0.00  0.40)
Mass variance parameters: 4.63e-04 4.63e-04 4.63e-04 4.63e-04 3.34e-04 3.34e-04 3.34e-04 3.34e-04 
Number of triplets: 904
Frequency     group velocity (x, y, z)     |gv|
   1.167   (   1.878    0.000    8.651)    8.852
   1.432   (   0.572    0.000   -1.644)    1.740
   1.519   (   0.479    0.000    6.548)    6.565
   1.595   (  -0.589    0.000    5.721)    5.751
   1.658   (  -0.704    0.000    0.502)    0.864
   1.748   (  -1.003    0.000   -0.585)    1.162
   1.805   (   0.588    0.000    5.499)    5.531
   1.909   (  -0.330    0.000    0.916)    0.973
   2.553   (   0.424    0.000   11.852)   11.859
   2.675   (  -0.633    0.000    9.387)    9.408
   2.701   (   0.297    0.000    5.079)    5.088
   2.850   (  -0.980    0.000    3.608)    3.739
   3.885   (   0.193    0.000    6.822)    6.825
   3.960   (  -0.628    0.000    5.981)    6.014
   4.020   (   0.629    0.000    1.407)    1.541
   4.095   (  -0.191    0.000    0.597)    0.627
   4.104   (   0.417    0.000    4.726)    4.745
   4.250   (  -1.442    0.000   -1.207)    1.881
   4.407   (   2.370    0.000    8.434)    8.760
   4.613   (  -0.566    0.000    1.054)    1.196
   4.673   (  -0.036    0.000    5.535)    5.535
   4.696   (   1.181    0.000    2.404)    2.679
   4.983   (   0.146    0.000    9.327)    9.329
   5.280   (  -1.369    0.000   -3.660)    3.908
======================= Grid point 1352 (387/512) =======================
q-point: ( 0.13  0.00  0.40)
Mass variance parameters: 4.63e-04 4.63e-04 4.63e-04 4.63e-04 3.34e-04 3.34e-04 3.34e-04 3.34e-04 
Number of triplets: 904
Frequency     group velocity (x, y, z)     |gv|
   1.183   (   3.601    0.000    8.310)    9.057
   1.436   (   0.934    0.000   -1.489)    1.757
   1.524   (   0.938    0.000    6.442)    6.510
   1.590   (  -1.020    0.000    5.604)    5.696
   1.653   (  -1.315    0.000    0.994)    1.649
   1.739   (  -1.960    0.000   -0.502)    2.023
   1.810   (   1.087    0.000    5.054)    5.170
   1.906   (  -0.650    0.000    0.971)    1.169
   2.556   (   0.834    0.000   11.709)   11.739
   2.670   (  -1.158    0.000    9.394)    9.465
   2.704   (   0.558    0.000    5.091)    5.121
   2.842   (  -1.854    0.000    3.711)    4.148
   3.886   (   0.383    0.000    6.788)    6.798
   3.955   (  -1.056    0.000    5.895)    5.989
   4.025   (   1.057    0.000    1.493)    1.830
   4.093   (  -0.378    0.000    0.630)    0.735
   4.108   (   0.819    0.000    4.725)    4.796
   4.239   (  -2.261    0.000   -0.109)    2.264
   4.426   (   3.983    0.000    7.441)    8.440
   4.609   (  -0.879    0.000    1.861)    2.058
   4.672   (  -0.019    0.000    5.482)    5.482
   4.705   (   1.785    0.000    1.720)    2.479
   4.985   (   0.531    0.000    8.953)    8.969
   5.269   (  -2.688    0.000   -3.424)    4.353
======================= Grid point 1353 (388/512) =======================
q-point: ( 0.20  0.00  0.40)
Mass variance parameters: 4.63e-04 4.63e-04 4.63e-04 4.63e-04 3.34e-04 3.34e-04 3.34e-04 3.34e-04 
Number of triplets: 904
Frequency     group velocity (x, y, z)     |gv|
   1.208   (   5.039    0.000    7.786)    9.274
   1.441   (   0.797    0.000   -1.106)    1.363
   1.530   (   1.362    0.000    6.267)    6.413
   1.584   (  -1.045    0.000    5.292)    5.394
   1.643   (  -1.792    0.000    1.661)    2.443
   1.725   (  -2.820    0.000   -0.371)    2.844
   1.817   (   1.456    0.000    4.464)    4.695
   1.902   (  -0.950    0.000    1.067)    1.429
   2.562   (   1.214    0.000   11.487)   11.551
   2.662   (  -1.562    0.000    9.450)    9.578
   2.708   (   0.830    0.000    5.072)    5.139
   2.829   (  -2.536    0.000    3.871)    4.627
   3.889   (   0.566    0.000    6.731)    6.754
   3.948   (  -1.282    0.000    5.860)    5.998
   4.032   (   1.282    0.000    1.529)    1.996
   4.091   (  -0.560    0.000    0.685)    0.885
   4.114   (   1.191    0.000    4.707)    4.856
   4.225   (  -2.548    0.000    0.990)    2.734
   4.452   (   4.812    0.000    6.506)    8.092
   4.603   (  -1.003    0.000    2.692)    2.873
   4.672   (   0.103    0.000    5.390)    5.391
   4.715   (   1.606    0.000    1.244)    2.031
   4.990   (   1.353    0.000    8.199)    8.310
   5.249   (  -3.903    0.000   -3.025)    4.937
======================= Grid point 1354 (389/512) =======================
q-point: ( 0.27  0.00  0.40)
Mass variance parameters: 4.63e-04 4.63e-04 4.63e-04 4.63e-04 3.34e-04 3.34e-04 3.34e-04 3.34e-04 
Number of triplets: 904
Frequency     group velocity (x, y, z)     |gv|
   1.241   (   6.092    0.000    7.129)    9.378
   1.444   (  -0.203    0.000   -0.282)    0.347
   1.539   (   1.733    0.000    6.022)    6.267
   1.579   (  -0.320    0.000    4.584)    4.595
   1.632   (  -2.132    0.000    2.384)    3.198
   1.707   (  -3.533    0.000   -0.196)    3.539
   1.826   (   1.700    0.000    3.843)    4.202
   1.896   (  -1.222    0.000    1.205)    1.716
   2.570   (   1.545    0.000   11.207)   11.313
   2.652   (  -1.854    0.000    9.543)    9.722
   2.714   (   1.158    0.000    5.036)    5.168
   2.813   (  -2.972    0.000    4.070)    5.040
   3.893   (   0.740    0.000    6.653)    6.694
   3.940   (  -1.375    0.000    5.890)    6.049
   4.040   (   1.375    0.000    1.501)    2.035
   4.087   (  -0.732    0.000    0.760)    1.055
   4.122   (   1.520    0.000    4.653)    4.895
   4.210   (  -2.579    0.000    1.911)    3.210
   4.481   (   5.032    0.000    5.789)    7.670
   4.597   (  -1.094    0.000    3.376)    3.549
   4.674   (   0.384    0.000    5.243)    5.257
   4.722   (   0.724    0.000    1.279)    1.470
   5.002   (   2.638    0.000    6.966)    7.449
   5.224   (  -4.958    0.000   -2.455)    5.533
======================= Grid point 1355 (390/512) =======================
q-point: ( 0.33  0.00  0.40)
Mass variance parameters: 4.63e-04 4.63e-04 4.63e-04 4.63e-04 3.34e-04 3.34e-04 3.34e-04 3.34e-04 
Number of triplets: 904
Frequency     group velocity (x, y, z)     |gv|
   1.278   (   6.702    0.000    6.389)    9.259
   1.437   (  -2.075    0.000    1.060)    2.330
   1.550   (   2.040    0.000    5.708)    6.061
   1.581   (   1.176    0.000    3.415)    3.612
   1.619   (  -2.353    0.000    3.092)    3.885
   1.685   (  -4.049    0.000    0.025)    4.049
   1.836   (   1.838    0.000    3.260)    3.742
   1.888   (  -1.456    0.000    1.391)    2.014
   2.580   (   1.812    0.000   10.897)   11.047
   2.640   (  -2.045    0.000    9.670)    9.883
   2.721   (   1.553    0.000    4.989)    5.225
   2.795   (  -3.150    0.000    4.287)    5.320
   3.898   (   0.900    0.000    6.557)    6.619
   3.932   (  -1.388    0.000    5.969)    6.129
   4.048   (   1.387    0.000    1.424)    1.987
   4.082   (  -0.893    0.000    0.852)    1.234
   4.131   (   1.796    0.000    4.543)    4.885
   4.196   (  -2.515    0.000    2.657)    3.658
   4.509   (   4.746    0.000    5.276)    7.096
   4.591   (  -1.274    0.000    3.883)    4.086
   4.677   (   0.853    0.000    5.013)    5.085
   4.723   (  -0.503    0.000    1.822)    1.890
   5.021   (   4.127    0.000    5.326)    6.737
   5.192   (  -5.792    0.000   -1.703)    6.037
======================= Grid point 1356 (391/512) =======================
q-point: ( 0.40  0.00  0.40)
Mass variance parameters: 4.63e-04 4.63e-04 4.63e-04 4.63e-04 3.34e-04 3.34e-04 3.34e-04 3.34e-04 
Number of triplets: 904
Frequency     group velocity (x, y, z)     |gv|
   1.317   (   6.836    0.000    5.592)    8.832
   1.419   (  -4.077    0.000    2.524)    4.795
   1.563   (   2.273    0.000    5.323)    5.788
   1.593   (   2.731    0.000    2.193)    3.503
   1.605   (  -2.469    0.000    3.751)    4.490
   1.660   (  -4.310    0.000    0.310)    4.321
   1.847   (   1.889    0.000    2.743)    3.331
   1.879   (  -1.646    0.000    1.631)    2.317
   2.591   (   2.005    0.000   10.584)   10.772
   2.628   (  -2.145    0.000    9.833)   10.065
   2.732   (   1.996    0.000    4.921)    5.310
   2.777   (  -3.087    0.000    4.497)    5.454
   3.903   (   1.045    0.000    6.447)    6.531
   3.925   (  -1.349    0.000    6.078)    6.226
   4.056   (   1.347    0.000    1.318)    1.884
   4.077   (  -1.038    0.000    0.959)    1.413
   4.142   (   2.015    0.000    4.360)    4.803
   4.181   (  -2.422    0.000    3.254)    4.056
   4.535   (   4.045    0.000    4.923)    6.372
   4.582   (  -1.638    0.000    4.236)    4.542
   4.684   (   1.455    0.000    4.658)    4.880
   4.717   (  -1.560    0.000    2.630)    3.058
   5.049   (   5.408    0.000    3.542)    6.465
   5.157   (  -6.335    0.000   -0.747)    6.379
======================= Grid point 1357 (392/512) =======================
q-point: ( 0.47  0.00  0.40)
Mass variance parameters: 4.63e-04 4.63e-04 4.63e-04 4.63e-04 3.34e-04 3.34e-04 3.34e-04 3.34e-04 
Number of triplets: 904
Frequency     group velocity (x, y, z)     |gv|
   1.356   (   6.473    0.000    4.732)    8.018
   1.391   (  -5.573    0.000    3.745)    6.715
   1.576   (   2.425    0.000    4.869)    5.439
   1.591   (  -2.491    0.000    4.344)    5.008
   1.612   (   3.764    0.000    1.292)    3.980
   1.635   (  -4.248    0.000    0.704)    4.306
   1.858   (   1.869    0.000    2.301)    2.964
   1.869   (  -1.786    0.000    1.932)    2.631
   2.603   (   2.122    0.000   10.293)   10.510
   2.616   (  -2.169    0.000   10.040)   10.272
   2.744   (   2.443    0.000    4.821)    5.404
   2.760   (  -2.830    0.000    4.679)    5.468
   3.910   (   1.171    0.000    6.326)    6.433
   3.917   (  -1.274    0.000    6.200)    6.330
   4.063   (   1.270    0.000    1.199)    1.746
   4.070   (  -1.165    0.000    1.076)    1.586
   4.155   (   2.184    0.000    4.092)    4.638
   4.168   (  -2.314    0.000    3.727)    4.387
   4.556   (   3.123    0.000    4.681)    5.627
   4.571   (  -2.259    0.000    4.480)    5.017
   4.694   (   1.972    0.000    4.139)    4.585
   4.706   (  -2.076    0.000    3.448)    4.025
   5.083   (   6.218    0.000    1.873)    6.494
   5.120   (  -6.506    0.000    0.438)    6.521
======================= Grid point 1365 (393/512) =======================
q-point: ( 0.00  0.07  0.40)
Mass variance parameters: 4.63e-04 4.63e-04 4.63e-04 4.63e-04 3.34e-04 3.34e-04 3.34e-04 3.34e-04 
Number of triplets: 904
Frequency     group velocity (x, y, z)     |gv|
   1.168   (   0.000    0.902    8.297)    8.345
   1.422   (   0.000   -1.057   -1.094)    1.521
   1.508   (   0.000   -1.244    6.686)    6.801
   1.569   (   0.000   -2.825    4.592)    5.391
   1.684   (   0.000    2.374    1.320)    2.717
   1.726   (   0.000   -3.436    3.279)    4.749
   1.798   (   0.000   -0.306    2.582)    2.601
   1.917   (   0.000    0.707    0.507)    0.870
   2.537   (   0.000   -1.824   10.598)   10.754
   2.669   (   0.000   -3.899    4.731)    6.131
   2.670   (   0.000   -0.859    8.019)    8.065
   2.822   (   0.000   -3.799    3.089)    4.896
   3.861   (   0.000   -2.905    7.006)    7.584
   3.937   (   0.000   -3.045    6.311)    7.007
   3.997   (   0.000   -2.544    1.558)    2.983
   4.052   (   0.000   -3.585    2.519)    4.381
   4.121   (   0.000    0.409    2.491)    2.525
   4.250   (   0.000   -0.644   -1.944)    2.048
   4.386   (   0.000   -1.782    7.926)    8.124
   4.589   (   0.000   -3.382    0.649)    3.444
   4.663   (   0.000   -1.148    4.452)    4.598
   4.673   (   0.000   -2.429    2.421)    3.430
   4.968   (   0.000   -1.735    8.482)    8.658
   5.251   (   0.000   -4.162   -3.808)    5.642
======================= Grid point 1366 (394/512) =======================
q-point: ( 0.07  0.07  0.40)
Mass variance parameters: 4.63e-04 4.63e-04 4.63e-04 4.63e-04 3.34e-04 3.34e-04 3.34e-04 3.34e-04 
Number of triplets: 1688
Frequency     group velocity (x, y, z)     |gv|
   1.174   (   1.778    0.866    8.188)    8.423
   1.423   (   0.603   -1.047   -1.060)    1.608
   1.509   (   0.363   -1.277    6.638)    6.769
   1.567   (  -0.807   -2.886    4.605)    5.494
   1.681   (  -0.834    2.211    1.685)    2.903
   1.726   (  -0.113   -3.050    2.786)    4.132
   1.799   (   0.308   -0.383    2.729)    2.773
   1.916   (  -0.357    0.700    0.535)    0.951
   2.538   (   0.430   -1.822   10.545)   10.710
   2.666   (  -0.724   -1.741    7.137)    7.382
   2.671   (   0.317   -3.044    5.615)    6.395
   2.820   (  -0.978   -3.797    3.124)    5.013
   3.861   (   0.191   -2.906    6.996)    7.578
   3.935   (  -0.614   -3.039    6.259)    6.985
   3.999   (   0.610   -2.549    1.619)    3.080
   4.053   (   0.148   -3.567    2.460)    4.336
   4.121   (   0.063    0.383    2.552)    2.582
   4.246   (  -1.389   -0.623   -1.465)    2.112
   4.393   (   2.272   -1.822    7.483)    8.030
   4.587   (  -0.625   -3.394    0.964)    3.583
   4.663   (  -0.011   -1.170    4.487)    4.637
   4.677   (   1.517   -2.290    2.058)    3.432
   4.968   (  -0.080   -1.811    8.397)    8.591
   5.247   (  -1.378   -4.166   -3.737)    5.763
======================= Grid point 1367 (395/512) =======================
q-point: ( 0.13  0.07  0.40)
Mass variance parameters: 4.63e-04 4.63e-04 4.63e-04 4.63e-04 3.34e-04 3.34e-04 3.34e-04 3.34e-04 
Number of triplets: 1688
Frequency     group velocity (x, y, z)     |gv|
   1.189   (   3.409    0.759    7.875)    8.615
   1.428   (   1.022   -1.009   -0.940)    1.717
   1.512   (   0.671   -1.385    6.487)    6.667
   1.560   (  -1.438   -3.055    4.635)    5.734
   1.675   (  -1.338    1.969    2.421)    3.395
   1.723   (  -0.720   -2.197    1.808)    2.935
   1.802   (   0.815   -0.568    3.023)    3.182
   1.912   (  -0.713    0.674    0.616)    1.159
   2.542   (   0.850   -1.813   10.390)   10.581
   2.661   (  -1.194   -1.320    7.681)    7.885
   2.673   (   0.464   -3.537    5.081)    6.208
   2.811   (  -1.854   -3.795    3.226)    5.314
   3.863   (   0.380   -2.909    6.968)    7.560
   3.931   (  -1.035   -3.025    6.171)    6.950
   4.004   (   1.019   -2.562    1.733)    3.257
   4.054   (   0.212   -3.513    2.291)    4.199
   4.122   (   0.209    0.310    2.726)    2.751
   4.235   (  -2.175   -0.569   -0.464)    2.296
   4.411   (   3.798   -1.936    6.589)    7.847
   4.582   (  -0.948   -3.419    1.647)    3.912
   4.663   (   0.094   -1.123    4.512)    4.651
   4.689   (   2.347   -1.990    1.357)    3.363
   4.968   (   0.079   -2.044    8.104)    8.358
   5.235   (  -2.704   -4.175   -3.521)    6.094
======================= Grid point 1368 (396/512) =======================
q-point: ( 0.20  0.07  0.40)
Mass variance parameters: 4.63e-04 4.63e-04 4.63e-04 4.63e-04 3.34e-04 3.34e-04 3.34e-04 3.34e-04 
Number of triplets: 1688
Frequency     group velocity (x, y, z)     |gv|
   1.213   (   4.768    0.589    7.395)    8.819
   1.434   (   0.979   -0.916   -0.643)    1.487
   1.516   (   0.840   -1.614    6.206)    6.467
   1.551   (  -1.616   -3.290    4.636)    5.910
   1.667   (  -1.532    1.889    3.097)    3.938
   1.717   (  -1.629   -1.292    1.055)    2.332
   1.808   (   1.420   -0.724    3.164)    3.543
   1.907   (  -1.063    0.623    0.749)    1.442
   2.548   (   1.245   -1.794   10.149)   10.381
   2.653   (  -1.626   -1.192    7.939)    8.191
   2.677   (   0.726   -3.773    4.844)    6.183
   2.798   (  -2.544   -3.795    3.386)    5.687
   3.866   (   0.564   -2.912    6.920)    7.529
   3.924   (  -1.255   -3.006    6.130)    6.942
   4.011   (   1.221   -2.587    1.810)    3.385
   4.055   (   0.130   -3.415    2.043)    3.981
   4.124   (   0.492    0.196    2.973)    3.020
   4.222   (  -2.456   -0.505    0.524)    2.562
   4.436   (   4.548   -2.110    5.761)    7.637
   4.576   (  -1.051   -3.441    2.343)    4.294
   4.664   (   0.308   -0.996    4.483)    4.603
   4.703   (   2.332   -1.556    0.844)    2.927
   4.970   (   0.709   -2.434    7.488)    7.905
   5.215   (  -3.922   -4.188   -3.155)    6.548
======================= Grid point 1369 (397/512) =======================
q-point: ( 0.27  0.07  0.40)
Mass variance parameters: 4.63e-04 4.63e-04 4.63e-04 4.63e-04 3.34e-04 3.34e-04 3.34e-04 3.34e-04 
Number of triplets: 1688
Frequency     group velocity (x, y, z)     |gv|
   1.243   (   5.766    0.369    6.798)    8.921
   1.438   (   0.024   -0.753    0.052)    0.755
   1.521   (   0.765   -2.110    5.668)    6.096
   1.543   (  -0.924   -3.435    4.538)    5.766
   1.658   (  -1.469    1.982    3.561)    4.332
   1.705   (  -2.421   -0.494    0.770)    2.588
   1.818   (   1.897   -0.741    3.043)    3.661
   1.900   (  -1.396    0.535    0.929)    1.760
   2.556   (   1.597   -1.762    9.846)   10.130
   2.642   (  -1.958   -1.195    8.098)    8.416
   2.682   (   1.082   -3.894    4.722)    6.215
   2.782   (  -2.995   -3.804    3.589)    6.027
   3.869   (   0.738   -2.913    6.854)    7.484
   3.916   (  -1.344   -2.985    6.153)    6.970
   4.018   (   1.289   -2.625    1.823)    3.446
   4.055   (  -0.103   -3.278    1.788)    3.735
   4.128   (   0.898    0.054    3.215)    3.339
   4.207   (  -2.494   -0.448    1.345)    2.869
   4.463   (   4.690   -2.339    5.136)    7.338
   4.570   (  -1.110   -3.450    2.916)    4.652
   4.667   (   0.682   -0.801    4.396)    4.520
   4.714   (   1.476   -1.029    0.816)    1.976
   4.977   (   1.927   -2.938    6.409)    7.309
   5.190   (  -4.974   -4.201   -2.632)    7.023
======================= Grid point 1370 (398/512) =======================
q-point: ( 0.33  0.07  0.40)
Mass variance parameters: 4.63e-04 4.63e-04 4.63e-04 4.63e-04 3.34e-04 3.34e-04 3.34e-04 3.34e-04 
Number of triplets: 1688
Frequency     group velocity (x, y, z)     |gv|
   1.279   (   6.351    0.116    6.129)    8.827
   1.433   (  -1.984   -0.621    1.319)    2.463
   1.525   (   0.843   -2.912    4.696)    5.589
   1.541   (   0.187   -3.331    4.395)    5.518
   1.650   (  -1.079    2.174    3.739)    4.458
   1.689   (  -2.858    0.226    0.887)    3.001
   1.830   (   2.172   -0.624    2.754)    3.562
   1.891   (  -1.698    0.406    1.154)    2.092
   2.566   (   1.889   -1.713    9.513)    9.848
   2.630   (  -2.177   -1.262    8.240)    8.615
   2.690   (   1.518   -3.950    4.635)    6.276
   2.764   (  -3.189   -3.826    3.816)    6.275
   3.874   (   0.898   -2.915    6.770)    7.425
   3.908   (  -1.358   -2.964    6.226)    7.028
   4.025   (   1.281   -2.674    1.783)    3.460
   4.054   (  -0.412   -3.126    1.607)    3.539
   4.134   (   1.340   -0.089    3.357)    3.616
   4.193   (  -2.437   -0.404    2.002)    3.179
   4.489   (   4.341   -2.611    4.689)    6.903
   4.563   (  -1.246   -3.440    3.351)    4.961
   4.672   (   1.220   -0.553    4.231)    4.437
   4.719   (   0.086   -0.527    1.319)    1.423
   4.993   (   3.528   -3.443    4.871)    6.930
   5.158   (  -5.795   -4.209   -1.934)    7.419
======================= Grid point 1371 (399/512) =======================
q-point: ( 0.40  0.07  0.40)
Mass variance parameters: 4.63e-04 4.63e-04 4.63e-04 4.63e-04 3.34e-04 3.34e-04 3.34e-04 3.34e-04 
Number of triplets: 1688
Frequency     group velocity (x, y, z)     |gv|
   1.316   (   6.503   -0.142    5.419)    8.467
   1.415   (  -4.051   -0.591    2.713)    4.911
   1.531   (   1.260   -3.421    3.902)    5.340
   1.543   (   0.304   -3.413    4.136)    5.371
   1.646   (  -0.226    2.318    3.531)    4.230
   1.673   (  -2.815    0.940    1.329)    3.252
   1.843   (   2.279   -0.428    2.405)    3.340
   1.881   (  -1.952    0.236    1.418)    2.425
   2.578   (   2.107   -1.645    9.179)    9.560
   2.617   (  -2.289   -1.358    8.404)    8.816
   2.700   (   2.002   -3.961    4.540)    6.349
   2.746   (  -3.139   -3.861    4.043)    6.411
   3.880   (   1.039   -2.917    6.671)    7.355
   3.901   (  -1.323   -2.945    6.328)    7.104
   4.033   (   1.219   -2.733    1.709)    3.446
   4.050   (  -0.708   -2.990    1.535)    3.435
   4.143   (   1.722   -0.204    3.351)    3.773
   4.179   (  -2.339   -0.368    2.520)    3.458
   4.512   (   3.636   -2.896    4.371)    6.380
   4.555   (  -1.543   -3.399    3.672)    5.236
   4.681   (   1.810   -0.294    3.952)    4.356
   4.715   (  -1.251   -0.184    2.113)    2.463
   5.018   (   5.018   -3.824    3.127)    7.041
   5.123   (  -6.306   -4.202   -1.037)    7.648
======================= Grid point 1372 (400/512) =======================
q-point: ( 0.47  0.07  0.40)
Mass variance parameters: 4.63e-04 4.63e-04 4.63e-04 4.63e-04 3.34e-04 3.34e-04 3.34e-04 3.34e-04 
Number of triplets: 1688
Frequency     group velocity (x, y, z)     |gv|
   1.353   (   6.213   -0.371    4.665)    7.778
   1.387   (  -5.438   -0.529    3.806)    6.658
   1.539   (   1.102   -3.610    3.703)    5.288
   1.543   (  -0.373   -3.599    3.845)    5.280
   1.648   (   1.026    2.171    2.895)    3.761
   1.658   (  -2.188    1.644    2.049)    3.419
   1.856   (   2.260   -0.199    2.052)    3.059
   1.869   (  -2.145    0.029    1.719)    2.749
   2.591   (   2.247   -1.560    8.873)    9.285
   2.604   (  -2.309   -1.462    8.613)    9.036
   2.713   (   2.480   -3.941    4.414)    6.416
   2.728   (  -2.883   -3.903    4.247)    6.448
   3.886   (   1.159   -2.922    6.560)    7.274
   3.893   (  -1.255   -2.931    6.443)    7.189
   4.039   (   1.109   -2.801    1.623)    3.422
   4.045   (  -0.942   -2.883    1.553)    3.408
   4.154   (   2.006   -0.282    3.199)    3.786
   4.166   (  -2.202   -0.331    2.918)    3.671
   4.531   (   2.796   -3.140    4.131)    5.895
   4.545   (  -2.059   -3.307    3.916)    5.524
   4.693   (   2.189   -0.102    3.516)    4.144
   4.706   (  -2.055   -0.048    2.896)    3.552
   5.050   (   6.009   -4.049    1.485)    7.397
   5.086   (  -6.413   -4.159    0.092)    7.644
======================= Grid point 1380 (401/512) =======================
q-point: ( 0.00  0.13  0.40)
Mass variance parameters: 4.63e-04 4.63e-04 4.63e-04 4.63e-04 3.34e-04 3.34e-04 3.34e-04 3.34e-04 
Number of triplets: 904
Frequency     group velocity (x, y, z)     |gv|
   1.192   (   0.000    2.151    6.983)    7.307
   1.395   (   0.000   -2.322    1.260)    2.642
   1.482   (   0.000   -1.850    6.400)    6.662
   1.516   (   0.000   -3.707    3.574)    5.149
   1.643   (   0.000   -6.446    7.285)    9.727
   1.728   (   0.000    3.065    1.677)    3.494
   1.793   (   0.000   -0.497   -0.093)    0.506
   1.929   (   0.000    0.708   -0.534)    0.887
   2.496   (   0.000   -3.104    7.172)    7.815
   2.577   (   0.000   -7.618    3.847)    8.535
   2.651   (   0.000   -1.505    4.312)    4.567
   2.734   (   0.000   -7.123    1.627)    7.306
   3.793   (   0.000   -5.455    7.333)    9.139
   3.867   (   0.000   -5.617    6.955)    8.940
   3.940   (   0.000   -4.458    1.627)    4.745
   3.989   (   0.000   -4.205    2.383)    4.833
   4.112   (   0.000   -1.500    1.631)    2.216
   4.231   (   0.000   -1.810   -2.650)    3.209
   4.341   (   0.000   -3.941    5.251)    6.566
   4.507   (   0.000   -6.792   -0.201)    6.795
   4.618   (   0.000   -4.323    1.719)    4.652
   4.637   (   0.000   -2.128    2.247)    3.095
   4.932   (   0.000   -2.560    5.958)    6.485
   5.156   (   0.000   -7.460   -3.864)    8.401
======================= Grid point 1381 (402/512) =======================
q-point: ( 0.07  0.13  0.40)
Mass variance parameters: 4.63e-04 4.63e-04 4.63e-04 4.63e-04 3.34e-04 3.34e-04 3.34e-04 3.34e-04 
Number of triplets: 1688
Frequency     group velocity (x, y, z)     |gv|
   1.197   (   1.472    2.074    6.903)    7.356
   1.397   (   0.672   -2.306    1.288)    2.726
   1.483   (   0.220   -1.868    6.340)    6.613
   1.512   (  -1.207   -3.791    3.680)    5.419
   1.645   (   0.475   -6.158    7.182)    9.472
   1.727   (  -0.533    2.831    1.603)    3.297
   1.794   (   0.374   -0.353    0.026)    0.515
   1.928   (  -0.375    0.714   -0.489)    0.943
   2.497   (   0.439   -3.109    7.103)    7.766
   2.577   (   0.147   -7.617    3.839)    8.531
   2.648   (  -0.764   -1.561    4.310)    4.647
   2.731   (  -0.936   -7.099    1.661)    7.350
   3.794   (   0.184   -5.456    7.328)    9.138
   3.866   (  -0.557   -5.599    6.902)    8.905
   3.942   (   0.604   -4.457    1.706)    4.810
   3.989   (   0.173   -4.214    2.332)    4.819
   4.112   (  -0.046   -1.514    1.657)    2.245
   4.228   (  -1.201   -1.758   -2.263)    3.107
   4.347   (   1.883   -4.048    4.904)    6.631
   4.505   (  -0.595   -6.765    0.003)    6.791
   4.623   (   1.744   -4.165    1.589)    4.786
   4.638   (   0.495   -2.161    2.146)    3.086
   4.931   (  -0.585   -2.651    5.911)    6.504
   5.152   (  -1.403   -7.466   -3.812)    8.499
======================= Grid point 1382 (403/512) =======================
q-point: ( 0.13  0.13  0.40)
Mass variance parameters: 4.63e-04 4.63e-04 4.63e-04 4.63e-04 3.34e-04 3.34e-04 3.34e-04 3.34e-04 
Number of triplets: 1688
Frequency     group velocity (x, y, z)     |gv|
   1.209   (   2.813    1.846    6.674)    7.474
   1.403   (   1.232   -2.248    1.372)    2.908
   1.484   (   0.378   -1.906    6.118)    6.419
   1.502   (  -2.134   -4.006    3.985)    6.040
   1.648   (   0.699   -5.375    6.917)    8.788
   1.722   (  -1.062    2.247    1.439)    2.872
   1.798   (   0.836   -0.026    0.329)    0.899
   1.925   (  -0.772    0.727   -0.356)    1.118
   2.501   (   0.877   -3.124    6.903)    7.628
   2.579   (   0.350   -7.602    3.814)    8.513
   2.642   (  -1.456   -1.727    4.307)    4.863
   2.723   (  -1.792   -7.035    1.764)    7.471
   3.796   (   0.371   -5.457    7.312)    9.132
   3.861   (  -0.949   -5.557    6.803)    8.835
   3.947   (   1.008   -4.450    1.877)    4.934
   3.991   (   0.272   -4.238    2.191)    4.778
   4.112   (   0.033   -1.545    1.729)    2.319
   4.218   (  -1.918   -1.644   -1.461)    2.918
   4.362   (   3.118   -4.328    4.213)    6.797
   4.500   (  -0.914   -6.709    0.455)    6.786
   4.635   (   1.683   -2.921    2.011)    3.926
   4.645   (   2.303   -2.990    1.216)    3.965
   4.926   (  -0.994   -2.941    5.751)    6.535
   5.140   (  -2.750   -7.482   -3.655)    8.769
======================= Grid point 1383 (404/512) =======================
q-point: ( 0.20  0.13  0.40)
Mass variance parameters: 4.63e-04 4.63e-04 4.63e-04 4.63e-04 3.34e-04 3.34e-04 3.34e-04 3.34e-04 
Number of triplets: 1688
Frequency     group velocity (x, y, z)     |gv|
   1.229   (   3.917    1.477    6.330)    7.589
   1.411   (   1.480   -2.102    1.534)    2.994
   1.486   (  -0.652   -2.106    4.322)    4.852
   1.489   (  -1.529   -4.140    5.798)    7.287
   1.652   (   0.653   -4.273    6.557)    7.854
   1.714   (  -1.534    1.569    1.320)    2.561
   1.804   (   1.385    0.267    0.689)    1.570
   1.919   (  -1.197    0.734   -0.149)    1.412
   2.508   (   1.304   -3.144    6.590)    7.417
   2.581   (   0.645   -7.541    3.768)    8.455
   2.632   (  -2.012   -1.999    4.315)    5.163
   2.711   (  -2.497   -6.954    1.932)    7.637
   3.798   (   0.559   -5.456    7.285)    9.119
   3.855   (  -1.164   -5.509    6.738)    8.781
   3.953   (   1.191   -4.436    2.032)    5.023
   3.992   (   0.233   -4.271    2.006)    4.724
   4.113   (   0.300   -1.571    1.820)    2.423
   4.206   (  -2.234   -1.534   -0.672)    2.792
   4.382   (   3.669   -4.711    3.588)    6.966
   4.495   (  -1.013   -6.654    0.925)    6.794
   4.642   (   1.219   -1.751    2.489)    3.279
   4.664   (   3.818   -3.389    0.262)    5.112
   4.920   (  -0.997   -3.486    5.413)    6.515
   5.120   (  -3.980   -7.507   -3.388)    9.147
======================= Grid point 1384 (405/512) =======================
q-point: ( 0.27  0.13  0.40)
Mass variance parameters: 4.63e-04 4.63e-04 4.63e-04 4.63e-04 3.34e-04 3.34e-04 3.34e-04 3.34e-04 
Number of triplets: 1688
Frequency     group velocity (x, y, z)     |gv|
   1.254   (   4.717    0.988    5.918)    7.632
   1.418   (   0.826   -1.788    1.885)    2.726
   1.473   (  -2.238   -4.129    3.948)    6.135
   1.490   (   0.370   -2.545    5.976)    6.506
   1.656   (   0.500   -3.051    6.114)    6.851
   1.704   (  -1.864    1.009    1.378)    2.528
   1.814   (   1.932    0.409    0.988)    2.208
   1.911   (  -1.635    0.720    0.113)    1.790
   2.516   (   1.705   -3.161    6.197)    7.163
   2.586   (   0.998   -7.336    3.698)    8.276
   2.619   (  -2.346   -2.421    4.346)    5.500
   2.695   (  -3.000   -6.885    2.158)    7.814
   3.802   (   0.741   -5.450    7.244)    9.096
   3.848   (  -1.261   -5.467    6.733)    8.764
   3.960   (   1.233   -4.421    2.114)    5.053
   3.993   (   0.037   -4.306    1.839)    4.683
   4.116   (   0.729   -1.578    1.886)    2.564
   4.193   (  -2.349   -1.462   -0.014)    2.767
   4.403   (   3.687   -5.143    3.119)    7.055
   4.489   (  -1.052   -6.607    1.317)    6.818
   4.650   (   1.653   -1.246    2.573)    3.302
   4.686   (   3.552   -2.730   -0.013)    4.480
   4.916   (  -0.285   -4.347    4.759)    6.452
   5.094   (  -5.027   -7.535   -2.999)    9.541
======================= Grid point 1385 (406/512) =======================
q-point: ( 0.33  0.13  0.40)
Mass variance parameters: 4.63e-04 4.63e-04 4.63e-04 4.63e-04 3.34e-04 3.34e-04 3.34e-04 3.34e-04 
Number of triplets: 1688
Frequency     group velocity (x, y, z)     |gv|
   1.283   (   5.190    0.412    5.483)    7.561
   1.416   (  -1.739   -1.525    2.774)    3.612
   1.466   (  -0.098   -4.227    3.713)    5.627
   1.491   (   0.107   -2.715    5.461)    6.100
   1.658   (   0.436   -1.899    5.557)    5.888
   1.693   (  -1.972    0.629    1.690)    2.672
   1.826   (   2.373    0.436    1.164)    2.679
   1.900   (  -2.051    0.678    0.403)    2.198
   2.527   (   2.060   -3.167    5.766)    6.894
   2.592   (   0.593   -6.050    3.699)    7.116
   2.606   (  -1.653   -3.883    4.310)    6.032
   2.677   (  -3.273   -6.856    2.428)    7.976
   3.807   (   0.905   -5.440    7.188)    9.060
   3.840   (  -1.290   -5.437    6.777)    8.784
   3.968   (   1.204   -4.408    2.113)    5.035
   3.992   (  -0.261   -4.337    1.747)    4.683
   4.121   (   1.218   -1.562    1.882)    2.733
   4.179   (  -2.366   -1.432    0.522)    2.814
   4.424   (   3.325   -5.570    2.774)    7.055
   4.482   (  -1.139   -6.559    1.625)    6.852
   4.661   (   2.205   -0.807    2.588)    3.494
   4.703   (   2.087   -1.728    0.249)    2.720
   4.919   (   1.355   -5.472    3.615)    6.696
   5.063   (  -5.812   -7.555   -2.467)    9.846
======================= Grid point 1386 (407/512) =======================
q-point: ( 0.40  0.13  0.40)
Mass variance parameters: 4.63e-04 4.63e-04 4.63e-04 4.63e-04 3.34e-04 3.34e-04 3.34e-04 3.34e-04 
Number of triplets: 1688
Frequency     group velocity (x, y, z)     |gv|
   1.313   (   5.351   -0.204    5.058)    7.366
   1.399   (  -3.908   -1.527    3.695)    5.591
   1.470   (   1.438   -3.829    3.510)    5.390
   1.491   (  -0.387   -2.972    4.913)    5.755
   1.661   (   0.591   -0.962    4.847)    4.976
   1.682   (  -1.818    0.370    2.275)    2.936
   1.841   (   2.646    0.438    1.203)    2.939
   1.887   (  -2.401    0.610    0.689)    2.572
   2.540   (   2.355   -3.144    5.346)    6.634
   2.585   (  -2.454   -2.912    4.378)    5.802
   2.608   (   1.878   -7.127    3.606)    8.205
   2.658   (  -3.307   -6.890    2.724)    8.114
   3.812   (   1.043   -5.427    7.117)    9.011
   3.833   (  -1.276   -5.419    6.853)    8.829
   3.974   (   1.132   -4.398    2.044)    4.980
   3.990   (  -0.572   -4.360    1.748)    4.732
   4.130   (   1.658   -1.532    1.784)    2.877
   4.166   (  -2.317   -1.435    0.959)    2.889
   4.441   (   2.757   -5.937    2.509)    7.011
   4.475   (  -1.336   -6.493    1.872)    6.888
   4.675   (   2.599   -0.444    2.507)    3.639
   4.709   (  -0.010   -0.800    0.974)    1.260
   4.933   (   3.510   -6.524    2.044)    7.685
   5.028   (  -6.224   -7.547   -1.754)    9.938
======================= Grid point 1387 (408/512) =======================
q-point: ( 0.47  0.13  0.40)
Mass variance parameters: 4.63e-04 4.63e-04 4.63e-04 4.63e-04 3.34e-04 3.34e-04 3.34e-04 3.34e-04 
Number of triplets: 1688
Frequency     group velocity (x, y, z)     |gv|
   1.344   (   5.227   -0.794    4.652)    7.042
   1.373   (  -4.813   -1.273    4.236)    6.536
   1.479   (   1.500   -3.503    3.806)    5.386
   1.487   (  -1.003   -3.238    4.331)    5.500
   1.666   (   0.968   -0.302    3.991)    4.118
   1.673   (  -1.439    0.107    3.084)    3.405
   1.857   (   2.731    0.467    1.120)    2.989
   1.872   (  -2.641    0.531    0.939)    2.852
   2.554   (   2.578   -3.068    4.975)    6.389
   2.570   (  -2.691   -2.933    4.671)    6.137
   2.622   (   2.682   -7.141    3.304)    8.313
   2.639   (  -3.107   -6.993    3.023)    8.228
   3.819   (   1.152   -5.417    7.034)    8.952
   3.826   (  -1.230   -5.413    6.943)    8.889
   3.981   (   1.011   -4.388    1.935)    4.901
   3.986   (  -0.828   -4.376    1.823)    4.812
   4.140   (   1.986   -1.495    1.591)    2.951
   4.153   (  -2.198   -1.460    1.314)    2.947
   4.456   (   2.166   -6.209    2.288)    6.963
   4.467   (  -1.677   -6.387    2.084)    6.924
   4.691   (   2.537   -0.238    2.255)    3.402
   4.703   (  -1.715   -0.306    1.742)    2.464
   4.958   (   5.239   -7.174    0.471)    8.896
   4.992   (  -6.105   -7.457   -0.800)    9.670
======================= Grid point 1395 (409/512) =======================
q-point: ( 0.00  0.20  0.40)
Mass variance parameters: 4.63e-04 4.63e-04 4.63e-04 4.63e-04 3.34e-04 3.34e-04 3.34e-04 3.34e-04 
Number of triplets: 904
Frequency     group velocity (x, y, z)     |gv|
   1.238   (   0.000    3.623    5.175)    6.317
   1.349   (   0.000   -3.307    4.134)    5.294
   1.446   (   0.000   -3.106    9.080)    9.597
   1.453   (   0.000   -4.026    2.227)    4.601
   1.541   (   0.000   -5.407    4.281)    6.897
   1.775   (   0.000   -2.013   -0.002)    2.013
   1.779   (   0.000    3.071    1.645)    3.484
   1.937   (   0.000    0.329   -2.303)    2.327
   2.429   (   0.000  -10.746    2.771)   11.097
   2.445   (   0.000   -3.134    2.270)    3.870
   2.600   (   0.000   -9.430   -0.839)    9.467
   2.621   (   0.000   -2.296   -0.305)    2.316
   3.688   (   0.000   -7.770    7.357)   10.701
   3.763   (   0.000   -7.136    7.281)   10.195
   3.861   (   0.000   -5.244    0.838)    5.311
   3.922   (   0.000   -4.096    1.495)    4.360
   4.071   (   0.000   -3.739    0.305)    3.751
   4.190   (   0.000   -3.329   -3.817)    5.065
   4.258   (   0.000   -6.499    1.553)    6.682
   4.377   (   0.000   -9.213   -2.305)    9.497
   4.541   (   0.000   -5.054    1.243)    5.205
   4.597   (   0.000   -2.753    0.189)    2.760
   4.890   (   0.000   -2.728    2.894)    3.977
   5.022   (   0.000   -8.962   -3.516)    9.627
======================= Grid point 1396 (410/512) =======================
q-point: ( 0.07  0.20  0.40)
Mass variance parameters: 4.63e-04 4.63e-04 4.63e-04 4.63e-04 3.34e-04 3.34e-04 3.34e-04 3.34e-04 
Number of triplets: 1688
Frequency     group velocity (x, y, z)     |gv|
   1.241   (   0.832    3.436    5.152)    6.248
   1.351   (   0.919   -3.194    4.120)    5.294
   1.441   (  -1.630   -4.148    7.542)    8.761
   1.455   (   0.415   -2.877    3.635)    4.655
   1.545   (   1.495   -5.384    4.364)    7.090
   1.761   (  -2.747   -0.141    0.912)    2.898
   1.791   (   2.419    1.197    0.788)    2.811
   1.936   (  -0.263    0.364   -2.232)    2.276
   2.428   (  -0.269  -10.401    2.652)   10.737
   2.447   (   0.768   -3.510    2.280)    4.255
   2.595   (  -1.649   -8.967   -0.749)    9.148
   2.620   (  -0.227   -2.791   -0.376)    2.825
   3.688   (   0.210   -7.756    7.355)   10.691
   3.762   (  -0.445   -7.117    7.240)   10.162
   3.863   (   0.591   -5.254    0.914)    5.365
   3.922   (   0.070   -4.122    1.443)    4.368
   4.071   (  -0.038   -3.718    0.312)    3.732
   4.187   (  -0.932   -3.293   -3.513)    4.905
   4.262   (   1.252   -6.606    1.290)    6.847
   4.376   (  -0.377   -9.159   -2.174)    9.421
   4.547   (   2.087   -5.089    1.076)    5.604
   4.599   (   0.650   -2.682    0.223)    2.769
   4.887   (  -0.973   -2.772    2.858)    4.098
   5.018   (  -1.432   -8.964   -3.490)    9.726
======================= Grid point 1397 (411/512) =======================
q-point: ( 0.13  0.20  0.40)
Mass variance parameters: 4.63e-04 4.63e-04 4.63e-04 4.63e-04 3.34e-04 3.34e-04 3.34e-04 3.34e-04 
Number of triplets: 1688
Frequency     group velocity (x, y, z)     |gv|
   1.248   (   1.570    2.899    5.094)    6.068
   1.359   (   1.759   -2.872    4.083)    5.293
   1.429   (  -2.339   -4.768    6.712)    8.558
   1.457   (   0.356   -2.002    4.165)    4.635
   1.557   (   2.440   -5.254    4.514)    7.343
   1.744   (  -2.903   -0.296    1.226)    3.165
   1.805   (   2.300    1.336    0.642)    2.736
   1.934   (  -0.575    0.466   -2.022)    2.153
   2.427   (  -0.188  -10.060    2.397)   10.343
   2.453   (   1.309   -3.931    2.214)    4.698
   2.582   (  -2.711   -8.521   -0.608)    8.963
   2.617   (  -0.901   -3.333   -0.454)    3.483
   3.690   (   0.425   -7.714    7.347)   10.662
   3.758   (  -0.800   -7.076    7.153)   10.093
   3.868   (   1.027   -5.268    1.098)    5.478
   3.923   (   0.078   -4.200    1.306)    4.400
   4.071   (   0.082   -3.658    0.325)    3.673
   4.180   (  -1.590   -3.217   -2.885)    4.604
   4.272   (   2.099   -6.884    0.779)    7.239
   4.373   (  -0.632   -9.034   -1.864)    9.246
   4.565   (   3.852   -5.145    0.664)    6.461
   4.605   (   1.329   -2.477    0.323)    2.830
   4.879   (  -1.864   -2.914    2.747)    4.417
   5.005   (  -2.804   -8.973   -3.411)   10.001
======================= Grid point 1398 (412/512) =======================
q-point: ( 0.20  0.20  0.40)
Mass variance parameters: 4.63e-04 4.63e-04 4.63e-04 4.63e-04 3.34e-04 3.34e-04 3.34e-04 3.34e-04 
Number of triplets: 1688
Frequency     group velocity (x, y, z)     |gv|
   1.259   (   2.156    2.079    5.035)    5.859
   1.371   (   2.388   -2.379    4.065)    5.281
   1.414   (  -2.660   -4.881    6.215)    8.338
   1.459   (   0.269   -1.577    4.260)    4.550
   1.572   (   2.875   -4.958    4.605)    7.352
   1.727   (  -3.007   -0.543    1.559)    3.430
   1.818   (   2.235    1.517    0.571)    2.761
   1.929   (  -0.960    0.619   -1.694)    2.043
   2.426   (   0.155   -9.978    2.078)   10.193
   2.462   (   1.787   -4.102    2.026)    4.912
   2.565   (  -3.391   -8.434   -0.476)    9.103
   2.610   (  -1.695   -3.586   -0.465)    3.994
   3.693   (   0.642   -7.650    7.333)   10.617
   3.753   (  -1.042   -7.042    7.075)   10.037
   3.874   (   1.263   -5.262    1.297)    5.565
   3.923   (  -0.024   -4.322    1.141)    4.470
   4.072   (   0.415   -3.563    0.319)    3.601
   4.170   (  -1.996   -3.147   -2.268)    4.363
   4.285   (   2.494   -7.247    0.334)    7.672
   4.369   (  -0.768   -8.900   -1.515)    9.060
   4.591   (   5.121   -5.118    0.183)    7.242
   4.614   (   2.040   -2.164    0.480)    3.012
   4.866   (  -2.565   -3.196    2.547)    4.825
   4.985   (  -4.055   -8.988   -3.278)   10.391
======================= Grid point 1399 (413/512) =======================
q-point: ( 0.27  0.20  0.40)
Mass variance parameters: 4.63e-04 4.63e-04 4.63e-04 4.63e-04 3.34e-04 3.34e-04 3.34e-04 3.34e-04 
Number of triplets: 1688
Frequency     group velocity (x, y, z)     |gv|
   1.273   (   2.582    1.086    5.011)    5.741
   1.385   (   1.722   -1.889    4.624)    5.283
   1.400   (  -1.765   -4.664    5.239)    7.233
   1.460   (   0.066   -1.364    4.213)    4.428
   1.590   (   2.999   -4.498    4.593)    7.094
   1.710   (  -3.061   -0.815    1.938)    3.713
   1.831   (   2.257    1.633    0.527)    2.835
   1.923   (  -1.406    0.801   -1.281)    2.064
   2.429   (   0.700   -9.989    1.714)   10.159
   2.474   (   2.268   -4.137    1.739)    5.029
   2.544   (  -3.787   -8.560   -0.342)    9.367
   2.598   (  -2.412   -3.696   -0.402)    4.432
   3.698   (   0.848   -7.567    7.312)   10.557
   3.746   (  -1.195   -7.035    7.038)   10.022
   3.882   (   1.346   -5.226    1.436)    5.584
   3.922   (  -0.238   -4.470    1.018)    4.591
   4.076   (   0.897   -3.448    0.264)    3.573
   4.157   (  -2.233   -3.106   -1.746)    4.205
   4.300   (   2.528   -7.622    0.018)    8.031
   4.364   (  -0.857   -8.790   -1.212)    8.915
   4.623   (   5.759   -4.866   -0.221)    7.543
   4.628   (   2.726   -1.789    0.677)    3.331
   4.850   (  -2.894   -3.714    2.223)    5.207
   4.959   (  -5.109   -9.009   -3.083)   10.806
======================= Grid point 1400 (414/512) =======================
q-point: ( 0.33  0.20  0.40)
Mass variance parameters: 4.63e-04 4.63e-04 4.63e-04 4.63e-04 3.34e-04 3.34e-04 3.34e-04 3.34e-04 
Number of triplets: 1688
Frequency     group velocity (x, y, z)     |gv|
   1.288   (   2.869    0.036    5.042)    5.802
   1.378   (  -2.846   -3.574    5.933)    7.488
   1.407   (   2.792   -2.145    3.580)    5.021
   1.460   (  -0.316   -1.256    4.092)    4.292
   1.607   (   2.967   -3.909    4.457)    6.630
   1.692   (  -3.058   -1.128    2.369)    4.030
   1.844   (   2.356    1.658    0.477)    2.920
   1.913   (  -1.857    0.991   -0.833)    2.264
   2.435   (   1.391   -9.972    1.330)   10.156
   2.488   (   2.727   -4.120    1.401)    5.136
   2.521   (  -3.917   -8.789   -0.198)    9.624
   2.582   (  -2.964   -3.760   -0.263)    4.795
   3.703   (   1.028   -7.473    7.281)   10.485
   3.739   (  -1.284   -7.059    7.043)   10.054
   3.890   (   1.338   -5.163    1.481)    5.535
   3.920   (  -0.515   -4.622    0.985)    4.754
   4.083   (   1.406   -3.335    0.138)    3.622
   4.144   (  -2.351   -3.092   -1.308)    4.099
   4.314   (   2.318   -7.958   -0.202)    8.291
   4.359   (  -0.961   -8.706   -0.973)    8.813
   4.646   (   3.256   -1.372    0.890)    3.644
   4.656   (   5.440   -4.195   -0.402)    6.881
   4.834   (  -2.450   -4.677    1.672)    5.538
   4.927   (  -5.862   -9.034   -2.812)   11.130
======================= Grid point 1401 (415/512) =======================
q-point: ( 0.40  0.20  0.40)
Mass variance parameters: 4.63e-04 4.63e-04 4.63e-04 4.63e-04 3.34e-04 3.34e-04 3.34e-04 3.34e-04 
Number of triplets: 1688
Frequency     group velocity (x, y, z)     |gv|
   1.306   (   3.051   -0.973    5.132)    6.050
   1.360   (  -3.128   -3.285    5.681)    7.270
   1.423   (   2.768   -1.574    3.565)    4.780
   1.456   (  -0.883   -1.213    3.930)    4.207
   1.624   (   2.899   -3.250    4.191)    6.044
   1.674   (  -3.004   -1.514    2.844)    4.405
   1.858   (   2.480    1.600    0.384)    2.976
   1.901   (  -2.236    1.172   -0.405)    2.556
   2.445   (   2.143   -9.871    0.952)   10.146
   2.499   (  -3.707   -9.140    0.250)    9.866
   2.505   (   3.028   -4.004    0.766)    5.078
   2.564   (  -3.313   -3.818   -0.049)    5.055
   3.709   (   1.170   -7.374    7.239)   10.400
   3.732   (  -1.324   -7.112    7.079)   10.122
   3.897   (   1.278   -5.082    1.432)    5.433
   3.916   (  -0.789   -4.761    1.046)    4.938
   4.092   (   1.834   -3.241   -0.057)    3.724
   4.130   (  -2.375   -3.099   -0.932)    4.014
   4.327   (   1.989   -8.224   -0.365)    8.469
   4.353   (  -1.117   -8.632   -0.787)    8.739
   4.665   (   3.379   -1.012    1.050)    3.680
   4.682   (   3.422   -2.805   -0.112)    4.426
   4.825   (  -0.425   -6.340    0.674)    6.390
   4.892   (  -6.123   -9.037   -2.423)   11.181
======================= Grid point 1402 (416/512) =======================
q-point: ( 0.47  0.20  0.40)
Mass variance parameters: 4.63e-04 4.63e-04 4.63e-04 4.63e-04 3.34e-04 3.34e-04 3.34e-04 3.34e-04 
Number of triplets: 1688
Frequency     group velocity (x, y, z)     |gv|
   1.324   (   3.150   -1.884    5.275)    6.426
   1.342   (  -3.178   -2.666    5.459)    6.856
   1.438   (   2.267   -1.332    3.629)    4.481
   1.449   (  -1.579   -1.231    3.762)    4.261
   1.640   (   2.879   -2.592    3.806)    5.430
   1.657   (  -2.926   -2.002    3.338)    4.870
   1.873   (   2.544    1.485    0.217)    2.954
   1.888   (  -2.473    1.337   -0.046)    2.812
   2.459   (   2.853   -9.679    0.609)   10.109
   2.478   (  -3.425   -9.419    0.321)   10.027
   2.524   (   3.369   -3.952    0.564)    5.224
   2.544   (  -3.445   -3.883    0.233)    5.196
   3.717   (   1.267   -7.277    7.188)   10.306
   3.724   (  -1.318   -7.187    7.131)   10.210
   3.905   (   1.173   -4.989    1.315)    5.291
   3.911   (  -1.012   -4.883    1.171)    5.122
   4.104   (   2.133   -3.171   -0.308)    3.834
   4.117   (  -2.307   -3.125   -0.600)    3.930
   4.337   (   1.643   -8.415   -0.502)    8.589
   4.346   (  -1.344   -8.543   -0.637)    8.672
   4.683   (   2.610   -0.830    1.036)    2.928
   4.692   (  -0.144   -1.301    0.608)    1.443
   4.832   (   3.080   -8.124   -0.727)    8.719
   4.858   (  -5.457   -8.892   -1.803)   10.588
======================= Grid point 1410 (417/512) =======================
q-point: ( 0.00  0.27  0.40)
Mass variance parameters: 4.63e-04 4.63e-04 4.63e-04 4.63e-04 3.34e-04 3.34e-04 3.34e-04 3.34e-04 
Number of triplets: 904
Frequency     group velocity (x, y, z)     |gv|
   1.296   (   0.000   -3.055    4.594)    5.517
   1.304   (   0.000    4.127    3.961)    5.720
   1.377   (   0.000   -4.442   12.462)   13.230
   1.393   (   0.000   -2.997   -0.347)    3.017
   1.495   (   0.000   -0.759   -2.044)    2.180
   1.728   (   0.000   -3.670    1.074)    3.824
   1.815   (   0.000    0.898    1.528)    1.772
   1.946   (   0.000    1.230   -5.514)    5.649
   2.241   (   0.000  -12.415    2.414)   12.648
   2.399   (   0.000   -2.671   -2.723)    3.814
   2.441   (   0.000  -10.191   -4.239)   11.038
   2.575   (   0.000   -3.533   -4.587)    5.789
   3.547   (   0.000   -9.608    6.275)   11.476
   3.649   (   0.000   -6.908    6.268)    9.327
   3.778   (   0.000   -5.184   -1.367)    5.361
   3.857   (   0.000   -4.187   -0.487)    4.215
   3.990   (   0.000   -6.329   -1.472)    6.497
   4.128   (   0.000   -4.339   -4.926)    6.565
   4.138   (   0.000   -8.090   -1.815)    8.292
   4.222   (   0.000   -9.899   -4.885)   11.039
   4.464   (   0.000   -4.366    1.234)    4.537
   4.552   (   0.000   -2.857   -1.233)    3.112
   4.845   (   0.000   -2.920    0.332)    2.939
   4.883   (   0.000   -8.056   -2.548)    8.449
======================= Grid point 1411 (418/512) =======================
q-point: ( 0.07  0.27  0.40)
Mass variance parameters: 4.63e-04 4.63e-04 4.63e-04 4.63e-04 3.34e-04 3.34e-04 3.34e-04 3.34e-04 
Number of triplets: 1688
Frequency     group velocity (x, y, z)     |gv|
   1.287   (  -1.718   -0.646    4.444)    4.808
   1.318   (   3.158    1.701    4.062)    5.419
   1.369   (  -2.188   -4.102    8.959)   10.094
   1.402   (   2.319   -3.136    3.092)    4.977
   1.497   (   0.785   -0.880   -1.957)    2.285
   1.724   (  -1.527   -3.535    1.185)    4.029
   1.819   (   1.338    0.823    1.452)    2.139
   1.946   (  -0.042    1.271   -5.374)    5.522
   2.241   (  -0.135  -12.435    2.272)   12.642
   2.400   (   0.359   -2.727   -2.747)    3.887
   2.437   (  -1.343  -10.193   -4.231)   11.117
   2.573   (  -0.703   -3.558   -4.606)    5.862
   3.548   (   0.367   -9.567    6.275)   11.447
   3.648   (  -0.440   -6.926    6.248)    9.338
   3.779   (   0.516   -5.204   -1.311)    5.391
   3.857   (  -0.098   -4.220   -0.547)    4.256
   3.991   (   0.188   -6.273   -1.453)    6.442
   4.123   (  -1.402   -5.104   -4.107)    6.700
   4.143   (   1.336   -7.396   -2.613)    7.957
   4.221   (  -0.082   -9.843   -4.778)   10.942
   4.469   (   1.680   -4.460    1.124)    4.896
   4.555   (   1.033   -2.800   -1.212)    3.221
   4.842   (  -1.127   -2.948    0.301)    3.171
   4.879   (  -1.385   -8.022   -2.533)    8.526
======================= Grid point 1412 (419/512) =======================
q-point: ( 0.13  0.27  0.40)
Mass variance parameters: 4.63e-04 4.63e-04 4.63e-04 4.63e-04 3.34e-04 3.34e-04 3.34e-04 3.34e-04 
Number of triplets: 1688
Frequency     group velocity (x, y, z)     |gv|
   1.279   (  -1.027   -0.485    4.470)    4.612
   1.338   (   3.666    1.450    3.921)    5.560
   1.356   (  -2.187   -3.844    7.474)    8.685
   1.416   (   2.379   -2.766    4.330)    5.662
   1.504   (   1.577   -1.238   -1.666)    2.607
   1.712   (  -2.484   -3.295    1.425)    4.365
   1.829   (   2.089    0.752    1.306)    2.576
   1.946   (  -0.161    1.386   -4.953)    5.146
   2.240   (  -0.110  -12.485    1.852)   12.623
   2.403   (   0.733   -2.924   -2.785)    4.105
   2.426   (  -2.512  -10.171   -4.244)   11.303
   2.567   (  -1.412   -3.623   -4.654)    6.064
   3.551   (   0.719   -9.449    6.275)   11.366
   3.644   (  -0.840   -6.985    6.200)    9.377
   3.783   (   0.944   -5.252   -1.165)    5.462
   3.856   (  -0.247   -4.315   -0.701)    4.379
   3.993   (   0.481   -6.121   -1.418)    6.301
   4.113   (  -1.766   -5.394   -3.638)    6.741
   4.152   (   1.605   -7.295   -3.009)    8.053
   4.221   (  -0.198   -9.700   -4.501)   10.695
   4.483   (   3.240   -4.710    0.834)    5.777
   4.564   (   2.044   -2.642   -1.148)    3.533
   4.832   (  -2.216   -3.044    0.207)    3.771
   4.867   (  -2.705   -7.912   -2.487)    8.724
======================= Grid point 1413 (420/512) =======================
q-point: ( 0.20  0.27  0.40)
Mass variance parameters: 4.63e-04 4.63e-04 4.63e-04 4.63e-04 3.34e-04 3.34e-04 3.34e-04 3.34e-04 
Number of triplets: 1688
Frequency     group velocity (x, y, z)     |gv|
   1.275   (  -0.353   -0.629    4.522)    4.579
   1.342   (  -2.081   -3.528    6.752)    7.898
   1.361   (   3.926    1.391    3.744)    5.601
   1.429   (   2.065   -2.072    4.534)    5.396
   1.515   (   2.344   -1.776   -1.123)    3.148
   1.696   (  -3.002   -3.114    1.672)    4.637
   1.842   (   2.382    0.813    1.170)    2.775
   1.944   (  -0.420    1.550   -4.259)    4.551
   2.240   (   0.204  -12.535    1.172)   12.591
   2.405   (  -1.792   -7.423   -2.848)    8.150
   2.412   (  -0.464   -5.961   -4.267)    7.346
   2.557   (  -2.101   -3.704   -4.704)    6.346
   3.556   (   1.040   -9.269    6.272)   11.240
   3.638   (  -1.176   -7.091    6.152)    9.461
   3.790   (   1.241   -5.303   -0.987)    5.535
   3.854   (  -0.465   -4.463   -0.883)    4.574
   3.997   (   0.898   -5.911   -1.411)    6.143
   4.102   (  -2.014   -5.437   -3.352)    6.698
   4.162   (   1.708   -7.508   -3.159)    8.323
   4.219   (  -0.347   -9.521   -4.153)   10.393
   4.506   (   4.584   -5.035    0.457)    6.825
   4.578   (   2.996   -2.417   -1.044)    3.989
   4.816   (  -3.232   -3.251    0.041)    4.584
   4.848   (  -3.889   -7.695   -2.406)    8.951
======================= Grid point 1414 (421/512) =======================
q-point: ( 0.27  0.27  0.40)
Mass variance parameters: 4.63e-04 4.63e-04 4.63e-04 4.63e-04 3.34e-04 3.34e-04 3.34e-04 3.34e-04 
Number of triplets: 1688
Frequency     group velocity (x, y, z)     |gv|
   1.275   (   0.230   -0.870    4.606)    4.693
   1.330   (  -2.026   -3.318    6.364)    7.458
   1.384   (   3.927    1.483    3.434)    5.423
   1.440   (   1.529   -1.239    4.297)    4.726
   1.531   (   3.002   -2.347   -0.372)    3.829
   1.677   (  -3.316   -3.014    1.869)    4.855
   1.856   (   2.470    0.982    1.040)    2.854
   1.941   (  -0.839    1.713   -3.340)    3.846
   2.243   (   0.855  -12.531    0.294)   12.563
   2.385   (  -4.200  -10.370   -3.646)   11.768
   2.419   (   1.825   -3.403   -3.573)    5.261
   2.543   (  -2.716   -3.782   -4.730)    6.637
   3.563   (   1.316   -9.042    6.266)   11.079
   3.630   (  -1.439   -7.249    6.122)    9.597
   3.798   (   1.415   -5.334   -0.835)    5.582
   3.850   (  -0.728   -4.642   -1.017)    4.808
   4.003   (   1.367   -5.689   -1.476)    6.035
   4.090   (  -2.189   -5.399   -3.104)    6.601
   4.172   (   1.684   -7.820   -3.212)    8.620
   4.217   (  -0.512   -9.347   -3.824)   10.112
   4.536   (   5.646   -5.340    0.087)    7.772
   4.598   (   3.825   -2.165   -0.897)    4.486
   4.795   (  -4.143   -3.665   -0.218)    5.535
   4.822   (  -4.849   -7.303   -2.278)    9.058
======================= Grid point 1415 (422/512) =======================
q-point: ( 0.33  0.27  0.40)
Mass variance parameters: 4.63e-04 4.63e-04 4.63e-04 4.63e-04 3.34e-04 3.34e-04 3.34e-04 3.34e-04 
Number of triplets: 1688
Frequency     group velocity (x, y, z)     |gv|
   1.278   (   0.709   -1.169    4.734)    4.927
   1.319   (  -1.907   -2.993    6.009)    6.978
   1.405   (   3.532    1.434    3.205)    4.980
   1.447   (   0.825   -0.451    3.891)    4.003
   1.549   (   3.474   -2.784    0.427)    4.472
   1.658   (  -3.540   -2.983    1.988)    5.038
   1.870   (   2.495    1.198    0.869)    2.901
   1.934   (  -1.363    1.819   -2.305)    3.237
   2.250   (   1.773  -12.416   -0.671)   12.560
   2.359   (  -4.609  -10.686   -3.537)   12.163
   2.431   (   2.449   -3.546   -3.767)    5.724
   2.525   (  -3.193   -3.841   -4.709)    6.864
   3.572   (   1.534   -8.785    6.252)   10.891
   3.622   (  -1.630   -7.452    6.118)    9.778
   3.806   (   1.495   -5.334   -0.752)    5.590
   3.845   (  -0.988   -4.824   -1.062)    5.037
   4.013   (   1.786   -5.497   -1.624)    6.004
   4.077   (  -2.298   -5.335   -2.857)    6.474
   4.181   (   1.561   -8.144   -3.220)    8.895
   4.213   (  -0.679   -9.189   -3.561)    9.878
   4.571   (   6.362   -5.520   -0.199)    8.425
   4.622   (   4.409   -1.912   -0.689)    4.854
   4.769   (  -4.891   -4.458   -0.618)    6.647
   4.792   (  -5.460   -6.637   -2.091)    8.845
======================= Grid point 1416 (423/512) =======================
q-point: ( 0.40  0.27  0.40)
Mass variance parameters: 4.63e-04 4.63e-04 4.63e-04 4.63e-04 3.34e-04 3.34e-04 3.34e-04 3.34e-04 
Number of triplets: 1688
Frequency     group velocity (x, y, z)     |gv|
   1.283   (   1.087   -1.507    4.909)    5.249
   1.308   (  -1.770   -2.632    5.687)    6.512
   1.424   (   2.842    1.286    3.070)    4.376
   1.449   (  -0.018    0.192    3.498)    3.503
   1.570   (   3.742   -3.018    1.109)    4.934
   1.637   (  -3.709   -3.006    2.002)    5.177
   1.885   (   2.495    1.416    0.599)    2.931
   1.925   (  -1.868    1.832   -1.305)    2.924
   2.264   (   2.783  -12.168   -1.584)   12.582
   2.332   (  -4.648  -11.028   -3.289)   12.411
   2.447   (   2.979   -3.701   -4.023)    6.225
   2.506   (  -3.476   -3.871   -4.626)    6.962
   3.581   (   1.689   -8.511    6.230)   10.682
   3.612   (  -1.750   -7.690    6.135)    9.992
   3.815   (   1.508   -5.297   -0.752)    5.559
   3.839   (  -1.207   -4.987   -1.020)    5.232
   4.024   (   2.092   -5.357   -1.837)    6.037
   4.064   (  -2.353   -5.279   -2.604)    6.339
   4.190   (   1.385   -8.436   -3.215)    9.133
   4.209   (  -0.843   -9.038   -3.379)    9.686
   4.609   (   6.605   -5.406   -0.325)    8.542
   4.648   (   4.315   -1.640   -0.337)    4.629
   4.739   (  -5.088   -5.764   -1.249)    7.790
   4.760   (  -5.545   -5.749   -1.889)    8.207
======================= Grid point 1417 (424/512) =======================
q-point: ( 0.47  0.27  0.40)
Mass variance parameters: 4.63e-04 4.63e-04 4.63e-04 4.63e-04 3.34e-04 3.34e-04 3.34e-04 3.34e-04 
Number of triplets: 1688
Frequency     group velocity (x, y, z)     |gv|
   1.290   (   1.379   -1.874    5.131)    5.634
   1.299   (  -1.601   -2.253    5.393)    6.060
   1.438   (   1.947    1.037    3.067)    3.778
   1.446   (  -0.967    0.680    3.211)    3.422
   1.592   (   3.841   -3.082    1.596)    5.177
   1.615   (  -3.817   -3.054    1.883)    5.239
   1.899   (   2.433    1.608    0.170)    2.922
   1.913   (  -2.238    1.754   -0.461)    2.881
   2.283   (   3.686  -11.815   -2.339)   12.596
   2.306   (  -4.333  -11.416   -2.901)   12.550
   2.465   (   3.358   -3.809   -4.271)    6.636
   2.486   (  -3.533   -3.864   -4.478)    6.890
   3.591   (   1.777   -8.231    6.200)   10.456
   3.601   (  -1.798   -7.954    6.166)   10.223
   3.823   (   1.465   -5.227   -0.820)    5.490
   3.832   (  -1.367   -5.123   -0.924)    5.382
   4.037   (   2.273   -5.277   -2.084)    6.113
   4.050   (  -2.350   -5.255   -2.344)    6.216
   4.197   (   1.196   -8.679   -3.224)    9.335
   4.203   (  -1.014   -8.875   -3.272)    9.513
   4.645   (   5.752   -4.521   -0.128)    7.317
   4.665   (   0.227   -1.950    0.291)    1.984
   4.717   (  -1.297   -6.721   -2.145)    7.173
   4.730   (  -4.580   -5.382   -1.921)    7.323
======================= Grid point 1425 (425/512) =======================
q-point: ( 0.00  0.33  0.40)
Mass variance parameters: 4.63e-04 4.63e-04 4.63e-04 4.63e-04 3.34e-04 3.34e-04 3.34e-04 3.34e-04 
Number of triplets: 904
Frequency     group velocity (x, y, z)     |gv|
   1.259   (   0.000   -1.250    2.859)    3.120
   1.315   (   0.000   -2.318    1.757)    2.908
   1.335   (   0.000   -0.695    6.922)    6.957
   1.412   (   0.000    4.791   -1.714)    5.088
   1.502   (   0.000    1.549   -2.657)    3.075
   1.665   (   0.000   -3.947    1.944)    4.399
   1.798   (   0.000   -2.847   -0.955)    3.003
   1.971   (   0.000   -0.523  -11.076)   11.088
   2.056   (   0.000   -8.109    6.148)   10.176
   2.286   (   0.000   -8.900   -8.086)   12.025
   2.354   (   0.000   -3.114   -5.845)    6.623
   2.503   (   0.000   -5.578   -8.205)    9.921
   3.396   (   0.000   -8.648    3.070)    9.177
   3.550   (   0.000   -5.245    3.338)    6.217
   3.688   (   0.000   -6.591   -6.324)    9.134
   3.776   (   0.000   -6.393   -3.368)    7.226
   3.882   (   0.000   -6.298   -2.511)    6.780
   4.020   (   0.000   -6.028   -2.429)    6.499
   4.057   (   0.000   -4.669   -5.654)    7.333
   4.071   (   0.000   -8.366   -6.064)   10.332
   4.407   (   0.000   -2.657    1.246)    2.935
   4.506   (   0.000   -2.882   -1.929)    3.468
   4.774   (   0.000   -5.387   -1.541)    5.603
   4.797   (   0.000   -3.096   -1.300)    3.357
======================= Grid point 1426 (426/512) =======================
q-point: ( 0.07  0.33  0.40)
Mass variance parameters: 4.63e-04 4.63e-04 4.63e-04 4.63e-04 3.34e-04 3.34e-04 3.34e-04 3.34e-04 
Number of triplets: 1688
Frequency     group velocity (x, y, z)     |gv|
   1.259   (  -0.045   -1.090    2.772)    2.979
   1.319   (   1.177   -2.164    1.488)    2.878
   1.333   (  -0.358   -0.732    6.997)    7.044
   1.417   (   1.448    4.592   -1.397)    5.014
   1.503   (   0.483    1.532   -2.629)    3.081
   1.661   (  -1.144   -3.906    1.885)    4.485
   1.802   (   1.433   -2.790   -0.858)    3.251
   1.973   (   0.481   -0.288  -11.012)   11.026
   2.054   (  -0.621   -8.341    6.060)   10.329
   2.281   (  -1.416   -8.910   -8.092)   12.119
   2.354   (   0.058   -3.175   -5.906)    6.706
   2.501   (  -0.764   -5.576   -8.222)    9.964
   3.398   (   0.584   -8.617    3.078)    9.169
   3.548   (  -0.628   -5.290    3.328)    6.281
   3.690   (   0.392   -6.613   -6.274)    9.123
   3.775   (  -0.257   -6.422   -3.481)    7.309
   3.883   (   0.404   -6.280   -2.436)    6.748
   4.018   (  -0.660   -5.965   -2.505)    6.503
   4.058   (   0.291   -4.748   -5.550)    7.309
   4.072   (   0.185   -8.348   -6.011)   10.289
   4.411   (   1.287   -2.701    1.188)    3.220
   4.510   (   1.220   -2.866   -1.943)    3.671
   4.770   (  -1.445   -5.332   -1.503)    5.725
   4.794   (  -0.942   -3.116   -1.337)    3.519
======================= Grid point 1427 (427/512) =======================
q-point: ( 0.13  0.33  0.40)
Mass variance parameters: 4.63e-04 4.63e-04 4.63e-04 4.63e-04 3.34e-04 3.34e-04 3.34e-04 3.34e-04 
Number of triplets: 1688
Frequency     group velocity (x, y, z)     |gv|
   1.259   (   0.116   -0.717    2.594)    2.694
   1.321   (  -0.944   -0.598    2.991)    3.193
   1.339   (   2.655   -2.057    5.172)    6.167
   1.428   (   2.280    4.200   -0.779)    4.842
   1.507   (   0.924    1.480   -2.548)    3.088
   1.652   (  -1.993   -3.797    1.728)    4.623
   1.814   (   2.523   -2.600   -0.594)    3.672
   1.977   (   0.812    0.500  -10.696)   10.739
   2.049   (  -1.019   -9.131    5.666)   10.794
   2.269   (  -2.731   -8.940   -8.107)   12.373
   2.355   (   0.214   -3.352   -6.089)    6.954
   2.495   (  -1.506   -5.569   -8.266)   10.081
   3.403   (   1.135   -8.525    3.099)    9.142
   3.543   (  -1.215   -5.422    3.301)    6.463
   3.693   (   0.741   -6.670   -6.134)    9.092
   3.773   (  -0.550   -6.504   -3.775)    7.541
   3.887   (   0.872   -6.228   -2.253)    6.680
   4.013   (  -1.163   -5.817   -2.627)    6.488
   4.060   (   0.462   -4.960   -5.347)    7.308
   4.073   (   0.263   -8.280   -5.858)   10.147
   4.422   (   2.558   -2.827    1.023)    3.948
   4.520   (   2.361   -2.825   -1.982)    4.181
   4.758   (  -2.786   -5.201   -1.409)    6.066
   4.786   (  -1.895   -3.144   -1.427)    3.939
======================= Grid point 1428 (428/512) =======================
q-point: ( 0.20  0.33  0.40)
Mass variance parameters: 4.63e-04 4.63e-04 4.63e-04 4.63e-04 3.34e-04 3.34e-04 3.34e-04 3.34e-04 
Number of triplets: 1688
Frequency     group velocity (x, y, z)     |gv|
   1.260   (   0.372   -0.297    2.430)    2.476
   1.313   (  -1.455   -0.059    3.551)    3.838
   1.359   (   3.959   -2.285    4.393)    6.340
   1.442   (   2.493    3.803   -0.162)    4.550
   1.514   (   1.290    1.370   -2.432)    3.075
   1.639   (  -2.532   -3.632    1.481)    4.669
   1.830   (   3.221   -2.259   -0.204)    3.939
   1.981   (   0.635    1.961   -9.506)    9.727
   2.044   (  -0.773  -10.621    4.326)   11.494
   2.250   (  -3.866   -8.994   -8.122)   12.720
   2.357   (   0.540   -3.630   -6.383)    7.363
   2.484   (  -2.187   -5.552   -8.319)   10.238
   3.411   (   1.624   -8.374    3.130)    9.086
   3.534   (  -1.728   -5.632    3.270)    6.738
   3.698   (   1.023   -6.749   -5.934)    9.045
   3.769   (  -0.865   -6.622   -4.147)    7.862
   3.893   (   1.391   -6.146   -2.054)    6.628
   4.005   (  -1.524   -5.656   -2.675)    6.439
   4.063   (   0.518   -5.265   -5.176)    7.401
   4.074   (   0.219   -8.142   -5.639)    9.906
   4.440   (   3.770   -3.017    0.776)    4.890
   4.537   (   3.360   -2.778   -2.035)    4.811
   4.738   (  -3.976   -5.040   -1.282)    6.546
   4.772   (  -2.819   -3.138   -1.540)    4.490
======================= Grid point 1429 (429/512) =======================
q-point: ( 0.27  0.33  0.40)
Mass variance parameters: 4.63e-04 4.63e-04 4.63e-04 4.63e-04 3.34e-04 3.34e-04 3.34e-04 3.34e-04 
Number of triplets: 1688
Frequency     group velocity (x, y, z)     |gv|
   1.263   (   0.596    0.068    2.325)    2.401
   1.305   (  -1.432    0.161    3.395)    3.688
   1.383   (   4.441   -2.062    4.411)    6.591
   1.455   (   2.183    3.400    0.482)    4.069
   1.522   (   1.576    1.154   -2.314)    3.028
   1.623   (  -2.857   -3.399    1.103)    4.575
   1.850   (   3.619   -1.770    0.276)    4.038
   1.982   (  -0.601    3.253   -6.202)    7.029
   2.043   (   0.706  -11.991    0.798)   12.038
   2.225   (  -4.759   -9.081   -8.131)   13.085
   2.362   (   1.048   -3.975   -6.758)    7.910
   2.470   (  -2.757   -5.516   -8.354)   10.384
   3.421   (   2.032   -8.168    3.163)    8.992
   3.523   (  -2.143   -5.906    3.246)    7.072
   3.705   (   1.234   -6.834   -5.712)    8.992
   3.763   (  -1.152   -6.751   -4.491)    8.190
   3.903   (   1.878   -6.043   -1.925)    6.615
   3.995   (  -1.812   -5.532   -2.633)    6.389
   4.066   (   0.499   -5.619   -5.058)    7.577
   4.075   (   0.109   -7.935   -5.403)    9.600
   4.465   (   4.850   -3.249    0.481)    5.858
   4.559   (   4.172   -2.748   -2.091)    5.415
   4.712   (  -4.988   -4.859   -1.132)    7.054
   4.753   (  -3.653   -3.090   -1.657)    5.064
======================= Grid point 1430 (430/512) =======================
q-point: ( 0.33  0.33  0.40)
Mass variance parameters: 4.63e-04 4.63e-04 4.63e-04 4.63e-04 3.34e-04 3.34e-04 3.34e-04 3.34e-04 
Number of triplets: 1688
Frequency     group velocity (x, y, z)     |gv|
   1.267   (   0.757    0.331    2.296)    2.440
   1.297   (  -1.315    0.307    3.147)    3.425
   1.409   (   4.422   -1.559    4.501)    6.499
   1.466   (   1.359    2.925    1.280)    3.470
   1.532   (   1.832    0.753   -2.215)    2.972
   1.606   (  -3.016   -3.046    0.543)    4.321
   1.872   (   3.809   -1.177    0.768)    4.059
   1.973   (  -2.206    2.787   -2.164)    4.161
   2.053   (   2.719  -11.658   -3.514)   12.476
   2.196   (  -5.363   -9.214   -8.119)   13.401
   2.370   (   1.685   -4.341   -7.165)    8.545
   2.452   (  -3.155   -5.452   -8.347)   10.457
   3.434   (   2.350   -7.912    3.192)    8.850
   3.510   (  -2.449   -6.227    3.233)    7.431
   3.712   (   1.385   -6.911   -5.503)    8.942
   3.756   (  -1.368   -6.865   -4.755)    8.462
   3.915   (   2.250   -5.925   -1.899)    6.616
   3.984   (  -2.065   -5.475   -2.526)    6.373
   4.069   (   0.441   -5.991   -4.980)    7.803
   4.076   (  -0.014   -7.674   -5.196)    9.268
   4.496   (   5.725   -3.506    0.170)    6.715
   4.585   (   4.768   -2.755   -2.144)    5.909
   4.681   (  -5.790   -4.649   -0.947)    7.485
   4.730   (  -4.348   -3.012   -1.769)    5.577
======================= Grid point 1431 (431/512) =======================
q-point: ( 0.40  0.33  0.40)
Mass variance parameters: 4.63e-04 4.63e-04 4.63e-04 4.63e-04 3.34e-04 3.34e-04 3.34e-04 3.34e-04 
Number of triplets: 1688
Frequency     group velocity (x, y, z)     |gv|
   1.272   (   0.872    0.480    2.348)    2.550
   1.289   (  -1.187    0.419    2.894)    3.156
   1.434   (   3.906   -0.779    4.445)    5.968
   1.470   (   0.065    2.269    2.271)    3.211
   1.543   (   2.127    0.111   -2.072)    2.971
   1.589   (  -2.995   -2.494   -0.211)    3.903
   1.894   (   3.857   -0.538    1.153)    4.062
   1.958   (  -3.153    1.686    0.114)    3.578
   2.073   (   4.161  -10.738   -6.074)   13.019
   2.164   (  -5.635   -9.407   -8.046)   13.601
   2.381   (   2.341   -4.684   -7.552)    9.190
   2.433   (  -3.327   -5.348   -8.276)   10.400
   3.448   (   2.572   -7.615    3.214)    8.656
   3.495   (  -2.640   -6.575    3.229)    7.787
   3.721   (   1.488   -6.968   -5.328)    8.897
   3.747   (  -1.499   -6.947   -4.938)    8.655
   3.929   (   2.464   -5.799   -1.961)    6.598
   3.971   (  -2.286   -5.488   -2.384)    6.406
   4.071   (   0.365   -6.359   -4.933)    8.056
   4.075   (  -0.120   -7.377   -5.043)    8.937
   4.531   (   6.334   -3.774   -0.136)    7.374
   4.613   (   5.095   -2.880   -2.272)    6.278
   4.645   (  -6.312   -4.334   -0.636)    7.683
   4.703   (  -4.866   -2.916   -1.865)    5.971
======================= Grid point 1432 (432/512) =======================
q-point: ( 0.47  0.33  0.40)
Mass variance parameters: 4.63e-04 4.63e-04 4.63e-04 4.63e-04 3.34e-04 3.34e-04 3.34e-04 3.34e-04 
Number of triplets: 1688
Frequency     group velocity (x, y, z)     |gv|
   1.277   (   0.970    0.527    2.475)    2.710
   1.283   (  -1.071    0.498    2.663)    2.914
   1.454   (   2.889    0.244    4.070)    4.997
   1.466   (  -1.471    1.343    3.295)    3.850
   1.557   (   2.465   -0.753   -1.714)    3.095
   1.572   (  -2.788   -1.695   -1.045)    3.426
   1.916   (   3.797    0.112    1.297)    4.015
   1.938   (  -3.601    0.812    1.048)    3.837
   2.100   (   5.064  -10.090   -7.281)   13.434
   2.131   (  -5.544   -9.681   -7.823)   13.626
   2.396   (   2.892   -4.972   -7.879)    9.755
   2.414   (  -3.238   -5.192   -8.122)   10.169
   3.464   (   2.696   -7.284    3.225)    8.410
   3.479   (  -2.721   -6.933    3.229)    8.118
   3.729   (   1.547   -6.997   -5.191)    8.848
   3.738   (  -1.554   -6.992   -5.071)    8.776
   3.943   (   2.523   -5.672   -2.080)    6.547
   3.958   (  -2.451   -5.561   -2.228)    6.473
   4.073   (   0.287   -6.714   -4.921)    8.329
   4.074   (  -0.207   -7.054   -4.954)    8.622
   4.569   (   6.642   -4.049   -0.432)    7.791
   4.607   (  -6.613   -4.377   -0.792)    7.970
   4.644   (   5.241   -2.656   -1.872)    6.166
   4.674   (  -5.179   -2.811   -1.928)    6.200
======================= Grid point 1440 (433/512) =======================
q-point: ( 0.00  0.40  0.40)
Mass variance parameters: 4.63e-04 4.63e-04 4.63e-04 4.63e-04 3.34e-04 3.34e-04 3.34e-04 3.34e-04 
Number of triplets: 904
Frequency     group velocity (x, y, z)     |gv|
   1.263   (   0.000    1.475   -1.149)    1.869
   1.283   (   0.000   -1.342   -0.594)    1.468
   1.347   (   0.000    1.892    1.386)    2.345
   1.481   (   0.000    2.804   -1.718)    3.289
   1.545   (   0.000    3.776   -3.503)    5.151
   1.617   (   0.000   -1.491    2.808)    3.179
   1.733   (   0.000   -5.060   -7.059)    8.686
   1.854   (   0.000   -8.494    1.756)    8.673
   2.064   (   0.000    3.705   -5.822)    6.901
   2.173   (   0.000   -4.466  -10.413)   11.331
   2.295   (   0.000   -4.238   -6.716)    7.941
   2.393   (   0.000   -8.286  -11.085)   13.839
   3.293   (   0.000   -3.603   -2.166)    4.204
   3.489   (   0.000   -2.148   -1.031)    2.382
   3.550   (   0.000  -10.384  -11.153)   15.239
   3.661   (   0.000   -7.413   -6.271)    9.710
   3.814   (   0.000   -2.061   -2.285)    3.077
   3.944   (   0.000   -6.693   -6.662)    9.443
   3.957   (   0.000   -2.071   -1.532)    2.576
   4.000   (   0.000   -3.146   -4.157)    5.213
   4.381   (   0.000   -0.609    0.712)    0.937
   4.460   (   0.000   -2.872   -1.971)    3.483
   4.712   (   0.000   -2.418   -1.243)    2.718
   4.749   (   0.000   -2.829   -1.995)    3.462
======================= Grid point 1441 (434/512) =======================
q-point: ( 0.07  0.40  0.40)
Mass variance parameters: 4.63e-04 4.63e-04 4.63e-04 4.63e-04 3.34e-04 3.34e-04 3.34e-04 3.34e-04 
Number of triplets: 1688
Frequency     group velocity (x, y, z)     |gv|
   1.265   (   0.620    1.570   -1.151)    2.043
   1.288   (   1.677   -1.348   -0.506)    2.210
   1.345   (  -0.512    1.954    1.319)    2.413
   1.483   (   0.653    2.643   -1.561)    3.138
   1.546   (   0.513    3.801   -3.457)    5.164
   1.613   (  -1.040   -1.497    2.481)    3.079
   1.738   (   1.706   -5.037   -6.809)    8.640
   1.856   (   0.572   -8.444    1.873)    8.668
   2.062   (  -0.541    3.739   -5.910)    7.015
   2.169   (  -1.427   -4.458  -10.481)   11.478
   2.295   (  -0.272   -4.297   -6.795)    8.044
   2.391   (  -0.672   -8.254  -11.090)   13.841
   3.295   (   0.658   -3.608   -2.143)    4.247
   3.487   (  -0.877   -2.192   -1.044)    2.582
   3.551   (   0.389  -10.365  -11.102)   15.193
   3.660   (  -0.557   -7.484   -6.358)    9.836
   3.816   (   0.513   -2.038   -2.222)    3.059
   3.945   (   0.276   -6.485   -6.511)    9.194
   3.955   (  -0.363   -2.242   -1.634)    2.797
   3.999   (  -0.109   -3.194   -4.174)    5.257
   4.384   (   1.186   -0.607    0.682)    1.496
   4.464   (   1.263   -2.868   -1.997)    3.716
   4.709   (  -1.240   -2.386   -1.221)    2.953
   4.746   (  -0.957   -2.831   -2.007)    3.600
======================= Grid point 1442 (435/512) =======================
q-point: ( 0.13  0.40  0.40)
Mass variance parameters: 4.63e-04 4.63e-04 4.63e-04 4.63e-04 3.34e-04 3.34e-04 3.34e-04 3.34e-04 
Number of triplets: 1688
Frequency     group velocity (x, y, z)     |gv|
   1.270   (   1.117    1.814   -1.140)    2.416
   1.302   (   3.147   -1.337   -0.305)    3.433
   1.341   (  -0.849    2.101    1.181)    2.555
   1.488   (   0.950    2.162   -1.120)    2.614
   1.551   (   1.021    3.903   -3.279)    5.199
   1.605   (  -1.623   -1.420    1.690)    2.739
   1.751   (   2.992   -5.040   -6.260)    8.576
   1.861   (   1.063   -8.314    2.203)    8.666
   2.058   (  -1.032    3.831   -6.182)    7.346
   2.157   (  -2.711   -4.414  -10.670)   11.861
   2.292   (  -0.439   -4.477   -7.039)    8.354
   2.385   (  -1.323   -8.163  -11.100)   13.842
   3.301   (   1.292   -3.619   -2.077)    4.368
   3.479   (  -1.681   -2.310   -1.080)    3.054
   3.554   (   0.744  -10.312  -10.954)   15.062
   3.655   (  -1.065   -7.678   -6.597)   10.179
   3.820   (   1.037   -1.985   -2.061)    3.044
   3.946   (   0.021   -4.949   -5.150)    7.142
   3.953   (  -0.258   -3.666   -2.853)    4.652
   3.998   (  -0.227   -3.329   -4.227)    5.385
   4.395   (   2.350   -0.607    0.591)    2.498
   4.474   (   2.425   -2.857   -2.070)    4.281
   4.698   (  -2.421   -2.296   -1.155)    3.531
   4.737   (  -1.888   -2.835   -2.037)    3.969
======================= Grid point 1443 (436/512) =======================
q-point: ( 0.20  0.40  0.40)
Mass variance parameters: 4.63e-04 4.63e-04 4.63e-04 4.63e-04 3.34e-04 3.34e-04 3.34e-04 3.34e-04 
Number of triplets: 1688
Frequency     group velocity (x, y, z)     |gv|
   1.277   (   1.399    2.131   -1.106)    2.779
   1.323   (   4.159   -1.104   -0.458)    4.327
   1.336   (  -0.872    2.075    1.453)    2.679
   1.493   (   0.736    1.367   -0.443)    1.614
   1.558   (   1.380    4.108   -2.854)    5.189
   1.596   (  -1.649   -1.086    0.591)    2.062
   1.771   (   3.849   -5.163   -5.627)    8.552
   1.868   (   1.392   -8.150    2.682)    8.692
   2.051   (  -1.409    3.946   -6.668)    7.875
   2.138   (  -3.735   -4.281  -10.948)   12.334
   2.290   (  -0.397   -4.780   -7.454)    8.864
   2.375   (  -1.918   -8.019  -11.097)   13.825
   3.310   (   1.880   -3.626   -1.979)    4.538
   3.467   (  -2.361   -2.474   -1.128)    3.601
   3.559   (   1.050  -10.231  -10.715)   14.852
   3.648   (  -1.475   -7.954   -6.940)   10.659
   3.828   (   1.550   -1.934   -1.861)    3.099
   3.943   (  -1.165   -2.409   -2.287)    3.520
   3.955   (   0.692   -6.025   -5.497)    8.185
   3.997   (  -0.358   -3.538   -4.313)    5.590
   4.411   (   3.448   -0.627    0.444)    3.532
   4.491   (   3.409   -2.841   -2.177)    4.943
   4.681   (  -3.489   -2.155   -1.048)    4.232
   4.724   (  -2.762   -2.836   -2.079)    4.472
======================= Grid point 1444 (437/512) =======================
q-point: ( 0.27  0.40  0.40)
Mass variance parameters: 4.63e-04 4.63e-04 4.63e-04 4.63e-04 3.34e-04 3.34e-04 3.34e-04 3.34e-04 
Number of triplets: 1688
Frequency     group velocity (x, y, z)     |gv|
   1.286   (   1.453    2.457   -1.059)    3.045
   1.329   (  -0.953    2.733   -0.142)    2.898
   1.351   (   4.926   -1.579    1.315)    5.337
   1.496   (  -0.024    0.301    0.458)    0.548
   1.566   (   1.320    4.293   -2.020)    4.925
   1.587   (  -1.068   -0.296   -0.947)    1.458
   1.795   (   4.376   -5.423   -4.868)    8.500
   1.876   (   1.458   -8.009    3.204)    8.749
   2.042   (  -1.572    4.004   -7.425)    8.581
   2.114   (  -4.402   -3.970  -11.259)   12.724
   2.288   (  -0.076   -5.190   -8.024)    9.556
   2.363   (  -2.398   -7.829  -11.056)   13.758
   3.323   (   2.403   -3.616   -1.859)    4.723
   3.452   (  -2.890   -2.665   -1.184)    4.105
   3.566   (   1.307  -10.116  -10.395)   14.563
   3.638   (  -1.759   -8.272   -7.340)   11.198
   3.838   (   2.004   -1.911   -1.677)    3.237
   3.934   (  -1.724   -2.082   -1.714)    3.201
   3.960   (   0.949   -6.106   -5.799)    8.474
   3.994   (  -0.497   -3.801   -4.431)    5.860
   4.434   (   4.414   -0.682    0.246)    4.473
   4.513   (   4.164   -2.824   -2.308)    5.536
   4.658   (  -4.392   -1.975   -0.891)    4.898
   4.706   (  -3.544   -2.833   -2.121)    5.008
======================= Grid point 1445 (438/512) =======================
q-point: ( 0.33  0.40  0.40)
Mass variance parameters: 4.63e-04 4.63e-04 4.63e-04 4.63e-04 3.34e-04 3.34e-04 3.34e-04 3.34e-04 
Number of triplets: 1688
Frequency     group velocity (x, y, z)     |gv|
   1.294   (   1.345    2.735   -0.997)    3.207
   1.324   (  -0.943    2.862   -0.155)    3.018
   1.380   (   5.199   -1.605    1.529)    5.652
   1.492   (  -1.281   -0.817    1.435)    2.090
   1.572   (   0.822    3.952   -1.026)    4.165
   1.584   (  -0.065    1.263   -2.635)    2.922
   1.821   (   4.563   -5.790   -3.793)    8.290
   1.884   (   1.097   -7.905    3.582)    8.748
   2.033   (  -1.338    3.828   -8.506)    9.423
   2.088   (  -4.595   -3.345  -11.525)   12.850
   2.290   (   0.510   -5.666   -8.690)   10.387
   2.348   (  -2.694   -7.597  -10.949)   13.596
   3.338   (   2.840   -3.578   -1.733)    4.886
   3.434   (  -3.254   -2.866   -1.248)    4.512
   3.574   (   1.521   -9.960  -10.009)   14.202
   3.627   (  -1.916   -8.603   -7.769)   11.749
   3.851   (   2.354   -1.921   -1.541)    3.407
   3.923   (  -2.117   -2.052   -1.552)    3.332
   3.965   (   1.017   -5.837   -5.664)    8.197
   3.991   (  -0.634   -4.103   -4.582)    6.184
   4.462   (   5.180   -0.784    0.009)    5.239
   4.539   (   4.621   -2.805   -2.479)    5.947
   4.630   (  -5.041   -1.774   -0.658)    5.385
   4.683   (  -4.195   -2.824   -2.150)    5.495
======================= Grid point 1446 (439/512) =======================
q-point: ( 0.40  0.40  0.40)
Mass variance parameters: 4.63e-04 4.63e-04 4.63e-04 4.63e-04 3.34e-04 3.34e-04 3.34e-04 3.34e-04 
Number of triplets: 1688
Frequency     group velocity (x, y, z)     |gv|
   1.301   (   1.172    2.930   -0.905)    3.283
   1.319   (  -0.911    2.983   -0.370)    3.141
   1.410   (   5.033   -1.722    1.917)    5.654
   1.481   (  -2.647   -1.583    2.109)    3.737
   1.577   (   0.740    3.437   -1.209)    3.718
   1.585   (   0.120    2.758   -2.890)    3.997
   1.847   (   4.260   -6.227   -2.183)    7.854
   1.888   (   0.077   -7.729    3.420)    8.453
   2.028   (  -0.437    3.093   -9.802)   10.288
   2.063   (  -4.151   -2.225  -11.635)   12.552
   2.295   (   1.246   -6.153   -9.364)   11.274
   2.332   (  -2.736   -7.321  -10.747)   13.289
   3.355   (   3.179   -3.503   -1.611)    4.997
   3.415   (  -3.455   -3.062   -1.320)    4.801
   3.584   (   1.697   -9.758   -9.579)   13.779
   3.616   (  -1.965   -8.928   -8.213)   12.289
   3.865   (   2.574   -1.954   -1.460)    3.547
   3.910   (  -2.411   -2.047   -1.475)    3.489
   3.971   (   1.009   -5.498   -5.442)    7.802
   3.987   (  -0.761   -4.433   -4.764)    6.552
   4.494   (   5.690   -0.934   -0.262)    5.772
   4.565   (   3.975   -2.699   -2.819)    5.570
   4.601   (  -4.601   -1.651   -0.208)    4.893
   4.657   (  -4.678   -2.809   -2.147)    5.864
======================= Grid point 1447 (440/512) =======================
q-point: ( 0.47  0.40  0.40)
Mass variance parameters: 4.63e-04 4.63e-04 4.63e-04 4.63e-04 3.34e-04 3.34e-04 3.34e-04 3.34e-04 
Number of triplets: 1688
Frequency     group velocity (x, y, z)     |gv|
   1.308   (   1.019    3.032   -0.770)    3.290
   1.313   (  -0.930    3.045   -0.587)    3.238
   1.438   (   4.533   -1.849    2.220)    5.375
   1.462   (  -3.745   -1.866    2.327)    4.788
   1.581   (   0.737    3.379   -1.839)    3.917
   1.584   (  -0.364    3.296   -2.404)    4.096
   1.869   (   3.257   -6.741   -0.007)    7.486
   1.884   (  -1.595   -7.310    2.177)    7.793
   2.029   (   1.187    1.526  -10.890)   11.060
   2.042   (  -2.950   -0.502  -11.468)   11.852
   2.304   (   1.958   -6.603   -9.959)   12.108
   2.317   (  -2.486   -6.992  -10.423)   12.795
   3.374   (   3.404   -3.389   -1.500)    5.032
   3.395   (  -3.500   -3.240   -1.403)    4.972
   3.594   (   1.836   -9.515   -9.126)   13.311
   3.605   (  -1.931   -9.235   -8.668)   12.812
   3.880   (   2.653   -1.996   -1.428)    3.614
   3.895   (  -2.595   -2.029   -1.435)    3.593
   3.977   (   0.956   -5.140   -5.204)    7.377
   3.982   (  -0.871   -4.781   -4.974)    6.954
   4.527   (   5.872   -1.134   -0.594)    6.010
   4.560   (  -5.151   -1.450   -1.274)    5.501
   4.602   (   4.338   -2.676   -1.591)    5.339
   4.629   (  -4.923   -2.786   -2.062)    6.020
======================= Grid point 1455 (441/512) =======================
q-point: ( 0.00  0.47  0.40)
Mass variance parameters: 4.63e-04 4.63e-04 4.63e-04 4.63e-04 3.34e-04 3.34e-04 3.34e-04 3.34e-04 
Number of triplets: 904
Frequency     group velocity (x, y, z)     |gv|
   1.275   (   0.000    0.229   -1.753)    1.768
   1.280   (   0.000    0.088   -2.463)    2.464
   1.400   (   0.000    4.825   -2.819)    5.588
   1.476   (   0.000   -3.492   -3.065)    4.646
   1.596   (   0.000    2.408   -4.644)    5.231
   1.648   (   0.000    5.377    2.803)    6.064
   1.651   (   0.000   -4.548   -7.584)    8.843
   1.743   (   0.000   -6.065    3.875)    7.197
   2.131   (   0.000    5.303  -12.900)   13.948
   2.161   (   0.000    2.635   -7.411)    7.866
   2.223   (   0.000   -4.558   -6.417)    7.871
   2.250   (   0.000   -8.944  -13.382)   16.095
   3.291   (   0.000    3.231   -7.544)    8.207
   3.389   (   0.000   -8.749  -10.912)   13.986
   3.487   (   0.000    2.032   -5.140)    5.527
   3.552   (   0.000   -5.820   -7.308)    9.342
   3.811   (   0.000    1.473   -3.245)    3.564
   3.857   (   0.000   -4.189   -5.106)    6.605
   3.944   (   0.000    0.254   -1.916)    1.933
   3.960   (   0.000   -1.759   -2.971)    3.452
   4.386   (   0.000    1.226   -0.342)    1.272
   4.417   (   0.000   -2.426   -1.389)    2.796
   4.694   (   0.000    0.058   -1.556)    1.558
   4.710   (   0.000   -1.832   -1.964)    2.686
======================= Grid point 1456 (442/512) =======================
q-point: ( 0.07  0.47  0.40)
Mass variance parameters: 4.63e-04 4.63e-04 4.63e-04 4.63e-04 3.34e-04 3.34e-04 3.34e-04 3.34e-04 
Number of triplets: 1688
Frequency     group velocity (x, y, z)     |gv|
   1.279   (   1.337    0.213   -1.667)    2.148
   1.283   (   1.179    0.112   -2.322)    2.606
   1.400   (  -0.117    4.884   -2.855)    5.659
   1.476   (  -0.003   -3.524   -2.910)    4.570
   1.597   (   0.118    2.270   -4.509)    5.049
   1.636   (  -1.882    1.112   -2.487)    3.311
   1.665   (   2.824   -0.242   -2.462)    3.754
   1.746   (   0.991   -5.988    3.774)    7.147
   2.130   (  -0.524    5.263  -13.056)   14.087
   2.158   (  -1.236    2.666   -7.390)    7.953
   2.222   (  -0.557   -4.573   -6.519)    7.982
   2.248   (  -0.455   -8.891  -13.310)   16.013
   3.292   (   0.575    3.210   -7.505)    8.183
   3.391   (   0.455   -8.725  -10.863)   13.940
   3.485   (  -0.961    2.026   -5.163)    5.629
   3.550   (  -0.863   -5.858   -7.342)    9.432
   3.813   (   0.578    1.476   -3.222)    3.591
   3.858   (   0.541   -4.173   -5.082)    6.598
   3.943   (  -0.458    0.266   -1.924)    1.995
   3.959   (  -0.330   -1.792   -2.989)    3.501
   4.390   (   1.235    1.237   -0.361)    1.785
   4.420   (   1.273   -2.429   -1.409)    3.083
   4.691   (  -1.092    0.080   -1.547)    1.895
   4.707   (  -0.995   -1.845   -1.965)    2.873
======================= Grid point 1457 (443/512) =======================
q-point: ( 0.13  0.47  0.40)
Mass variance parameters: 4.63e-04 4.63e-04 4.63e-04 4.63e-04 3.34e-04 3.34e-04 3.34e-04 3.34e-04 
Number of triplets: 1688
Frequency     group velocity (x, y, z)     |gv|
   1.289   (   2.179    0.354   -1.668)    2.767
   1.294   (   2.432   -0.008   -1.697)    2.965
   1.399   (  -0.232    5.012   -2.946)    5.818
   1.476   (  -0.280   -3.578   -2.468)    4.356
   1.598   (   0.451    1.983   -4.088)    4.566
   1.628   (  -0.793    1.285   -3.456)    3.772
   1.682   (   2.813   -0.344   -2.010)    3.474
   1.754   (   1.645   -5.840    3.500)    7.005
   2.125   (  -1.023    5.141  -13.554)   14.532
   2.148   (  -2.152    2.837   -7.245)    8.072
   2.217   (  -1.094   -4.687   -6.858)    8.378
   2.244   (  -0.907   -8.737  -13.089)   15.763
   3.297   (   1.144    3.150   -7.392)    8.116
   3.395   (   0.901   -8.650  -10.716)   13.801
   3.477   (  -1.831    2.010   -5.233)    5.897
   3.542   (  -1.629   -5.971   -7.443)    9.680
   3.818   (   1.112    1.477   -3.157)    3.658
   3.863   (   1.015   -4.122   -5.011)    6.568
   3.939   (  -0.899    0.304   -1.947)    2.166
   3.957   (  -0.646   -1.889   -3.044)    3.641
   4.401   (   2.406    1.265   -0.418)    2.750
   4.431   (   2.452   -2.432   -1.466)    3.751
   4.682   (  -2.142    0.146   -1.517)    2.629
   4.699   (  -1.957   -1.881   -1.968)    3.353
======================= Grid point 1458 (444/512) =======================
q-point: ( 0.20  0.47  0.40)
Mass variance parameters: 4.63e-04 4.63e-04 4.63e-04 4.63e-04 3.34e-04 3.34e-04 3.34e-04 3.34e-04 
Number of triplets: 1688
Frequency     group velocity (x, y, z)     |gv|
   1.303   (   2.547    0.774   -1.720)    3.169
   1.311   (   3.433   -0.383   -0.778)    3.540
   1.397   (  -0.372    5.074   -3.043)    5.928
   1.472   (  -0.879   -3.579   -1.841)    4.119
   1.602   (   0.923    1.909   -3.447)    4.047
   1.628   (   0.745    1.670   -4.324)    4.694
   1.697   (   2.526   -0.818   -1.862)    3.243
   1.764   (   1.769   -5.781    3.077)    6.783
   2.118   (  -1.515    4.914  -14.390)   15.281
   2.134   (  -2.514    3.310   -6.855)    8.017
   2.210   (  -1.461   -4.985   -7.445)    9.078
   2.238   (  -1.349   -8.515  -12.758)   15.398
   3.305   (   1.696    3.054   -7.217)    8.018
   3.401   (   1.324   -8.503  -10.475)   13.556
   3.464   (  -2.540    1.978   -5.351)    6.245
   3.531   (  -2.233   -6.155   -7.605)   10.036
   3.826   (   1.568    1.462   -3.058)    3.734
   3.870   (   1.380   -4.031   -4.894)    6.489
   3.932   (  -1.306    0.371   -1.988)    2.408
   3.952   (  -0.937   -2.043   -3.138)    3.860
   4.418   (   3.452    1.289   -0.508)    3.720
   4.448   (   3.463   -2.426   -1.550)    4.503
   4.666   (  -3.108    0.247   -1.469)    3.446
   4.685   (  -2.852   -1.938   -1.969)    3.971
======================= Grid point 1459 (445/512) =======================
q-point: ( 0.27  0.47  0.40)
Mass variance parameters: 4.63e-04 4.63e-04 4.63e-04 4.63e-04 3.34e-04 3.34e-04 3.34e-04 3.34e-04 
Number of triplets: 1688
Frequency     group velocity (x, y, z)     |gv|
   1.318   (   2.677    1.272   -1.609)    3.373
   1.332   (   3.837   -0.753   -0.001)    3.910
   1.394   (  -0.554    4.893   -3.098)    5.818
   1.465   (  -1.600   -3.503   -1.198)    4.033
   1.609   (   1.547    2.376   -2.990)    4.121
   1.637   (   2.092    2.248   -4.506)    5.453
   1.711   (   2.100   -1.820   -1.992)    3.419
   1.773   (   1.290   -5.922    2.456)    6.539
   2.108   (  -1.964    4.578  -14.793)   15.609
   2.120   (  -2.244    4.168   -6.828)    8.308
   2.201   (  -1.474   -5.474   -8.223)    9.987
   2.229   (  -1.723   -8.280  -12.396)   15.006
   3.317   (   2.217    2.932   -6.996)    7.903
   3.410   (   1.678   -8.194  -10.119)   13.128
   3.448   (  -3.016    1.856   -5.549)    6.583
   3.517   (  -2.649   -6.400   -7.826)   10.451
   3.836   (   1.926    1.416   -2.935)    3.786
   3.879   (   1.629   -3.895   -4.736)    6.345
   3.924   (  -1.665    0.468   -2.051)    2.683
   3.946   (  -1.196   -2.243   -3.270)    4.141
   4.440   (   4.318    1.292   -0.625)    4.550
   4.471   (   4.260   -2.403   -1.647)    5.161
   4.646   (  -3.952    0.374   -1.400)    4.209
   4.666   (  -3.647   -2.011   -1.965)    4.605
======================= Grid point 1460 (446/512) =======================
q-point: ( 0.33  0.47  0.40)
Mass variance parameters: 4.63e-04 4.63e-04 4.63e-04 4.63e-04 3.34e-04 3.34e-04 3.34e-04 3.34e-04 
Number of triplets: 1688
Frequency     group velocity (x, y, z)     |gv|
   1.334   (   2.559    1.845   -1.529)    3.506
   1.354   (   3.640   -0.822    0.608)    3.781
   1.391   (  -0.615    4.151   -3.074)    5.202
   1.454   (  -2.238   -3.368   -0.660)    4.097
   1.620   (   2.283    3.242   -2.760)    4.831
   1.650   (   2.303    3.461   -3.727)    5.583
   1.722   (   1.898   -3.617   -2.453)    4.764
   1.778   (   0.238   -6.273    1.526)    6.460
   2.096   (  -1.808    4.573  -13.787)   14.637
   2.108   (  -1.863    4.929   -7.979)    9.562
   2.193   (  -1.036   -6.095   -9.108)   11.008
   2.218   (  -1.928   -8.058  -12.044)   14.619
   3.331   (   2.686    2.793   -6.748)    7.782
   3.419   (   0.838   -5.522   -8.771)   10.398
   3.431   (  -2.137   -0.549   -6.719)    7.072
   3.501   (  -2.881   -6.694   -8.099)   10.895
   3.848   (   2.180    1.333   -2.799)    3.790
   3.889   (   1.772   -3.715   -4.544)    6.131
   3.913   (  -1.960    0.593   -2.137)    2.960
   3.938   (  -1.417   -2.477   -3.437)    4.468
   4.467   (   4.964    1.262   -0.761)    5.178
   4.497   (   4.819   -2.352   -1.750)    5.640
   4.621   (  -4.636    0.509   -1.308)    4.844
   4.643   (  -4.309   -2.097   -1.949)    5.173
======================= Grid point 1461 (447/512) =======================
q-point: ( 0.40  0.47  0.40)
Mass variance parameters: 4.63e-04 4.63e-04 4.63e-04 4.63e-04 3.34e-04 3.34e-04 3.34e-04 3.34e-04 
Number of triplets: 1688
Frequency     group velocity (x, y, z)     |gv|
   1.348   (   2.283    2.480   -1.536)    3.705
   1.371   (   1.385    1.519    0.212)    2.067
   1.390   (   1.108    0.816   -2.201)    2.596
   1.439   (  -2.732   -3.169   -0.270)    4.193
   1.635   (   2.679    4.240   -2.471)    5.591
   1.660   (   0.968    5.085   -2.546)    5.769
   1.734   (   2.350   -5.835   -2.927)    6.938
   1.775   (  -1.155   -6.734    0.222)    6.836
   2.088   (  -0.907    4.946  -12.492)   13.466
   2.098   (  -1.583    5.320   -9.160)   10.710
   2.190   (  -0.225   -6.722   -9.983)   12.038
   2.207   (  -1.858   -7.838  -11.688)   14.195
   3.348   (   3.080    2.648   -6.490)    7.656
   3.407   (  -3.412    2.087   -5.846)    7.083
   3.436   (   2.293   -7.813   -9.464)   12.484
   3.484   (  -2.951   -7.020   -8.417)   11.350
   3.861   (   2.328    1.214   -2.655)    3.734
   3.899   (   1.725   -3.363   -4.308)    5.731
   3.901   (  -2.081    0.606   -2.262)    3.133
   3.930   (  -1.597   -2.733   -3.636)    4.821
   4.497   (   5.362    1.198   -0.911)    5.569
   4.526   (   5.098   -2.239   -1.861)    5.871
   4.593   (  -5.095    0.608   -1.182)    5.266
   4.616   (  -4.804   -2.194   -1.915)    5.617
======================= Grid point 1462 (448/512) =======================
q-point: ( 0.47  0.47  0.40)
Mass variance parameters: 4.63e-04 4.63e-04 4.63e-04 4.63e-04 3.34e-04 3.34e-04 3.34e-04 3.34e-04 
Number of triplets: 1688
Frequency     group velocity (x, y, z)     |gv|
   1.360   (   1.908    3.129   -1.578)    3.991
   1.369   (  -1.279    3.569   -1.391)    4.038
   1.404   (   3.133   -2.289   -0.326)    3.894
   1.423   (  -3.083   -2.875   -0.077)    4.216
   1.650   (   2.324    5.174   -2.107)    6.050
   1.660   (  -1.016    5.699   -1.962)    6.112
   1.749   (   2.833   -7.045   -2.562)    8.014
   1.765   (  -2.382   -7.109   -1.299)    7.609
   2.086   (   0.211    5.300  -11.286)   12.470
   2.090   (  -1.089    5.438  -10.186)   11.598
   2.191   (   0.697   -7.226  -10.720)   12.947
   2.197   (  -1.444   -7.580  -11.272)   13.661
   3.366   (   3.371    2.504   -6.237)    7.519
   3.386   (  -3.522    2.361   -6.002)    7.349
   3.451   (   2.686   -7.673   -9.141)   12.233
   3.467   (  -2.881   -7.357   -8.770)   11.804
   3.874   (   2.375    1.068   -2.512)    3.618
   3.888   (  -2.324    0.909   -2.376)    3.446
   3.910   (   1.809   -3.260   -4.087)    5.532
   3.920   (  -1.730   -2.999   -3.857)    5.182
   4.529   (   5.454    1.121   -1.090)    5.674
   4.553   (   1.863   -0.705   -2.017)    2.834
   4.565   (  -2.064   -0.704   -0.982)    2.392
   4.588   (  -5.056   -2.312   -1.834)    5.854
======================= Grid point 1575 (449/512) =======================
q-point: ( 0.00  0.00  0.47)
Mass variance parameters: 4.63e-04 4.63e-04 4.63e-04 4.63e-04 3.34e-04 3.34e-04 3.34e-04 3.34e-04 
Number of triplets: 512
Frequency     group velocity (x, y, z)     |gv|
   1.283   (   0.000    0.000    7.109)    7.109
   1.377   (   0.000    0.000   -5.000)    5.000
   1.600   (   0.000    0.000    4.226)    4.226
   1.648   (   0.000    0.000   -1.975)    1.975
   1.675   (   0.000    0.000    4.353)    4.353
   1.727   (   0.000    0.000   -2.490)    2.490
   1.872   (   0.000    0.000    3.401)    3.401
   1.908   (   0.000    0.000   -1.253)    1.253
   2.689   (   0.000    0.000    6.004)    6.004
   2.737   (   0.000    0.000   -0.322)    0.322
   2.801   (   0.000    0.000    6.533)    6.533
   2.867   (   0.000    0.000   -1.798)    1.798
   3.971   (   0.000    0.000    4.440)    4.440
   4.017   (   0.000    0.000   -1.522)    1.522
   4.041   (   0.000    0.000    4.171)    4.171
   4.087   (   0.000    0.000   -1.787)    1.787
   4.170   (   0.000    0.000    3.888)    3.888
   4.221   (   0.000    0.000   -2.754)    2.754
   4.521   (   0.000    0.000    6.606)    6.606
   4.596   (   0.000    0.000   -3.083)    3.083
   4.726   (   0.000    0.000    1.377)    1.377
   4.727   (   0.000    0.000    1.530)    1.530
   5.112   (   0.000    0.000    7.468)    7.468
   5.212   (   0.000    0.000   -5.661)    5.661
======================= Grid point 1576 (450/512) =======================
q-point: ( 0.07  0.00  0.47)
Mass variance parameters: 4.63e-04 4.63e-04 4.63e-04 4.63e-04 3.34e-04 3.34e-04 3.34e-04 3.34e-04 
Number of triplets: 904
Frequency     group velocity (x, y, z)     |gv|
   1.287   (   1.318    0.000    7.013)    7.136
   1.379   (   0.877    0.000   -4.929)    5.007
   1.601   (   0.262    0.000    4.177)    4.185
   1.648   (  -0.069    0.000   -1.893)    1.894
   1.672   (  -0.739    0.000    4.328)    4.390
   1.725   (  -0.869    0.000   -2.466)    2.615
   1.872   (   0.039    0.000    3.336)    3.337
   1.907   (  -0.202    0.000   -1.221)    1.238
   2.690   (   0.268    0.000    5.991)    5.997
   2.738   (   0.235    0.000   -0.317)    0.395
   2.799   (  -0.624    0.000    6.504)    6.534
   2.864   (  -0.794    0.000   -1.762)    1.933
   3.972   (   0.113    0.000    4.417)    4.419
   4.016   (  -0.421    0.000   -1.066)    1.146
   4.042   (   0.422    0.000    3.715)    3.739
   4.086   (  -0.112    0.000   -1.764)    1.767
   4.171   (   0.315    0.000    3.845)    3.858
   4.220   (  -0.107    0.000   -2.621)    2.623
   4.525   (   1.148    0.000    6.479)    6.580
   4.598   (   0.570    0.000   -2.959)    3.013
   4.726   (   0.072    0.000    1.425)    1.427
   4.727   (   0.110    0.000    1.413)    1.418
   5.111   (  -0.432    0.000    7.368)    7.380
   5.209   (  -0.930    0.000   -5.573)    5.650
======================= Grid point 1577 (451/512) =======================
q-point: ( 0.13  0.00  0.47)
Mass variance parameters: 4.63e-04 4.63e-04 4.63e-04 4.63e-04 3.34e-04 3.34e-04 3.34e-04 3.34e-04 
Number of triplets: 904
Frequency     group velocity (x, y, z)     |gv|
   1.298   (   2.529    0.000    6.731)    7.191
   1.387   (   1.639    0.000   -4.710)    4.987
   1.603   (   0.505    0.000    4.031)    4.062
   1.647   (  -0.152    0.000   -1.651)    1.658
   1.666   (  -1.411    0.000    4.244)    4.473
   1.717   (  -1.693    0.000   -2.394)    2.932
   1.872   (   0.092    0.000    3.145)    3.146
   1.905   (  -0.390    0.000   -1.125)    1.191
   2.692   (   0.541    0.000    5.954)    5.978
   2.740   (   0.485    0.000   -0.301)    0.571
   2.794   (  -1.180    0.000    6.419)    6.527
   2.857   (  -1.502    0.000   -1.661)    2.239
   3.973   (   0.224    0.000    4.348)    4.353
   4.013   (  -0.664    0.000   -0.174)    0.687
   4.045   (   0.666    0.000    2.823)    2.900
   4.086   (  -0.222    0.000   -1.694)    1.709
   4.173   (   0.596    0.000    3.716)    3.763
   4.219   (  -0.210    0.000   -2.249)    2.259
   4.534   (   2.126    0.000    6.113)    6.472
   4.602   (   0.968    0.000   -2.585)    2.760
   4.726   (  -0.006    0.000    1.605)    1.605
   4.728   (   0.428    0.000    1.044)    1.128
   5.107   (  -0.754    0.000    7.052)    7.092
   5.202   (  -1.795    0.000   -5.306)    5.601
======================= Grid point 1578 (452/512) =======================
q-point: ( 0.20  0.00  0.47)
Mass variance parameters: 4.63e-04 4.63e-04 4.63e-04 4.63e-04 3.34e-04 3.34e-04 3.34e-04 3.34e-04 
Number of triplets: 904
Frequency     group velocity (x, y, z)     |gv|
   1.316   (   3.530    0.000    6.273)    7.198
   1.398   (   2.155    0.000   -4.314)    4.822
   1.607   (   0.710    0.000    3.786)    3.852
   1.646   (  -0.259    0.000   -1.262)    1.288
   1.656   (  -1.919    0.000    4.072)    4.502
   1.705   (  -2.420    0.000   -2.266)    3.315
   1.873   (   0.168    0.000    2.836)    2.841
   1.902   (  -0.549    0.000   -0.962)    1.108
   2.696   (   0.822    0.000    5.901)    5.958
   2.743   (   0.760    0.000   -0.272)    0.808
   2.786   (  -1.616    0.000    6.281)    6.486
   2.847   (  -2.055    0.000   -1.503)    2.546
   3.974   (   0.331    0.000    4.231)    4.244
   4.009   (  -0.770    0.000    0.673)    1.023
   4.050   (   0.773    0.000    1.977)    2.122
   4.084   (  -0.328    0.000   -1.578)    1.612
   4.178   (   0.816    0.000    3.497)    3.591
   4.218   (  -0.313    0.000   -1.696)    1.725
   4.549   (   2.788    0.000    5.545)    6.206
   4.608   (   1.077    0.000   -1.975)    2.250
   4.726   (   0.083    0.000    1.704)    1.706
   4.732   (   0.646    0.000    0.695)    0.949
   5.102   (  -0.858    0.000    6.483)    6.539
   5.189   (  -2.526    0.000   -4.845)    5.464
======================= Grid point 1579 (453/512) =======================
q-point: ( 0.27  0.00  0.47)
Mass variance parameters: 4.63e-04 4.63e-04 4.63e-04 4.63e-04 3.34e-04 3.34e-04 3.34e-04 3.34e-04 
Number of triplets: 904
Frequency     group velocity (x, y, z)     |gv|
   1.338   (   4.219    0.000    5.642)    7.045
   1.411   (   2.248    0.000   -3.676)    4.309
   1.611   (   0.864    0.000    3.444)    3.550
   1.644   (  -0.392    0.000   -0.746)    0.843
   1.644   (  -2.104    0.000    3.743)    4.294
   1.689   (  -2.973    0.000   -2.067)    3.621
   1.874   (   0.269    0.000    2.427)    2.442
   1.899   (  -0.668    0.000   -0.728)    0.988
   2.702   (   1.105    0.000    5.844)    5.948
   2.748   (   1.047    0.000   -0.197)    1.065
   2.776   (  -1.885    0.000    6.065)    6.351
   2.834   (  -2.416    0.000   -1.308)    2.747
   3.977   (   0.431    0.000    4.067)    4.090
   4.004   (  -0.805    0.000    1.382)    1.600
   4.054   (   0.808    0.000    1.267)    1.503
   4.082   (  -0.428    0.000   -1.415)    1.478
   4.183   (   0.958    0.000    3.186)    3.327
   4.216   (  -0.423    0.000   -1.032)    1.116
   4.566   (   3.036    0.000    4.813)    5.691
   4.614   (   0.874    0.000   -1.192)    1.477
   4.727   (   0.279    0.000    1.805)    1.826
   4.736   (   0.738    0.000    0.406)    0.842
   5.098   (  -0.644    0.000    5.605)    5.642
   5.173   (  -3.048    0.000   -4.166)    5.162
======================= Grid point 1580 (454/512) =======================
q-point: ( 0.33  0.00  0.47)
Mass variance parameters: 4.63e-04 4.63e-04 4.63e-04 4.63e-04 3.34e-04 3.34e-04 3.34e-04 3.34e-04 
Number of triplets: 904
Frequency     group velocity (x, y, z)     |gv|
   1.364   (   4.486    0.000    4.826)    6.589
   1.423   (   1.692    0.000   -2.674)    3.165
   1.617   (   0.955    0.000    3.006)    3.154
   1.633   (  -1.735    0.000    3.127)    3.576
   1.641   (  -0.544    0.000   -0.134)    0.561
   1.671   (  -3.249    0.000   -1.754)    3.692
   1.876   (   0.390    0.000    1.946)    1.984
   1.895   (  -0.737    0.000   -0.422)    0.849
   2.709   (   1.382    0.000    5.799)    5.961
   2.755   (   0.984    0.000    0.609)    1.157
   2.765   (  -1.631    0.000    5.090)    5.345
   2.820   (  -2.577    0.000   -1.096)    2.800
   3.979   (   0.523    0.000    3.855)    3.891
   3.999   (  -0.803    0.000    1.976)    2.133
   4.059   (   0.805    0.000    0.674)    1.050
   4.079   (  -0.520    0.000   -1.204)    1.311
   4.189   (   1.018    0.000    2.784)    2.964
   4.213   (  -0.545    0.000   -0.319)    0.632
   4.583   (   2.845    0.000    3.961)    4.877
   4.618   (   0.432    0.000   -0.339)    0.549
   4.730   (   0.542    0.000    1.867)    1.944
   4.740   (   0.580    0.000    0.347)    0.676
   5.096   (  -0.064    0.000    4.381)    4.382
   5.154   (  -3.284    0.000   -3.237)    4.611
======================= Grid point 1581 (455/512) =======================
q-point: ( 0.40  0.00  0.47)
Mass variance parameters: 4.63e-04 4.63e-04 4.63e-04 4.63e-04 3.34e-04 3.34e-04 3.34e-04 3.34e-04 
Number of triplets: 904
Frequency     group velocity (x, y, z)     |gv|
   1.389   (   4.201    0.000    3.770)    5.644
   1.429   (   0.330    0.000   -1.192)    1.237
   1.622   (   0.977    0.000    2.479)    2.665
   1.626   (  -0.631    0.000    2.101)    2.193
   1.638   (  -0.699    0.000    0.534)    0.880
   1.653   (  -3.098    0.000   -1.244)    3.338
   1.879   (   0.517    0.000    1.424)    1.515
   1.891   (  -0.752    0.000   -0.043)    0.753
   2.718   (   1.638    0.000    5.780)    6.007
   2.751   (  -1.926    0.000    5.748)    6.062
   2.766   (   1.609    0.000   -0.239)    1.626
   2.805   (  -2.555    0.000   -0.887)    2.705
   3.983   (   0.605    0.000    3.594)    3.644
   3.995   (  -0.777    0.000    2.480)    2.599
   4.064   (   0.778    0.000    0.170)    0.797
   4.076   (  -0.603    0.000   -0.943)    1.119
   4.194   (   1.003    0.000    2.294)    2.504
   4.209   (  -0.678    0.000    0.398)    0.786
   4.598   (   2.296    0.000    3.050)    3.817
   4.619   (  -0.151    0.000    0.498)    0.521
   4.734   (   0.748    0.000    1.803)    1.952
   4.742   (   0.151    0.000    0.604)    0.622
   5.098   (   0.819    0.000    2.843)    2.958
   5.135   (  -3.163    0.000   -2.031)    3.759
======================= Grid point 1582 (456/512) =======================
q-point: ( 0.47  0.00  0.47)
Mass variance parameters: 4.63e-04 4.63e-04 4.63e-04 4.63e-04 3.34e-04 3.34e-04 3.34e-04 3.34e-04 
Number of triplets: 904
Frequency     group velocity (x, y, z)     |gv|
   1.411   (   3.222    0.000    2.382)    4.007
   1.425   (  -1.555    0.000    0.637)    1.680
   1.627   (   0.962    0.000    0.781)    1.240
   1.628   (   0.935    0.000    1.876)    2.096
   1.633   (  -0.837    0.000    1.217)    1.477
   1.637   (  -2.348    0.000   -0.416)    2.384
   1.882   (   0.631    0.000    0.899)    1.098
   1.886   (  -0.714    0.000    0.402)    0.819
   2.728   (   1.852    0.000    5.797)    6.086
   2.739   (  -1.996    0.000    5.843)    6.175
   2.777   (   2.094    0.000   -0.538)    2.162
   2.790   (  -2.384    0.000   -0.700)    2.485
   3.986   (   0.675    0.000    3.280)    3.349
   3.990   (  -0.733    0.000    2.911)    3.002
   4.068   (   0.734    0.000   -0.261)    0.779
   4.072   (  -0.674    0.000   -0.629)    0.923
   4.200   (   0.927    0.000    1.724)    1.958
   4.205   (  -0.812    0.000    1.087)    1.356
   4.609   (   1.566    0.000    2.155)    2.664
   4.616   (  -0.824    0.000    1.314)    1.551
   4.738   (   0.719    0.000    1.532)    1.692
   4.741   (  -0.372    0.000    1.074)    1.136
   5.105   (   1.809    0.000    1.130)    2.133
   5.118   (  -2.652    0.000   -0.551)    2.709
======================= Grid point 1590 (457/512) =======================
q-point: ( 0.00  0.07  0.47)
Mass variance parameters: 4.63e-04 4.63e-04 4.63e-04 4.63e-04 3.34e-04 3.34e-04 3.34e-04 3.34e-04 
Number of triplets: 904
Frequency     group velocity (x, y, z)     |gv|
   1.284   (   0.000    0.171    6.798)    6.800
   1.374   (   0.000   -0.339   -4.759)    4.771
   1.587   (   0.000   -1.660    3.676)    4.033
   1.613   (   0.000   -3.073    0.616)    3.134
   1.703   (   0.000    2.387    1.684)    2.921
   1.732   (   0.000    0.532   -1.473)    1.566
   1.857   (   0.000   -1.866    4.070)    4.477
   1.905   (   0.000   -0.397   -2.020)    2.059
   2.660   (   0.000   -3.541    5.453)    6.502
   2.704   (   0.000   -4.109   -0.260)    4.117
   2.777   (   0.000   -3.026    5.662)    6.420
   2.834   (   0.000   -4.077   -1.601)    4.380
   3.951   (   0.000   -2.608    4.583)    5.273
   3.998   (   0.000   -2.453   -1.539)    2.896
   4.019   (   0.000   -2.647    4.268)    5.023
   4.063   (   0.000   -2.785   -1.250)    3.053
   4.166   (   0.000   -0.710    3.291)    3.366
   4.213   (   0.000   -0.962   -2.822)    2.982
   4.496   (   0.000   -3.154    6.182)    6.940
   4.568   (   0.000   -3.529   -3.110)    4.704
   4.703   (   0.000   -2.799    1.302)    3.087
   4.706   (   0.000   -2.491    1.127)    2.734
   5.085   (   0.000   -3.193    6.887)    7.591
   5.180   (   0.000   -3.986   -5.428)    6.734
======================= Grid point 1591 (458/512) =======================
q-point: ( 0.07  0.07  0.47)
Mass variance parameters: 4.63e-04 4.63e-04 4.63e-04 4.63e-04 3.34e-04 3.34e-04 3.34e-04 3.34e-04 
Number of triplets: 1688
Frequency     group velocity (x, y, z)     |gv|
   1.288   (   1.266    0.152    6.711)    6.831
   1.376   (   0.864   -0.344   -4.695)    4.786
   1.587   (   0.011   -1.732    3.592)    3.988
   1.612   (  -0.516   -3.118    0.721)    3.242
   1.703   (  -0.289    2.433    1.649)    2.953
   1.730   (  -0.593    0.617   -1.420)    1.658
   1.857   (   0.148   -1.829    3.987)    4.389
   1.904   (  -0.176   -0.388   -1.977)    2.022
   2.661   (   0.253   -3.546    5.436)    6.495
   2.704   (   0.205   -4.120   -0.254)    4.133
   2.775   (  -0.658   -3.039    5.637)    6.438
   2.831   (  -0.805   -4.081   -1.570)    4.446
   3.951   (   0.123   -2.604    4.562)    5.254
   3.996   (  -0.477   -2.475   -0.980)    2.704
   4.021   (   0.501   -2.616    3.712)    4.569
   4.063   (  -0.058   -2.773   -1.251)    3.043
   4.166   (   0.217   -0.739    3.272)    3.361
   4.213   (  -0.142   -0.973   -2.698)    2.872
   4.500   (   1.120   -3.169    6.054)    6.924
   4.570   (   0.495   -3.557   -2.972)    4.662
   4.704   (   0.426   -2.721    1.187)    3.000
   4.706   (   0.081   -2.449    1.159)    2.710
   5.084   (  -0.552   -3.235    6.801)    7.552
   5.177   (  -0.984   -4.005   -5.350)    6.755
======================= Grid point 1592 (459/512) =======================
q-point: ( 0.13  0.07  0.47)
Mass variance parameters: 4.63e-04 4.63e-04 4.63e-04 4.63e-04 3.34e-04 3.34e-04 3.34e-04 3.34e-04 
Number of triplets: 1688
Frequency     group velocity (x, y, z)     |gv|
   1.299   (   2.430    0.096    6.454)    6.897
   1.383   (   1.623   -0.355   -4.498)    4.795
   1.587   (  -0.069   -1.966    3.343)    3.878
   1.608   (  -0.990   -3.222    0.995)    3.514
   1.700   (  -0.533    2.552    1.566)    3.042
   1.725   (  -1.108    0.873   -1.249)    1.884
   1.859   (   0.297   -1.719    3.741)    4.128
   1.903   (  -0.352   -0.363   -1.845)    1.913
   2.663   (   0.516   -3.562    5.388)    6.479
   2.706   (   0.432   -4.151   -0.235)    4.180
   2.769   (  -1.246   -3.076    5.566)    6.480
   2.824   (  -1.524   -4.091   -1.480)    4.610
   3.952   (   0.242   -2.593    4.496)    5.196
   3.993   (  -0.710   -2.508    0.012)    2.607
   4.025   (   0.750   -2.558    2.727)    3.814
   4.062   (  -0.130   -2.741   -1.244)    3.012
   4.168   (   0.429   -0.818    3.205)    3.335
   4.212   (  -0.275   -1.003   -2.348)    2.568
   4.509   (   2.055   -3.217    5.684)    6.848
   4.574   (   0.822   -3.640   -2.563)    4.527
   4.707   (   0.213   -2.309    1.251)    2.635
   4.708   (   0.853   -2.502    0.872)    2.784
   5.079   (  -0.990   -3.362    6.531)    7.412
   5.168   (  -1.900   -4.062   -5.114)    6.802
======================= Grid point 1593 (460/512) =======================
q-point: ( 0.20  0.07  0.47)
Mass variance parameters: 4.63e-04 4.63e-04 4.63e-04 4.63e-04 3.34e-04 3.34e-04 3.34e-04 3.34e-04 
Number of triplets: 1688
Frequency     group velocity (x, y, z)     |gv|
   1.316   (   3.396    0.010    6.037)    6.926
   1.395   (   2.153   -0.364   -4.143)    4.683
   1.586   (  -0.391   -2.431    2.951)    3.843
   1.601   (  -1.282   -3.282    1.298)    3.755
   1.697   (  -0.695    2.706    1.490)    3.166
   1.718   (  -1.457    1.298   -0.933)    2.163
   1.861   (   0.446   -1.550    3.340)    3.709
   1.900   (  -0.521   -0.337   -1.623)    1.738
   2.667   (   0.797   -3.582    5.317)    6.461
   2.709   (   0.695   -4.194   -0.204)    4.256
   2.760   (  -1.705   -3.133    5.450)    6.513
   2.814   (  -2.087   -4.109   -1.340)    4.799
   3.954   (   0.354   -2.578    4.384)    5.098
   3.988   (  -0.789   -2.526    0.882)    2.789
   4.029   (   0.830   -2.510    1.872)    3.239
   4.061   (  -0.219   -2.694   -1.212)    2.962
   4.171   (   0.623   -0.925    3.064)    3.261
   4.210   (  -0.397   -1.050   -1.827)    2.145
   4.523   (   2.654   -3.310    5.112)    6.643
   4.579   (   0.880   -3.766   -1.924)    4.319
   4.709   (   0.431   -2.091    1.399)    2.553
   4.714   (   1.222   -2.142    0.443)    2.506
   5.073   (  -1.194   -3.568    6.036)    7.113
   5.155   (  -2.675   -4.155   -4.702)    6.821
======================= Grid point 1594 (461/512) =======================
q-point: ( 0.27  0.07  0.47)
Mass variance parameters: 4.63e-04 4.63e-04 4.63e-04 4.63e-04 3.34e-04 3.34e-04 3.34e-04 3.34e-04 
Number of triplets: 1688
Frequency     group velocity (x, y, z)     |gv|
   1.337   (   4.073   -0.096    5.467)    6.818
   1.408   (   2.285   -0.355   -3.565)    4.249
   1.582   (  -1.104   -3.185    2.543)    4.223
   1.594   (  -1.165   -3.185    1.346)    3.649
   1.692   (  -0.739    2.856    1.477)    3.299
   1.709   (  -1.559    1.858   -0.452)    2.467
   1.864   (   0.589   -1.339    2.807)    3.165
   1.897   (  -0.676   -0.326   -1.310)    1.510
   2.673   (   1.091   -3.600    5.237)    6.448
   2.714   (   0.984   -4.240   -0.140)    4.355
   2.750   (  -1.988   -3.204    5.274)    6.483
   2.801   (  -2.455   -4.133   -1.164)    4.946
   3.956   (   0.456   -2.559    4.226)    4.961
   3.984   (  -0.804   -2.528    1.587)    3.092
   4.034   (   0.836   -2.479    1.189)    2.873
   4.060   (  -0.322   -2.641   -1.135)    2.893
   4.175   (   0.779   -1.036    2.824)    3.107
   4.207   (  -0.512   -1.106   -1.199)    1.709
   4.539   (   2.825   -3.454    4.383)    6.254
   4.584   (   0.674   -3.905   -1.146)    4.125
   4.712   (   0.739   -1.783    1.568)    2.487
   4.721   (   1.377   -1.705    0.086)    2.193
   5.066   (  -1.044   -3.840    5.253)    6.590
   5.138   (  -3.227   -4.275   -4.089)    6.739
======================= Grid point 1595 (462/512) =======================
q-point: ( 0.33  0.07  0.47)
Mass variance parameters: 4.63e-04 4.63e-04 4.63e-04 4.63e-04 3.34e-04 3.34e-04 3.34e-04 3.34e-04 
Number of triplets: 1688
Frequency     group velocity (x, y, z)     |gv|
   1.362   (   4.363   -0.199    4.731)    6.439
   1.420   (   1.770   -0.314   -2.623)    3.180
   1.574   (  -1.433   -3.775    2.216)    4.606
   1.587   (  -1.145   -3.297    0.917)    3.608
   1.688   (  -0.609    2.997    1.542)    3.425
   1.700   (  -1.397    2.440    0.158)    2.816
   1.868   (   0.718   -1.110    2.177)    2.547
   1.892   (  -0.800   -0.346   -0.904)    1.256
   2.680   (   1.389   -3.606    5.165)    6.450
   2.721   (   1.115   -4.266    0.219)    4.414
   2.738   (  -1.917   -3.295    4.779)    6.113
   2.786   (  -2.618   -4.160   -0.969)    5.010
   3.959   (   0.545   -2.540    4.019)    4.786
   3.979   (  -0.792   -2.523    2.171)    3.421
   4.039   (   0.806   -2.466    0.634)    2.671
   4.058   (  -0.428   -2.591   -0.999)    2.810
   4.180   (   0.879   -1.131    2.472)    2.857
   4.204   (  -0.623   -1.161   -0.518)    1.416
   4.555   (   2.574   -3.640    3.553)    5.701
   4.586   (   0.290   -4.021   -0.343)    4.046
   4.717   (   1.057   -1.420    1.687)    2.445
   4.729   (   1.146   -1.266    0.003)    1.707
   5.062   (  -0.458   -4.141    4.122)    5.861
   5.118   (  -3.466   -4.410   -3.236)    6.475
======================= Grid point 1596 (463/512) =======================
q-point: ( 0.40  0.07  0.47)
Mass variance parameters: 4.63e-04 4.63e-04 4.63e-04 4.63e-04 3.34e-04 3.34e-04 3.34e-04 3.34e-04 
Number of triplets: 1688
Frequency     group velocity (x, y, z)     |gv|
   1.387   (   4.143   -0.273    3.773)    5.611
   1.426   (   0.383   -0.262   -1.145)    1.236
   1.567   (  -0.756   -4.026    1.629)    4.408
   1.580   (  -1.392   -3.631    0.397)    3.909
   1.686   (  -0.267    3.128    1.614)    3.530
   1.693   (  -1.065    2.887    0.780)    3.175
   1.872   (   0.823   -0.885    1.498)    1.925
   1.888   (  -0.882   -0.411   -0.408)    1.055
   2.689   (   1.669   -3.597    5.114)    6.471
   2.721   (  -1.460   -3.709    4.257)    5.832
   2.733   (   1.019   -3.952    0.586)    4.123
   2.771   (  -2.591   -4.186   -0.773)    4.983
   3.962   (   0.620   -2.524    3.762)    4.573
   3.974   (  -0.766   -2.516    2.666)    3.745
   4.043   (   0.757   -2.470    0.172)    2.589
   4.055   (  -0.528   -2.547   -0.801)    2.722
   4.185   (   0.915   -1.197    2.014)    2.516
   4.200   (  -0.730   -1.206    0.173)    1.421
   4.568   (   2.027   -3.834    2.699)    5.109
   4.587   (  -0.192   -4.083    0.416)    4.108
   4.724   (   1.201   -1.068    1.643)    2.298
   4.734   (   0.503   -0.922    0.287)    1.089
   5.062   (   0.526   -4.408    2.649)    5.169
   5.098   (  -3.303   -4.534   -2.102)    5.990
======================= Grid point 1597 (464/512) =======================
q-point: ( 0.47  0.07  0.47)
Mass variance parameters: 4.63e-04 4.63e-04 4.63e-04 4.63e-04 3.34e-04 3.34e-04 3.34e-04 3.34e-04 
Number of triplets: 1688
Frequency     group velocity (x, y, z)     |gv|
   1.409   (   3.247   -0.288    2.472)    4.091
   1.423   (  -1.586   -0.259    0.738)    1.769
   1.566   (   0.462   -4.056    0.791)    4.158
   1.572   (  -1.294   -3.909    0.280)    4.127
   1.685   (   0.200    3.192    1.555)    3.557
   1.688   (  -0.660    3.128    1.273)    3.441
   1.877   (   0.892   -0.685    0.816)    1.389
   1.882   (  -0.913   -0.524    0.171)    1.067
   2.699   (   1.904   -3.572    5.092)    6.504
   2.710   (  -2.033   -3.548    5.060)    6.506
   2.743   (   2.049   -4.186   -0.385)    4.676
   2.756   (  -2.399   -4.202   -0.587)    4.874
   3.966   (   0.681   -2.515    3.454)    4.326
   3.970   (  -0.729   -2.512    3.090)    4.049
   4.048   (   0.694   -2.486   -0.216)    2.590
   4.051   (  -0.618   -2.512   -0.539)    2.642
   4.191   (   0.893   -1.230    1.464)    2.110
   4.196   (  -0.825   -1.232    0.843)    1.705
   4.578   (   1.372   -3.989    1.890)    4.623
   4.584   (  -0.746   -4.074    1.143)    4.297
   4.730   (   0.970   -0.821    1.341)    1.847
   4.734   (  -0.324   -0.762    0.819)    1.165
   5.068   (   1.683   -4.572    0.972)    4.968
   5.081   (  -2.688   -4.604   -0.675)    5.374
======================= Grid point 1605 (465/512) =======================
q-point: ( 0.00  0.13  0.47)
Mass variance parameters: 4.63e-04 4.63e-04 4.63e-04 4.63e-04 3.34e-04 3.34e-04 3.34e-04 3.34e-04 
Number of triplets: 904
Frequency     group velocity (x, y, z)     |gv|
   1.291   (   0.000    0.785    5.874)    5.926
   1.368   (   0.000   -0.330   -3.920)    3.934
   1.548   (   0.000   -3.165    2.469)    4.014
   1.556   (   0.000   -4.087    1.328)    4.298
   1.737   (   0.000   -0.315    2.538)    2.557
   1.744   (   0.000    2.635    0.490)    2.680
   1.816   (   0.000   -3.003    4.379)    5.309
   1.892   (   0.000   -1.338   -4.170)    4.380
   2.580   (   0.000   -6.266    3.758)    7.307
   2.608   (   0.000   -7.671    0.144)    7.673
   2.708   (   0.000   -5.401    3.038)    6.197
   2.739   (   0.000   -7.641   -0.925)    7.696
   3.889   (   0.000   -5.069    4.938)    7.077
   3.940   (   0.000   -4.725   -1.668)    5.011
   3.959   (   0.000   -4.885    4.773)    6.829
   4.005   (   0.000   -4.348   -0.957)    4.453
   4.142   (   0.000   -2.436    2.513)    3.500
   4.186   (   0.000   -2.517   -3.111)    4.002
   4.419   (   0.000   -6.597    4.750)    8.129
   4.480   (   0.000   -7.533   -3.070)    8.134
   4.642   (   0.000   -4.588    1.315)    4.772
   4.653   (   0.000   -3.885    0.004)    3.885
   5.017   (   0.000   -5.120    5.139)    7.254
   5.091   (   0.000   -6.824   -4.578)    8.217
======================= Grid point 1606 (466/512) =======================
q-point: ( 0.07  0.13  0.47)
Mass variance parameters: 4.63e-04 4.63e-04 4.63e-04 4.63e-04 3.34e-04 3.34e-04 3.34e-04 3.34e-04 
Number of triplets: 1688
Frequency     group velocity (x, y, z)     |gv|
   1.294   (   1.103    0.744    5.812)    5.963
   1.370   (   0.826   -0.339   -3.878)    3.980
   1.547   (  -0.423   -3.260    2.388)    4.063
   1.555   (  -0.498   -4.019    1.383)    4.279
   1.737   (  -0.199   -0.100    2.390)    2.400
   1.743   (  -0.090    2.503    0.734)    2.610
   1.817   (   0.406   -2.952    4.257)    5.197
   1.892   (  -0.095   -1.316   -4.105)    4.312
   2.581   (   0.189   -6.289    3.730)    7.314
   2.609   (   0.124   -7.687    0.145)    7.690
   2.706   (  -0.778   -5.438    3.035)    6.276
   2.737   (  -0.810   -7.631   -0.912)    7.728
   3.889   (   0.155   -5.061    4.925)    7.064
   3.938   (  -0.570   -4.743   -0.827)    4.848
   3.961   (   0.678   -4.845    3.927)    6.274
   4.005   (  -0.043   -4.355   -0.964)    4.461
   4.142   (   0.061   -2.461    2.510)    3.516
   4.186   (  -0.190   -2.521   -3.014)    3.934
   4.422   (   0.926   -6.652    4.629)    8.157
   4.481   (   0.294   -7.569   -2.930)    8.121
   4.645   (   0.965   -4.481    1.177)    4.732
   4.655   (   0.469   -3.798    0.061)    3.828
   5.014   (  -0.861   -5.183    5.086)    7.312
   5.088   (  -1.133   -6.857   -4.527)    8.294
======================= Grid point 1607 (467/512) =======================
q-point: ( 0.13  0.13  0.47)
Mass variance parameters: 4.63e-04 4.63e-04 4.63e-04 4.63e-04 3.34e-04 3.34e-04 3.34e-04 3.34e-04 
Number of triplets: 1688
Frequency     group velocity (x, y, z)     |gv|
   1.304   (   2.120    0.624    5.632)    6.050
   1.377   (   1.569   -0.362   -3.749)    4.081
   1.543   (  -1.087   -3.573    2.251)    4.361
   1.551   (  -0.745   -3.777    1.423)    4.104
   1.735   (  -0.363    0.395    2.147)    2.213
   1.743   (  -0.190    2.243    1.274)    2.587
   1.820   (   0.794   -2.804    3.895)    4.865
   1.891   (  -0.222   -1.256   -3.911)    4.114
   2.583   (   0.404   -6.352    3.653)    7.338
   2.610   (   0.291   -7.730    0.146)    7.737
   2.699   (  -1.471   -5.545    3.027)    6.486
   2.730   (  -1.539   -7.606   -0.872)    7.809
   3.891   (   0.303   -5.037    4.883)    7.022
   3.934   (  -0.764   -4.760    0.414)    4.839
   3.966   (   0.943   -4.771    2.680)    5.553
   4.004   (  -0.098   -4.374   -0.979)    4.483
   4.142   (   0.165   -2.529    2.483)    3.548
   4.184   (  -0.374   -2.539   -2.733)    3.749
   4.429   (   1.667   -6.811    4.281)    8.216
   4.483   (   0.462   -7.666   -2.538)    8.089
   4.653   (   1.853   -4.158    0.817)    4.625
   4.659   (   1.017   -3.553    0.212)    3.702
   5.007   (  -1.616   -5.375    4.921)    7.465
   5.078   (  -2.195   -6.955   -4.372)    8.503
======================= Grid point 1608 (468/512) =======================
q-point: ( 0.20  0.13  0.47)
Mass variance parameters: 4.63e-04 4.63e-04 4.63e-04 4.63e-04 3.34e-04 3.34e-04 3.34e-04 3.34e-04 
Number of triplets: 1688
Frequency     group velocity (x, y, z)     |gv|
   1.319   (   2.970    0.436    5.345)    6.131
   1.388   (   2.132   -0.384   -3.519)    4.132
   1.534   (  -1.783   -3.879    2.308)    4.853
   1.546   (  -0.919   -3.572    1.161)    3.867
   1.733   (  -0.442    0.922    2.100)    2.335
   1.741   (  -0.305    2.056    1.819)    2.763
   1.826   (   1.134   -2.574    3.311)    4.344
   1.889   (  -0.402   -1.178   -3.588)    3.798
   2.586   (   0.662   -6.447    3.536)    7.383
   2.612   (   0.531   -7.783    0.139)    7.802
   2.689   (  -2.007   -5.705    3.016)    6.758
   2.719   (  -2.117   -7.574   -0.803)    7.906
   3.893   (   0.436   -4.999    4.804)    6.947
   3.929   (  -0.796   -4.762    1.370)    5.018
   3.971   (   0.991   -4.693    1.730)    5.099
   4.003   (  -0.172   -4.398   -0.985)    4.511
   4.144   (   0.321   -2.617    2.388)    3.558
   4.182   (  -0.543   -2.574   -2.299)    3.494
   4.440   (   2.084   -7.053    3.747)    8.254
   4.486   (   0.450   -7.796   -1.969)    8.053
   4.665   (   1.926   -3.351    0.636)    3.917
   4.668   (   2.273   -3.458    0.158)    4.141
   4.996   (  -2.141   -5.711    4.613)    7.647
   5.063   (  -3.106   -7.118   -4.098)    8.781
======================= Grid point 1609 (469/512) =======================
q-point: ( 0.27  0.13  0.47)
Mass variance parameters: 4.63e-04 4.63e-04 4.63e-04 4.63e-04 3.34e-04 3.34e-04 3.34e-04 3.34e-04 
Number of triplets: 1688
Frequency     group velocity (x, y, z)     |gv|
   1.338   (   3.588    0.198    4.962)    6.127
   1.401   (   2.373   -0.372   -3.129)    3.944
   1.523   (  -2.179   -4.040    2.465)    5.210
   1.540   (  -1.251   -3.535    0.637)    3.804
   1.730   (  -0.395    1.362    2.296)    2.698
   1.739   (  -0.421    1.998    2.268)    3.052
   1.833   (   1.391   -2.286    2.547)    3.694
   1.886   (  -0.632   -1.110   -3.135)    3.386
   2.590   (   0.969   -6.558    3.397)    7.449
   2.616   (   0.838   -7.829    0.118)    7.875
   2.676   (  -2.332   -5.895    3.000)    7.014
   2.706   (  -2.502   -7.545   -0.702)    7.980
   3.896   (   0.549   -4.952    4.679)    6.835
   3.925   (  -0.788   -4.756    2.104)    5.260
   3.977   (   0.948   -4.621    1.025)    4.828
   4.002   (  -0.264   -4.422   -0.959)    4.533
   4.146   (   0.504   -2.704    2.181)    3.510
   4.178   (  -0.685   -2.628   -1.752)    3.232
   4.453   (   2.134   -7.338    3.087)    8.242
   4.488   (   0.288   -7.921   -1.326)    8.037
   4.676   (   2.114   -2.611    0.913)    3.481
   4.684   (   3.019   -3.028   -0.254)    4.284
   4.983   (  -2.270   -6.205    4.100)    7.776
   5.043   (  -3.769   -7.346   -3.678)    9.038
======================= Grid point 1610 (470/512) =======================
q-point: ( 0.33  0.13  0.47)
Mass variance parameters: 4.63e-04 4.63e-04 4.63e-04 4.63e-04 3.34e-04 3.34e-04 3.34e-04 3.34e-04 
Number of triplets: 1688
Frequency     group velocity (x, y, z)     |gv|
   1.360   (   3.916   -0.056    4.477)    5.948
   1.414   (   2.004   -0.287   -2.395)    3.136
   1.510   (  -2.048   -4.164    2.399)    5.224
   1.532   (  -1.657   -3.567    0.058)    3.933
   1.728   (  -0.226    1.694    2.613)    3.122
   1.736   (  -0.504    2.019    2.627)    3.351
   1.842   (   1.545   -1.974    1.667)    3.010
   1.882   (  -0.892   -1.080   -2.558)    2.917
   2.597   (   1.310   -6.665    3.250)    7.530
   2.622   (   1.121   -7.852    0.112)    7.932
   2.663   (  -2.363   -6.093    2.944)    7.168
   2.691   (  -2.673   -7.523   -0.564)    8.004
   3.899   (   0.635   -4.900    4.501)    6.684
   3.920   (  -0.776   -4.754    2.698)    5.521
   3.982   (   0.867   -4.563    0.485)    4.670
   4.000   (  -0.369   -4.442   -0.883)    4.544
   4.150   (   0.675   -2.771    1.842)    3.395
   4.174   (  -0.792   -2.690   -1.132)    3.024
   4.464   (   1.884   -7.617    2.376)    8.198
   4.489   (   0.034   -8.016   -0.691)    8.045
   4.689   (   2.448   -2.011    1.159)    3.373
   4.701   (   2.776   -2.303   -0.434)    3.633
   4.971   (  -1.797   -6.843    3.287)    7.801
   5.020   (  -4.054   -7.624   -3.063)    9.162
======================= Grid point 1611 (471/512) =======================
q-point: ( 0.40  0.13  0.47)
Mass variance parameters: 4.63e-04 4.63e-04 4.63e-04 4.63e-04 3.34e-04 3.34e-04 3.34e-04 3.34e-04 
Number of triplets: 1688
Frequency     group velocity (x, y, z)     |gv|
   1.382   (   3.877   -0.268    3.839)    5.463
   1.422   (   0.513   -0.170   -0.893)    1.044
   1.501   (  -0.919   -4.244    1.636)    4.640
   1.521   (  -1.965   -3.635   -0.382)    4.150
   1.728   (   0.015    1.918    2.901)    3.478
   1.733   (  -0.517    2.062    2.897)    3.593
   1.851   (   1.588   -1.673    0.736)    2.421
   1.876   (  -1.151   -1.113   -1.864)    2.457
   2.606   (   1.649   -6.750    3.096)    7.607
   2.628   (   0.784   -7.758    0.470)    7.812
   2.650   (  -1.561   -6.360    2.501)    7.010
   2.675   (  -2.623   -7.503   -0.381)    7.958
   3.903   (   0.695   -4.851    4.267)    6.498
   3.916   (  -0.765   -4.760    3.196)    5.784
   3.987   (   0.774   -4.521    0.061)    4.588
   3.998   (  -0.475   -4.459   -0.746)    4.546
   4.154   (   0.804   -2.810    1.377)    3.231
   4.169   (  -0.864   -2.750   -0.476)    2.921
   4.474   (   1.472   -7.840    1.686)    8.153
   4.489   (  -0.273   -8.064   -0.098)    8.069
   4.703   (   2.329   -1.469    1.205)    3.006
   4.714   (   1.698   -1.585   -0.211)    2.332
   4.964   (  -0.575   -7.518    2.082)    7.822
   4.997   (  -3.791   -7.912   -2.179)    9.040
======================= Grid point 1612 (472/512) =======================
q-point: ( 0.47  0.13  0.47)
Mass variance parameters: 4.63e-04 4.63e-04 4.63e-04 4.63e-04 3.34e-04 3.34e-04 3.34e-04 3.34e-04 
Number of triplets: 1688
Frequency     group velocity (x, y, z)     |gv|
   1.403   (   3.295   -0.350    2.885)    4.394
   1.419   (  -1.785   -0.244    1.268)    2.203
   1.501   (   0.905   -4.064    0.284)    4.174
   1.510   (  -1.883   -3.787   -0.432)    4.251
   1.729   (   0.257    2.041    3.060)    3.687
   1.731   (  -0.435    2.080    3.053)    3.720
   1.860   (   1.525   -1.416   -0.190)    2.090
   1.868   (  -1.372   -1.225   -1.067)    2.126
   2.616   (   1.881   -6.825    2.888)    7.646
   2.626   (  -1.469   -7.079    2.248)    7.571
   2.650   (   1.283   -7.151    0.626)    7.292
   2.661   (  -2.311   -7.447   -0.106)    7.799
   3.907   (   0.732   -4.809    3.973)    6.280
   3.912   (  -0.753   -4.778    3.617)    6.040
   3.991   (   0.678   -4.493   -0.277)    4.552
   3.995   (  -0.579   -4.474   -0.544)    4.544
   4.159   (   0.877   -2.818    0.812)    3.061
   4.164   (  -0.894   -2.796    0.183)    2.941
   4.481   (   1.029   -7.986    1.053)    8.121
   4.486   (  -0.625   -8.057    0.470)    8.095
   4.715   (   1.490   -1.113    0.926)    2.078
   4.719   (   0.040   -1.127    0.354)    1.182
   4.965   (   1.183   -7.992    0.561)    8.099
   4.977   (  -2.816   -8.095   -0.955)    8.624
======================= Grid point 1620 (473/512) =======================
q-point: ( 0.00  0.20  0.47)
Mass variance parameters: 4.63e-04 4.63e-04 4.63e-04 4.63e-04 3.34e-04 3.34e-04 3.34e-04 3.34e-04 
Number of triplets: 904
Frequency     group velocity (x, y, z)     |gv|
   1.312   (   0.000    1.824    4.309)    4.679
   1.363   (   0.000   -0.350   -1.954)    1.985
   1.484   (   0.000   -4.885    1.448)    5.096
   1.490   (   0.000   -3.784    0.623)    3.835
   1.696   (   0.000   -5.081   11.230)   12.326
   1.783   (   0.000   -0.960    1.235)    1.564
   1.786   (   0.000    2.557   -0.774)    2.672
   1.858   (   0.000   -3.050   -7.571)    8.163
   2.466   (   0.000   -9.891    1.448)    9.996
   2.469   (   0.000   -7.421    0.850)    7.469
   2.595   (   0.000  -10.214    0.398)   10.222
   2.609   (   0.000   -6.819   -1.100)    6.907
   3.789   (   0.000   -7.523    5.523)    9.333
   3.850   (   0.000   -6.519   -2.344)    6.928
   3.865   (   0.000   -6.745    5.729)    8.849
   3.927   (   0.000   -5.433   -1.838)    5.735
   4.085   (   0.000   -4.599    2.087)    5.050
   4.132   (   0.000   -4.236   -3.660)    5.598
   4.287   (   0.000   -9.756    2.406)   10.048
   4.332   (   0.000  -10.762   -3.272)   11.248
   4.564   (   0.000   -4.897    1.684)    5.179
   4.588   (   0.000   -4.129   -1.240)    4.311
   4.931   (   0.000   -5.419    2.588)    6.005
   4.972   (   0.000   -7.659   -2.935)    8.202
======================= Grid point 1621 (474/512) =======================
q-point: ( 0.07  0.20  0.47)
Mass variance parameters: 4.63e-04 4.63e-04 4.63e-04 4.63e-04 3.34e-04 3.34e-04 3.34e-04 3.34e-04 
Number of triplets: 1688
Frequency     group velocity (x, y, z)     |gv|
   1.314   (   0.773    1.731    4.304)    4.703
   1.366   (   0.780   -0.352   -1.967)    2.145
   1.482   (  -0.721   -4.759    1.574)    5.065
   1.491   (   0.005   -3.801    0.517)    3.836
   1.698   (   0.545   -4.985   11.086)   12.168
   1.778   (  -1.045    0.269    1.416)    1.780
   1.791   (   1.160    1.288   -0.867)    1.938
   1.858   (   0.121   -2.981   -7.499)    8.071
   2.464   (  -0.453   -9.427    1.550)    9.564
   2.470   (   0.468   -7.960    0.685)    8.003
   2.591   (  -1.150  -10.104    0.522)   10.183
   2.608   (  -0.594   -6.954   -1.196)    7.081
   3.789   (   0.223   -7.504    5.525)    9.321
   3.848   (  -0.597   -6.511   -0.996)    6.614
   3.868   (   0.815   -6.738    4.366)    8.070
   3.926   (  -0.123   -5.455   -1.834)    5.756
   4.085   (  -0.017   -4.599    2.074)    5.045
   4.131   (  -0.215   -4.246   -3.599)    5.570
   4.289   (   0.613   -9.804    2.334)   10.097
   4.333   (   0.208  -10.754   -3.179)   11.216
   4.568   (   1.368   -4.873    1.573)    5.300
   4.590   (   0.916   -4.062   -1.173)    4.326
   4.928   (  -1.154   -5.454    2.557)    6.133
   4.969   (  -1.301   -7.681   -2.910)    8.316
======================= Grid point 1622 (475/512) =======================
q-point: ( 0.13  0.20  0.47)
Mass variance parameters: 4.63e-04 4.63e-04 4.63e-04 4.63e-04 3.34e-04 3.34e-04 3.34e-04 3.34e-04 
Number of triplets: 1688
Frequency     group velocity (x, y, z)     |gv|
   1.320   (   1.481    1.460    4.291)    4.769
   1.372   (   1.499   -0.360   -2.006)    2.530
   1.476   (  -1.247   -4.556    1.891)    5.088
   1.490   (  -0.192   -3.692    0.241)    3.705
   1.702   (   0.995   -4.696   10.684)   11.713
   1.772   (  -1.011    0.347    2.337)    2.570
   1.798   (   1.260    1.082   -1.533)    2.260
   1.859   (   0.171   -2.781   -7.287)    7.801
   2.461   (  -0.412   -9.515    1.747)    9.683
   2.473   (   0.569   -8.088    0.294)    8.113
   2.582   (  -2.043   -9.957    0.818)   10.197
   2.602   (  -1.261   -7.174   -1.402)    7.418
   3.791   (   0.435   -7.449    5.524)    9.283
   3.843   (  -0.758   -6.493    0.713)    6.576
   3.874   (   1.128   -6.718    2.620)    7.299
   3.925   (  -0.242   -5.517   -1.818)    5.814
   4.085   (   0.039   -4.598    2.013)    5.020
   4.129   (  -0.442   -4.276   -3.407)    5.485
   4.294   (   1.113   -9.933    2.118)   10.217
   4.334   (   0.319  -10.733   -2.915)   11.127
   4.580   (   2.678   -4.797    1.265)    5.638
   4.598   (   1.842   -3.867   -0.979)    4.394
   4.918   (  -2.238   -5.566    2.462)    6.485
   4.958   (  -2.539   -7.751   -2.835)    8.634
======================= Grid point 1623 (476/512) =======================
q-point: ( 0.20  0.20  0.47)
Mass variance parameters: 4.63e-04 4.63e-04 4.63e-04 4.63e-04 3.34e-04 3.34e-04 3.34e-04 3.34e-04 
Number of triplets: 1688
Frequency     group velocity (x, y, z)     |gv|
   1.331   (   2.074    1.035    4.273)    4.861
   1.383   (   2.097   -0.376   -2.066)    2.968
   1.467   (  -1.699   -4.312    2.306)    5.177
   1.488   (  -0.480   -3.454   -0.155)    3.491
   1.709   (   1.282   -4.212   10.100)   11.018
   1.766   (  -0.957    0.265    3.349)    3.493
   1.806   (   1.363    0.918   -2.154)    2.709
   1.860   (   0.099   -2.472   -6.950)    7.377
   2.459   (  -0.212   -9.780    1.901)    9.965
   2.477   (   0.722   -8.151   -0.191)    8.185
   2.568   (  -2.634   -9.895    1.188)   10.309
   2.593   (  -1.886   -7.339   -1.600)    7.744
   3.794   (   0.620   -7.362    5.501)    9.211
   3.839   (  -0.795   -6.488    1.918)    6.812
   3.880   (   1.215   -6.669    1.383)    6.918
   3.923   (  -0.354   -5.611   -1.784)    5.898
   4.086   (   0.186   -4.597    1.861)    4.963
   4.126   (  -0.662   -4.325   -3.069)    5.344
   4.301   (   1.410  -10.103    1.766)   10.353
   4.336   (   0.297  -10.704   -2.524)   11.002
   4.599   (   3.834   -4.654    0.829)    6.086
   4.612   (   2.754   -3.558   -0.677)    4.550
   4.902   (  -3.172   -5.776    2.297)    6.979
   4.940   (  -3.644   -7.876   -2.705)    9.090
======================= Grid point 1624 (477/512) =======================
q-point: ( 0.27  0.20  0.47)
Mass variance parameters: 4.63e-04 4.63e-04 4.63e-04 4.63e-04 3.34e-04 3.34e-04 3.34e-04 3.34e-04 
Number of triplets: 1688
Frequency     group velocity (x, y, z)     |gv|
   1.344   (   2.522    0.495    4.251)    4.967
   1.396   (   2.515   -0.388   -2.126)    3.316
   1.456   (  -2.087   -4.041    2.741)    5.310
   1.484   (  -0.844   -3.138   -0.629)    3.310
   1.717   (   1.386   -3.556    9.421)   10.165
   1.761   (  -0.911    0.114    4.353)    4.449
   1.814   (   1.478    0.680   -2.693)    3.147
   1.860   (  -0.113   -2.087   -6.506)    6.834
   2.459   (   0.156  -10.080    1.976)   10.273
   2.482   (   0.910   -8.266   -0.734)    8.348
   2.552   (  -2.878   -9.867    1.584)   10.399
   2.581   (  -2.358   -7.460   -1.716)    8.010
   3.798   (   0.767   -7.251    5.436)    9.095
   3.834   (  -0.819   -6.511    2.802)    7.135
   3.887   (   1.190   -6.586    0.495)    6.711
   3.921   (  -0.461   -5.725   -1.721)    5.996
   4.088   (   0.391   -4.596    1.579)    4.875
   4.122   (  -0.839   -4.385   -2.594)    5.164
   4.310   (   1.474  -10.272    1.314)   10.460
   4.337   (   0.163  -10.673   -2.064)   10.873
   4.624   (   4.670   -4.402    0.365)    6.428
   4.630   (   3.569   -3.143   -0.309)    4.765
   4.881   (  -3.838   -6.133    2.046)    7.519
   4.916   (  -4.526   -8.076   -2.514)    9.593
======================= Grid point 1625 (478/512) =======================
q-point: ( 0.33  0.20  0.47)
Mass variance parameters: 4.63e-04 4.63e-04 4.63e-04 4.63e-04 3.34e-04 3.34e-04 3.34e-04 3.34e-04 
Number of triplets: 1688
Frequency     group velocity (x, y, z)     |gv|
   1.360   (   2.819   -0.109    4.212)    5.069
   1.411   (   2.653   -0.290   -2.097)    3.394
   1.444   (  -2.340   -3.870    3.077)    5.470
   1.478   (  -1.280   -2.782   -1.120)    3.260
   1.725   (   1.343   -2.794    8.726)    9.261
   1.755   (  -0.893   -0.103    5.285)    5.361
   1.823   (   1.571    0.359   -3.183)    3.567
   1.858   (  -0.444   -1.665   -5.976)    6.219
   2.462   (   0.670  -10.348    1.938)   10.549
   2.487   (   0.923   -8.551   -1.246)    8.690
   2.536   (  -2.589   -9.708    1.928)   10.231
   2.566   (  -2.614   -7.562   -1.699)    8.180
   3.803   (   0.867   -7.126    5.312)    8.930
   3.829   (  -0.852   -6.564    3.489)    7.482
   3.894   (   1.105   -6.478   -0.157)    6.574
   3.918   (  -0.563   -5.849   -1.621)    6.095
   4.090   (   0.607   -4.592    1.158)    4.775
   4.117   (  -0.956   -4.445   -2.015)    4.973
   4.318   (   1.346  -10.411    0.815)   10.529
   4.338   (  -0.039  -10.645   -1.585)   10.763
   4.651   (   4.518   -3.570    0.107)    5.759
   4.653   (   4.505   -2.984   -0.058)    5.404
   4.858   (  -4.007   -6.735    1.667)    8.012
   4.888   (  -5.033   -8.382   -2.241)   10.030
======================= Grid point 1626 (479/512) =======================
q-point: ( 0.40  0.20  0.47)
Mass variance parameters: 4.63e-04 4.63e-04 4.63e-04 4.63e-04 3.34e-04 3.34e-04 3.34e-04 3.34e-04 
Number of triplets: 1688
Frequency     group velocity (x, y, z)     |gv|
   1.376   (   2.968   -0.721    4.137)    5.143
   1.423   (  -0.102    0.166    0.777)    0.801
   1.433   (   0.149   -4.061    0.558)    4.102
   1.469   (  -1.751   -2.423   -1.559)    3.371
   1.732   (   1.222   -2.027    8.065)    8.405
   1.750   (  -0.914   -0.402    6.105)    6.186
   1.832   (   1.583   -0.019   -3.672)    3.999
   1.855   (  -0.833   -1.239   -5.388)    5.591
   2.467   (   1.246  -10.532    1.741)   10.747
   2.491   (  -0.014   -9.362   -1.145)    9.432
   2.525   (  -1.056   -9.009    1.665)    9.222
   2.551   (  -2.615   -7.662   -1.493)    8.233
   3.808   (   0.921   -6.996    5.116)    8.716
   3.824   (  -0.889   -6.645    4.041)    7.827
   3.900   (   0.994   -6.356   -0.641)    6.466
   3.915   (  -0.664   -5.976   -1.475)    6.191
   4.095   (   0.792   -4.584    0.615)    4.692
   4.111   (  -1.007   -4.498   -1.367)    4.808
   4.325   (   1.106  -10.507    0.311)   10.569
   4.337   (  -0.279  -10.621   -1.112)   10.683
   4.675   (   3.866   -2.248    0.394)    4.489
   4.680   (   4.147   -2.816   -0.210)    5.018
   4.837   (  -3.140   -7.729    1.050)    8.408
   4.859   (  -4.839   -8.826   -1.826)   10.230
======================= Grid point 1627 (480/512) =======================
q-point: ( 0.47  0.20  0.47)
Mass variance parameters: 4.63e-04 4.63e-04 4.63e-04 4.63e-04 3.34e-04 3.34e-04 3.34e-04 3.34e-04 
Number of triplets: 1688
Frequency     group velocity (x, y, z)     |gv|
   1.394   (   2.977   -1.271    3.996)    5.142
   1.411   (  -2.803   -1.579    3.706)    4.908
   1.444   (   2.464   -2.063   -2.003)    3.787
   1.458   (  -2.189   -2.123   -1.883)    3.584
   1.739   (   1.089   -1.350    7.441)    7.641
   1.745   (  -0.981   -0.809    6.809)    6.927
   1.841   (   1.461   -0.418   -4.203)    4.470
   1.849   (  -1.197   -0.823   -4.784)    4.999
   2.476   (   1.702  -10.580    1.288)   10.793
   2.486   (  -1.555  -10.332    0.298)   10.453
   2.526   (   1.277   -8.086    0.088)    8.187
   2.537   (  -2.284   -7.785   -0.994)    8.174
   3.814   (   0.936   -6.867    4.843)    8.455
   3.819   (  -0.921   -6.748    4.487)    8.156
   3.906   (   0.878   -6.230   -1.002)    6.371
   3.910   (  -0.768   -6.103   -1.273)    6.281
   4.100   (   0.925   -4.567   -0.014)    4.660
   4.105   (  -0.997   -4.539   -0.688)    4.698
   4.330   (   0.824  -10.564   -0.176)   10.598
   4.334   (  -0.543  -10.598   -0.646)   10.631
   4.694   (   2.180   -1.601    0.422)    2.737
   4.697   (   1.368   -1.781    0.045)    2.247
   4.826   (  -0.346   -8.942    0.024)    8.949
   4.835   (  -3.181   -9.273   -1.112)    9.867
======================= Grid point 1635 (481/512) =======================
q-point: ( 0.00  0.27  0.47)
Mass variance parameters: 4.63e-04 4.63e-04 4.63e-04 4.63e-04 3.34e-04 3.34e-04 3.34e-04 3.34e-04 
Number of triplets: 904
Frequency     group velocity (x, y, z)     |gv|
   1.346   (   0.000   -2.210    1.727)    2.805
   1.349   (   0.000    2.517    1.464)    2.912
   1.405   (   0.000   -4.562    1.973)    4.971
   1.444   (   0.000   -1.396   -2.542)    2.901
   1.596   (   0.000   -6.862   13.536)   15.176
   1.766   (   0.000   -1.553    3.601)    3.921
   1.787   (   0.000   -5.208   -8.947)   10.352
   1.826   (   0.000    1.600   -5.339)    5.573
   2.306   (   0.000   -9.685    4.031)   10.491
   2.354   (   0.000   -6.663   -2.936)    7.281
   2.420   (   0.000  -11.430    2.294)   11.658
   2.493   (   0.000   -7.674   -5.829)    9.637
   3.646   (   0.000  -10.318    6.338)   12.109
   3.731   (   0.000   -8.447   -4.497)    9.570
   3.747   (   0.000   -7.850    6.296)   10.063
   3.830   (   0.000   -6.780   -3.926)    7.835
   3.997   (   0.000   -6.359    2.777)    6.939
   4.057   (   0.000   -5.033   -4.408)    6.691
   4.122   (   0.000  -10.014    0.114)   10.014
   4.152   (   0.000  -11.152   -3.706)   11.752
   4.491   (   0.000   -4.101    2.180)    4.645
   4.525   (   0.000   -3.629   -2.114)    4.200
   4.848   (   0.000   -4.858    0.232)    4.863
   4.857   (   0.000   -6.626   -0.994)    6.700
======================= Grid point 1636 (482/512) =======================
q-point: ( 0.07  0.27  0.47)
Mass variance parameters: 4.63e-04 4.63e-04 4.63e-04 4.63e-04 3.34e-04 3.34e-04 3.34e-04 3.34e-04 
Number of triplets: 1688
Frequency     group velocity (x, y, z)     |gv|
   1.341   (  -0.819   -0.498    2.384)    2.569
   1.355   (   1.452    0.488    0.630)    1.656
   1.406   (   0.161   -4.230    2.177)    4.760
   1.445   (   0.361   -1.306   -2.511)    2.853
   1.598   (   0.829   -6.849   13.375)   15.049
   1.761   (  -1.286   -2.248    2.523)    3.616
   1.792   (   1.517   -4.442   -7.758)    9.067
   1.827   (   0.355    1.619   -5.319)    5.572
   2.304   (  -0.526   -9.739    4.044)   10.558
   2.354   (  -0.070   -6.772   -3.061)    7.432
   2.417   (  -0.992  -11.391    2.382)   11.680
   2.491   (  -0.790   -7.685   -5.845)    9.687
   3.647   (   0.387  -10.278    6.343)   12.084
   3.730   (  -0.245   -8.273   -3.174)    8.865
   3.749   (   0.428   -8.055    4.970)    9.474
   3.829   (  -0.292   -6.822   -3.917)    7.872
   3.997   (   0.100   -6.310    2.704)    6.866
   4.056   (  -0.379   -5.090   -4.311)    6.681
   4.124   (   0.478  -10.013    0.076)   10.025
   4.153   (   0.339  -11.124   -3.660)   11.716
   4.495   (   1.287   -4.139    2.134)    4.831
   4.529   (   1.131   -3.616   -2.096)    4.330
   4.845   (  -1.254   -4.876    0.216)    5.040
   4.853   (  -1.310   -6.591   -0.982)    6.791
======================= Grid point 1637 (483/512) =======================
q-point: ( 0.13  0.27  0.47)
Mass variance parameters: 4.63e-04 4.63e-04 4.63e-04 4.63e-04 3.34e-04 3.34e-04 3.34e-04 3.34e-04 
Number of triplets: 1688
Frequency     group velocity (x, y, z)     |gv|
   1.338   (  -0.356   -0.775    2.957)    3.077
   1.364   (   1.354   -0.292   -0.336)    1.425
   1.407   (   0.464   -3.144    2.638)    4.130
   1.448   (   0.616   -1.044   -2.425)    2.711
   1.605   (   1.613   -6.796   12.915)   14.683
   1.753   (  -1.554   -2.891    2.267)    3.989
   1.802   (   1.944   -3.582   -7.157)    8.236
   1.830   (   0.649    1.665   -5.278)    5.572
   2.300   (  -0.898   -9.908    4.073)   10.750
   2.353   (  -0.168   -7.119   -3.402)    7.892
   2.409   (  -1.779  -11.242    2.613)   11.678
   2.484   (  -1.528   -7.714   -5.879)    9.818
   3.651   (   0.744  -10.164    6.353)   12.009
   3.728   (  -0.528   -7.979   -0.515)    8.013
   3.752   (   0.840   -8.432    2.307)    8.782
   3.826   (  -0.558   -6.943   -3.892)    7.979
   3.998   (   0.230   -6.180    2.487)    6.665
   4.052   (  -0.697   -5.216   -4.030)    6.628
   4.128   (   0.883  -10.029   -0.040)   10.067
   4.155   (   0.535  -11.053   -3.520)   11.612
   4.506   (   2.549   -4.246    1.998)    5.340
   4.538   (   2.242   -3.584   -2.039)    4.693
   4.834   (  -2.470   -4.946    0.173)    5.531
   4.841   (  -2.557   -6.471   -0.952)    7.023
======================= Grid point 1638 (484/512) =======================
q-point: ( 0.20  0.27  0.47)
Mass variance parameters: 4.63e-04 4.63e-04 4.63e-04 4.63e-04 3.34e-04 3.34e-04 3.34e-04 3.34e-04 
Number of triplets: 1688
Frequency     group velocity (x, y, z)     |gv|
   1.337   (   0.107   -1.221    3.341)    3.559
   1.370   (   0.802   -1.676   -0.812)    2.027
   1.411   (   1.007   -1.319    2.802)    3.257
   1.452   (   0.686   -0.646   -2.306)    2.491
   1.617   (   2.286   -6.665   12.223)   14.109
   1.744   (  -1.635   -3.289    2.881)    4.668
   1.814   (   2.034   -2.826   -7.167)    7.968
   1.834   (   0.831    1.709   -5.257)    5.590
   2.294   (  -0.997  -10.196    4.091)   11.032
   2.351   (  -0.434   -7.830   -3.743)    8.690
   2.397   (  -2.068  -10.822    2.776)   11.362
   2.474   (  -2.155   -7.754   -5.893)    9.975
   3.656   (   1.046   -9.985    6.350)   11.879
   3.724   (  -0.804   -7.840    1.766)    8.077
   3.758   (   1.158   -8.690    0.039)    8.767
   3.823   (  -0.781   -7.129   -3.854)    8.141
   4.000   (   0.395   -6.007    2.130)    6.385
   4.048   (  -0.916   -5.337   -3.592)    6.499
   4.133   (   1.138  -10.084   -0.233)   10.150
   4.158   (   0.542  -10.958   -3.284)   11.452
   4.524   (   3.744   -4.406    1.790)    6.053
   4.554   (   3.299   -3.547   -1.941)    5.218
   4.816   (  -3.614   -5.109    0.114)    6.259
   4.823   (  -3.671   -6.232   -0.913)    7.290
======================= Grid point 1639 (485/512) =======================
q-point: ( 0.27  0.27  0.47)
Mass variance parameters: 4.63e-04 4.63e-04 4.63e-04 4.63e-04 3.34e-04 3.34e-04 3.34e-04 3.34e-04 
Number of triplets: 1688
Frequency     group velocity (x, y, z)     |gv|
   1.339   (   0.512   -1.710    3.542)    3.966
   1.373   (   0.044   -3.041   -0.329)    3.059
   1.419   (   1.563    0.452    2.143)    2.691
   1.455   (   0.540   -0.160   -2.167)    2.239
   1.631   (   2.772   -6.425   11.382)   13.361
   1.734   (  -1.736   -3.607    3.872)    5.569
   1.825   (   1.915   -2.031   -7.280)    7.797
   1.839   (   0.872    1.710   -5.306)    5.643
   2.289   (  -0.753  -10.585    4.048)   11.358
   2.347   (  -1.250   -9.189   -3.230)    9.820
   2.387   (  -1.367   -9.802    2.042)   10.105
   2.460   (  -2.614   -7.800   -5.834)   10.085
   3.663   (   1.275   -9.756    6.315)   11.691
   3.719   (  -1.041   -7.886    3.306)    8.614
   3.765   (   1.346   -8.775   -1.456)    8.996
   3.817   (  -0.958   -7.360   -3.803)    8.340
   4.003   (   0.577   -5.831    1.648)    6.087
   4.042   (  -1.040   -5.412   -3.042)    6.295
   4.140   (   1.215  -10.177   -0.486)   10.260
   4.161   (   0.396  -10.856   -2.969)   11.261
   4.549   (   4.805   -4.591    1.533)    6.820
   4.576   (   4.249   -3.518   -1.800)    5.803
   4.792   (  -4.652   -5.403    0.064)    7.130
   4.799   (  -4.588   -5.849   -0.892)    7.487
======================= Grid point 1640 (486/512) =======================
q-point: ( 0.33  0.27  0.47)
Mass variance parameters: 4.63e-04 4.63e-04 4.63e-04 4.63e-04 3.34e-04 3.34e-04 3.34e-04 3.34e-04 
Number of triplets: 1688
Frequency     group velocity (x, y, z)     |gv|
   1.343   (   0.826   -2.203    3.564)    4.270
   1.371   (  -0.541   -3.681    0.684)    3.783
   1.429   (   1.790    1.409    1.037)    2.503
   1.457   (   0.194    0.356   -1.998)    2.039
   1.648   (   3.014   -6.071   10.463)   12.466
   1.723   (  -1.913   -3.924    5.026)    6.658
   1.836   (   1.586   -1.181   -7.292)    7.555
   1.844   (   0.759    1.621   -5.470)    5.756
   2.286   (  -0.164  -11.019    3.881)   11.683
   2.336   (  -2.374  -10.731   -1.194)   11.055
   2.383   (   0.122   -8.590   -0.219)    8.593
   2.444   (  -2.858   -7.844   -5.649)   10.080
   3.671   (   1.427   -9.491    6.228)   11.441
   3.712   (  -1.231   -8.060    4.316)    9.225
   3.774   (   1.421   -8.727   -2.382)    9.158
   3.811   (  -1.095   -7.619   -3.739)    8.557
   4.007   (   0.750   -5.681    1.062)    5.828
   4.036   (  -1.094   -5.444   -2.414)    6.055
   4.147   (   1.135  -10.286   -0.781)   10.378
   4.163   (   0.156  -10.756   -2.603)   11.068
   4.580   (   5.654   -4.755    1.257)    7.494
   4.603   (   5.020   -3.488   -1.613)    6.322
   4.763   (  -5.512   -5.772    0.058)    7.982
   4.771   (  -5.268   -5.421   -0.929)    7.616
======================= Grid point 1641 (487/512) =======================
q-point: ( 0.40  0.27  0.47)
Mass variance parameters: 4.63e-04 4.63e-04 4.63e-04 4.63e-04 3.34e-04 3.34e-04 3.34e-04 3.34e-04 
Number of triplets: 1688
Frequency     group velocity (x, y, z)     |gv|
   1.348   (   1.031   -2.682    3.400)    4.452
   1.367   (  -0.897   -3.737    1.677)    4.193
   1.439   (   1.673    1.685    0.000)    2.375
   1.457   (  -0.291    0.849   -1.757)    1.973
   1.666   (   3.008   -5.631    9.496)   11.443
   1.712   (  -2.175   -4.281    6.224)    7.861
   1.843   (   1.082   -0.336   -7.113)    7.203
   1.848   (   0.485    1.396   -5.781)    5.967
   2.287   (   0.684  -11.414    3.524)   11.965
   2.321   (  -2.739  -11.508    0.747)   11.853
   2.388   (   1.295   -8.064   -2.340)    8.496
   2.427   (  -2.853   -7.879   -5.282)    9.905
   3.679   (   1.504   -9.201    6.071)   11.126
   3.705   (  -1.374   -8.307    5.002)    9.794
   3.782   (   1.418   -8.588   -2.950)    9.191
   3.805   (  -1.204   -7.887   -3.649)    8.773
   4.012   (   0.894   -5.570    0.400)    5.655
   4.029   (  -1.100   -5.454   -1.735)    5.828
   4.153   (   0.949  -10.392   -1.107)   10.494
   4.163   (  -0.126  -10.663   -2.216)   10.892
   4.614   (   6.198   -4.811    0.995)    7.909
   4.634   (   5.491   -3.368   -1.361)    6.583
   4.729   (  -6.051   -6.166    0.091)    8.639
   4.739   (  -5.682   -5.159   -1.051)    7.746
======================= Grid point 1642 (488/512) =======================
q-point: ( 0.47  0.27  0.47)
Mass variance parameters: 4.63e-04 4.63e-04 4.63e-04 4.63e-04 3.34e-04 3.34e-04 3.34e-04 3.34e-04 
Number of triplets: 1688
Frequency     group velocity (x, y, z)     |gv|
   1.355   (   1.117   -3.126    3.041)    4.501
   1.361   (  -1.077   -3.501    2.470)    4.418
   1.448   (   1.320    1.583   -0.808)    2.214
   1.454   (  -0.828    1.276   -1.380)    2.053
   1.683   (   2.805   -5.155    8.477)   10.310
   1.698   (  -2.495   -4.694    7.387)    9.101
   1.848   (   0.496    0.415   -6.730)    6.761
   1.849   (   0.055    0.999   -6.233)    6.312
   2.294   (   1.612  -11.680    2.927)   12.149
   2.306   (  -2.382  -11.742    2.042)   12.153
   2.397   (   2.076   -7.935   -3.745)    9.016
   2.411   (  -2.591   -7.904   -4.674)    9.541
   3.688   (   1.516   -8.898    5.831)   10.746
   3.696   (  -1.470   -8.595    5.485)   10.301
   3.790   (   1.368   -8.388   -3.299)    9.117
   3.798   (  -1.294   -8.148   -3.513)    8.967
   4.017   (   1.000   -5.500   -0.305)    5.599
   4.023   (  -1.068   -5.466   -1.025)    5.663
   4.158   (   0.700  -10.488   -1.458)   10.612
   4.161   (  -0.418  -10.576   -1.830)   10.741
   4.650   (   6.089   -4.370    0.792)    7.537
   4.664   (   4.140   -2.431   -0.669)    4.848
   4.695   (  -4.733   -7.279   -0.229)    8.685
   4.706   (  -5.507   -5.463   -1.272)    7.861
======================= Grid point 1650 (489/512) =======================
q-point: ( 0.00  0.33  0.47)
Mass variance parameters: 4.63e-04 4.63e-04 4.63e-04 4.63e-04 3.34e-04 3.34e-04 3.34e-04 3.34e-04 
Number of triplets: 904
Frequency     group velocity (x, y, z)     |gv|
   1.298   (   0.000   -3.132    2.176)    3.814
   1.323   (   0.000   -3.958   -0.841)    4.047
   1.411   (   0.000    3.535    1.612)    3.885
   1.442   (   0.000   -0.261   -0.352)    0.438
   1.500   (   0.000   -3.756    9.320)   10.048
   1.685   (   0.000   -7.084  -12.153)   14.067
   1.731   (   0.000   -2.548    6.470)    6.954
   1.842   (   0.000    0.133   -7.203)    7.204
   2.172   (   0.000   -6.807    7.186)    9.898
   2.239   (   0.000  -10.866    3.438)   11.397
   2.261   (   0.000   -4.912   -5.931)    7.700
   2.363   (   0.000   -8.731   -9.820)   13.140
   3.468   (   0.000  -11.448    6.121)   12.982
   3.576   (   0.000  -10.925   -7.670)   13.349
   3.619   (   0.000   -8.024    5.439)    9.694
   3.707   (   0.000   -8.571   -5.663)   10.273
   3.888   (   0.000   -6.591    3.164)    7.311
   3.962   (   0.000   -7.363   -6.032)    9.519
   3.998   (   0.000   -5.198   -0.394)    5.213
   4.011   (   0.000   -5.316   -2.196)    5.752
   4.435   (   0.000   -2.874    2.295)    3.678
   4.472   (   0.000   -3.020   -2.411)    3.864
   4.765   (   0.000   -4.731    0.242)    4.737
   4.777   (   0.000   -4.027   -1.155)    4.189
======================= Grid point 1651 (490/512) =======================
q-point: ( 0.07  0.33  0.47)
Mass variance parameters: 4.63e-04 4.63e-04 4.63e-04 4.63e-04 3.34e-04 3.34e-04 3.34e-04 3.34e-04 
Number of triplets: 1688
Frequency     group velocity (x, y, z)     |gv|
   1.298   (  -0.024   -3.035    2.238)    3.771
   1.324   (   0.283   -3.757   -0.938)    3.883
   1.414   (   0.964    3.295    1.749)    3.853
   1.444   (   0.815   -0.096   -0.413)    0.918
   1.501   (   0.678   -3.828    9.226)   10.012
   1.681   (  -1.068   -6.808  -10.168)   12.283
   1.736   (   1.695   -2.779    4.563)    5.605
   1.843   (   0.485    0.172   -7.218)    7.236
   2.169   (  -0.816   -6.844    7.150)    9.931
   2.234   (  -1.680  -10.583    2.787)   11.072
   2.262   (   0.150   -5.297   -5.276)    7.478
   2.361   (  -0.775   -8.713   -9.802)   13.137
   3.470   (   0.597  -11.417    6.117)   12.966
   3.577   (   0.479  -10.874   -7.586)   13.267
   3.617   (  -0.544   -8.127    5.378)    9.760
   3.705   (  -0.574   -8.625   -5.675)   10.341
   3.890   (   0.471   -6.530    3.115)    7.250
   3.962   (  -0.063   -7.125   -5.803)    9.189
   3.998   (   0.158   -5.408   -0.526)    5.436
   4.011   (   0.103   -5.395   -2.221)    5.835
   4.439   (   1.114   -2.892    2.284)    3.850
   4.476   (   1.129   -3.023   -2.426)    4.038
   4.762   (  -1.262   -4.699    0.276)    4.873
   4.774   (  -1.097   -4.012   -1.184)    4.324
======================= Grid point 1652 (491/512) =======================
q-point: ( 0.13  0.33  0.47)
Mass variance parameters: 4.63e-04 4.63e-04 4.63e-04 4.63e-04 3.34e-04 3.34e-04 3.34e-04 3.34e-04 
Number of triplets: 1688
Frequency     group velocity (x, y, z)     |gv|
   1.298   (   0.087   -2.780    2.350)    3.641
   1.325   (   0.242   -3.269   -1.040)    3.439
   1.422   (   1.906    2.803    1.936)    3.903
   1.451   (   1.445    0.314   -0.529)    1.571
   1.507   (   1.368   -4.061    8.980)    9.950
   1.673   (  -1.520   -6.406   -6.884)    9.525
   1.749   (   2.722   -3.036    1.509)    4.348
   1.847   (   0.870    0.282   -7.263)    7.321
   2.163   (  -1.513   -6.964    7.052)   10.026
   2.220   (  -2.771  -10.412    2.194)   10.996
   2.262   (  -0.053   -5.765   -4.672)    7.420
   2.354   (  -1.496   -8.662   -9.743)   13.122
   3.475   (   1.151  -11.323    6.104)   12.915
   3.581   (   0.826  -10.666   -7.185)   12.887
   3.613   (  -0.956   -8.478    5.049)    9.914
   3.701   (  -1.085   -8.781   -5.712)   10.531
   3.894   (   0.891   -6.354    2.965)    7.069
   3.961   (  -0.164   -6.503   -5.165)    8.307
   4.000   (   0.293   -5.952   -0.880)    6.024
   4.012   (   0.166   -5.621   -2.291)    6.073
   4.448   (   2.213   -2.948    2.244)    4.315
   4.485   (   2.207   -3.039   -2.465)    4.492
   4.751   (  -2.458   -4.607    0.374)    5.235
   4.764   (  -2.156   -3.963   -1.265)    4.686
======================= Grid point 1653 (492/512) =======================
q-point: ( 0.20  0.33  0.47)
Mass variance parameters: 4.63e-04 4.63e-04 4.63e-04 4.63e-04 3.34e-04 3.34e-04 3.34e-04 3.34e-04 
Number of triplets: 1688
Frequency     group velocity (x, y, z)     |gv|
   1.299   (   0.267   -2.462    2.402)    3.450
   1.326   (  -0.025   -2.744   -0.886)    2.884
   1.435   (   2.573    2.493    1.826)    4.022
   1.460   (   1.767    0.827   -0.606)    2.043
   1.517   (   2.093   -4.465    8.656)    9.962
   1.664   (  -1.707   -6.116   -4.020)    7.516
   1.767   (   3.352   -3.057   -0.981)    4.642
   1.853   (   1.061    0.438   -7.344)    7.434
   2.152   (  -1.971   -7.188    6.919)   10.170
   2.202   (  -3.471  -10.515    2.190)   11.287
   2.261   (  -0.193   -6.121   -4.649)    7.688
   2.344   (  -2.106   -8.584   -9.629)   13.071
   3.483   (   1.628  -11.168    6.074)   12.817
   3.586   (   0.628   -9.998   -5.303)   11.335
   3.607   (  -0.826   -9.354    3.297)    9.952
   3.693   (  -1.489   -9.016   -5.777)   10.811
   3.900   (   1.222   -6.082    2.708)    6.769
   3.960   (  -0.318   -5.725   -4.247)    7.136
   4.002   (   0.385   -6.628   -1.350)    6.775
   4.013   (   0.165   -5.962   -2.388)    6.425
   4.464   (   3.261   -3.047    2.162)    4.959
   4.501   (   3.183   -3.081   -2.509)    5.091
   4.733   (  -3.531   -4.461    0.524)    5.714
   4.749   (  -3.133   -3.873   -1.382)    5.170
======================= Grid point 1654 (493/512) =======================
q-point: ( 0.27  0.33  0.47)
Mass variance parameters: 4.63e-04 4.63e-04 4.63e-04 4.63e-04 3.34e-04 3.34e-04 3.34e-04 3.34e-04 
Number of triplets: 1688
Frequency     group velocity (x, y, z)     |gv|
   1.301   (   0.434   -2.179    2.351)    3.234
   1.325   (  -0.304   -2.356   -0.466)    2.421
   1.451   (   2.705    2.549    1.366)    3.960
   1.471   (   1.725    1.348   -0.629)    2.278
   1.532   (   2.835   -4.964    8.287)   10.067
   1.654   (  -1.889   -5.898   -1.523)    6.377
   1.788   (   3.720   -2.843   -2.980)    5.550
   1.859   (   0.971    0.584   -7.466)    7.551
   2.140   (  -2.082   -7.549    6.776)   10.356
   2.181   (  -3.800  -10.699    2.628)   11.654
   2.261   (  -0.068   -6.486   -5.044)    8.217
   2.330   (  -2.540   -8.483   -9.437)   12.941
   3.493   (   2.007  -10.952    6.023)   12.659
   3.585   (  -1.008   -8.794    0.857)    8.893
   3.607   (   0.739  -10.793   -2.671)   11.143
   3.684   (  -1.778   -9.307   -5.872)   11.147
   3.907   (   1.444   -5.739    2.338)    6.363
   3.957   (  -0.524   -5.026   -3.200)    5.981
   4.004   (   0.429   -7.230   -1.817)    7.467
   4.014   (   0.102   -6.371   -2.492)    6.841
   4.486   (   4.202   -3.196    2.024)    5.654
   4.522   (   4.001   -3.169   -2.539)    5.700
   4.710   (  -4.425   -4.260    0.715)    6.184
   4.728   (  -3.973   -3.739   -1.517)    5.663
======================= Grid point 1655 (494/512) =======================
q-point: ( 0.33  0.33  0.47)
Mass variance parameters: 4.63e-04 4.63e-04 4.63e-04 4.63e-04 3.34e-04 3.34e-04 3.34e-04 3.34e-04 
Number of triplets: 1688
Frequency     group velocity (x, y, z)     |gv|
   1.304   (   0.559   -1.982    2.194)    3.009
   1.323   (  -0.507   -2.118    0.083)    2.180
   1.466   (   2.318    2.755    0.764)    3.680
   1.480   (   1.335    1.832   -0.627)    2.352
   1.550   (   3.449   -5.359    7.798)   10.071
   1.642   (  -2.178   -5.714    0.755)    6.162
   1.810   (   3.771   -2.389   -4.662)    6.455
   1.864   (   0.529    0.629   -7.615)    7.659
   2.129   (  -1.747   -8.082    6.622)   10.594
   2.159   (  -3.666  -10.811    3.391)   11.909
   2.261   (   0.353   -6.891   -5.717)    8.960
   2.315   (  -2.738   -8.356   -9.138)   12.681
   3.506   (   2.282  -10.679    5.941)   12.431
   3.576   (  -2.019   -8.782    4.131)    9.913
   3.614   (   1.683  -11.035   -5.694)   12.531
   3.673   (  -1.964   -9.629   -5.995)   11.511
   3.916   (   1.550   -5.356    1.855)    5.877
   3.954   (  -0.767   -4.555   -2.144)    5.092
   4.007   (   0.429   -7.630   -2.199)    7.952
   4.014   (  -0.002   -6.796   -2.583)    7.270
   4.512   (   4.956   -3.405    1.819)    6.282
   4.547   (   4.571   -3.336   -2.537)    6.202
   4.683   (  -5.050   -3.982    0.939)    6.500
   4.703   (  -4.620   -3.557   -1.646)    6.059
======================= Grid point 1656 (495/512) =======================
q-point: ( 0.40  0.33  0.47)
Mass variance parameters: 4.63e-04 4.63e-04 4.63e-04 4.63e-04 3.34e-04 3.34e-04 3.34e-04 3.34e-04 
Number of triplets: 1688
Frequency     group velocity (x, y, z)     |gv|
   1.308   (   0.641   -1.882    1.938)    2.776
   1.319   (  -0.626   -1.979    0.644)    2.173
   1.477   (   1.650    2.843    0.220)    3.294
   1.486   (   0.687    2.244   -0.587)    2.419
   1.571   (   3.714   -5.518    7.064)    9.703
   1.628   (  -2.608   -5.575    2.819)    6.770
   1.831   (   3.397   -1.693   -6.054)    7.145
   1.864   (  -0.296    0.446   -7.717)    7.736
   2.121   (  -0.913   -8.792    6.401)   10.914
   2.140   (  -2.980  -10.712    4.345)   11.938
   2.265   (   0.990   -7.303   -6.534)    9.849
   2.299   (  -2.655   -8.191   -8.701)   12.241
   3.520   (   2.454  -10.354    5.823)   12.130
   3.563   (  -2.366   -9.166    5.033)   10.722
   3.625   (   1.974  -10.850   -6.298)   12.700
   3.661   (  -2.068   -9.960   -6.137)   11.880
   3.925   (   1.545   -4.973    1.262)    5.358
   3.948   (  -1.023   -4.359   -1.147)    4.622
   4.009   (   0.393   -7.793   -2.463)    8.182
   4.014   (  -0.122   -7.194   -2.645)    7.666
   4.543   (   5.408   -3.691    1.521)    6.722
   4.574   (   4.563   -3.685   -2.455)    6.358
   4.653   (  -5.074   -3.534    1.145)    6.289
   4.675   (  -4.980   -3.312   -1.722)    6.224
======================= Grid point 1657 (496/512) =======================
q-point: ( 0.47  0.33  0.47)
Mass variance parameters: 4.63e-04 4.63e-04 4.63e-04 4.63e-04 3.34e-04 3.34e-04 3.34e-04 3.34e-04 
Number of triplets: 1688
Frequency     group velocity (x, y, z)     |gv|
   1.312   (   0.682   -1.860    1.591)    2.541
   1.316   (  -0.680   -1.897    1.156)    2.323
   1.485   (   0.886    2.761   -0.191)    2.906
   1.487   (  -0.089    2.556   -0.456)    2.598
   1.592   (   3.560   -5.518    6.007)    8.900
   1.612   (  -3.122   -5.510    4.591)    7.822
   1.848   (   2.557   -0.846   -7.065)    7.560
   1.860   (  -1.414   -0.061   -7.600)    7.730
   2.119   (   0.353   -9.595    5.989)   11.316
   2.126   (  -1.784  -10.297    5.283)   11.710
   2.273   (   1.690   -7.673   -7.365)   10.769
   2.284   (  -2.287   -7.969   -8.106)   11.595
   3.534   (   2.529   -9.986    5.659)   11.753
   3.549   (  -2.506   -9.584    5.423)   11.294
   3.637   (   2.083  -10.586   -6.364)   12.526
   3.649   (  -2.107  -10.284   -6.275)   12.230
   3.934   (   1.441   -4.637    0.562)    4.888
   3.942   (  -1.258   -4.409   -0.242)    4.591
   4.011   (   0.327   -7.740   -2.609)    8.175
   4.013   (  -0.234   -7.523   -2.662)    7.984
   4.574   (   5.122   -4.131    0.958)    6.650
   4.593   (   0.338   -4.541   -1.280)    4.729
   4.631   (  -0.855   -2.592    0.311)    2.747
   4.647   (  -4.632   -2.929   -1.549)    5.695
======================= Grid point 1665 (497/512) =======================
q-point: ( 0.00  0.40  0.47)
Mass variance parameters: 4.63e-04 4.63e-04 4.63e-04 4.63e-04 3.34e-04 3.34e-04 3.34e-04 3.34e-04 
Number of triplets: 904
Frequency     group velocity (x, y, z)     |gv|
   1.262   (   0.000   -1.238    0.581)    1.368
   1.273   (   0.000   -2.096   -0.734)    2.221
   1.400   (   0.000   -2.923    5.160)    5.930
   1.454   (   0.000    0.504   -1.787)    1.857
   1.509   (   0.000    2.579   -0.191)    2.586
   1.585   (   0.000   -4.152   -9.596)   10.455
   1.701   (   0.000   -0.444    7.826)    7.838
   1.836   (   0.000   -0.166   -8.059)    8.061
   2.050   (   0.000   -9.382    7.428)   11.967
   2.123   (   0.000   -2.567    2.263)    3.422
   2.194   (   0.000   -3.723   -6.187)    7.221
   2.213   (   0.000   -9.993  -12.007)   15.622
   3.304   (   0.000   -8.276    3.531)    8.997
   3.397   (   0.000  -10.677   -8.371)   13.567
   3.503   (   0.000   -6.064    2.725)    6.648
   3.568   (   0.000   -8.218   -5.544)    9.913
   3.809   (   0.000   -3.170    1.521)    3.516
   3.857   (   0.000   -5.163   -4.568)    6.894
   3.944   (   0.000   -1.990   -0.111)    1.993
   3.955   (   0.000   -2.312   -1.713)    2.877
   4.400   (   0.000   -1.519    1.683)    2.267
   4.429   (   0.000   -2.369   -2.017)    3.111
   4.706   (   0.000   -2.644    0.393)    2.673
   4.721   (   0.000   -2.885   -1.474)    3.239
======================= Grid point 1666 (498/512) =======================
q-point: ( 0.07  0.40  0.47)
Mass variance parameters: 4.63e-04 4.63e-04 4.63e-04 4.63e-04 3.34e-04 3.34e-04 3.34e-04 3.34e-04 
Number of triplets: 1688
Frequency     group velocity (x, y, z)     |gv|
   1.264   (   0.670   -1.074    0.642)    1.419
   1.277   (   1.267   -1.944   -0.891)    2.485
   1.400   (   0.071   -2.958    5.372)    6.133
   1.457   (   1.074    0.371   -1.828)    2.153
   1.510   (   0.480    2.557   -0.244)    2.613
   1.584   (  -0.441   -4.077   -9.130)   10.009
   1.704   (   1.102   -0.525    7.396)    7.496
   1.839   (   0.782   -0.088   -8.160)    8.198
   2.047   (  -1.103   -9.443    7.429)   12.065
   2.119   (  -1.420   -2.595    2.209)    3.692
   2.192   (  -0.611   -3.843   -6.222)    7.338
   2.211   (  -0.507   -9.864  -11.867)   15.439
   3.306   (   0.703   -8.268    3.526)    9.016
   3.399   (   0.601  -10.668   -8.339)   13.553
   3.500   (  -0.892   -6.103    2.728)    6.744
   3.565   (  -0.822   -8.255   -5.569)    9.992
   3.811   (   0.637   -3.162    1.517)    3.564
   3.858   (   0.539   -5.128   -4.539)    6.869
   3.943   (  -0.372   -2.026   -0.090)    2.061
   3.955   (  -0.235   -2.359   -1.741)    2.941
   4.403   (   1.101   -1.508    1.680)    2.512
   4.432   (   1.141   -2.360   -2.035)    3.318
   4.703   (  -1.118   -2.624    0.415)    2.882
   4.718   (  -1.021   -2.876   -1.488)    3.395
======================= Grid point 1667 (499/512) =======================
q-point: ( 0.13  0.40  0.47)
Mass variance parameters: 4.63e-04 4.63e-04 4.63e-04 4.63e-04 3.34e-04 3.34e-04 3.34e-04 3.34e-04 
Number of triplets: 1688
Frequency     group velocity (x, y, z)     |gv|
   1.269   (   1.214   -0.654    0.770)    1.579
   1.286   (   1.965   -1.456   -1.289)    2.764
   1.402   (   0.625   -3.173    5.913)    6.739
   1.466   (   1.790    0.061   -1.861)    2.583
   1.514   (   1.036    2.534   -0.413)    2.769
   1.580   (  -0.672   -3.833   -7.939)    8.842
   1.713   (   1.982   -0.778    6.293)    6.644
   1.845   (   1.392    0.126   -8.489)    8.603
   2.037   (  -2.098   -9.609    7.482)   12.358
   2.107   (  -2.555   -2.644    2.139)    4.254
   2.186   (  -1.198   -4.220   -6.388)    7.749
   2.207   (  -1.009   -9.499  -11.486)   14.939
   3.312   (   1.372   -8.244    3.508)    9.064
   3.404   (   1.169  -10.635   -8.243)   13.507
   3.492   (  -1.704   -6.216    2.741)    7.004
   3.558   (  -1.553   -8.365   -5.645)   10.211
   3.816   (   1.215   -3.136    1.499)    3.682
   3.863   (   1.003   -5.019   -4.450)    6.783
   3.940   (  -0.741   -2.132   -0.031)    2.257
   3.953   (  -0.478   -2.495   -1.824)    3.127
   4.413   (   2.165   -1.481    1.666)    3.107
   4.442   (   2.211   -2.335   -2.082)    3.831
   4.693   (  -2.182   -2.567    0.479)    3.403
   4.710   (  -2.001   -2.850   -1.530)    3.803
======================= Grid point 1668 (500/512) =======================
q-point: ( 0.20  0.40  0.47)
Mass variance parameters: 4.63e-04 4.63e-04 4.63e-04 4.63e-04 3.34e-04 3.34e-04 3.34e-04 3.34e-04 
Number of triplets: 1688
Frequency     group velocity (x, y, z)     |gv|
   1.277   (   1.457   -0.129    0.867)    1.700
   1.298   (   1.821   -0.671   -1.675)    2.563
   1.409   (   1.758   -3.646    6.427)    7.595
   1.477   (   1.961   -0.350   -1.712)    2.627
   1.522   (   1.688    2.619   -0.677)    3.188
   1.576   (  -0.583   -3.319   -6.340)    7.180
   1.727   (   2.584   -1.253    4.788)    5.583
   1.854   (   1.617    0.399   -9.112)    9.263
   2.023   (  -2.800   -9.809    7.735)   12.802
   2.090   (  -3.272   -2.670    2.199)    4.761
   2.178   (  -1.615   -4.813   -6.725)    8.427
   2.200   (  -1.486   -9.016  -11.006)   14.305
   3.322   (   1.977   -8.196    3.476)    9.120
   3.412   (   1.676  -10.572   -8.088)   13.416
   3.481   (  -2.379   -6.393    2.771)    7.362
   3.548   (  -2.136   -8.541   -5.771)   10.527
   3.825   (   1.694   -3.090    1.454)    3.812
   3.870   (   1.341   -4.830   -4.294)    6.600
   3.934   (  -1.095   -2.309    0.058)    2.556
   3.949   (  -0.726   -2.707   -1.959)    3.420
   4.428   (   3.143   -1.451    1.627)    3.825
   4.458   (   3.147   -2.301   -2.142)    4.448
   4.678   (  -3.139   -2.478    0.581)    4.041
   4.695   (  -2.897   -2.808   -1.590)    4.337
======================= Grid point 1669 (501/512) =======================
q-point: ( 0.27  0.40  0.47)
Mass variance parameters: 4.63e-04 4.63e-04 4.63e-04 4.63e-04 3.34e-04 3.34e-04 3.34e-04 3.34e-04 
Number of triplets: 1688
Frequency     group velocity (x, y, z)     |gv|
   1.286   (   1.408    0.363    0.862)    1.690
   1.306   (   1.055    0.127   -1.677)    1.985
   1.423   (   2.995   -4.177    6.363)    8.180
   1.487   (   1.541   -0.959   -1.380)    2.280
   1.534   (   2.199    2.867   -0.854)    3.713
   1.574   (  -0.128   -2.270   -4.423)    4.973
   1.743   (   3.008   -2.013    2.932)    4.658
   1.862   (   1.121    0.499  -10.021)   10.096
   2.006   (  -2.833   -9.801    8.311)   13.159
   2.070   (  -3.576   -2.680    2.467)    5.104
   2.168   (  -1.695   -5.511   -7.205)    9.228
   2.190   (  -1.862   -8.558  -10.566)   13.724
   3.335   (   2.495   -8.115    3.427)    9.155
   3.423   (   2.105  -10.465   -7.881)   13.268
   3.465   (  -2.891   -6.623    2.823)    7.758
   3.534   (  -2.551   -8.772   -5.948)   10.901
   3.836   (   2.050   -3.018    1.370)    3.898
   3.878   (   1.519   -4.532   -4.049)    6.264
   3.927   (  -1.396   -2.575    0.149)    2.933
   3.944   (  -0.972   -2.981   -2.140)    3.796
   4.449   (   3.978   -1.435    1.546)    4.502
   4.478   (   3.885   -2.262   -2.193)    5.002
   4.657   (  -3.927   -2.372    0.712)    4.642
   4.676   (  -3.664   -2.756   -1.657)    4.875
======================= Grid point 1670 (502/512) =======================
q-point: ( 0.33  0.40  0.47)
Mass variance parameters: 4.63e-04 4.63e-04 4.63e-04 4.63e-04 3.34e-04 3.34e-04 3.34e-04 3.34e-04 
Number of triplets: 1688
Frequency     group velocity (x, y, z)     |gv|
   1.293   (   1.199    0.734    0.733)    1.585
   1.310   (   0.282    0.659   -1.263)    1.452
   1.442   (   3.552   -4.523    5.473)    7.939
   1.494   (   0.684   -1.905   -1.005)    2.260
   1.547   (   2.233    3.131   -0.648)    3.900
   1.575   (   0.475   -0.389   -2.193)    2.277
   1.761   (   3.450   -3.017    0.631)    4.626
   1.865   (  -0.505   -0.142  -10.666)   10.679
   1.993   (  -1.670   -9.000    8.807)   12.702
   2.049   (  -3.559   -2.744    2.983)    5.394
   2.159   (  -1.342   -6.215   -7.799)   10.063
   2.179   (  -2.018   -8.192  -10.207)   13.242
   3.351   (   2.913   -7.993    3.360)    9.147
   3.436   (   2.426  -10.260   -7.615)   13.006
   3.447   (  -3.217   -6.934    2.884)    8.170
   3.518   (  -2.811   -9.042   -6.171)   11.302
   3.848   (   2.274   -2.916    1.237)    3.899
   3.887   (   1.422   -4.020   -3.604)    5.583
   3.919   (  -1.503   -3.025    0.118)    3.380
   3.938   (  -1.199   -3.302   -2.355)    4.229
   4.474   (   4.598   -1.443    1.408)    5.021
   4.502   (   4.327   -2.214   -2.212)    5.341
   4.633   (  -4.441   -2.270    0.856)    5.060
   4.653   (  -4.243   -2.701   -1.708)    5.312
======================= Grid point 1671 (503/512) =======================
q-point: ( 0.40  0.40  0.47)
Mass variance parameters: 4.63e-04 4.63e-04 4.63e-04 4.63e-04 3.34e-04 3.34e-04 3.34e-04 3.34e-04 
Number of triplets: 1688
Frequency     group velocity (x, y, z)     |gv|
   1.299   (   0.956    0.960    0.496)    1.443
   1.310   (  -0.216    0.932   -0.722)    1.199
   1.462   (   3.220   -4.628    3.931)    6.873
   1.495   (  -0.391   -3.034   -0.446)    3.092
   1.559   (   2.085    3.378    0.088)    3.970
   1.578   (   0.344    1.787   -0.155)    1.827
   1.783   (   4.032   -3.949   -2.072)    6.012
   1.855   (  -2.812   -1.856   -9.802)   10.365
   1.989   (   0.408   -7.055    8.107)   10.755
   2.029   (  -3.333   -3.000    3.786)    5.869
   2.154   (  -0.581   -6.839   -8.452)   10.887
   2.167   (  -1.840   -7.906   -9.886)   12.791
   3.369   (   3.221   -7.827    3.276)    9.076
   3.428   (  -3.430   -7.101    2.952)    8.420
   3.451   (   2.699  -10.162   -7.307)   12.804
   3.502   (  -2.938   -9.334   -6.433)   11.710
   3.862   (   2.356   -2.776    1.043)    3.787
   3.892   (   0.238   -2.923   -2.137)    3.629
   3.912   (  -0.564   -4.023   -0.879)    4.156
   3.930   (  -1.381   -3.660   -2.582)    4.688
   4.501   (   4.879   -1.477    1.175)    5.231
   4.527   (   4.082   -2.112   -2.114)    5.059
   4.607   (  -4.276   -2.235    0.927)    4.914
   4.628   (  -4.518   -2.656   -1.695)    5.508
======================= Grid point 1672 (504/512) =======================
q-point: ( 0.47  0.40  0.47)
Mass variance parameters: 4.63e-04 4.63e-04 4.63e-04 4.63e-04 3.34e-04 3.34e-04 3.34e-04 3.34e-04 
Number of triplets: 1688
Frequency     group velocity (x, y, z)     |gv|
   1.304   (   0.735    1.057    0.173)    1.299
   1.308   (  -0.514    1.048   -0.232)    1.190
   1.478   (   2.395   -4.451    2.143)    5.490
   1.489   (  -1.437   -3.933    0.593)    4.229
   1.570   (   1.693    3.553    0.898)    4.037
   1.577   (  -0.701    3.162    0.948)    3.375
   1.808   (   4.514   -4.263   -4.882)    7.898
   1.834   (  -4.288   -3.550   -7.550)    9.380
   1.996   (   2.051   -5.000    6.450)    8.415
   2.011   (  -2.905   -3.666    4.924)    6.792
   2.153   (   0.391   -7.313   -9.053)   11.645
   2.158   (  -1.274   -7.643   -9.526)   12.280
   3.388   (   3.415   -7.620    3.179)    8.934
   3.408   (  -3.488   -7.376    3.072)    8.719
   3.468   (   2.872   -9.907   -7.023)   12.478
   3.485   (  -2.953   -9.628   -6.722)   12.108
   3.875   (   2.261   -2.584    0.748)    3.514
   3.887   (  -1.750   -2.371    0.080)    2.948
   3.914   (   1.174   -4.438   -2.595)    5.273
   3.922   (  -1.459   -4.053   -2.761)    5.116
   4.529   (   4.288   -1.527    0.656)    4.599
   4.543   (   0.396   -1.752   -1.081)    2.097
   4.590   (  -0.668   -2.485    0.100)    2.575
   4.602   (  -3.957   -2.637   -1.409)    4.960
======================= Grid point 1680 (505/512) =======================
q-point: ( 0.00  0.47  0.47)
Mass variance parameters: 4.63e-04 4.63e-04 4.63e-04 4.63e-04 3.34e-04 3.34e-04 3.34e-04 3.34e-04 
Number of triplets: 904
Frequency     group velocity (x, y, z)     |gv|
   1.255   (   0.000    0.030   -0.740)    0.741
   1.256   (   0.000   -0.239   -0.707)    0.747
   1.378   (   0.000    0.413    0.435)    0.599
   1.415   (   0.000   -3.703   -3.989)    5.443
   1.543   (   0.000    1.469   -1.539)    2.127
   1.559   (   0.000   -0.649   -3.775)    3.830
   1.739   (   0.000    5.271    8.193)    9.742
   1.832   (   0.000   -3.431    3.599)    4.972
   1.945   (   0.000    0.360   -6.184)    6.194
   2.051   (   0.000   -9.687  -12.175)   15.559
   2.114   (   0.000    0.837   -0.351)    0.907
   2.142   (   0.000   -2.637   -3.887)    4.697
   3.223   (   0.000   -1.484   -1.048)    1.816
   3.260   (   0.000   -5.865   -5.691)    8.172
   3.441   (   0.000   -1.336   -0.805)    1.560
   3.464   (   0.000   -4.245   -3.841)    5.725
   3.783   (   0.000   -0.274   -0.429)    0.509
   3.798   (   0.000   -2.240   -2.461)    3.328
   3.926   (   0.000   -0.354   -0.440)    0.565
   3.931   (   0.000   -0.871   -1.036)    1.353
   4.388   (   0.000   -0.032    0.442)    0.444
   4.399   (   0.000   -1.367   -0.967)    1.674
   4.681   (   0.000   -0.573   -0.208)    0.609
   4.687   (   0.000   -1.327   -1.008)    1.667
======================= Grid point 1681 (506/512) =======================
q-point: ( 0.07  0.47  0.47)
Mass variance parameters: 4.63e-04 4.63e-04 4.63e-04 4.63e-04 3.34e-04 3.34e-04 3.34e-04 3.34e-04 
Number of triplets: 1688
Frequency     group velocity (x, y, z)     |gv|
   1.260   (   1.493    0.134   -0.612)    1.619
   1.261   (   1.917   -0.173   -0.745)    2.064
   1.377   (  -0.126    0.434    0.499)    0.673
   1.416   (   0.329   -3.825   -4.041)    5.574
   1.543   (   0.287    1.422   -1.545)    2.119
   1.559   (   0.027   -0.591   -3.655)    3.702
   1.742   (   0.747    5.242    8.129)    9.701
   1.836   (   1.227   -3.571    3.857)    5.397
   1.941   (  -1.396    0.520   -6.490)    6.659
   2.048   (  -1.020   -9.514  -12.048)   15.385
   2.111   (  -0.763    0.679   -0.519)    1.146
   2.140   (  -0.850   -2.671   -3.929)    4.826
   3.225   (   0.699   -1.490   -1.040)    1.947
   3.262   (   0.653   -5.856   -5.667)    8.175
   3.438   (  -1.023   -1.345   -0.807)    1.873
   3.462   (  -0.988   -4.266   -3.856)    5.834
   3.785   (   0.648   -0.275   -0.425)    0.822
   3.800   (   0.632   -2.234   -2.451)    3.376
   3.925   (  -0.475   -0.359   -0.438)    0.739
   3.929   (  -0.425   -0.894   -1.051)    1.444
   4.391   (   1.176   -0.021    0.439)    1.255
   4.402   (   1.193   -1.361   -0.977)    2.057
   4.678   (  -1.040   -0.563   -0.199)    1.199
   4.684   (  -1.006   -1.330   -1.012)    1.951
======================= Grid point 1682 (507/512) =======================
q-point: ( 0.13  0.47  0.47)
Mass variance parameters: 4.63e-04 4.63e-04 4.63e-04 4.63e-04 3.34e-04 3.34e-04 3.34e-04 3.34e-04 
Number of triplets: 1688
Frequency     group velocity (x, y, z)     |gv|
   1.272   (   2.638    0.536   -0.340)    2.713
   1.277   (   3.447   -0.056   -0.815)    3.543
   1.376   (  -0.183    0.444    0.701)    0.850
   1.418   (   0.558   -4.154   -4.129)    5.883
   1.547   (   0.848    1.300   -1.575)    2.211
   1.560   (   0.364   -0.415   -3.345)    3.391
   1.747   (   1.118    5.132    7.946)    9.525
   1.846   (   2.169   -4.179    4.847)    6.757
   1.930   (  -2.634    1.173   -7.611)    8.138
   2.039   (  -1.752   -9.054  -11.718)   14.911
   2.105   (  -1.557    0.293   -0.934)    1.840
   2.133   (  -1.628   -2.782   -4.065)    5.188
   3.231   (   1.377   -1.508   -1.019)    2.282
   3.267   (   1.286   -5.827   -5.596)    8.180
   3.429   (  -1.953   -1.371   -0.811)    2.521
   3.453   (  -1.879   -4.327   -3.901)    6.122
   3.790   (   1.240   -0.278   -0.412)    1.336
   3.806   (   1.199   -2.213   -2.419)    3.491
   3.921   (  -0.937   -0.371   -0.430)    1.095
   3.926   (  -0.837   -0.959   -1.098)    1.681
   4.401   (   2.287    0.011    0.427)    2.327
   4.412   (   2.309   -1.343   -1.004)    2.854
   4.669   (  -2.039   -0.536   -0.173)    2.116
   4.676   (  -1.974   -1.338   -1.024)    2.595
======================= Grid point 1683 (508/512) =======================
q-point: ( 0.20  0.47  0.47)
Mass variance parameters: 4.63e-04 4.63e-04 4.63e-04 4.63e-04 3.34e-04 3.34e-04 3.34e-04 3.34e-04 
Number of triplets: 1688
Frequency     group velocity (x, y, z)     |gv|
   1.289   (   3.131    1.158   -0.006)    3.339
   1.300   (   4.254    0.227   -1.048)    4.387
   1.375   (  -0.096    0.257    1.092)    1.126
   1.422   (   0.573   -4.568   -4.067)    6.143
   1.554   (   1.836    1.169   -1.627)    2.717
   1.564   (   1.260   -0.117   -2.962)    3.221
   1.753   (   0.829    4.835    7.608)    9.053
   1.859   (   2.006   -6.149    7.425)    9.847
   1.912   (  -2.945    3.184  -10.373)   11.243
   2.028   (  -1.945   -8.365  -11.220)   14.129
   2.093   (  -2.347   -0.179   -1.449)    2.764
   2.121   (  -2.281   -2.992   -4.326)    5.733
   3.241   (   2.013   -1.533   -0.988)    2.716
   3.276   (   1.879   -5.775   -5.482)    8.181
   3.415   (  -2.723   -1.410   -0.818)    3.173
   3.440   (  -2.606   -4.429   -3.978)    6.499
   3.799   (   1.737   -0.286   -0.396)    1.804
   3.814   (   1.661   -2.174   -2.361)    3.614
   3.914   (  -1.369   -0.386   -0.418)    1.482
   3.920   (  -1.224   -1.061   -1.174)    2.001
   4.417   (   3.274    0.053    0.404)    3.299
   4.429   (   3.285   -1.313   -1.040)    3.687
   4.654   (  -2.957   -0.496   -0.131)    3.001
   4.661   (  -2.867   -1.353   -1.040)    3.337
======================= Grid point 1684 (509/512) =======================
q-point: ( 0.27  0.47  0.47)
Mass variance parameters: 4.63e-04 4.63e-04 4.63e-04 4.63e-04 3.34e-04 3.34e-04 3.34e-04 3.34e-04 
Number of triplets: 1688
Frequency     group velocity (x, y, z)     |gv|
   1.307   (   2.949    1.879    0.221)    3.504
   1.324   (   3.911    0.988   -1.643)    4.356
   1.376   (   0.350   -0.549    1.766)    1.882
   1.424   (   0.287   -4.884   -3.658)    6.109
   1.568   (   2.955    1.213   -1.517)    3.536
   1.576   (   2.986    0.272   -2.667)    4.013
   1.755   (  -0.225    4.120    6.935)    8.069
   1.860   (  -2.768   -8.159    7.267)   11.271
   1.905   (   1.220    5.187  -10.415)   11.699
   2.018   (  -1.463   -7.321  -10.376)   12.782
   2.078   (  -3.017   -0.718   -2.037)    3.710
   2.107   (  -2.782   -3.321   -4.736)    6.419
   3.255   (   2.586   -1.558   -0.951)    3.166
   3.289   (   2.413   -5.694   -5.331)    8.165
   3.398   (  -3.299   -1.456   -0.825)    3.699
   3.423   (  -3.140   -4.568   -4.086)    6.886
   3.810   (   2.119   -0.297   -0.381)    2.174
   3.825   (   2.002   -2.110   -2.276)    3.694
   3.905   (  -1.756   -0.401   -0.403)    1.845
   3.912   (  -1.573   -1.192   -1.279)    2.352
   4.439   (   4.085    0.095    0.365)    4.103
   4.450   (   4.071   -1.267   -1.077)    4.398
   4.635   (  -3.753   -0.453   -0.075)    3.781
   4.643   (  -3.649   -1.377   -1.057)    4.041
======================= Grid point 1685 (510/512) =======================
q-point: ( 0.33  0.47  0.47)
Mass variance parameters: 4.63e-04 4.63e-04 4.63e-04 4.63e-04 3.34e-04 3.34e-04 3.34e-04 3.34e-04 
Number of triplets: 1688
Frequency     group velocity (x, y, z)     |gv|
   1.322   (   2.356    2.540    0.202)    3.470
   1.342   (   2.075    2.591   -2.312)    4.045
   1.381   (   1.526   -2.399    2.331)    3.677
   1.425   (  -0.237   -4.979   -2.882)    5.757
   1.588   (   3.994    1.791   -0.973)    4.484
   1.600   (   4.942    0.749   -2.468)    5.574
   1.750   (  -1.733    2.641    5.657)    6.479
   1.832   (  -6.076   -5.979    1.662)    8.685
   1.922   (   3.924    2.903   -4.988)    6.979
   2.012   (  -0.580   -5.492   -8.707)   10.311
   2.059   (  -3.308   -1.640   -2.988)    4.750
   2.090   (  -3.102   -3.784   -5.307)    7.218
   3.271   (   3.078   -1.578   -0.914)    3.577
   3.304   (   2.869   -5.582   -5.151)    8.119
   3.378   (  -3.673   -1.506   -0.835)    4.057
   3.404   (  -3.479   -4.735   -4.226)    7.237
   3.823   (   2.383   -0.313   -0.370)    2.432
   3.837   (   2.223   -2.018   -2.164)    3.701
   3.894   (  -2.081   -0.412   -0.388)    2.156
   3.902   (  -1.871   -1.342   -1.408)    2.699
   4.464   (   4.682    0.136    0.309)    4.694
   4.475   (   4.631   -1.195   -1.110)    4.910
   4.611   (  -4.386   -0.427   -0.008)    4.407
   4.620   (  -4.280   -1.418   -1.071)    4.634
======================= Grid point 1686 (511/512) =======================
q-point: ( 0.40  0.47  0.47)
Mass variance parameters: 4.63e-04 4.63e-04 4.63e-04 4.63e-04 3.34e-04 3.34e-04 3.34e-04 3.34e-04 
Number of triplets: 1688
Frequency     group velocity (x, y, z)     |gv|
   1.334   (   1.695    3.045   -0.074)    3.486
   1.348   (   0.240    3.582   -1.886)    4.055
   1.393   (   2.276   -3.807    1.582)    4.709
   1.421   (  -0.830   -4.878   -1.892)    5.297
   1.614   (   4.845    2.954   -0.082)    5.675
   1.631   (   5.346    2.062   -1.842)    6.019
   1.737   (  -2.438   -0.134    3.579)    4.333
   1.794   (  -6.964   -5.321   -0.585)    8.783
   1.947   (   4.479    1.958   -2.839)    5.653
   2.009   (  -0.911   -1.776   -5.113)    5.489
   2.042   (  -2.036   -4.154   -5.503)    7.189
   2.071   (  -3.163   -4.411   -6.056)    8.132
   3.290   (   3.468   -1.587   -0.882)    3.914
   3.322   (   3.220   -5.426   -4.940)    8.013
   3.356   (  -3.845   -1.564   -0.860)    4.239
   3.383   (  -3.638   -4.920   -4.391)    7.532
   3.837   (   2.528   -0.328   -0.366)    2.576
   3.850   (   2.326   -1.890   -2.028)    3.619
   3.881   (  -2.323   -0.426   -0.376)    2.391
   3.890   (  -2.104   -1.503   -1.554)    3.017
   4.492   (   5.014    0.193    0.230)    5.023
   4.503   (   4.894   -1.047   -1.133)    5.131
   4.584   (  -4.771   -0.475    0.067)    4.795
   4.593   (  -4.705   -1.501   -1.071)    5.053
======================= Grid point 1687 (512/512) =======================
q-point: ( 0.47  0.47  0.47)
Mass variance parameters: 4.63e-04 4.63e-04 4.63e-04 4.63e-04 3.34e-04 3.34e-04 3.34e-04 3.34e-04 
Number of triplets: 1688
Frequency     group velocity (x, y, z)     |gv|
   1.342   (   1.128    3.398   -0.531)    3.619
   1.347   (  -0.594    3.618   -1.132)    3.837
   1.405   (   1.969   -4.343    0.352)    4.781
   1.415   (  -1.410   -4.657   -0.808)    4.933
   1.641   (   4.104    4.633    0.786)    6.239
   1.652   (   1.127    4.995    0.037)    5.121
   1.730   (   1.271   -4.564    0.361)    4.752
   1.754   (  -6.197   -5.592   -1.286)    8.445
   1.973   (   4.422    1.681   -1.902)    5.099
   1.996   (  -3.531    1.379   -1.842)    4.215
   2.041   (   1.387   -6.076   -7.721)    9.922
   2.054   (  -2.784   -5.255   -6.990)    9.178
   3.311   (   3.735   -1.581   -0.855)    4.145
   3.333   (  -3.580   -1.663   -0.944)    4.058
   3.342   (   3.201   -5.194   -4.667)    7.681
   3.362   (  -3.632   -5.111   -4.578)    7.764
   3.852   (   2.548   -0.335   -0.374)    2.597
   3.863   (   1.584   -1.377   -1.674)    2.684
   3.868   (  -1.733   -0.796   -0.569)    1.990
   3.877   (  -2.250   -1.673   -1.704)    3.281
   4.521   (   4.746    0.389    0.070)    4.762
   4.530   (   3.692   -0.335   -1.046)    3.852
   4.558   (  -3.717   -1.096    0.047)    3.875
   4.566   (  -4.569   -1.747   -0.993)    4.991
=================== End of collection of collisions ===================
----------- Thermal conductivity (W/m-k) with tetrahedron method -----------
#  T(K)        xx         yy         zz         yz         xz         xy
  300.0       0.945      1.765      1.460      0.000      0.000      0.000

Thermal conductivity related properties were written into 
"kappa-m151515.m101010.hdf5".
